#include "background3.h"

const uint16_t image_background3_pixels[76800] = {
0x00F8, 0x0000, 0xE007, 0x0000, 0x1F00, 0x0000, 0x1D04, 0x1D04, 0x1D04, 0x1D04,
0x1D04, 0x1D04, 0x1D04, 0x1D04, 0x1D04, 0x1D04, 0x1D0C, 0x1D0C, 0x1D0C, 0x1C0C,
0x1C04, 0x1C04, 0x1C04, 0x1C04, 0xFC03, 0x1C04, 0xDB03, 0xDB03, 0x7E04, 0x3C04,
0x3D04, 0x3C04, 0xDA03, 0xDA03, 0x3C04, 0x7D04, 0xFD03, 0x1D04, 0x1D04, 0x3D04,
0x5E04, 0x3D04, 0x3D04, 0x3D04, 0x1C04, 0xFC03, 0x3C04, 0x3C04, 0x3C04, 0x3C04,
0x3C04, 0x3C04, 0x3C04, 0x3C04, 0x3C04, 0x3C04, 0x5E0C, 0x3E04, 0x3E04, 0x3E04,
0x3D04, 0x3D04, 0x3D04, 0x3D04, 0x3D04, 0x3C04, 0x1C04, 0x3C04, 0x3D04, 0x3D04,
0x5D04, 0x5D04, 0x3D04, 0x3D0C, 0x1D0C, 0x1D0C, 0x1D04, 0x1D04, 0x1D04, 0x1D04,
0x1D04, 0x1D04, 0x1D04, 0x1D04, 0x1D04, 0x1D04, 0x1D04, 0x1D04, 0x1D04, 0x1D04,
0x1D04, 0x1D04, 0x1D04, 0x1D04, 0x1D04, 0x1D04, 0x1D04, 0x1D04, 0x1D04, 0x1D04,
0x1D04, 0x1D04, 0x1D04, 0x1D04, 0x1D04, 0x1D04, 0x1D04, 0x1D04, 0x1D04, 0x1D04,
0x1D04, 0x1D04, 0x1D04, 0x1D04, 0x1D04, 0x7B04, 0x5B04, 0x5B04, 0x3C04, 0x1C04,
0x1C04, 0x3D04, 0x3D04, 0x7E04, 0x9F04, 0x3C04, 0x5D04, 0x5D04, 0x5E04, 0x3E04,
0x3E04, 0x5E04, 0x5E04, 0x3D04, 0x1C04, 0x3B04, 0x5B04, 0x5C04, 0x5C04, 0x5B04,
0x3B04, 0x3B04, 0x5B04, 0x5B04, 0x7C04, 0x3C04, 0x5D04, 0x3D04, 0x3D04, 0x9E04,
0x1D04, 0xFC03, 0x7F0C, 0x7F0C, 0x3D04, 0x3C04, 0x3C04, 0x3C04, 0x3D04, 0x3D04,
0x3D04, 0x3D0C, 0x3D0C, 0x3D0C, 0x3D0C, 0x1D04, 0x1D04, 0x1D04, 0x1D04, 0x1D04,
0x1D04, 0x1D04, 0x1D04, 0x1D04, 0x1D04, 0x1D04, 0x1D04, 0x1D04, 0x1D04, 0x1D04,
0x1D04, 0x1D04, 0x1D04, 0x1D04, 0x5E04, 0x5E04, 0x3E04, 0x3D04, 0x3D04, 0x5D04,
0x5D04, 0x5D04, 0x5D04, 0x5D04, 0x3C04, 0x3C04, 0x3C04, 0x3C04, 0x3C04, 0x3C04,
0x3C04, 0x3C04, 0x3C04, 0x5C04, 0x1C04, 0x1C04, 0x1C04, 0x3D04, 0x3D04, 0x3E04,
0x3D04, 0x3D04, 0x3D04, 0x1C04, 0xFB03, 0x9D04, 0x9D04, 0x7D04, 0x1C04, 0x1C04,
0x1D04, 0x1D04, 0x1D04, 0x5F04, 0x3C04, 0x3C04, 0x3C04, 0x3C04, 0x3C04, 0x3C04,
0x3C04, 0x3C04, 0x3C04, 0x3C04, 0x1D04, 0x1D04, 0x1D04, 0x1D04, 0x1D04, 0x1D04,
0x1D04, 0x1D04, 0x1D04, 0x1D04, 0x1D04, 0x1D04, 0x1D04, 0x1D04, 0x1D04, 0x1D04,
0x1D04, 0x1D04, 0x1D04, 0x1D04, 0x1D04, 0x1D04, 0x1D04, 0x1D04, 0x1D04, 0x1D04,
0x1D04, 0x1D04, 0x1D04, 0x1D04, 0x1D04, 0x1D04, 0x1D04, 0x1D04, 0x1D04, 0x1D04,
0x1D04, 0x1D04, 0x1D04, 0x1D04, 0x1D04, 0x1D04, 0x1D04, 0x1D04, 0x1D04, 0x1D04,
0x1D04, 0x1D04, 0x1D04, 0x1D04, 0x1D04, 0x1D04, 0x1D04, 0x1D04, 0x1D04, 0x1D04,
0x1D04, 0x1D04, 0x1D04, 0x1D04, 0x1D04, 0x1D04, 0x1D04, 0x1D04, 0x1D04, 0x1D04,
0x1D04, 0x1D04, 0x1D04, 0x1D04, 0x1D04, 0x1D04, 0x1D04, 0x1D04, 0x1D04, 0x1D04,
0x1D04, 0x1D04, 0x1D04, 0x1D04, 0x1D04, 0x1D04, 0x1D04, 0x1D04, 0x1D04, 0x1D04,
0x1D04, 0x1D04, 0x1D04, 0x1D04, 0x1D04, 0x1D04, 0x1D04, 0x1D04, 0x1D04, 0x1D04,
0x1D04, 0x1D04, 0x1D04, 0x1D04, 0x1D04, 0x1D04, 0x1D0C, 0x1D0C, 0x1D0C, 0x1C0C,
0x1C04, 0x1C04, 0x1C04, 0x1C04, 0xFC03, 0x1C04, 0xDB03, 0xDB03, 0x7E04, 0x3C04,
0x3D04, 0x3C04, 0xDA03, 0xDA03, 0x3C04, 0x7D04, 0xFD03, 0x1D04, 0x1D04, 0x3D04,
0x5E04, 0x3D04, 0x3D04, 0x3D04, 0x1C04, 0xFC03, 0x3C04, 0x3C04, 0x3C04, 0x3C04,
0x3C04, 0x3C04, 0x3C04, 0x3C04, 0x3C04, 0x3C04, 0x5E0C, 0x3E04, 0x3E04, 0x3E04,
0x3D04, 0x3D04, 0x3D04, 0x3D04, 0x3D04, 0x3C04, 0x1C04, 0x3C04, 0x3D04, 0x3D04,
0x5D04, 0x5D04, 0x3D04, 0x3D0C, 0x1D0C, 0x1D0C, 0x1D04, 0x1D04, 0x1D04, 0x1D04,
0x1D04, 0x1D04, 0x1D04, 0x1D04, 0x1D04, 0x1D04, 0x1D04, 0x1D04, 0x1D04, 0x1D04,
0x1D04, 0x1D04, 0x1D04, 0x1D04, 0x1D04, 0x1D04, 0x1D04, 0x1D04, 0x1D04, 0x1D04,
0x1D04, 0x1D04, 0x1D04, 0x1D04, 0x1D04, 0x1D04, 0x1D04, 0x1D04, 0x1D04, 0x1D04,
0x1D04, 0x1D04, 0x1D04, 0x1D04, 0x1D04, 0x7B04, 0x5B04, 0x5B04, 0x3C04, 0x1C04,
0x1C04, 0x3D04, 0x3D04, 0x7E04, 0x9F04, 0x3C04, 0x5D04, 0x5D04, 0x5E04, 0x3E04,
0x3E04, 0x5E04, 0x5E04, 0x3D04, 0x1C04, 0x3B04, 0x5B04, 0x5C04, 0x5C04, 0x5B04,
0x3B04, 0x3B04, 0x5B04, 0x5B04, 0x7C04, 0x3C04, 0x5D04, 0x3D04, 0x3D04, 0x9E04,
0x1D04, 0xFC03, 0x7F0C, 0x7F0C, 0x3D04, 0x3C04, 0x3C04, 0x3C04, 0x3D04, 0x3D04,
0x3D04, 0x3D0C, 0x3D0C, 0x3D0C, 0x3D0C, 0x1D04, 0x1D04, 0x1D04, 0x1D04, 0x1D04,
0x1D04, 0x1D04, 0x1D04, 0x1D04, 0x1D04, 0x1D04, 0x1D04, 0x1D04, 0x1D04, 0x1D04,
0x1D04, 0x1D04, 0x1D04, 0x1D04, 0x5E04, 0x5E04, 0x3E04, 0x3D04, 0x3D04, 0x5D04,
0x5D04, 0x5D04, 0x5D04, 0x5D04, 0x3C04, 0x3C04, 0x3C04, 0x3C04, 0x3C04, 0x3C04,
0x3C04, 0x3C04, 0x3C04, 0x5C04, 0x1C04, 0x1C04, 0x1C04, 0x3D04, 0x3D04, 0x3E04,
0x3D04, 0x3D04, 0x3D04, 0x1C04, 0xFB03, 0x9D04, 0x9D04, 0x7D04, 0x1C04, 0x1C04,
0x1D04, 0x1D04, 0x1D04, 0x5F04, 0x3C04, 0x3C04, 0x3C04, 0x3C04, 0x3C04, 0x3C04,
0x3C04, 0x3C04, 0x3C04, 0x3C04, 0x1D04, 0x1D04, 0x1D04, 0x1D04, 0x1D04, 0x1D04,
0x1D04, 0x1D04, 0x1D04, 0x1D04, 0x1D04, 0x1D04, 0x1D04, 0x1D04, 0x1D04, 0x1D04,
0x1D04, 0x1D04, 0x1D04, 0x1D04, 0x1D04, 0x1D04, 0x1D04, 0x1D04, 0x1D04, 0x1D04,
0x1D04, 0x1D04, 0x1D04, 0x1D04, 0x1D04, 0x1D04, 0x1D04, 0x1D04, 0x1D04, 0x1D04,
0x1D04, 0x1D04, 0x1D04, 0x1D04, 0x1D04, 0x1D04, 0x1D04, 0x1D04, 0x1D04, 0x1D04,
0x1D04, 0x1D04, 0x1D04, 0x1D04, 0x1D04, 0x1D04, 0x1D04, 0x1D04, 0x1D04, 0x1D04,
0x1D04, 0x1D04, 0x1D04, 0x1D04, 0x1D04, 0x1D04, 0x1D04, 0x1D04, 0x1D04, 0x1D04,
0x1D04, 0x1D04, 0x1D04, 0x1D04, 0x1D04, 0x1D04, 0x1D04, 0x1D04, 0x1D04, 0x1D04,
0x1D04, 0x1D04, 0x1D04, 0x1D04, 0x1D04, 0x1D04, 0x1D04, 0x1D04, 0x1D04, 0x1D04,
0x1D04, 0x1D04, 0x1D04, 0x1D04, 0x1D04, 0x1D04, 0x3D04, 0x3D04, 0x3D04, 0x3D04,
0x3D04, 0x3D04, 0x3D04, 0x3D04, 0x3D04, 0x3D04, 0x3C04, 0x3C04, 0x3C04, 0x3C04,
0x3C04, 0x3C04, 0x3C04, 0x5C04, 0x5C04, 0x5C04, 0xFC03, 0xFC03, 0x5E0C, 0x1C04,
0x3D04, 0x3D04, 0xDC03, 0xDC03, 0x1C04, 0x1C04, 0x1C04, 0x1C04, 0x1C04, 0x3C04,
0x5C04, 0x3C04, 0x5D0C, 0x5D0C, 0x3C04, 0x3D04, 0x1E04, 0x1E04, 0x1E04, 0x1E04,
0x3E04, 0x3E04, 0x1E04, 0x1E04, 0x1E04, 0x1E04, 0x7C0C, 0x1B04, 0x1B04, 0x1B04,
0x3C04, 0x1B04, 0xFB03, 0xFC03, 0xFC03, 0xDB03, 0x3C04, 0x5C04, 0x5C04, 0x5C04,
0x3C04, 0x1C04, 0x1C04, 0x1C04, 0x3C04, 0x3C04, 0x3D04, 0x3D04, 0x3D04, 0x3D04,
0x3D04, 0x3D04, 0x3D04, 0x3D04, 0x3D04, 0x3D04, 0x3D04, 0x3D04, 0x3D04, 0x3D04,
0x3D04, 0x3D04, 0x3D04, 0x3D04, 0x3D04, 0x3D04, 0x3D04, 0x3D04, 0x3D04, 0x3D04,
0x3D04, 0x3D04, 0x3D04, 0x3D04, 0x3D04, 0x3D04, 0x3D04, 0x3D04, 0x3D04, 0x3D04,
0x3D04, 0x3D04, 0x3D04, 0x3D04, 0x3D04, 0x3D0C, 0x3D04, 0x3D04, 0x1C04, 0x1C04,
0x1C04, 0x1C04, 0x1C04, 0x3C04, 0x3C04, 0x1B04, 0x1C04, 0x1C04, 0x3C04, 0x1D04,
0x3D04, 0x5D0C, 0x5D0C, 0x5C0C, 0x5C04, 0xFD03, 0x1D04, 0x1E04, 0x1E04, 0x1E04,
0x1D04, 0x1D04, 0x1E04, 0x1E04, 0x1E04, 0x1C04, 0x3C04, 0x1C04, 0x1C04, 0x5D04,
0x1C04, 0xFC03, 0x5D0C, 0x5D0C, 0x1C04, 0x3C04, 0x3C04, 0x3C04, 0x3C04, 0x3C04,
0x3C04, 0x1C04, 0x1C04, 0x1C04, 0x1C04, 0x3D04, 0x3D04, 0x3D04, 0x3D04, 0x3D04,
0x3D04, 0x3D04, 0x3D04, 0x3D04, 0x3D04, 0x3D04, 0x3D04, 0x3D04, 0x3D04, 0x3D04,
0x3D04, 0x3D04, 0x3D04, 0x3D04, 0xBB03, 0xBB03, 0x1C04, 0x7D0C, 0x5D0C, 0x3C04,
0x3C04, 0x1C04, 0xFC03, 0xBB03, 0x1D04, 0x1D04, 0x1D04, 0x1D04, 0x1D04, 0x1E04,
0x1E04, 0x1E04, 0x3E04, 0x3E04, 0x1C04, 0x3C04, 0x3C04, 0x3C04, 0x3C04, 0x3C04,
0x1C04, 0x1C04, 0x1C04, 0x1C04, 0xDB03, 0x1C04, 0x1C04, 0x3C04, 0x1C04, 0x3C04,
0x1D04, 0x1C04, 0x1C04, 0x3D04, 0x1C04, 0x1C04, 0x1C04, 0x1C04, 0x1C04, 0x1C04,
0x1C04, 0x1C04, 0x1C04, 0x1C04, 0x3D04, 0x3D04, 0x3D04, 0x3D04, 0x3D04, 0x3D04,
0x3D04, 0x3D04, 0x3D04, 0x3D04, 0x3D04, 0x3D04, 0x3D04, 0x3D04, 0x3D04, 0x3D04,
0x3D04, 0x3D04, 0x3D04, 0x3D04, 0x3D04, 0x3D04, 0x3D04, 0x3D04, 0x3D04, 0x3D04,
0x3D04, 0x3D04, 0x3D04, 0x3D04, 0x3D04, 0x3D04, 0x3D04, 0x3D04, 0x3D04, 0x3D04,
0x3D04, 0x3D04, 0x3D04, 0x3D04, 0x3D04, 0x3D04, 0x3D04, 0x3D04, 0x3D04, 0x3D04,
0x3D04, 0x3D04, 0x3D04, 0x3D04, 0x3D04, 0x3D04, 0x3D04, 0x3D04, 0x3D04, 0x3D04,
0x3D04, 0x3D04, 0x3D04, 0x3D04, 0x3D04, 0x3D04, 0x3D04, 0x3D04, 0x3D04, 0x3D04,
0x3D04, 0x3D04, 0x3D04, 0x3D04, 0x3D04, 0x3D04, 0x3D04, 0x3D04, 0x3D04, 0x3D04,
0x3D04, 0x3D04, 0x3D04, 0x3D04, 0x3D04, 0x3D04, 0x3D04, 0x3D04, 0x3D04, 0x3D04,
0x3D04, 0x3D04, 0x3D04, 0x3D04, 0x3D04, 0x3D04, 0x3D04, 0x3D04, 0x3D04, 0x3D04,
0x3D04, 0x3D04, 0x3D04, 0x3D04, 0x3D04, 0x3D04, 0x3C04, 0x3C04, 0x3C04, 0x3C04,
0x3C04, 0x3C04, 0x3C04, 0x3C04, 0x5D04, 0x5D04, 0x1C04, 0x1C04, 0x3D0C, 0xFC03,
0x1D0C, 0x3D0C, 0x1D04, 0x1D04, 0x3E0C, 0x1D04, 0x1B04, 0x1B04, 0x1B04, 0x1B04,
0xFB03, 0x1B04, 0xFC03, 0xFC03, 0x1C04, 0x1C04, 0x3D04, 0x3D04, 0x3D04, 0x3D04,
0x3D04, 0x3D04, 0x3D04, 0x3D04, 0x3D04, 0x3D04, 0x3B04, 0xB803, 0xD903, 0xD903,
0x5C04, 0x3C04, 0x5D0C, 0x7E14, 0x7E14, 0x1D0C, 0x3D04, 0x5D04, 0x5D04, 0x5D04,
0x1C04, 0xFB03, 0xFB03, 0x1C04, 0x5D04, 0x5D04, 0x3D04, 0x3D04, 0x3D04, 0x3D04,
0x3D04, 0x3D04, 0x3D04, 0x3D04, 0x3D04, 0x3D04, 0x3D04, 0x3D04, 0x3D04, 0x3D04,
0x3D04, 0x3D04, 0x3D04, 0x3D04, 0x3D04, 0x3D04, 0x3D04, 0x3D04, 0x3D04, 0x3D04,
0x3D04, 0x3D04, 0x3D04, 0x3D04, 0x3D04, 0x3D04, 0x3D04, 0x3D04, 0x3D04, 0x3D04,
0x3D04, 0x3D04, 0x3D04, 0x3D04, 0x3D04, 0xFD03, 0xFD03, 0xFD03, 0xFD03, 0x1C04,
0x1C04, 0x1B04, 0x1B04, 0xFA03, 0xFA03, 0x1B04, 0xFB03, 0xFB03, 0xFB03, 0x1C04,
0x1C04, 0x1C04, 0x1C04, 0x3B04, 0x5B0C, 0x1D04, 0x1D04, 0x1D04, 0x1D04, 0x1D04,
0x3E04, 0x3E0C, 0x3E04, 0x3E04, 0x1D04, 0x3D04, 0x5E0C, 0x1C04, 0x1C04, 0x3D04,
0x3D0C, 0x1C04, 0x3C04, 0x3C04, 0x1B04, 0x3D04, 0x3D04, 0x3D04, 0x3C04, 0x3C04,
0x1C04, 0x1C04, 0x1C04, 0x1C04, 0x1C04, 0x3D04, 0x3D04, 0x3D04, 0x3D04, 0x3D04,
0x3D04, 0x3D04, 0x3D04, 0x3D04, 0x3D04, 0x3D04, 0x3D04, 0x3D04, 0x3D04, 0x3D04,
0x3D04, 0x3D04, 0x3D04, 0x3D04, 0x1A04, 0x1A04, 0x3B04, 0x3C04, 0x1B04, 0x1C04,
0x1C04, 0x1D0C, 0xFC03, 0xBB03, 0x3D04, 0x3D04, 0x3D04, 0x3D04, 0x3D04, 0x3D04,
0x3D04, 0x3D04, 0x3D04, 0x3D04, 0x5D0C, 0x3D0C, 0x3D0C, 0x3D0C, 0x3C04, 0x3C04,
0x3C04, 0x3C04, 0x3C04, 0x3C0C, 0xFD03, 0xFC03, 0xFC03, 0x1D04, 0x5D0C, 0x5D0C,
0x3C0C, 0x3C04, 0x3C04, 0x3B04, 0x1C04, 0x1C04, 0x1C04, 0x1C04, 0x1C04, 0x1C04,
0x1C04, 0x1C04, 0x1C04, 0x1C04, 0x3D04, 0x3D04, 0x3D04, 0x3D04, 0x3D04, 0x3D04,
0x3D04, 0x3D04, 0x3D04, 0x3D04, 0x3D04, 0x3D04, 0x3D04, 0x3D04, 0x3D04, 0x3D04,
0x3D04, 0x3D04, 0x3D04, 0x3D04, 0x3D04, 0x3D04, 0x3D04, 0x3D04, 0x3D04, 0x3D04,
0x3D04, 0x3D04, 0x3D04, 0x3D04, 0x3D04, 0x3D04, 0x3D04, 0x3D04, 0x3D04, 0x3D04,
0x3D04, 0x3D04, 0x3D04, 0x3D04, 0x3D04, 0x3D04, 0x3D04, 0x3D04, 0x3D04, 0x3D04,
0x3D04, 0x3D04, 0x3D04, 0x3D04, 0x3D04, 0x3D04, 0x3D04, 0x3D04, 0x3D04, 0x3D04,
0x3D04, 0x3D04, 0x3D04, 0x3D04, 0x3D04, 0x3D04, 0x3D04, 0x3D04, 0x3D04, 0x3D04,
0x3D04, 0x3D04, 0x3D04, 0x3D04, 0x3D04, 0x3D04, 0x3D04, 0x3D04, 0x3D04, 0x3D04,
0x3D04, 0x3D04, 0x3D04, 0x3D04, 0x3D04, 0x3D04, 0x3D04, 0x3D04, 0x3D04, 0x3D04,
0x3D04, 0x3D04, 0x3D04, 0x3D04, 0x3D04, 0x3D04, 0x1D04, 0x1D04, 0x1D04, 0x1D04,
0x1D04, 0x1D04, 0x1D04, 0x1D04, 0x1D04, 0x1D04, 0x1C04, 0x1C04, 0x1C04, 0x1C04,
0x1C04, 0x1C04, 0x1C04, 0x1C04, 0xFC0B, 0xFC0B, 0x1C04, 0x1C04, 0x1C04, 0x3C04,
0x5D04, 0x3D04, 0x3D04, 0x3D04, 0x7E04, 0x5E04, 0x7D04, 0x5D04, 0x5D04, 0x7E04,
0x3E04, 0x7E04, 0x3D04, 0x3D04, 0x5E04, 0x3D04, 0x3B04, 0x3B04, 0x3B04, 0x1B04,
0x1B04, 0x1B04, 0x1B04, 0x3B04, 0x3B04, 0x3B04, 0x9E04, 0x1C04, 0x3D04, 0x3D04,
0x7E04, 0x5D04, 0x7D04, 0x7E0C, 0x7E0C, 0xDB03, 0xDC03, 0x1C0C, 0x3D0C, 0x3D0C,
0x1C0C, 0xDC03, 0xDB03, 0x1C04, 0x3D04, 0x3D04, 0x1D04, 0x1D04, 0x1D04, 0x1D04,
0x1D04, 0x1D04, 0x1D04, 0x1D04, 0x1D04, 0x1D04, 0x1D04, 0x1D04, 0x1D04, 0x1D04,
0x1D04, 0x1D04, 0x1D04, 0x1D04, 0x1D04, 0x1D04, 0x1D04, 0x1D04, 0x1D04, 0x1D04,
0x1D04, 0x1D04, 0x1D04, 0x1D04, 0x1D04, 0x1D04, 0x1D04, 0x1D04, 0x1D04, 0x1D04,
0x1D04, 0x1D04, 0x1D04, 0x1D04, 0x1D04, 0x1E04, 0x1D04, 0x1D04, 0x3D04, 0x3D04,
0x3C04, 0x3C04, 0x3C04, 0x3D04, 0x3D04, 0x5E04, 0x3D04, 0x3D04, 0x1D04, 0x3D04,
0x1D04, 0x1C04, 0x1C04, 0x1C04, 0x3D04, 0x3B04, 0x1B04, 0x1B04, 0x1B04, 0x1B04,
0x3B04, 0x3C04, 0x3B04, 0x3B04, 0x1B04, 0xFD03, 0xFD03, 0xDC03, 0xDC03, 0xFC03,
0x1C04, 0x1C04, 0x1B04, 0x1B04, 0xFB03, 0xFC0B, 0xFC0B, 0xFC0B, 0xFC03, 0xFC03,
0xFC03, 0x1C04, 0x1C04, 0x1C04, 0x1C04, 0x1D04, 0x1D04, 0x1D04, 0x1D04, 0x1D04,
0x1D04, 0x1D04, 0x1D04, 0x1D04, 0x1D04, 0x1D04, 0x1D04, 0x1D04, 0x1D04, 0x1D04,
0x1D04, 0x1D04, 0x1D04, 0x1D04, 0x5B04, 0x5B04, 0x5B04, 0x3C04, 0x1C04, 0x3D04,
0x3D04, 0x3D04, 0x3D04, 0x3D04, 0x1B04, 0x1B04, 0x3B04, 0x3B04, 0x1B04, 0x3B04,
0x3B04, 0x3B04, 0x1B04, 0x3B04, 0x1E04, 0x1E04, 0x1E04, 0x1D04, 0x1D04, 0x1D04,
0x3D04, 0x3D04, 0x3E04, 0x5E04, 0x5E04, 0x1E04, 0x1E04, 0x3E04, 0x7E04, 0x5D04,
0x3C04, 0x5C04, 0x5C04, 0x5C04, 0x3C04, 0x3C04, 0x3C04, 0x3C04, 0x3C04, 0x3C04,
0x3C04, 0x3C04, 0x3C04, 0x3C04, 0x1D04, 0x1D04, 0x1D04, 0x1D04, 0x1D04, 0x1D04,
0x1D04, 0x1D04, 0x1D04, 0x1D04, 0x1D04, 0x1D04, 0x1D04, 0x1D04, 0x1D04, 0x1D04,
0x1D04, 0x1D04, 0x1D04, 0x1D04, 0x1D04, 0x1D04, 0x1D04, 0x1D04, 0x1D04, 0x1D04,
0x1D04, 0x1D04, 0x1D04, 0x1D04, 0x1D04, 0x1D04, 0x1D04, 0x1D04, 0x1D04, 0x1D04,
0x1D04, 0x1D04, 0x1D04, 0x1D04, 0x1D04, 0x1D04, 0x1D04, 0x1D04, 0x1D04, 0x1D04,
0x1D04, 0x1D04, 0x1D04, 0x1D04, 0x1D04, 0x1D04, 0x1D04, 0x1D04, 0x1D04, 0x1D04,
0x1D04, 0x1D04, 0x1D04, 0x1D04, 0x1D04, 0x1D04, 0x1D04, 0x1D04, 0x1D04, 0x1D04,
0x1D04, 0x1D04, 0x1D04, 0x1D04, 0x1D04, 0x1D04, 0x1D04, 0x1D04, 0x1D04, 0x1D04,
0x1D04, 0x1D04, 0x1D04, 0x1D04, 0x1D04, 0x1D04, 0x1D04, 0x1D04, 0x1D04, 0x1D04,
0x1D04, 0x1D04, 0x1D04, 0x1D04, 0x1D04, 0x1D04, 0x3D04, 0x3D04, 0x3D04, 0x3D04,
0x3D04, 0x3D04, 0x3D04, 0x3D04, 0x3D04, 0x3D04, 0x5D0C, 0x5D0C, 0x5D0C, 0x5D0C,
0x3D04, 0x3D04, 0x3D04, 0x1C04, 0x1C04, 0x1C04, 0x3C04, 0x3C04, 0x5C04, 0x5D04,
0x5C04, 0x3C04, 0x3C04, 0x3C04, 0x3C04, 0x5D04, 0x5E04, 0x1D04, 0x1D04, 0x7F04,
0x1E04, 0x5F04, 0xFD03, 0xFD03, 0x1D04, 0xFC03, 0x3C04, 0x3C04, 0x3C04, 0x1C04,
0x1C04, 0x1C04, 0x1C04, 0x3C04, 0x3C04, 0x3C04, 0x1F04, 0xFE03, 0x1E04, 0x1E04,
0x3E04, 0x1D04, 0x5D04, 0x5D04, 0x5D04, 0xBA03, 0xDB03, 0x1C04, 0x3D04, 0x3D04,
0x5D04, 0x3C04, 0x3C04, 0x3C04, 0x5C04, 0x5C04, 0x3D04, 0x3D04, 0x3D04, 0x3D04,
0x3D04, 0x3D04, 0x3D04, 0x3D04, 0x3D04, 0x3D04, 0x3D04, 0x3D04, 0x3D04, 0x3D04,
0x3D04, 0x3D04, 0x3D04, 0x3D04, 0x3D04, 0x3D04, 0x3D04, 0x3D04, 0x3D04, 0x3D04,
0x3D04, 0x3D04, 0x3D04, 0x3D04, 0x3D04, 0x3D04, 0x3D04, 0x3D04, 0x3D04, 0x3D04,
0x3D04, 0x3D04, 0x3D04, 0x3D04, 0x3D04, 0x9E04, 0x7D04, 0x7D04, 0x5D04, 0x5C04,
0x3C04, 0x3D04, 0x3D04, 0x3E04, 0x3E04, 0x5E04, 0x3E04, 0x3E04, 0x3E04, 0x3E04,
0x3E04, 0x1E04, 0x1E04, 0x1E04, 0x1E04, 0x3C04, 0x3C04, 0x3C04, 0x3C04, 0x3C04,
0x5C04, 0x5C04, 0x5C04, 0x5C04, 0x5C04, 0x1D04, 0xFC03, 0x1D04, 0x1D04, 0x3D04,
0x5D04, 0x7E04, 0x7E04, 0x7E04, 0x7E04, 0x1C04, 0x1C04, 0x1C04, 0x3C04, 0x3C04,
0x3C04, 0x3C04, 0x5C04, 0x5D04, 0x5D04, 0x3D04, 0x3D04, 0x3D04, 0x3D04, 0x3D04,
0x3D04, 0x3D04, 0x3D04, 0x3D04, 0x3D04, 0x3D04, 0x3D04, 0x3D04, 0x3D04, 0x3D04,
0x3D04, 0x3D04, 0x3D04, 0x3D04, 0x3B04, 0x3B04, 0x3C04, 0x7E04, 0x7F04, 0x5E04,
0x5E04, 0xFC03, 0xFC03, 0x3C04, 0x3C04, 0x3C04, 0x3C04, 0x3C04, 0x3C04, 0x3C04,
0x3C04, 0x3C04, 0x3C04, 0x3D04, 0x1E04, 0x1E04, 0x1E04, 0x3E04, 0x3D04, 0x3E04,
0x5E04, 0x5E04, 0x5F04, 0x5F04, 0x1E04, 0x3E04, 0x3E04, 0x1D04, 0x1D04, 0x1D04,
0x1D04, 0x5D04, 0x5D04, 0x9E04, 0x7D04, 0x7D04, 0x7D04, 0x7D04, 0x7D04, 0x7D04,
0x7D04, 0x7D04, 0x7D04, 0x7D04, 0x3D04, 0x3D04, 0x3D04, 0x3D04, 0x3D04, 0x3D04,
0x3D04, 0x3D04, 0x3D04, 0x3D04, 0x3D04, 0x3D04, 0x3D04, 0x3D04, 0x3D04, 0x3D04,
0x3D04, 0x3D04, 0x3D04, 0x3D04, 0x3D04, 0x3D04, 0x3D04, 0x3D04, 0x3D04, 0x3D04,
0x3D04, 0x3D04, 0x3D04, 0x3D04, 0x3D04, 0x3D04, 0x3D04, 0x3D04, 0x3D04, 0x3D04,
0x3D04, 0x3D04, 0x3D04, 0x3D04, 0x3D04, 0x3D04, 0x3D04, 0x3D04, 0x3D04, 0x3D04,
0x3D04, 0x3D04, 0x3D04, 0x3D04, 0x3D04, 0x3D04, 0x3D04, 0x3D04, 0x3D04, 0x3D04,
0x3D04, 0x3D04, 0x3D04, 0x3D04, 0x3D04, 0x3D04, 0x3D04, 0x3D04, 0x3D04, 0x3D04,
0x3D04, 0x3D04, 0x3D04, 0x3D04, 0x3D04, 0x3D04, 0x3D04, 0x3D04, 0x3D04, 0x3D04,
0x3D04, 0x3D04, 0x3D04, 0x3D04, 0x3D04, 0x3D04, 0x3D04, 0x3D04, 0x3D04, 0x3D04,
0x3D04, 0x3D04, 0x3D04, 0x3D04, 0x3D04, 0x3D04, 0x3D04, 0x3D04, 0x3D04, 0x3D04,
0x3D04, 0x3D04, 0x3D04, 0x3D04, 0x3D04, 0x3D04, 0x5D0C, 0x5D0C, 0x5D0C, 0x5D0C,
0x3D04, 0x3D04, 0x3D04, 0x1C04, 0x1C04, 0x1C04, 0x3C04, 0x3C04, 0x5C04, 0x5D04,
0x5C04, 0x3C04, 0x3C04, 0x3C04, 0x3C04, 0x5D04, 0x5E04, 0x1D04, 0x1D04, 0x7F04,
0x1E04, 0x5F04, 0xFD03, 0xFD03, 0x1D04, 0xFC03, 0x3C04, 0x3C04, 0x3C04, 0x1C04,
0x1C04, 0x1C04, 0x1C04, 0x3C04, 0x3C04, 0x3C04, 0x1F04, 0xFE03, 0x1E04, 0x1E04,
0x3E04, 0x1D04, 0x5D04, 0x5D04, 0x5D04, 0xBA03, 0xDB03, 0x1C04, 0x3D04, 0x3D04,
0x5D04, 0x3C04, 0x3C04, 0x3C04, 0x5C04, 0x5C04, 0x3D04, 0x3D04, 0x3D04, 0x3D04,
0x3D04, 0x3D04, 0x3D04, 0x3D04, 0x3D04, 0x3D04, 0x3D04, 0x3D04, 0x3D04, 0x3D04,
0x3D04, 0x3D04, 0x3D04, 0x3D04, 0x3D04, 0x3D04, 0x3D04, 0x3D04, 0x3D04, 0x3D04,
0x3D04, 0x3D04, 0x3D04, 0x3D04, 0x3D04, 0x3D04, 0x3D04, 0x3D04, 0x3D04, 0x3D04,
0x3D04, 0x3D04, 0x3D04, 0x3D04, 0x3D04, 0x9E04, 0x7D04, 0x7D04, 0x5D04, 0x5C04,
0x3C04, 0x3D04, 0x3D04, 0x3E04, 0x3E04, 0x5E04, 0x3E04, 0x3E04, 0x3E04, 0x3E04,
0x3E04, 0x1E04, 0x1E04, 0x1E04, 0x1E04, 0x3C04, 0x3C04, 0x3C04, 0x3C04, 0x3C04,
0x5C04, 0x5C04, 0x5C04, 0x5C04, 0x5C04, 0x1D04, 0xFC03, 0x1D04, 0x1D04, 0x3D04,
0x5D04, 0x7E04, 0x7E04, 0x7E04, 0x7E04, 0x1C04, 0x1C04, 0x1C04, 0x3C04, 0x3C04,
0x3C04, 0x3C04, 0x5C04, 0x5D04, 0x5D04, 0x3D04, 0x3D04, 0x3D04, 0x3D04, 0x3D04,
0x3D04, 0x3D04, 0x3D04, 0x3D04, 0x3D04, 0x3D04, 0x3D04, 0x3D04, 0x3D04, 0x3D04,
0x3D04, 0x3D04, 0x3D04, 0x3D04, 0x3B04, 0x3B04, 0x3C04, 0x7E04, 0x7F04, 0x5E04,
0x5E04, 0xFC03, 0xFC03, 0x3C04, 0x3C04, 0x3C04, 0x3C04, 0x3C04, 0x3C04, 0x3C04,
0x3C04, 0x3C04, 0x3C04, 0x3D04, 0x1E04, 0x1E04, 0x1E04, 0x3E04, 0x3D04, 0x3E04,
0x5E04, 0x5E04, 0x5F04, 0x5F04, 0x1E04, 0x3E04, 0x3E04, 0x1D04, 0x1D04, 0x1D04,
0x1D04, 0x5D04, 0x5D04, 0x9E04, 0x7D04, 0x7D04, 0x7D04, 0x7D04, 0x7D04, 0x7D04,
0x7D04, 0x7D04, 0x7D04, 0x7D04, 0x3D04, 0x3D04, 0x3D04, 0x3D04, 0x3D04, 0x3D04,
0x3D04, 0x3D04, 0x3D04, 0x3D04, 0x3D04, 0x3D04, 0x3D04, 0x3D04, 0x3D04, 0x3D04,
0x3D04, 0x3D04, 0x3D04, 0x3D04, 0x3D04, 0x3D04, 0x3D04, 0x3D04, 0x3D04, 0x3D04,
0x3D04, 0x3D04, 0x3D04, 0x3D04, 0x3D04, 0x3D04, 0x3D04, 0x3D04, 0x3D04, 0x3D04,
0x3D04, 0x3D04, 0x3D04, 0x3D04, 0x3D04, 0x3D04, 0x3D04, 0x3D04, 0x3D04, 0x3D04,
0x3D04, 0x3D04, 0x3D04, 0x3D04, 0x3D04, 0x3D04, 0x3D04, 0x3D04, 0x3D04, 0x3D04,
0x3D04, 0x3D04, 0x3D04, 0x3D04, 0x3D04, 0x3D04, 0x3D04, 0x3D04, 0x3D04, 0x3D04,
0x3D04, 0x3D04, 0x3D04, 0x3D04, 0x3D04, 0x3D04, 0x3D04, 0x3D04, 0x3D04, 0x3D04,
0x3D04, 0x3D04, 0x3D04, 0x3D04, 0x3D04, 0x3D04, 0x3D04, 0x3D04, 0x3D04, 0x3D04,
0x3D04, 0x3D04, 0x3D04, 0x3D04, 0x3D04, 0x3D04, 0x3D04, 0x3D04, 0x3D04, 0x3D04,
0x3D04, 0x3D04, 0x3D04, 0x3D04, 0x3D04, 0x3D04, 0x1C04, 0x1C04, 0x1C04, 0xFC03,
0xFC03, 0xFC03, 0xFC03, 0xFC03, 0xFC03, 0xFC03, 0xDC03, 0xDC03, 0xFC0B, 0xFC03,
0xBA03, 0x1C0C, 0x3C0C, 0x3C0C, 0xBA03, 0x1C0C, 0x1C0C, 0xDC03, 0xDC03, 0x3D0C,
0xBC03, 0x3D14, 0xDA03, 0xDA03, 0x5B0C, 0x390C, 0xFC0B, 0xFC13, 0xFC13, 0xDC13,
0xBC1B, 0xBC1B, 0xDC13, 0xFC13, 0xFC13, 0xFC0B, 0xBB03, 0xFC0B, 0x1C0C, 0x1C0C,
0x1C0C, 0x3D0C, 0xFC0B, 0xDB03, 0xDB03, 0xDB03, 0x5C04, 0x5C04, 0x3C04, 0x3C04,
0x3D04, 0x3D0C, 0x5D04, 0x5D04, 0x5C04, 0x5C04, 0x3D04, 0x3D04, 0x3D04, 0x3D04,
0x3D04, 0x3D04, 0x3D04, 0x3D04, 0x3D04, 0x3D04, 0x3D04, 0x3D04, 0x3D04, 0x3D04,
0x3D04, 0x3D04, 0x3D04, 0x3D04, 0x3D04, 0x3D04, 0x3D04, 0x3D04, 0x3D04, 0x3D04,
0x3D04, 0x3D04, 0x3D04, 0x3D04, 0x3D04, 0x3D04, 0x3D04, 0x3D04, 0x3D04, 0x3D04,
0x3D04, 0x3D04, 0x3D04, 0x3D04, 0x3D04, 0xDB03, 0xFA03, 0xFA03, 0xFA03, 0x1904,
0x190C, 0x1A0C, 0x1A0C, 0xFA0B, 0xFB0B, 0xB903, 0x1B0C, 0x1B0C, 0x1B14, 0xDA0B,
0xDB0B, 0xFC0B, 0xFC0B, 0xDC0B, 0x7B03, 0xBB03, 0xDC0B, 0xFC0B, 0xFC0B, 0xDC0B,
0xBC0B, 0xBB03, 0xDC0B, 0xDC0B, 0xFC0B, 0x1B14, 0xDA0B, 0x5C1C, 0x5C1C, 0x3D14,
0xBB03, 0xFD03, 0x1E0C, 0x1E0C, 0xFE0B, 0x5C04, 0x5C04, 0x5C04, 0x5D04, 0x5D04,
0x5D04, 0x5D04, 0x5D04, 0x3D04, 0x3D04, 0x3D04, 0x3D04, 0x3D04, 0x3D04, 0x3D04,
0x3D04, 0x3D04, 0x3D04, 0x3D04, 0x3D04, 0x3D04, 0x3D04, 0x3D04, 0x3D04, 0x3D04,
0x3D04, 0x3D04, 0x3D04, 0x3D04, 0x3D0C, 0x3D0C, 0xDD03, 0xBC03, 0xBC03, 0xDC03,
0xDC03, 0x1C0C, 0x3B0C, 0x3A0C, 0xDC0B, 0xDC0B, 0xDC0B, 0xDC13, 0xDC13, 0xDC13,
0xDC13, 0xDC13, 0xDC1B, 0xDC1B, 0xDA0B, 0xFA13, 0xFA13, 0xFA13, 0x1A0C, 0xFA0B,
0xDB03, 0xDB03, 0x9B03, 0x9B03, 0xFB03, 0x5D14, 0x5D14, 0xFB0B, 0x9A03, 0xFC0B,
0x1D0C, 0xDC03, 0xDC03, 0xDC03, 0xFC0B, 0xFC0B, 0xFC0B, 0xFC0B, 0xFC0B, 0xFC0B,
0xFC0B, 0xFC0B, 0xFC0B, 0xFC0B, 0x3D04, 0x3D04, 0x3D04, 0x3D04, 0x3D04, 0x3D04,
0x3D04, 0x3D04, 0x3D04, 0x3D04, 0x3D04, 0x3D04, 0x3D04, 0x3D04, 0x3D04, 0x3D04,
0x3D04, 0x3D04, 0x3D04, 0x3D04, 0x3D04, 0x3D04, 0x3D04, 0x3D04, 0x3D04, 0x3D04,
0x3D04, 0x3D04, 0x3D04, 0x3D04, 0x3D04, 0x3D04, 0x3D04, 0x3D04, 0x3D04, 0x3D04,
0x3D04, 0x3D04, 0x3D04, 0x3D04, 0x3D04, 0x3D04, 0x3D04, 0x3D04, 0x3D04, 0x3D04,
0x3D04, 0x3D04, 0x3D04, 0x3D04, 0x3D04, 0x3D04, 0x3D04, 0x3D04, 0x3D04, 0x3D04,
0x3D04, 0x3D04, 0x3D04, 0x3D04, 0x3D04, 0x3D04, 0x3D04, 0x3D04, 0x3D04, 0x3D04,
0x3D04, 0x3D04, 0x3D04, 0x3D04, 0x3D04, 0x3D04, 0x3D04, 0x3D04, 0x3D04, 0x3D04,
0x3D04, 0x3D04, 0x3D04, 0x3D04, 0x3D04, 0x3D04, 0x3D04, 0x3D04, 0x3D04, 0x3D04,
0x3D04, 0x3D04, 0x3D04, 0x3D04, 0x3D04, 0x3D04, 0x9912, 0x9912, 0x9912, 0x9912,
0x9912, 0x9912, 0x9912, 0x9912, 0x9912, 0x9912, 0x5812, 0x5812, 0x580A, 0x580A,
0x990A, 0xB90A, 0xB90A, 0xD90A, 0xD90A, 0xFA0A, 0xB912, 0xB912, 0xBA12, 0x780A,
0x770A, 0x1D3C, 0x7E4C, 0x7E4C, 0x9A2B, 0x1C3C, 0x1D5D, 0xBC54, 0xBC54, 0xFE5C,
0x7B4C, 0x3D65, 0x3B5D, 0x3B5D, 0x1D7E, 0x3C7E, 0x1E86, 0xFE85, 0xFE85, 0xDE8D,
0xDE95, 0xDE95, 0xDE8D, 0xFE85, 0xFE85, 0x1E86, 0xDB7D, 0xDC7D, 0x7C6D, 0x7C6D,
0x3D65, 0xDD54, 0x5923, 0x970A, 0x970A, 0x5B23, 0xBC1B, 0x3B13, 0x9912, 0x9912,
0x7812, 0x791A, 0xBA1A, 0xB91A, 0x9912, 0x9912, 0x9912, 0x9912, 0x9912, 0x9912,
0x9912, 0x9912, 0x9912, 0x9912, 0x9912, 0x9912, 0x9912, 0x9912, 0x9912, 0x9912,
0x9912, 0x9912, 0x9912, 0x9912, 0x9912, 0x9912, 0x9912, 0x9912, 0x9912, 0x9912,
0x9912, 0x9912, 0x9912, 0x9912, 0x9912, 0x9912, 0x9912, 0x9912, 0x9912, 0x9912,
0x9912, 0x9912, 0x9912, 0x9912, 0x9912, 0xFE33, 0x5E44, 0x5E44, 0xFE54, 0x9E6D,
0x1E7E, 0x5E86, 0x5E86, 0x3E86, 0x3D86, 0xBD75, 0x5F86, 0x5F86, 0x5F8E, 0xBD75,
0x7D6D, 0x9F75, 0x9F75, 0x3F6D, 0x5D54, 0x3D6D, 0x9E75, 0xDF7D, 0xDF7D, 0xBF7D,
0x5D6D, 0x3D6D, 0x9E75, 0x9E75, 0xDF7D, 0xDE7D, 0x1C65, 0xBF75, 0xBF75, 0x3F65,
0x9A2B, 0x7B2B, 0x9D2B, 0x9D2B, 0x3C23, 0x3B13, 0x1A13, 0x1A13, 0xFA12, 0xFA12,
0xB912, 0x9912, 0x7912, 0x7912, 0x7912, 0x9912, 0x9912, 0x9912, 0x9912, 0x9912,
0x9912, 0x9912, 0x9912, 0x9912, 0x9912, 0x9912, 0x9912, 0x9912, 0x9912, 0x9912,
0x9912, 0x9912, 0x9912, 0x9912, 0x1A1B, 0x1A1B, 0x5C23, 0x1B1B, 0xB912, 0x3923,
0x3923, 0x7C44, 0x5D5D, 0x5B5D, 0xFE85, 0xFE85, 0xFE85, 0xFE85, 0xFE8D, 0xFE8D,
0xDE8D, 0xDE8D, 0xDE95, 0xDE95, 0xDD85, 0xFD85, 0xFD85, 0xFD85, 0xFC7D, 0xBC75,
0x3C65, 0x3C65, 0xDC54, 0x7C4C, 0xBB4C, 0x5E65, 0x5E65, 0x5B44, 0x782B, 0x3D44,
0x3E44, 0xD91A, 0xD91A, 0x1702, 0x9912, 0x9912, 0x9912, 0x9912, 0x9912, 0x9912,
0x9912, 0x9912, 0x9912, 0x9912, 0x9912, 0x9912, 0x9912, 0x9912, 0x9912, 0x9912,
0x9912, 0x9912, 0x9912, 0x9912, 0x9912, 0x9912, 0x9912, 0x9912, 0x9912, 0x9912,
0x9912, 0x9912, 0x9912, 0x9912, 0x9912, 0x9912, 0x9912, 0x9912, 0x9912, 0x9912,
0x9912, 0x9912, 0x9912, 0x9912, 0x9912, 0x9912, 0x9912, 0x9912, 0x9912, 0x9912,
0x9912, 0x9912, 0x9912, 0x9912, 0x9912, 0x9912, 0x9912, 0x9912, 0x9912, 0x9912,
0x9912, 0x9912, 0x9912, 0x9912, 0x9912, 0x9912, 0x9912, 0x9912, 0x9912, 0x9912,
0x9912, 0x9912, 0x9912, 0x9912, 0x9912, 0x9912, 0x9912, 0x9912, 0x9912, 0x9912,
0x9912, 0x9912, 0x9912, 0x9912, 0x9912, 0x9912, 0x9912, 0x9912, 0x9912, 0x9912,
0x9912, 0x9912, 0x9912, 0x9912, 0x9912, 0x9912, 0x9912, 0x9912, 0x9912, 0x9912,
0x9912, 0x9912, 0x9912, 0x9912, 0x9912, 0x9912, 0x1420, 0x1420, 0x1420, 0x1420,
0x1420, 0x1420, 0x1420, 0x1420, 0x1420, 0x1420, 0x5320, 0x5320, 0x5420, 0x9420,
0xD520, 0x1621, 0x1621, 0x5621, 0x9721, 0x9721, 0x7611, 0x7611, 0x7619, 0x1409,
0x7511, 0xFE63, 0xDF84, 0xDF84, 0xDC5B, 0x5E6C, 0xFEA5, 0x9C95, 0x9C95, 0xBD9D,
0x1A85, 0x1DA6, 0x3CA6, 0x3CA6, 0x9FCF, 0xDED7, 0x9CDF, 0x9CDF, 0x9CDF, 0x7CE7,
0x5CEF, 0x5CEF, 0x7CE7, 0x9CDF, 0x9CDF, 0x9CDF, 0xDCE7, 0x9CDF, 0xDCC6, 0xDCC6,
0x9EB6, 0xBF9D, 0x594B, 0x572A, 0x572A, 0x9E53, 0x3A3A, 0x5729, 0x5318, 0x5318,
0x1218, 0x1320, 0x3428, 0x5428, 0x3320, 0x3320, 0x1420, 0x1420, 0x1420, 0x1420,
0x1420, 0x1420, 0x1420, 0x1420, 0x1420, 0x1420, 0x1420, 0x1420, 0x1420, 0x1420,
0x1420, 0x1420, 0x1420, 0x1420, 0x1420, 0x1420, 0x1420, 0x1420, 0x1420, 0x1420,
0x1420, 0x1420, 0x1420, 0x1420, 0x1420, 0x1420, 0x1420, 0x1420, 0x1420, 0x1420,
0x1420, 0x1420, 0x1420, 0x1420, 0x1420, 0x7A32, 0x3B4B, 0x3B4B, 0x7C74, 0xBD95,
0x9DB6, 0x1DC7, 0x1DC7, 0x1CC7, 0x1BC7, 0x5BB6, 0x3ECF, 0x3ECF, 0x1ECF, 0x1BAE,
0x9B9D, 0x9C9D, 0x9C9D, 0xDB8C, 0xB863, 0x7AB6, 0xFCC6, 0x5ECF, 0x5ECF, 0x1DC7,
0x9BB6, 0x7AB6, 0xDCBE, 0xDCBE, 0x5ECF, 0x3EAE, 0x3A8D, 0xDFA5, 0xDFA5, 0xBC7C,
0x342A, 0xB419, 0x9511, 0x9511, 0x1401, 0x3629, 0x3629, 0xF520, 0xB520, 0xB520,
0x7420, 0x3320, 0x1320, 0x1218, 0x1218, 0x1420, 0x1420, 0x1420, 0x1420, 0x1420,
0x1420, 0x1420, 0x1420, 0x1420, 0x1420, 0x1420, 0x1420, 0x1420, 0x1420, 0x1420,
0x1420, 0x1420, 0x1420, 0x1420, 0xD300, 0xD300, 0xDA3A, 0xBE5B, 0xFA42, 0xF73A,
0xF73A, 0x9B74, 0x5FA6, 0xDFB6, 0x9BDF, 0x9BDF, 0x9BDF, 0x7BDF, 0x7CE7, 0x7CE7,
0x7CE7, 0x7CE7, 0x7CEF, 0x7CEF, 0x3ED7, 0x5ED7, 0x5ED7, 0x5ED7, 0x3DCF, 0xDDBE,
0x1CA6, 0x1CA6, 0x7C95, 0x1B85, 0xBD95, 0x7FB6, 0x7FB6, 0x1C85, 0xB95B, 0xBE7C,
0x5E74, 0xF629, 0xF629, 0xB100, 0x3619, 0x3619, 0x3619, 0x3619, 0x3619, 0x3619,
0x3619, 0x3619, 0x3619, 0x3619, 0x1420, 0x1420, 0x1420, 0x1420, 0x1420, 0x1420,
0x1420, 0x1420, 0x1420, 0x1420, 0x1420, 0x1420, 0x1420, 0x1420, 0x1420, 0x1420,
0x1420, 0x1420, 0x1420, 0x1420, 0x1420, 0x1420, 0x1420, 0x1420, 0x1420, 0x1420,
0x1420, 0x1420, 0x1420, 0x1420, 0x1420, 0x1420, 0x1420, 0x1420, 0x1420, 0x1420,
0x1420, 0x1420, 0x1420, 0x1420, 0x1420, 0x1420, 0x1420, 0x1420, 0x1420, 0x1420,
0x1420, 0x1420, 0x1420, 0x1420, 0x1420, 0x1420, 0x1420, 0x1420, 0x1420, 0x1420,
0x1420, 0x1420, 0x1420, 0x1420, 0x1420, 0x1420, 0x1420, 0x1420, 0x1420, 0x1420,
0x1420, 0x1420, 0x1420, 0x1420, 0x1420, 0x1420, 0x1420, 0x1420, 0x1420, 0x1420,
0x1420, 0x1420, 0x1420, 0x1420, 0x1420, 0x1420, 0x1420, 0x1420, 0x1420, 0x1420,
0x1420, 0x1420, 0x1420, 0x1420, 0x1420, 0x1420, 0x1420, 0x1420, 0x1420, 0x1420,
0x1420, 0x1420, 0x1420, 0x1420, 0x1420, 0x1420, 0x1110, 0x1110, 0xF520, 0x3A3A,
0xF500, 0x1922, 0x1922, 0x3B43, 0x3E64, 0xDB5B, 0x7A64, 0x7A64, 0x5B6C, 0x594B,
0xD73A, 0x3B64, 0xDE9D, 0xDE9D, 0x5DA6, 0x5BA6, 0xBCAE, 0xFA95, 0xFA95, 0x788D,
0xDA9D, 0xDDBE, 0x9FD7, 0x9FD7, 0x9ED7, 0x5CCF, 0x1DE7, 0x7EEF, 0x7EEF, 0xDBDE,
0x1BE7, 0x7DEF, 0x3CE7, 0x5DEF, 0x5DEF, 0x5DEF, 0x7DF7, 0x5DE7, 0x1DD7, 0x1DD7,
0xBDBE, 0x1D9E, 0xDB74, 0xB953, 0xB953, 0xF93A, 0x5E4B, 0x392A, 0xD400, 0xD400,
0xD831, 0x1208, 0x1218, 0x1530, 0x1430, 0x1430, 0x1320, 0x1420, 0x3420, 0x3520,
0x3520, 0x3520, 0x1420, 0x1418, 0x1318, 0x1318, 0x1420, 0x1420, 0x1420, 0x1420,
0x1420, 0x1420, 0x1420, 0x1420, 0x1420, 0x1420, 0x1420, 0x1420, 0x1420, 0x1420,
0x1420, 0x1420, 0x1420, 0x1420, 0x1420, 0x3518, 0x3518, 0x1520, 0x1420, 0x1420,
0x1420, 0x1420, 0x1320, 0x1318, 0x1310, 0x5310, 0xB410, 0xB410, 0x7932, 0x5E5C,
0x1B54, 0x3A5C, 0x3A5C, 0xDFA5, 0x3FBE, 0x396C, 0x1FC7, 0x1FC7, 0x199E, 0xBA95,
0x3FAE, 0xFD63, 0xFD63, 0x9F9D, 0x5C74, 0xFA5B, 0xFE9D, 0x7FCF, 0x7FCF, 0x9CD7,
0x3BCF, 0x5ED7, 0xDECE, 0xDECE, 0xFBAD, 0x3CA6, 0x7FB6, 0xDC63, 0xDC63, 0xDFA5,
0x164B, 0x5753, 0x973A, 0x973A, 0xB400, 0x9520, 0x7520, 0x5520, 0x5520, 0x5520,
0x1420, 0x1420, 0x1420, 0x1420, 0x1420, 0x1420, 0x1420, 0x1420, 0x1420, 0x1420,
0x1420, 0x1420, 0x1420, 0x1420, 0x1420, 0x1318, 0x9730, 0x1520, 0x1628, 0x1520,
0x1520, 0x1518, 0x5831, 0xB518, 0x1A22, 0x1A22, 0xDC3A, 0x7C4B, 0x3843, 0x796C,
0x796C, 0x9EB6, 0x1DBF, 0x5CC7, 0xDCD6, 0xDCD6, 0x7CE7, 0x7AE7, 0x9CEF, 0x5DE7,
0xFDDE, 0xFDDE, 0x7DEF, 0x9CEF, 0xFDDE, 0x3DE7, 0x3DE7, 0xFBCE, 0x5CCF, 0x9ED7,
0x3EC7, 0x3EC7, 0x1B9E, 0x9A95, 0x9B95, 0x3DA6, 0x3DA6, 0x5CA6, 0x3CA6, 0x3EA6,
0x5D85, 0x9953, 0x9953, 0x9732, 0x1E6C, 0x1D6C, 0x5D6C, 0x5D6C, 0x1C64, 0xBC5B,
0xB619, 0xF500, 0xF500, 0xBA21, 0x1729, 0xB620, 0x3420, 0x3420, 0x1420, 0x1420,
0x1420, 0x1520, 0x3518, 0x3518, 0x1420, 0x1420, 0x1420, 0x1420, 0x1420, 0x1420,
0x1420, 0x1420, 0x1420, 0x1420, 0x1420, 0x1420, 0x1420, 0x1420, 0x1420, 0x1420,
0x1420, 0x1420, 0x1420, 0x1420, 0x1420, 0x1420, 0x1420, 0x1420, 0x1420, 0x1420,
0x1420, 0x1420, 0x1420, 0x1420, 0x1420, 0x1420, 0x1420, 0x1420, 0x1420, 0x1420,
0x1420, 0x1420, 0x1420, 0x1420, 0x1420, 0x1420, 0x1420, 0x1420, 0x1420, 0x1420,
0x1420, 0x1420, 0x1420, 0x1318, 0x1418, 0x1418, 0x1418, 0x1318, 0x1418, 0x3520,
0x3520, 0x3520, 0x1418, 0x5528, 0x3520, 0x1418, 0x1418, 0x1418, 0x7728, 0x1518,
0x7628, 0x7628, 0x1310, 0x1518, 0x1518, 0x1418, 0x1418, 0x1210, 0x7528, 0x1418,
0x3518, 0x3518, 0x1618, 0x1418, 0x1420, 0x3420, 0x1420, 0x1420, 0x1420, 0x1420,
0x1420, 0x1420, 0x1420, 0x1420, 0x1420, 0x1420, 0x1110, 0x1110, 0xF520, 0x3A3A,
0xF500, 0x1922, 0x1922, 0x3B43, 0x3E64, 0xDB5B, 0x7A64, 0x7A64, 0x5B6C, 0x594B,
0xD73A, 0x3B64, 0xDE9D, 0xDE9D, 0x5DA6, 0x5BA6, 0xBCAE, 0xFA95, 0xFA95, 0x788D,
0xDA9D, 0xDDBE, 0x9FD7, 0x9FD7, 0x9ED7, 0x5CCF, 0x1DE7, 0x7EEF, 0x7EEF, 0xDBDE,
0x1BE7, 0x7DEF, 0x3CE7, 0x5DEF, 0x5DEF, 0x5DEF, 0x7DF7, 0x5DE7, 0x1DD7, 0x1DD7,
0xBDBE, 0x1D9E, 0xDB74, 0xB953, 0xB953, 0xF93A, 0x5E4B, 0x392A, 0xD400, 0xD400,
0xD831, 0x1208, 0x1218, 0x1530, 0x1430, 0x1430, 0x1320, 0x1420, 0x3420, 0x3520,
0x3520, 0x3520, 0x1420, 0x1418, 0x1318, 0x1318, 0x1420, 0x1420, 0x1420, 0x1420,
0x1420, 0x1420, 0x1420, 0x1420, 0x1420, 0x1420, 0x1420, 0x1420, 0x1420, 0x1420,
0x1420, 0x1420, 0x1420, 0x1420, 0x1420, 0x3518, 0x3518, 0x1520, 0x1420, 0x1420,
0x1420, 0x1420, 0x1320, 0x1318, 0x1310, 0x5310, 0xB410, 0xB410, 0x7932, 0x5E5C,
0x1B54, 0x3A5C, 0x3A5C, 0xDFA5, 0x3FBE, 0x396C, 0x1FC7, 0x1FC7, 0x199E, 0xBA95,
0x3FAE, 0xFD63, 0xFD63, 0x9F9D, 0x5C74, 0xFA5B, 0xFE9D, 0x7FCF, 0x7FCF, 0x9CD7,
0x3BCF, 0x5ED7, 0xDECE, 0xDECE, 0xFBAD, 0x3CA6, 0x7FB6, 0xDC63, 0xDC63, 0xDFA5,
0x164B, 0x5753, 0x973A, 0x973A, 0xB400, 0x9520, 0x7520, 0x5520, 0x5520, 0x5520,
0x1420, 0x1420, 0x1420, 0x1420, 0x1420, 0x1420, 0x1420, 0x1420, 0x1420, 0x1420,
0x1420, 0x1420, 0x1420, 0x1420, 0x1420, 0x1318, 0x9730, 0x1520, 0x1628, 0x1520,
0x1520, 0x1518, 0x5831, 0xB518, 0x1A22, 0x1A22, 0xDC3A, 0x7C4B, 0x3843, 0x796C,
0x796C, 0x9EB6, 0x1DBF, 0x5CC7, 0xDCD6, 0xDCD6, 0x7CE7, 0x7AE7, 0x9CEF, 0x5DE7,
0xFDDE, 0xFDDE, 0x7DEF, 0x9CEF, 0xFDDE, 0x3DE7, 0x3DE7, 0xFBCE, 0x5CCF, 0x9ED7,
0x3EC7, 0x3EC7, 0x1B9E, 0x9A95, 0x9B95, 0x3DA6, 0x3DA6, 0x5CA6, 0x3CA6, 0x3EA6,
0x5D85, 0x9953, 0x9953, 0x9732, 0x1E6C, 0x1D6C, 0x5D6C, 0x5D6C, 0x1C64, 0xBC5B,
0xB619, 0xF500, 0xF500, 0xBA21, 0x1729, 0xB620, 0x3420, 0x3420, 0x1420, 0x1420,
0x1420, 0x1520, 0x3518, 0x3518, 0x1420, 0x1420, 0x1420, 0x1420, 0x1420, 0x1420,
0x1420, 0x1420, 0x1420, 0x1420, 0x1420, 0x1420, 0x1420, 0x1420, 0x1420, 0x1420,
0x1420, 0x1420, 0x1420, 0x1420, 0x1420, 0x1420, 0x1420, 0x1420, 0x1420, 0x1420,
0x1420, 0x1420, 0x1420, 0x1420, 0x1420, 0x1420, 0x1420, 0x1420, 0x1420, 0x1420,
0x1420, 0x1420, 0x1420, 0x1420, 0x1420, 0x1420, 0x1420, 0x1420, 0x1420, 0x1420,
0x1420, 0x1420, 0x1420, 0x1318, 0x1418, 0x1418, 0x1418, 0x1318, 0x1418, 0x3520,
0x3520, 0x3520, 0x1418, 0x5528, 0x3520, 0x1418, 0x1418, 0x1418, 0x7728, 0x1518,
0x7628, 0x7628, 0x1310, 0x1518, 0x1518, 0x1418, 0x1418, 0x1210, 0x7528, 0x1418,
0x3518, 0x3518, 0x1618, 0x1418, 0x1420, 0x3420, 0x1420, 0x1420, 0x1420, 0x1420,
0x1420, 0x1420, 0x1420, 0x1420, 0x1420, 0x1420, 0xD420, 0xD420, 0x9310, 0x7721,
0xBB3A, 0xF719, 0xF719, 0x9B4B, 0xDD7C, 0xBC7C, 0x3EA6, 0x3EA6, 0x5FAE, 0xBE95,
0x1C85, 0xDE9D, 0xBFB6, 0xBFB6, 0x1DC7, 0x3CC7, 0x5EC7, 0xFDBE, 0xFDBE, 0x9CB6,
0xBCBE, 0x1ECF, 0x7ED7, 0x7ED7, 0x7DD7, 0x3CD7, 0x3DE7, 0x7EEF, 0x7EEF, 0x1CE7,
0x5DEF, 0x7DEF, 0x1BE7, 0x5DEF, 0x5DEF, 0x5EEF, 0x9DF7, 0x7DEF, 0x7DDF, 0x7DDF,
0x5DCF, 0xFEBE, 0x1EA6, 0x5D85, 0x5D85, 0xBC74, 0xDA74, 0x5B6C, 0x9C5B, 0x9C5B,
0x3719, 0x7710, 0x1618, 0x1518, 0x3528, 0x3528, 0x1420, 0x3420, 0x3420, 0x3520,
0x3520, 0x3520, 0x1520, 0x1520, 0x1420, 0x1420, 0x1420, 0x1420, 0x1420, 0x1420,
0x1420, 0x1420, 0x1420, 0x1420, 0x1420, 0x1420, 0x1420, 0x1420, 0x1420, 0x1420,
0x1420, 0x1420, 0x1420, 0x1420, 0x1420, 0x1518, 0x1518, 0x1518, 0x1420, 0x1420,
0x1420, 0x1420, 0x3420, 0x3420, 0x5520, 0x9829, 0x7A42, 0x7A42, 0x5932, 0xFD53,
0xF832, 0x9D6C, 0x9D6C, 0xDD74, 0x9B74, 0x353B, 0xDFB6, 0xDFB6, 0xFA8D, 0xBC8D,
0x5B64, 0x3622, 0x3622, 0xFD5B, 0x173B, 0xFB53, 0x3C7D, 0x9A8D, 0x9A8D, 0xBDB6,
0xBDB6, 0xBB9D, 0x9FB6, 0x9FB6, 0x5EAE, 0x9B85, 0xF95B, 0x3622, 0x3622, 0xF942,
0x1C64, 0x9F95, 0x9F74, 0x9F74, 0x3611, 0x7520, 0x7520, 0x5520, 0x3520, 0x3520,
0x1420, 0x1420, 0x1420, 0x1420, 0x1420, 0x1420, 0x1420, 0x1420, 0x1420, 0x1420,
0x1420, 0x1420, 0x1420, 0x1420, 0x1420, 0x1420, 0x1318, 0x1528, 0x1620, 0x1418,
0x1418, 0x9510, 0x7621, 0x7932, 0x1B5C, 0x1B5C, 0xFD7C, 0x7A6C, 0x3C85, 0x1EA6,
0x1EA6, 0x1FC7, 0xFEBE, 0x7FD7, 0x1DE7, 0x1DE7, 0x7DEF, 0x5BE7, 0x5CE7, 0x3DE7,
0x3EE7, 0x3EE7, 0xBFF7, 0x9CEF, 0x5DEF, 0x9EEF, 0x9EEF, 0x3CDF, 0x3CD7, 0x7ED7,
0x3ECF, 0x3ECF, 0xBDBE, 0xDDBE, 0xDEBE, 0x7FCF, 0x7FCF, 0x5ECF, 0xDCB6, 0xBDB6,
0x1D9E, 0x3C85, 0x3C85, 0xDC7C, 0x9DAE, 0x5EAE, 0x9B74, 0x9B74, 0x3C6C, 0xDE63,
0x7932, 0x1C43, 0x1C43, 0xB611, 0xB510, 0x5410, 0x1310, 0x1310, 0x1420, 0x1420,
0x3528, 0x3520, 0x3520, 0x3520, 0x1420, 0x1420, 0x1420, 0x1420, 0x1420, 0x1420,
0x1420, 0x1420, 0x1420, 0x1420, 0x1420, 0x1420, 0x1420, 0x1420, 0x1420, 0x1420,
0x1420, 0x1420, 0x1420, 0x1420, 0x1420, 0x1420, 0x1420, 0x1420, 0x1420, 0x1420,
0x1420, 0x1420, 0x1420, 0x1420, 0x1420, 0x1420, 0x1420, 0x1420, 0x1420, 0x1420,
0x1420, 0x1420, 0x1420, 0x1420, 0x1420, 0x1420, 0x1420, 0x1420, 0x1420, 0x1420,
0x1420, 0x1420, 0x1420, 0x1420, 0x1420, 0x1420, 0x1420, 0x1418, 0x1420, 0x3528,
0x3528, 0x1420, 0x1420, 0x1420, 0x3528, 0x1420, 0x1420, 0x1318, 0x1420, 0x1420,
0x7528, 0x7528, 0x1318, 0x1420, 0x1520, 0x1318, 0x1318, 0x1318, 0x3420, 0x3420,
0x1418, 0x1418, 0x1518, 0x1418, 0x1418, 0x1418, 0x1420, 0x1420, 0x1420, 0x1420,
0x1420, 0x1420, 0x1420, 0x1420, 0x1420, 0x1420, 0x5731, 0x5731, 0xF941, 0x3D5B,
0xFE63, 0x5A43, 0x5A43, 0x3743, 0xDA7C, 0x5EAE, 0x3EC7, 0x3EC7, 0x5FCF, 0xDEBE,
0x9DB6, 0xFEC6, 0xFDCE, 0xFDCE, 0xFBC6, 0x5BD7, 0x5DD7, 0x5DD7, 0x5DD7, 0x3ED7,
0x3DD7, 0x1DCF, 0x1CCF, 0x1CCF, 0x1BCF, 0x1BD7, 0x1CE7, 0x1CE7, 0x1CE7, 0x1BE7,
0x7DEF, 0x7DEF, 0x3CE7, 0x5EEF, 0x5EEF, 0x7EEF, 0x1BE7, 0x1BDF, 0x1AD7, 0x1AD7,
0x1BCF, 0x1CC7, 0x1EBF, 0xBEB6, 0xBEB6, 0x7FAE, 0x9EAE, 0xBD95, 0x3B64, 0x3B64,
0x1C4B, 0x9929, 0xB610, 0x1100, 0x1200, 0x1200, 0x3410, 0x3410, 0x1310, 0x1310,
0x1310, 0x1310, 0x1318, 0x1418, 0x1420, 0x1420, 0x1420, 0x1420, 0x1420, 0x1420,
0x1420, 0x1420, 0x1420, 0x1420, 0x1420, 0x1420, 0x1420, 0x1420, 0x1420, 0x1420,
0x1420, 0x1420, 0x1420, 0x1420, 0x1420, 0x1520, 0x1520, 0x1520, 0x1420, 0x1420,
0x3520, 0x3520, 0x7520, 0xB628, 0xF728, 0x1932, 0xDD4A, 0xDD4A, 0xB821, 0xBB3A,
0xD619, 0xBC53, 0xBC53, 0x793B, 0x583B, 0xDE6C, 0x3C75, 0x3C75, 0xBC85, 0x9E85,
0xDB53, 0x1B43, 0x1B43, 0x9511, 0x572A, 0xDD53, 0x7D6C, 0xF95B, 0xF95B, 0x1D85,
0x5E8D, 0x774B, 0x9E8D, 0x9E8D, 0x9D8D, 0x7E7D, 0xBA4B, 0x3C43, 0x3C43, 0xD619,
0x562A, 0x5A4B, 0x3C53, 0x3C53, 0xD929, 0x5520, 0x5520, 0x5520, 0x3420, 0x3420,
0x1420, 0x1420, 0x1420, 0x1420, 0x1420, 0x1420, 0x1420, 0x1420, 0x1420, 0x1420,
0x1420, 0x1420, 0x1420, 0x1420, 0x1420, 0x5420, 0x1208, 0x1418, 0x5418, 0x9410,
0x9410, 0x7619, 0xB832, 0xFC4B, 0x986C, 0x986C, 0x3FBF, 0x5EA6, 0x7DAE, 0x7CAE,
0x7CAE, 0x7FCF, 0x3DCF, 0xDBBE, 0x3EEF, 0x3EEF, 0x7EEF, 0x3BE7, 0x1BE7, 0x1CE7,
0x3DE7, 0x3DE7, 0x7DEF, 0x3BE7, 0x5BEF, 0x7CEF, 0x7CEF, 0x5CDF, 0x1CD7, 0x3DD7,
0x1DCF, 0x1DCF, 0x1CCF, 0x7EDF, 0xFCC6, 0x7DD7, 0x7DD7, 0x5CCF, 0x1BC7, 0x3CC7,
0x3EC7, 0xDEBE, 0xDEBE, 0xBFB6, 0xBBCF, 0x5CC7, 0xFFBE, 0xFFBE, 0x3C8D, 0xDA5B,
0x7B4B, 0xFE5B, 0xFE5B, 0x3B3B, 0x5B42, 0x9931, 0xB520, 0xB520, 0x1318, 0x1318,
0x1318, 0x1520, 0x3520, 0x3520, 0x1420, 0x1420, 0x1420, 0x1420, 0x1420, 0x1420,
0x1420, 0x1420, 0x1420, 0x1420, 0x1420, 0x1420, 0x1420, 0x1420, 0x1420, 0x1420,
0x1420, 0x1420, 0x1420, 0x1420, 0x1420, 0x1420, 0x1420, 0x1420, 0x1420, 0x1420,
0x1420, 0x1420, 0x1420, 0x1420, 0x1420, 0x1420, 0x1420, 0x1420, 0x1420, 0x1420,
0x1420, 0x1420, 0x1420, 0x1420, 0x1420, 0x1420, 0x1420, 0x1420, 0x1420, 0x1420,
0x1420, 0x1420, 0x1420, 0x5528, 0x1420, 0x1420, 0x1420, 0x1420, 0x3520, 0x3528,
0x3528, 0x1420, 0x1318, 0x1420, 0x5530, 0x1420, 0x1420, 0x1420, 0x1318, 0x1420,
0x5528, 0x5528, 0x3520, 0x1420, 0x1428, 0x1318, 0x1318, 0x1420, 0x1218, 0x3420,
0x1420, 0x1420, 0x5628, 0x5520, 0x3520, 0x3518, 0x1420, 0x1420, 0x1420, 0x1420,
0x1420, 0x1420, 0x1420, 0x1420, 0x1420, 0x1420, 0xB518, 0xB518, 0x5729, 0xDC4A,
0x5B4B, 0x9D6C, 0x9D6C, 0x9E8D, 0x5EAE, 0x9FDF, 0x1DC7, 0x1DC7, 0xFCBE, 0x9BB6,
0xDCC6, 0x5ED7, 0x3DD7, 0x3DD7, 0xFBCE, 0x5BDF, 0xFBD6, 0x3CDF, 0x3CDF, 0x5DDF,
0x5DDF, 0x3CDF, 0x1CD7, 0x1CD7, 0x1BD7, 0x3BD7, 0x5CEF, 0x3BE7, 0x3BE7, 0x1BE7,
0x5CEF, 0x7CEF, 0x5DEF, 0x5DEF, 0x5DEF, 0xFCDE, 0x9EEF, 0x9EEF, 0x7DE7, 0x7DE7,
0x5CD7, 0x3CCF, 0x1DC7, 0xBCB6, 0xBCB6, 0x3BA6, 0x5E8D, 0xDC7C, 0xF85B, 0xF85B,
0x3E85, 0xB532, 0x5211, 0x172A, 0xF829, 0xF829, 0x3721, 0xF620, 0x9520, 0x5518,
0x5518, 0x3420, 0x1520, 0x3528, 0x5628, 0x5628, 0x1420, 0x1420, 0x1420, 0x1420,
0x1420, 0x1420, 0x1420, 0x1420, 0x1420, 0x1420, 0x1420, 0x1420, 0x1420, 0x1420,
0x1420, 0x1420, 0x1420, 0x1420, 0x1420, 0x3520, 0x3520, 0x1520, 0x1418, 0x1418,
0x3418, 0x3418, 0x7520, 0xD620, 0x1729, 0x1619, 0x5721, 0x5721, 0xD618, 0xF620,
0x1621, 0x9719, 0x9719, 0x1822, 0x1A33, 0xDF74, 0x3C5C, 0x3C5C, 0x7843, 0x9E74,
0x7D53, 0x7B3A, 0x7B3A, 0x7721, 0x3519, 0x5A3A, 0xFB4A, 0x3732, 0x3732, 0x793A,
0xDB4A, 0x7519, 0xDC5B, 0xDC5B, 0x994B, 0x9F74, 0xFB42, 0x9C3A, 0x9C3A, 0xB821,
0x9300, 0xF310, 0xB410, 0xB410, 0x7831, 0x5520, 0x3520, 0x3420, 0x1420, 0x1420,
0x1420, 0x1420, 0x1420, 0x1420, 0x1420, 0x1420, 0x1420, 0x1420, 0x1420, 0x1420,
0x1420, 0x1420, 0x1420, 0x1420, 0x1420, 0x1A42, 0xFA39, 0x1621, 0x3621, 0x9621,
0x9621, 0x9832, 0xDE74, 0x3E75, 0x3964, 0x3964, 0x7D8D, 0xBC95, 0xBEB6, 0x1CC7,
0x1CC7, 0x1BC7, 0x5ACF, 0xDBDF, 0x9EEF, 0x9EEF, 0x9DF7, 0x9DEF, 0x7DEF, 0x5DEF,
0x5CE7, 0x5CE7, 0x5CEF, 0x5BE7, 0x3AE7, 0x3ADF, 0x3ADF, 0x7DE7, 0x1CD7, 0x5EDF,
0x3DDF, 0x3DDF, 0x3CDF, 0x5CDF, 0x1CD7, 0x3CD7, 0x3CD7, 0x3BCF, 0x3ACF, 0x7CD7,
0x9ED7, 0x1DC7, 0x1DC7, 0x7CAE, 0xDAB6, 0x7AAE, 0xBFCF, 0xBFCF, 0xBDB6, 0xDD95,
0xFE7C, 0x9C4B, 0x9C4B, 0xBB32, 0xD931, 0x5829, 0xD620, 0xD620, 0x7520, 0x3520,
0x3520, 0x1520, 0x1420, 0x1420, 0x1420, 0x1420, 0x1420, 0x1420, 0x1420, 0x1420,
0x1420, 0x1420, 0x1420, 0x1420, 0x1420, 0x1420, 0x1420, 0x1420, 0x1420, 0x1420,
0x1420, 0x1420, 0x1420, 0x1420, 0x1420, 0x1420, 0x1420, 0x1420, 0x1420, 0x1420,
0x1420, 0x1420, 0x1420, 0x1420, 0x1420, 0x1420, 0x1420, 0x1420, 0x1420, 0x1420,
0x1420, 0x1420, 0x1420, 0x1420, 0x1420, 0x1420, 0x1420, 0x1420, 0x1420, 0x1420,
0x1420, 0x1420, 0x1420, 0x3528, 0x1528, 0x1528, 0x1420, 0x1318, 0x1420, 0x3528,
0x3528, 0x1420, 0x1310, 0x1420, 0x1420, 0x1210, 0x1210, 0x1420, 0x1318, 0x1420,
0x1418, 0x1418, 0x1520, 0x1420, 0x1520, 0x1420, 0x1420, 0x5528, 0x1318, 0x1420,
0x1418, 0x1418, 0x1520, 0x1418, 0x1418, 0x1418, 0x1420, 0x1420, 0x1420, 0x1420,
0x1420, 0x1420, 0x1420, 0x1420, 0x1420, 0x1420, 0xB620, 0xB620, 0x1200, 0x5619,
0x7832, 0x5322, 0x5322, 0xDE95, 0xFD9D, 0x9DB6, 0x9DB6, 0x9DB6, 0x9DB6, 0x9BB6,
0xFCC6, 0x9EDF, 0x5DDF, 0x5DDF, 0x1CDF, 0xBFEF, 0x1BDF, 0x3CE7, 0x3CE7, 0x5CE7,
0x7DE7, 0x9DE7, 0x7DE7, 0x7DE7, 0x5CDF, 0x3CD7, 0x5DE7, 0x7DE7, 0x7DE7, 0x9DE7,
0x5CDF, 0x5CDF, 0x5CDF, 0xFCD6, 0xFCD6, 0xDBCE, 0xFED6, 0x5EDF, 0x7EDF, 0x7EDF,
0x5DD7, 0x3DD7, 0x1DC7, 0x9CB6, 0x9CB6, 0xDA9D, 0xBB7C, 0x1D85, 0x5FA6, 0x5FA6,
0x5FA6, 0x9F8D, 0x1C5C, 0x5F74, 0x392A, 0x392A, 0x5721, 0x1621, 0x9518, 0x1418,
0x1418, 0x1318, 0x1318, 0x1418, 0x1420, 0x1420, 0x1420, 0x1420, 0x1420, 0x1420,
0x1420, 0x1420, 0x1420, 0x1420, 0x1420, 0x1420, 0x1420, 0x1420, 0x1420, 0x1420,
0x1420, 0x1420, 0x1420, 0x1420, 0x1420, 0x3520, 0x3520, 0x1520, 0x1418, 0x1418,
0x1418, 0x1418, 0x5418, 0x9518, 0xD618, 0x3310, 0x1310, 0x1310, 0x3520, 0x1418,
0x7628, 0x1408, 0x1408, 0xF610, 0x5B32, 0xB729, 0x183A, 0x183A, 0xD731, 0xF839,
0xF620, 0x9518, 0x9518, 0xF728, 0x3410, 0x5410, 0xB520, 0x9518, 0x9518, 0x1410,
0xB720, 0x3408, 0xD831, 0xD831, 0xB529, 0x393A, 0xF618, 0x9510, 0x9510, 0x3931,
0x7518, 0x5418, 0x1208, 0x1208, 0x5520, 0x1420, 0x1420, 0x1420, 0x1420, 0x1420,
0x1420, 0x1420, 0x1420, 0x1420, 0x1420, 0x1420, 0x1420, 0x1420, 0x1420, 0x1420,
0x1420, 0x1420, 0x1420, 0x1420, 0x1420, 0xB300, 0xD819, 0x392A, 0x5D53, 0x3F74,
0x3F74, 0x9E7C, 0xBF9D, 0xFFA5, 0x5E8D, 0x5E8D, 0x796C, 0x9B95, 0x7CAE, 0x3DCF,
0x3DCF, 0x3CCF, 0x3BCF, 0x3BCF, 0x1AD7, 0x1AD7, 0x1BD7, 0x5CDF, 0x7CE7, 0x5CDF,
0x3BDF, 0x3BDF, 0x1BD7, 0x3CDF, 0x3CDF, 0xDBCE, 0xDBCE, 0x9EE7, 0x3DD7, 0x9EE7,
0x9EE7, 0x9EE7, 0x7CE7, 0x5BE7, 0x1DDF, 0x3CDF, 0x3CDF, 0x5CDF, 0x5CDF, 0x9DDF,
0x9ED7, 0x1DC7, 0x1DC7, 0x5BAE, 0xDB9D, 0xFFBE, 0xDFB6, 0xDFB6, 0x5DA6, 0x5C85,
0x163B, 0xB832, 0xB832, 0x171A, 0x9410, 0x5408, 0x3410, 0x3410, 0x3418, 0x3520,
0x3520, 0x1520, 0x1420, 0x1420, 0x1420, 0x1420, 0x1420, 0x1420, 0x1420, 0x1420,
0x1420, 0x1420, 0x1420, 0x1420, 0x1420, 0x1420, 0x1420, 0x1420, 0x1420, 0x1420,
0x1420, 0x1420, 0x1420, 0x1420, 0x1420, 0x1420, 0x1420, 0x1420, 0x1420, 0x1420,
0x1420, 0x1420, 0x1420, 0x1420, 0x1420, 0x1420, 0x1420, 0x1420, 0x1420, 0x1420,
0x1420, 0x1420, 0x1420, 0x1420, 0x1420, 0x1420, 0x1420, 0x1420, 0x1420, 0x1420,
0x1420, 0x1420, 0x1420, 0x1420, 0x1428, 0x1428, 0x1420, 0x1318, 0x1318, 0x3520,
0x3520, 0x1420, 0x1210, 0x1518, 0x1518, 0x1310, 0x1310, 0x3418, 0x1310, 0x9628,
0x3518, 0x3518, 0x3618, 0x1418, 0x1418, 0x5620, 0x5620, 0x5518, 0x9620, 0x3518,
0x3518, 0x3518, 0x1410, 0x7628, 0x3520, 0x1418, 0x1420, 0x1420, 0x1420, 0x1420,
0x1420, 0x1420, 0x1420, 0x1420, 0x1420, 0x1420, 0xB620, 0xB620, 0x1200, 0x5619,
0x7832, 0x5322, 0x5322, 0xDE95, 0xFD9D, 0x9DB6, 0x9DB6, 0x9DB6, 0x9DB6, 0x9BB6,
0xFCC6, 0x9EDF, 0x5DDF, 0x5DDF, 0x1CDF, 0xBFEF, 0x1BDF, 0x3CE7, 0x3CE7, 0x5CE7,
0x7DE7, 0x9DE7, 0x7DE7, 0x7DE7, 0x5CDF, 0x3CD7, 0x5DE7, 0x7DE7, 0x7DE7, 0x9DE7,
0x5CDF, 0x5CDF, 0x5CDF, 0xFCD6, 0xFCD6, 0xDBCE, 0xFED6, 0x5EDF, 0x7EDF, 0x7EDF,
0x5DD7, 0x3DD7, 0x1DC7, 0x9CB6, 0x9CB6, 0xDA9D, 0xBB7C, 0x1D85, 0x5FA6, 0x5FA6,
0x5FA6, 0x9F8D, 0x1C5C, 0x5F74, 0x392A, 0x392A, 0x5721, 0x1621, 0x9518, 0x1418,
0x1418, 0x1318, 0x1318, 0x1418, 0x1420, 0x1420, 0x1420, 0x1420, 0x1420, 0x1420,
0x1420, 0x1420, 0x1420, 0x1420, 0x1420, 0x1420, 0x1420, 0x1420, 0x1420, 0x1420,
0x1420, 0x1420, 0x1420, 0x1420, 0x1420, 0x3520, 0x3520, 0x1520, 0x1418, 0x1418,
0x1418, 0x1418, 0x5418, 0x9518, 0xD618, 0x3310, 0x1310, 0x1310, 0x3520, 0x1418,
0x7628, 0x1408, 0x1408, 0xF610, 0x5B32, 0xB729, 0x183A, 0x183A, 0xD731, 0xF839,
0xF620, 0x9518, 0x9518, 0xF728, 0x3410, 0x5410, 0xB520, 0x9518, 0x9518, 0x1410,
0xB720, 0x3408, 0xD831, 0xD831, 0xB529, 0x393A, 0xF618, 0x9510, 0x9510, 0x3931,
0x7518, 0x5418, 0x1208, 0x1208, 0x5520, 0x1420, 0x1420, 0x1420, 0x1420, 0x1420,
0x1420, 0x1420, 0x1420, 0x1420, 0x1420, 0x1420, 0x1420, 0x1420, 0x1420, 0x1420,
0x1420, 0x1420, 0x1420, 0x1420, 0x1420, 0xB300, 0xD819, 0x392A, 0x5D53, 0x3F74,
0x3F74, 0x9E7C, 0xBF9D, 0xFFA5, 0x5E8D, 0x5E8D, 0x796C, 0x9B95, 0x7CAE, 0x3DCF,
0x3DCF, 0x3CCF, 0x3BCF, 0x3BCF, 0x1AD7, 0x1AD7, 0x1BD7, 0x5CDF, 0x7CE7, 0x5CDF,
0x3BDF, 0x3BDF, 0x1BD7, 0x3CDF, 0x3CDF, 0xDBCE, 0xDBCE, 0x9EE7, 0x3DD7, 0x9EE7,
0x9EE7, 0x9EE7, 0x7CE7, 0x5BE7, 0x1DDF, 0x3CDF, 0x3CDF, 0x5CDF, 0x5CDF, 0x9DDF,
0x9ED7, 0x1DC7, 0x1DC7, 0x5BAE, 0xDB9D, 0xFFBE, 0xDFB6, 0xDFB6, 0x5DA6, 0x5C85,
0x163B, 0xB832, 0xB832, 0x171A, 0x9410, 0x5408, 0x3410, 0x3410, 0x3418, 0x3520,
0x3520, 0x1520, 0x1420, 0x1420, 0x1420, 0x1420, 0x1420, 0x1420, 0x1420, 0x1420,
0x1420, 0x1420, 0x1420, 0x1420, 0x1420, 0x1420, 0x1420, 0x1420, 0x1420, 0x1420,
0x1420, 0x1420, 0x1420, 0x1420, 0x1420, 0x1420, 0x1420, 0x1420, 0x1420, 0x1420,
0x1420, 0x1420, 0x1420, 0x1420, 0x1420, 0x1420, 0x1420, 0x1420, 0x1420, 0x1420,
0x1420, 0x1420, 0x1420, 0x1420, 0x1420, 0x1420, 0x1420, 0x1420, 0x1420, 0x1420,
0x1420, 0x1420, 0x1420, 0x1420, 0x1428, 0x1428, 0x1420, 0x1318, 0x1318, 0x3520,
0x3520, 0x1420, 0x1210, 0x1518, 0x1518, 0x1310, 0x1310, 0x3418, 0x1310, 0x9628,
0x3518, 0x3518, 0x3618, 0x1418, 0x1418, 0x5620, 0x5620, 0x5518, 0x9620, 0x3518,
0x3518, 0x3518, 0x1410, 0x7628, 0x3520, 0x1418, 0x1420, 0x1420, 0x1420, 0x1420,
0x1420, 0x1420, 0x1420, 0x1420, 0x1420, 0x1420, 0x1418, 0x1418, 0x5418, 0xDD52,
0xFE63, 0x1C64, 0x1C64, 0x3E85, 0xF863, 0xD65B, 0x3C85, 0x3C85, 0xDD9D, 0x5DAE,
0xDDBE, 0x1CCF, 0xBBC6, 0xBBC6, 0xBBCE, 0x9FEF, 0x5DE7, 0x3CE7, 0x3CE7, 0x3BDF,
0x5CDF, 0x5CDF, 0x5CD7, 0x5CD7, 0xFCCE, 0xBBC6, 0x3BB6, 0xBDC6, 0xBDC6, 0xFECE,
0xDDC6, 0x1DCF, 0x1DCF, 0x9CBE, 0x9CBE, 0x3FD7, 0x5BB6, 0xBCBE, 0xBCC6, 0xBCC6,
0x9BBE, 0xDCC6, 0x3FCF, 0x1FC7, 0x1FC7, 0x9EB6, 0xBCAE, 0x1C9E, 0xFF9D, 0xFF9D,
0xF73A, 0x782A, 0xDB3A, 0xD821, 0xD721, 0xD721, 0xB931, 0x7829, 0xF728, 0x7628,
0x7628, 0x3528, 0x1520, 0x3520, 0x3520, 0x3520, 0x1420, 0x1420, 0x1420, 0x1420,
0x1420, 0x1420, 0x1420, 0x1420, 0x1420, 0x1420, 0x1420, 0x1420, 0x1420, 0x1420,
0x1420, 0x1420, 0x1420, 0x1420, 0x1420, 0x3520, 0x3520, 0x1520, 0x1418, 0x1418,
0x1318, 0x1318, 0x1318, 0x3418, 0x5418, 0x3420, 0x3420, 0x3420, 0x1520, 0x1418,
0x1520, 0x1520, 0x1520, 0x1410, 0xD620, 0x3410, 0x1208, 0x1208, 0x9520, 0x1418,
0x1310, 0x1318, 0x1318, 0x3520, 0x3520, 0x1518, 0x1318, 0x3520, 0x3520, 0x1418,
0x1620, 0x1510, 0x5518, 0x5518, 0xB420, 0x3418, 0x1310, 0x1418, 0x1418, 0x5628,
0x1520, 0x1310, 0x1320, 0x1320, 0x1420, 0x1420, 0x1420, 0x1420, 0x1420, 0x1420,
0x1420, 0x1420, 0x1420, 0x1420, 0x1420, 0x1420, 0x1420, 0x1420, 0x1420, 0x1420,
0x1420, 0x1420, 0x1420, 0x1420, 0x1420, 0x5A2A, 0xF819, 0x392A, 0xD721, 0x5832,
0x5832, 0x973A, 0xB542, 0x3E95, 0x9FAE, 0x9FAE, 0xDC9D, 0x1FBF, 0x7CAE, 0x1EC7,
0x1EC7, 0x1ECF, 0xDEC6, 0x3CB6, 0xD9C6, 0xD9C6, 0xBABE, 0xDCC6, 0xDCC6, 0xFCCE,
0x1CCF, 0x1CCF, 0xDDC6, 0xDECE, 0xBEC6, 0xFBAD, 0xFBAD, 0x1ECF, 0x9BBE, 0x3CD7,
0x5CDF, 0x5CDF, 0x5CE7, 0x3CE7, 0xFCDE, 0x1CDF, 0x1CDF, 0x5DDF, 0x3DD7, 0xFCCE,
0x1DCF, 0x3EC7, 0x3EC7, 0xBDB6, 0xFD9D, 0x5D8D, 0x5B6C, 0x5B6C, 0xDB5B, 0x3F8D,
0x1F85, 0xFC5B, 0xFC5B, 0x594B, 0xB520, 0x7518, 0x1310, 0x1310, 0x1310, 0x1418,
0x1418, 0x1420, 0x1418, 0x1418, 0x1420, 0x1420, 0x1420, 0x1420, 0x1420, 0x1420,
0x1420, 0x1420, 0x1420, 0x1420, 0x1420, 0x1420, 0x1420, 0x1420, 0x1420, 0x1420,
0x1420, 0x1420, 0x1420, 0x1420, 0x1420, 0x1420, 0x1420, 0x1420, 0x1420, 0x1420,
0x1420, 0x1420, 0x1420, 0x1420, 0x1420, 0x1420, 0x1420, 0x1420, 0x1420, 0x1420,
0x1420, 0x1420, 0x1420, 0x1420, 0x1420, 0x1420, 0x1420, 0x1420, 0x1420, 0x1420,
0x1420, 0x1420, 0x1420, 0x1318, 0x1420, 0x1420, 0x1420, 0x1318, 0x1318, 0x3418,
0x3418, 0x3418, 0x1418, 0x3408, 0xD618, 0x3629, 0x3629, 0xF520, 0xD418, 0x7731,
0x1721, 0x1721, 0xD618, 0xD518, 0xB518, 0x9410, 0x9410, 0x3300, 0x5829, 0x7829,
0xD939, 0xD939, 0x3A42, 0x1731, 0xB520, 0x5418, 0x1420, 0x1420, 0x1420, 0x1420,
0x1420, 0x1420, 0x1420, 0x1420, 0x1420, 0x1420, 0x1310, 0x1310, 0x1310, 0x1621,
0x1411, 0x7C4B, 0x7C4B, 0xBC53, 0x3C64, 0x1B64, 0xB953, 0xB953, 0xDC7C, 0xDD9D,
0x9CB6, 0xFBBE, 0x9ABE, 0x9ABE, 0x9ABE, 0x3DD7, 0x5DE7, 0x3CE7, 0x3CE7, 0x3CDF,
0x3BD7, 0x1CCF, 0xFCC6, 0xFCC6, 0xBCBE, 0x9CB6, 0x1C85, 0x1C85, 0x1C85, 0x1B85,
0x9C95, 0xBFB6, 0x5EAE, 0x7B8D, 0x7B8D, 0x9FB6, 0x1DBF, 0x5ECF, 0x3DCF, 0x3DCF,
0xBBBE, 0xBCBE, 0x3FCF, 0xFFBE, 0xFFBE, 0x7EAE, 0x1B9E, 0x197D, 0x7E85, 0x7E85,
0x1843, 0x9519, 0x1932, 0x3200, 0x9831, 0x9831, 0xF618, 0xD620, 0x7520, 0x1420,
0x1420, 0x1420, 0x1420, 0x1418, 0x1418, 0x1418, 0x1420, 0x1420, 0x1420, 0x1420,
0x1420, 0x1420, 0x1420, 0x1420, 0x1420, 0x1420, 0x1420, 0x1420, 0x1420, 0x1420,
0x1420, 0x1420, 0x1420, 0x1420, 0x1420, 0x1418, 0x1418, 0x1418, 0x1420, 0x1420,
0x1420, 0x1420, 0x1420, 0x1418, 0x3418, 0x3420, 0x3428, 0x3428, 0x1520, 0x1420,
0x1420, 0x5630, 0x5630, 0x1318, 0x1318, 0x3520, 0x1418, 0x1418, 0x1200, 0x3628,
0xB730, 0x1210, 0x1210, 0x9630, 0x1420, 0x5728, 0x3528, 0x5530, 0x5530, 0x1528,
0x1528, 0x1518, 0x1418, 0x1418, 0x3318, 0x1420, 0x1318, 0x1318, 0x1318, 0x1310,
0x1520, 0x1520, 0x3528, 0x3528, 0x1428, 0x1420, 0x1420, 0x1420, 0x1420, 0x1420,
0x1420, 0x1420, 0x1420, 0x1420, 0x1420, 0x1420, 0x1420, 0x1420, 0x1420, 0x1420,
0x1420, 0x1420, 0x1420, 0x1420, 0x1420, 0x5729, 0xF510, 0xD510, 0x9300, 0x172A,
0x172A, 0x7632, 0xF321, 0xBC7C, 0x9C8D, 0x9C8D, 0xBB8D, 0x7DAE, 0xBDB6, 0x9FD7,
0x9FD7, 0xBCBE, 0xBDBE, 0x5FD7, 0x9ECF, 0x9ECF, 0x1EC7, 0x9EB6, 0xDB9D, 0x1CA6,
0xFFBE, 0xFFBE, 0x5FAE, 0x9E95, 0x3D8D, 0xDA7C, 0xDA7C, 0xBEB6, 0x7AAE, 0xFBC6,
0x1BCF, 0x1BCF, 0x1CDF, 0x1DDF, 0x7DEF, 0x5DE7, 0x5DE7, 0x7DE7, 0x1CD7, 0x9ABE,
0xBBBE, 0xBCB6, 0xBCB6, 0x3BA6, 0x1C7D, 0x984B, 0x7D6C, 0x7D6C, 0xBD5B, 0xBE5B,
0x1C4B, 0x3311, 0x3311, 0x9419, 0x3420, 0x1420, 0x3420, 0x3420, 0x5520, 0x7628,
0x5528, 0x1520, 0x1418, 0x1418, 0x1420, 0x1420, 0x1420, 0x1420, 0x1420, 0x1420,
0x1420, 0x1420, 0x1420, 0x1420, 0x1420, 0x1420, 0x1420, 0x1420, 0x1420, 0x1420,
0x1420, 0x1420, 0x1420, 0x1420, 0x1420, 0x1420, 0x1420, 0x1420, 0x1420, 0x1420,
0x1420, 0x1420, 0x1420, 0x1420, 0x1420, 0x1420, 0x1420, 0x1420, 0x1420, 0x1420,
0x1420, 0x1420, 0x1420, 0x1420, 0x1420, 0x1420, 0x1420, 0x1420, 0x1420, 0x1420,
0x1420, 0x1420, 0x1420, 0x1318, 0x1318, 0x1318, 0x1420, 0x7528, 0x5520, 0x1410,
0x1410, 0x5518, 0xF728, 0x7519, 0xD629, 0x194B, 0x194B, 0xF842, 0xB73A, 0x5632,
0x3732, 0x3732, 0xBA42, 0x394B, 0x1A4B, 0xD521, 0xD521, 0x5411, 0xB942, 0x3B4B,
0x7B53, 0x7B53, 0x3D6C, 0x9721, 0x3519, 0xD410, 0x1420, 0x1420, 0x1420, 0x1420,
0x1420, 0x1420, 0x1420, 0x1420, 0x1420, 0x1420, 0x1318, 0x1318, 0x9628, 0xF620,
0x7719, 0x3501, 0x3501, 0x582A, 0xBF74, 0x7F6C, 0x5A43, 0x5A43, 0x9C6C, 0xDD95,
0xDDB6, 0xBED7, 0x9DD7, 0x9DD7, 0x5CD7, 0x9EDF, 0x7EE7, 0x7DE7, 0x7DE7, 0x7DE7,
0x7CD7, 0x5CCF, 0x3DC7, 0x3DC7, 0x1EC7, 0x1EBF, 0xFF7C, 0x1C64, 0x1C64, 0x784B,
0x5B64, 0x3FA6, 0x7E85, 0xB653, 0xB653, 0xDB74, 0x79A6, 0x1BBF, 0x7CCF, 0x7CCF,
0x1BC7, 0x1CC7, 0x1EC7, 0x5CA6, 0x5CA6, 0x3985, 0x9F95, 0x584B, 0xDD74, 0xDD74,
0x3A64, 0xBD7C, 0x1E74, 0x3942, 0x1200, 0x1200, 0x9518, 0x7518, 0x3420, 0x1420,
0x1420, 0x1420, 0x1420, 0x1520, 0x3518, 0x3518, 0x1420, 0x1420, 0x1420, 0x1420,
0x1420, 0x1420, 0x1420, 0x1420, 0x1420, 0x1420, 0x1420, 0x1420, 0x1420, 0x1420,
0x1420, 0x1420, 0x1420, 0x1420, 0x1420, 0x1418, 0x1418, 0x1418, 0x1420, 0x1420,
0x1428, 0x1428, 0x1428, 0x1420, 0x3420, 0x1218, 0x1210, 0x1210, 0x3420, 0x1418,
0x5520, 0x5528, 0x5528, 0x1320, 0x1328, 0x1420, 0x1418, 0x1418, 0x5830, 0x1628,
0x1420, 0x3420, 0x3420, 0x1210, 0x1418, 0x1418, 0x3520, 0x1320, 0x1320, 0x1220,
0x1318, 0x1520, 0x3528, 0x3528, 0x1318, 0x3528, 0x1420, 0x3428, 0x3428, 0x1420,
0x1518, 0x3728, 0x1418, 0x1418, 0x7528, 0x1420, 0x1420, 0x1420, 0x1420, 0x1420,
0x1420, 0x1420, 0x1420, 0x1420, 0x1420, 0x1420, 0x1420, 0x1420, 0x1420, 0x1420,
0x1420, 0x1420, 0x1420, 0x1420, 0x1420, 0x1418, 0xD630, 0x1308, 0xF518, 0xFF6B,
0xFF6B, 0x7F6C, 0x3C5C, 0x7F85, 0x5743, 0x5743, 0xBF8D, 0x9B8D, 0xB88D, 0x5DC7,
0x5DC7, 0x7CCF, 0x3BC7, 0x3BCF, 0x9FC7, 0x9FC7, 0xDFB6, 0xBD95, 0x175C, 0x786C,
0xBD95, 0xBD95, 0xDC7C, 0x394B, 0x1C64, 0x3A64, 0x3A64, 0xFFB6, 0xFCB6, 0x7CCF,
0x3BCF, 0x3BCF, 0x3DDF, 0x1EDF, 0x9CEF, 0x3BDF, 0x3BDF, 0x5CDF, 0x5CD7, 0x3CCF,
0x5ECF, 0x3EC7, 0x3EC7, 0x3AA6, 0x3F7D, 0x994B, 0xDA53, 0xDA53, 0x7D6C, 0x5A53,
0x1409, 0xF610, 0xF610, 0x7A21, 0x5530, 0x1428, 0x1318, 0x1318, 0x1310, 0x1310,
0x1418, 0x1520, 0x1520, 0x1520, 0x1420, 0x1420, 0x1420, 0x1420, 0x1420, 0x1420,
0x1420, 0x1420, 0x1420, 0x1420, 0x1420, 0x1420, 0x1420, 0x1420, 0x1420, 0x1420,
0x1420, 0x1420, 0x1420, 0x1420, 0x1420, 0x1420, 0x1420, 0x1420, 0x1420, 0x1420,
0x1420, 0x1420, 0x1420, 0x1420, 0x1420, 0x1420, 0x1420, 0x1420, 0x1420, 0x1420,
0x1420, 0x1420, 0x1420, 0x1420, 0x1420, 0x1420, 0x1420, 0x1420, 0x1420, 0x1420,
0x1420, 0x1420, 0x1420, 0x1420, 0x1310, 0x1310, 0x3420, 0xF730, 0xB628, 0x1310,
0x1310, 0x5518, 0x9939, 0xBB53, 0x994B, 0x5F85, 0x5F85, 0xDF95, 0x7E85, 0xD953,
0xFB53, 0xFB53, 0x9F8D, 0x9F8D, 0xBF95, 0xFB5B, 0xFB5B, 0x9A4B, 0x7D64, 0x9D6C,
0x7843, 0x7843, 0x3A54, 0x1C43, 0x9A32, 0x1722, 0x1420, 0x1420, 0x1420, 0x1420,
0x1420, 0x1420, 0x1420, 0x1420, 0x1420, 0x1420, 0x1408, 0x1408, 0x7408, 0xF408,
0xFF63, 0x793A, 0x793A, 0xBE63, 0xB619, 0x381A, 0xF831, 0xF831, 0x5E74, 0x9B74,
0x3DA6, 0xBDB6, 0xFDBE, 0xFDBE, 0x1AC7, 0xFCE7, 0x9BE7, 0x1CD7, 0x1CD7, 0x1ECF,
0x3ECF, 0x7DC7, 0x9AA6, 0x9AA6, 0x9DA6, 0x9FA6, 0xFC4B, 0x5E5C, 0x5E5C, 0xD82A,
0x5E5C, 0x7E6C, 0xD73A, 0x1C64, 0x1C64, 0xDB63, 0xFC63, 0xBF95, 0xFEB6, 0xFEB6,
0x7DC7, 0xFCB6, 0x1CA6, 0x1EA6, 0x1EA6, 0x9E95, 0x7C43, 0x3722, 0xF629, 0xF629,
0x783A, 0x9F6C, 0x1F5C, 0x7D43, 0x9611, 0x9611, 0x1718, 0x1620, 0x1620, 0x1520,
0x1520, 0x1418, 0x1418, 0x1420, 0x1520, 0x1520, 0x1420, 0x1420, 0x1420, 0x1420,
0x1420, 0x1420, 0x1420, 0x1420, 0x1420, 0x1420, 0x1420, 0x1420, 0x1420, 0x1420,
0x1420, 0x1420, 0x1420, 0x1420, 0x1420, 0x1420, 0x1420, 0x1420, 0x1420, 0x1420,
0x1420, 0x1420, 0x1420, 0x1420, 0x1420, 0x1420, 0x1420, 0x1420, 0x1420, 0x1420,
0x1420, 0x1420, 0x1420, 0x1420, 0x1420, 0x1420, 0x1420, 0x1420, 0x1420, 0x1420,
0x1420, 0x1420, 0x1420, 0x1420, 0x1420, 0x1420, 0x1420, 0x1420, 0x1420, 0x1420,
0x1420, 0x1420, 0x1420, 0x1420, 0x1420, 0x1420, 0x1420, 0x1420, 0x1420, 0x1420,
0x1420, 0x1420, 0x1420, 0x1420, 0x1420, 0x1420, 0x1420, 0x1420, 0x1420, 0x1420,
0x1420, 0x1420, 0x1420, 0x1420, 0x1420, 0x1410, 0x1518, 0x1410, 0x1418, 0x1418,
0x7528, 0x1320, 0x7528, 0x1320, 0x1320, 0x1720, 0x1618, 0x3729, 0x5832, 0xFC53,
0xFC53, 0x3C5C, 0xBB4B, 0xB72A, 0xB411, 0xB411, 0x183B, 0x7E8D, 0xFD95, 0x9DAE,
0x9DAE, 0x7FC7, 0xDCB6, 0xBCB6, 0xFFA5, 0xFFA5, 0xDD7C, 0x3B64, 0x5D64, 0x762A,
0x5E6C, 0x5E6C, 0x7F74, 0x993A, 0xFE6B, 0x383B, 0x383B, 0x7F96, 0x9D9E, 0xBBAE,
0x9ED7, 0x9ED7, 0xDBBE, 0x3CC7, 0x1CCF, 0x1CCF, 0x1CCF, 0x7EE7, 0x1BCF, 0x7CCF,
0x399E, 0x5DAE, 0x5DAE, 0x9D9D, 0x3F6C, 0xBA3A, 0x9932, 0x9932, 0x7411, 0x1B4B,
0xDA42, 0x5C53, 0x5C53, 0xB619, 0x9518, 0x5518, 0x1418, 0x1418, 0x1318, 0x1318,
0x1418, 0x3520, 0x5528, 0x5528, 0x1420, 0x1420, 0x1420, 0x1420, 0x1420, 0x1420,
0x1420, 0x1420, 0x1420, 0x1420, 0x1420, 0x1420, 0x1420, 0x1420, 0x1420, 0x1420,
0x1420, 0x1420, 0x1420, 0x1420, 0x1420, 0x1420, 0x1420, 0x1420, 0x1420, 0x1420,
0x1420, 0x1420, 0x1420, 0x1420, 0x1420, 0x1420, 0x1420, 0x1420, 0x1420, 0x1420,
0x1420, 0x1420, 0x1420, 0x1418, 0x1520, 0x1520, 0x1418, 0x1518, 0x5628, 0x3620,
0x3620, 0x1310, 0x1310, 0x7218, 0x1108, 0x1108, 0x7410, 0xF720, 0x5721, 0x5100,
0x5100, 0x5632, 0x9D7C, 0xFC74, 0xBC8D, 0x9DAE, 0x9DAE, 0xDCB6, 0xDCBE, 0xBCB6,
0x3AA6, 0x3AA6, 0x3EBF, 0x1EC7, 0xBDB6, 0xFEA5, 0xFEA5, 0xDB63, 0x1F8D, 0xBC95,
0x3CA6, 0x3CA6, 0x1EA6, 0x5E85, 0x1A5C, 0x962A, 0x1420, 0x1420, 0x1420, 0x1420,
0x1420, 0x1420, 0x1420, 0x1420, 0x1420, 0x1420, 0x1408, 0x1408, 0x7408, 0xF408,
0xFF63, 0x793A, 0x793A, 0xBE63, 0xB619, 0x381A, 0xF831, 0xF831, 0x5E74, 0x9B74,
0x3DA6, 0xBDB6, 0xFDBE, 0xFDBE, 0x1AC7, 0xFCE7, 0x9BE7, 0x1CD7, 0x1CD7, 0x1ECF,
0x3ECF, 0x7DC7, 0x9AA6, 0x9AA6, 0x9DA6, 0x9FA6, 0xFC4B, 0x5E5C, 0x5E5C, 0xD82A,
0x5E5C, 0x7E6C, 0xD73A, 0x1C64, 0x1C64, 0xDB63, 0xFC63, 0xBF95, 0xFEB6, 0xFEB6,
0x7DC7, 0xFCB6, 0x1CA6, 0x1EA6, 0x1EA6, 0x9E95, 0x7C43, 0x3722, 0xF629, 0xF629,
0x783A, 0x9F6C, 0x1F5C, 0x7D43, 0x9611, 0x9611, 0x1718, 0x1620, 0x1620, 0x1520,
0x1520, 0x1418, 0x1418, 0x1420, 0x1520, 0x1520, 0x1420, 0x1420, 0x1420, 0x1420,
0x1420, 0x1420, 0x1420, 0x1420, 0x1420, 0x1420, 0x1420, 0x1420, 0x1420, 0x1420,
0x1420, 0x1420, 0x1420, 0x1420, 0x1420, 0x1420, 0x1420, 0x1420, 0x1420, 0x1420,
0x1420, 0x1420, 0x1420, 0x1420, 0x1420, 0x1420, 0x1420, 0x1420, 0x1420, 0x1420,
0x1420, 0x1420, 0x1420, 0x1420, 0x1420, 0x1420, 0x1420, 0x1420, 0x1420, 0x1420,
0x1420, 0x1420, 0x1420, 0x1420, 0x1420, 0x1420, 0x1420, 0x1420, 0x1420, 0x1420,
0x1420, 0x1420, 0x1420, 0x1420, 0x1420, 0x1420, 0x1420, 0x1420, 0x1420, 0x1420,
0x1420, 0x1420, 0x1420, 0x1420, 0x1420, 0x1420, 0x1420, 0x1420, 0x1420, 0x1420,
0x1420, 0x1420, 0x1420, 0x1420, 0x1420, 0x1410, 0x1518, 0x1410, 0x1418, 0x1418,
0x7528, 0x1320, 0x7528, 0x1320, 0x1320, 0x1720, 0x1618, 0x3729, 0x5832, 0xFC53,
0xFC53, 0x3C5C, 0xBB4B, 0xB72A, 0xB411, 0xB411, 0x183B, 0x7E8D, 0xFD95, 0x9DAE,
0x9DAE, 0x7FC7, 0xDCB6, 0xBCB6, 0xFFA5, 0xFFA5, 0xDD7C, 0x3B64, 0x5D64, 0x762A,
0x5E6C, 0x5E6C, 0x7F74, 0x993A, 0xFE6B, 0x383B, 0x383B, 0x7F96, 0x9D9E, 0xBBAE,
0x9ED7, 0x9ED7, 0xDBBE, 0x3CC7, 0x1CCF, 0x1CCF, 0x1CCF, 0x7EE7, 0x1BCF, 0x7CCF,
0x399E, 0x5DAE, 0x5DAE, 0x9D9D, 0x3F6C, 0xBA3A, 0x9932, 0x9932, 0x7411, 0x1B4B,
0xDA42, 0x5C53, 0x5C53, 0xB619, 0x9518, 0x5518, 0x1418, 0x1418, 0x1318, 0x1318,
0x1418, 0x3520, 0x5528, 0x5528, 0x1420, 0x1420, 0x1420, 0x1420, 0x1420, 0x1420,
0x1420, 0x1420, 0x1420, 0x1420, 0x1420, 0x1420, 0x1420, 0x1420, 0x1420, 0x1420,
0x1420, 0x1420, 0x1420, 0x1420, 0x1420, 0x1420, 0x1420, 0x1420, 0x1420, 0x1420,
0x1420, 0x1420, 0x1420, 0x1420, 0x1420, 0x1420, 0x1420, 0x1420, 0x1420, 0x1420,
0x1420, 0x1420, 0x1420, 0x1418, 0x1520, 0x1520, 0x1418, 0x1518, 0x5628, 0x3620,
0x3620, 0x1310, 0x1310, 0x7218, 0x1108, 0x1108, 0x7410, 0xF720, 0x5721, 0x5100,
0x5100, 0x5632, 0x9D7C, 0xFC74, 0xBC8D, 0x9DAE, 0x9DAE, 0xDCB6, 0xDCBE, 0xBCB6,
0x3AA6, 0x3AA6, 0x3EBF, 0x1EC7, 0xBDB6, 0xFEA5, 0xFEA5, 0xDB63, 0x1F8D, 0xBC95,
0x3CA6, 0x3CA6, 0x1EA6, 0x5E85, 0x1A5C, 0x962A, 0x1420, 0x1420, 0x1420, 0x1420,
0x1420, 0x1420, 0x1420, 0x1420, 0x1420, 0x1420, 0x9A41, 0x9A41, 0x3829, 0x3619,
0xF829, 0x5521, 0x5521, 0x7621, 0xD829, 0x392A, 0x5619, 0x5619, 0xD621, 0x3F8D,
0x996C, 0x9C8D, 0x9EAE, 0x9EAE, 0x1FC7, 0x9BB6, 0xDCC6, 0xBFDF, 0xBFDF, 0xFCC6,
0x3EC7, 0x7EAE, 0xBE95, 0xBE95, 0xB953, 0xB953, 0xFA4A, 0x9519, 0x9519, 0x5411,
0x372A, 0xF621, 0xDD5B, 0xFF95, 0xFF95, 0x383B, 0xB519, 0xD63A, 0x1FA6, 0x1FA6,
0x3E9E, 0x7C8D, 0x5D8D, 0x3A64, 0x3A64, 0x5F8D, 0x7F64, 0x1B4B, 0x383A, 0x383A,
0x9208, 0x9629, 0xB729, 0x1621, 0x7410, 0x7410, 0x5328, 0x3220, 0x3220, 0x1110,
0x1110, 0x1318, 0x1318, 0x3628, 0x3730, 0x3730, 0x1420, 0x1420, 0x1420, 0x1420,
0x1420, 0x1420, 0x1420, 0x1420, 0x1420, 0x1420, 0x1420, 0x1420, 0x1420, 0x1420,
0x1420, 0x1420, 0x1420, 0x1420, 0x1420, 0x1420, 0x1420, 0x1420, 0x1420, 0x1420,
0x1420, 0x1420, 0x1420, 0x1420, 0x1420, 0x1420, 0x1420, 0x1420, 0x1420, 0x1420,
0x1420, 0x1420, 0x1420, 0x1420, 0x1420, 0x1420, 0x1420, 0x1420, 0x1420, 0x1420,
0x1420, 0x1420, 0x1420, 0x1420, 0x1420, 0x1420, 0x1420, 0x1420, 0x1420, 0x1420,
0x1420, 0x1420, 0x1420, 0x1420, 0x1420, 0x1420, 0x1420, 0x1420, 0x1420, 0x1420,
0x1420, 0x1420, 0x1420, 0x1420, 0x1420, 0x1420, 0x1420, 0x1420, 0x1420, 0x1420,
0x1420, 0x1420, 0x1420, 0x1420, 0x1420, 0x5628, 0x3528, 0x1418, 0x1420, 0x1420,
0x1520, 0x1418, 0x1620, 0x1418, 0x1418, 0x1420, 0x1318, 0x7418, 0x5621, 0x5619,
0x5619, 0xB821, 0xF608, 0x5819, 0xBE53, 0xBE53, 0x1E64, 0x1F7D, 0x7B6C, 0x996C,
0x996C, 0x9C8D, 0x7C8D, 0xDD95, 0x5D6C, 0x5D6C, 0x7211, 0xB732, 0xFF7C, 0x7F6C,
0x3722, 0x3722, 0x172A, 0xF721, 0x5529, 0x7519, 0x7519, 0x1D64, 0xD953, 0x9A74,
0xBFBE, 0xBFBE, 0x1EC7, 0x3DBF, 0xBED7, 0xFCC6, 0xFCC6, 0x1ECF, 0xBDBE, 0xFFBE,
0x1D9E, 0x3964, 0x3964, 0xFE84, 0x5932, 0x5511, 0xB619, 0xB619, 0x3832, 0x5519,
0x7519, 0xD831, 0xD831, 0xB729, 0x3831, 0xF728, 0x9620, 0x9620, 0x3420, 0x1418,
0x1318, 0x1318, 0x1318, 0x1318, 0x1420, 0x1420, 0x1420, 0x1420, 0x1420, 0x1420,
0x1420, 0x1420, 0x1420, 0x1420, 0x1420, 0x1420, 0x1420, 0x1420, 0x1420, 0x1420,
0x1420, 0x1420, 0x1420, 0x1420, 0x1420, 0x1420, 0x1420, 0x1420, 0x1420, 0x1420,
0x1420, 0x1420, 0x1420, 0x1420, 0x1420, 0x1420, 0x1420, 0x1420, 0x1420, 0x1420,
0x1420, 0x1420, 0x1420, 0x1528, 0x1428, 0x1428, 0x5520, 0x1310, 0xB520, 0x7310,
0x7310, 0x1621, 0x1A3A, 0x1619, 0x3B42, 0x3B42, 0xB510, 0x7821, 0x9F63, 0xDA42,
0xDA42, 0x3C6C, 0xDE7C, 0x5B85, 0xBEB6, 0x1DC7, 0x1DC7, 0x5CCF, 0x5ED7, 0xBCBE,
0xFDC6, 0xFDC6, 0xFCC6, 0x5CCF, 0x3BC7, 0x5BAE, 0x5BAE, 0xBD9D, 0x5B8D, 0xFDBE,
0x9BAE, 0x9BAE, 0xFC9D, 0xDE7C, 0xFB63, 0x5D6C, 0x1420, 0x1420, 0x1420, 0x1420,
0x1420, 0x1420, 0x1420, 0x1420, 0x1420, 0x1420, 0x3520, 0x3520, 0x3518, 0x3308,
0x3308, 0x7410, 0x7410, 0x5310, 0x5A42, 0x9B42, 0x9821, 0x9821, 0x7519, 0x7A4B,
0x173B, 0xFA5B, 0x9F8D, 0x9F8D, 0x5D8D, 0x7FAE, 0x5C95, 0xBEB6, 0xBEB6, 0xDCB6,
0x5885, 0xBF95, 0x7C4B, 0x7C4B, 0xF821, 0xF719, 0xB528, 0x1108, 0x1108, 0x9418,
0x3621, 0x9721, 0x3C4B, 0x7C4B, 0x7C4B, 0xF511, 0xF610, 0xD308, 0x7B5B, 0x7B5B,
0x3953, 0x194B, 0x7C53, 0x172A, 0x172A, 0x9C53, 0x792A, 0xB729, 0xB839, 0xB839,
0x1108, 0x7420, 0x9528, 0x1318, 0x1430, 0x1430, 0x7320, 0x7318, 0x9320, 0x5318,
0x5318, 0x5420, 0x1318, 0x1418, 0x1418, 0x1418, 0x1420, 0x1420, 0x1420, 0x1420,
0x1420, 0x1420, 0x1420, 0x1420, 0x1420, 0x1420, 0x1420, 0x1420, 0x1420, 0x1420,
0x1420, 0x1420, 0x1420, 0x1420, 0x1420, 0x1420, 0x1420, 0x1420, 0x1420, 0x1420,
0x1420, 0x1420, 0x1420, 0x1420, 0x1420, 0x1420, 0x1420, 0x1420, 0x1420, 0x1420,
0x1420, 0x1420, 0x1420, 0x1420, 0x1420, 0x1420, 0x1420, 0x1420, 0x1420, 0x1420,
0x1420, 0x1420, 0x1420, 0x1420, 0x1420, 0x1420, 0x1420, 0x1420, 0x1420, 0x1420,
0x1420, 0x1420, 0x1420, 0x1420, 0x1420, 0x1420, 0x1420, 0x1420, 0x1420, 0x1420,
0x1420, 0x1420, 0x1420, 0x1420, 0x1420, 0x1420, 0x1420, 0x1420, 0x1420, 0x1420,
0x1420, 0x1420, 0x1420, 0x1420, 0x1420, 0x1428, 0x1428, 0x1318, 0x1418, 0x1418,
0x1418, 0x1410, 0x3620, 0x3620, 0x3620, 0x1210, 0x1310, 0x3418, 0x5618, 0x1408,
0x1408, 0x1510, 0x1510, 0x7A39, 0x9821, 0x9821, 0x1932, 0x3C53, 0xD942, 0xF842,
0xF842, 0xBB5B, 0x5A4B, 0x9B53, 0xB621, 0xB621, 0xD208, 0x5832, 0xFB4A, 0x5D53,
0xD721, 0xD721, 0xB729, 0xD308, 0x5420, 0x9518, 0x9518, 0xD929, 0xB719, 0x3B53,
0x3F95, 0x3F95, 0xDC9D, 0xB98D, 0x1DBF, 0x788D, 0x788D, 0xFC9D, 0xBFB6, 0x3E85,
0xBD74, 0x183B, 0x183B, 0xDB53, 0x382A, 0x5511, 0xD829, 0xD829, 0xDC52, 0xB410,
0x7410, 0x7418, 0x7418, 0x5410, 0xD628, 0xB620, 0x7520, 0x7520, 0x1420, 0x1418,
0x1418, 0x1420, 0x1420, 0x1420, 0x1420, 0x1420, 0x1420, 0x1420, 0x1420, 0x1420,
0x1420, 0x1420, 0x1420, 0x1420, 0x1420, 0x1420, 0x1420, 0x1420, 0x1420, 0x1420,
0x1420, 0x1420, 0x1420, 0x1420, 0x1420, 0x1420, 0x1420, 0x1420, 0x1420, 0x1420,
0x1420, 0x1420, 0x1420, 0x1420, 0x1420, 0x1420, 0x1420, 0x1420, 0x1420, 0x1420,
0x1420, 0x1420, 0x1420, 0x3530, 0x1218, 0x1218, 0x1320, 0x9318, 0x9A4A, 0x7832,
0x7832, 0x3B43, 0xDD4B, 0xFB42, 0x3F6C, 0x3F6C, 0x7732, 0xB632, 0x1D85, 0x5D85,
0x5D85, 0x5FA6, 0x7FAE, 0xDDBE, 0x1DCF, 0xBEE7, 0xBEE7, 0x5CD7, 0xDFE7, 0x1ED7,
0xFDCE, 0xFDCE, 0x5DD7, 0x9ED7, 0x3BC7, 0x5DCF, 0x5DCF, 0xBEBE, 0x5CAE, 0x3CC7,
0x7BAE, 0x7BAE, 0xD97C, 0xF984, 0x7B95, 0x5EAE, 0x1420, 0x1420, 0x1420, 0x1420,
0x1420, 0x1420, 0x1420, 0x1420, 0x1420, 0x1420, 0x1628, 0x1628, 0x9728, 0x5518,
0x5518, 0x1310, 0x1310, 0x1310, 0xD520, 0x1619, 0x5511, 0x5511, 0x7832, 0x1F85,
0x1C5C, 0x1D64, 0xF93A, 0xF93A, 0x9A4B, 0xBD6C, 0xFD7C, 0xBD8D, 0xBD8D, 0x3985,
0xD874, 0x7B6C, 0x7B53, 0x7B53, 0x5609, 0x7711, 0x7530, 0x3520, 0x3520, 0x3418,
0x3410, 0x1729, 0xD518, 0x3200, 0x3200, 0x7621, 0xF828, 0x9518, 0x9418, 0x9418,
0xB518, 0xF720, 0x1821, 0x1619, 0x1619, 0x5519, 0x1519, 0x5310, 0xB628, 0xB628,
0x1310, 0x1418, 0x3418, 0x1318, 0x1420, 0x1420, 0x3921, 0x5A21, 0x3921, 0xF720,
0xF720, 0x7510, 0x3410, 0x1418, 0x3420, 0x3420, 0x1420, 0x1420, 0x1420, 0x1420,
0x1420, 0x1420, 0x1420, 0x1420, 0x1420, 0x1420, 0x1420, 0x1420, 0x1420, 0x1420,
0x1420, 0x1420, 0x1420, 0x1420, 0x1420, 0x1420, 0x1420, 0x1420, 0x1420, 0x1420,
0x1420, 0x1420, 0x1420, 0x1420, 0x1420, 0x1420, 0x1420, 0x1420, 0x1420, 0x1420,
0x1420, 0x1420, 0x1420, 0x1420, 0x1420, 0x1420, 0x1420, 0x1420, 0x1420, 0x1420,
0x1420, 0x1420, 0x1420, 0x1420, 0x1420, 0x1420, 0x1420, 0x1420, 0x1420, 0x1420,
0x1420, 0x1420, 0x1420, 0x1420, 0x1420, 0x1420, 0x1420, 0x1420, 0x1420, 0x1420,
0x1420, 0x1420, 0x1420, 0x1420, 0x1420, 0x1420, 0x1420, 0x1420, 0x1420, 0x1420,
0x1420, 0x1420, 0x1420, 0x1420, 0x1420, 0x1420, 0x1528, 0x9630, 0x3418, 0x3418,
0x5418, 0x1208, 0xD418, 0x1521, 0x1521, 0x5721, 0x5829, 0x9718, 0x1510, 0x1618,
0x1618, 0x1208, 0x9428, 0xF430, 0x1400, 0x1400, 0x5510, 0x1721, 0xD518, 0xD518,
0xD518, 0x5721, 0x1619, 0x1719, 0x3310, 0x3310, 0x7410, 0xB518, 0xD518, 0x9410,
0xD518, 0xD518, 0xD520, 0x7418, 0x1310, 0x9620, 0x9620, 0x3719, 0x1409, 0x7832,
0xFA63, 0xFA63, 0x5D85, 0xDD8D, 0xDC95, 0xFD95, 0xFD95, 0xBA64, 0x1B5C, 0xB832,
0xFE5B, 0x9E6C, 0x9E6C, 0x3B54, 0xBA3A, 0x9619, 0x7621, 0x7621, 0xF618, 0x1308,
0x1310, 0x7628, 0x7628, 0x1520, 0x1410, 0x1410, 0x1318, 0x1318, 0x1318, 0x1418,
0x1420, 0x3520, 0x5520, 0x5520, 0x1420, 0x1420, 0x1420, 0x1420, 0x1420, 0x1420,
0x1420, 0x1420, 0x1420, 0x1420, 0x1420, 0x1420, 0x1420, 0x1420, 0x1420, 0x1420,
0x1420, 0x1420, 0x1420, 0x1420, 0x1420, 0x1420, 0x1420, 0x1420, 0x1420, 0x1420,
0x1420, 0x1420, 0x1420, 0x1420, 0x1420, 0x1420, 0x1420, 0x1420, 0x1420, 0x1420,
0x1420, 0x1420, 0x1420, 0x1530, 0x1428, 0x1428, 0x5428, 0x7318, 0xD739, 0xD629,
0xD629, 0x3B43, 0x7F64, 0xBE74, 0x5E85, 0x5E85, 0x3F9E, 0x1B9E, 0x9BAE, 0x1CBF,
0x1CBF, 0xDBB6, 0x1CBF, 0xFCC6, 0xBABE, 0xFBC6, 0xFBC6, 0xBBBE, 0xFECE, 0x3895,
0xDAA5, 0xDAA5, 0xDDC6, 0x1EC7, 0x9AB6, 0xFCC6, 0xFCC6, 0x9EBE, 0xFEC6, 0x3EC7,
0x9EB6, 0x9EB6, 0x3E95, 0xDE9D, 0x9FB6, 0x9F95, 0x1420, 0x1420, 0x1420, 0x1420,
0x1420, 0x1420, 0x1420, 0x1420, 0x1420, 0x1420, 0x1420, 0x1420, 0x1520, 0x1518,
0x3520, 0x1420, 0x1420, 0xD738, 0xB520, 0x7729, 0x9B53, 0x9B53, 0x3D6C, 0xBF95,
0xDB5B, 0x7832, 0x7C4B, 0x7C4B, 0xBD53, 0x3522, 0x3B5C, 0x3B64, 0x3B64, 0x9D74,
0x5E8D, 0xDE9D, 0x3FA6, 0x3FA6, 0xBA53, 0x7511, 0xD730, 0x3518, 0x3518, 0x1418,
0x1418, 0x1410, 0x1418, 0x5520, 0x5520, 0x3420, 0x1418, 0x3528, 0x1318, 0x1318,
0x1520, 0x1618, 0x1510, 0xB620, 0xB620, 0x3210, 0x7418, 0x1310, 0x1420, 0x1420,
0x1418, 0x3410, 0x1619, 0x7729, 0x3200, 0x3200, 0xDA3A, 0x7D53, 0x7D53, 0xBF5B,
0xBF5B, 0x3932, 0xB731, 0xD418, 0x1529, 0x1529, 0x1420, 0x1420, 0x1420, 0x1420,
0x1420, 0x1420, 0x1420, 0x1420, 0x1420, 0x1420, 0x1420, 0x1420, 0x1420, 0x1420,
0x1420, 0x1420, 0x1420, 0x1420, 0x1420, 0x1420, 0x1420, 0x1420, 0x1420, 0x1420,
0x1420, 0x1420, 0x1420, 0x1420, 0x1420, 0x1420, 0x1420, 0x1420, 0x1420, 0x1420,
0x1420, 0x1420, 0x1420, 0x1420, 0x1420, 0x1420, 0x1420, 0x1420, 0x1420, 0x1420,
0x1420, 0x1420, 0x1420, 0x1420, 0x1420, 0x1420, 0x1420, 0x1420, 0x1420, 0x1420,
0x1420, 0x1420, 0x1420, 0x1420, 0x1420, 0x1420, 0x1420, 0x1420, 0x1420, 0x1420,
0x1420, 0x1420, 0x1420, 0x1420, 0x1420, 0x1420, 0x1420, 0x1420, 0x1420, 0x1420,
0x1420, 0x1420, 0x1420, 0x1420, 0x1420, 0x1518, 0x1410, 0xD728, 0x5310, 0x5310,
0xB729, 0xD529, 0x7953, 0xD95B, 0xD95B, 0x9B53, 0x3A4B, 0x1411, 0x3621, 0xD941,
0xD941, 0x3210, 0x9320, 0x1010, 0x1418, 0x1418, 0x1418, 0x3520, 0x1318, 0x1310,
0x1310, 0x1410, 0x1410, 0x1510, 0x1418, 0x1418, 0x1520, 0x1310, 0x3520, 0x1310,
0x3520, 0x3520, 0x1318, 0x3528, 0x1620, 0xB620, 0xB620, 0x3311, 0xB52A, 0x7F85,
0x1F9E, 0x1F9E, 0x9F8D, 0x3A54, 0xBE7C, 0x9C6C, 0x9C6C, 0xB522, 0x193B, 0x1F6C,
0x993A, 0xB532, 0xB532, 0x5F96, 0x7F74, 0x5C53, 0x593A, 0x593A, 0xB518, 0x9620,
0x1418, 0x1520, 0x1520, 0x1418, 0x3418, 0x3418, 0x1418, 0x1418, 0x1418, 0x1318,
0x1318, 0x1418, 0x1418, 0x1418, 0x1420, 0x1420, 0x1420, 0x1420, 0x1420, 0x1420,
0x1420, 0x1420, 0x1420, 0x1420, 0x1420, 0x1420, 0x1420, 0x1420, 0x1420, 0x1420,
0x1420, 0x1420, 0x1420, 0x1420, 0x1420, 0x1420, 0x1420, 0x1420, 0x1420, 0x1420,
0x1420, 0x1420, 0x1420, 0x1420, 0x1420, 0x1420, 0x1420, 0x1420, 0x1420, 0x1420,
0x1420, 0x1420, 0x1420, 0x1620, 0x5628, 0x5628, 0x3520, 0x1318, 0x3318, 0x7310,
0x7310, 0x1519, 0x1832, 0x9953, 0xBC74, 0xBC74, 0x7FAE, 0x7DAE, 0xBBB6, 0x5DCF,
0x5DCF, 0x79B6, 0xBBBE, 0x1EC7, 0xFDBE, 0xFA9D, 0xFA9D, 0x5A8D, 0x3B85, 0x344B,
0x7C8D, 0x7C8D, 0xBFB6, 0x3FCF, 0x5DCF, 0x59AE, 0x59AE, 0xFDBE, 0xBBB6, 0xBED7,
0x3BA6, 0x3BA6, 0x3FAE, 0x7D85, 0x3D85, 0x3743, 0x1420, 0x1420, 0x1420, 0x1420,
0x1420, 0x1420, 0x1420, 0x1420, 0x1420, 0x1420, 0x3530, 0x3530, 0x1420, 0x5528,
0x1418, 0x1420, 0x1420, 0x3420, 0x1208, 0xF410, 0xD211, 0xD211, 0x3A64, 0x9F95,
0xDB63, 0x1311, 0x1F74, 0x1F74, 0x7D5B, 0xFE6B, 0xFC5B, 0x993A, 0x993A, 0x3C5B,
0x7642, 0xF86B, 0xBE9D, 0xBE9D, 0xBF95, 0x1A43, 0x5518, 0x1310, 0x1310, 0x1418,
0x9730, 0x1520, 0x1528, 0x7638, 0x7638, 0x1218, 0x1318, 0x1428, 0x3430, 0x3430,
0x1428, 0x1520, 0x1620, 0x1420, 0x1420, 0x1218, 0x1318, 0x1318, 0x1420, 0x1420,
0x1518, 0x1621, 0x3D4B, 0x7F6C, 0xF93A, 0xF93A, 0x597D, 0x1D96, 0x1F96, 0xFF95,
0xFF95, 0xFC5B, 0xB942, 0xF418, 0x9310, 0x9310, 0x1420, 0x1420, 0x1420, 0x1420,
0x1420, 0x1420, 0x1420, 0x1420, 0x1420, 0x1420, 0x1420, 0x1420, 0x1420, 0x1420,
0x1420, 0x1420, 0x1420, 0x1420, 0x1420, 0x1420, 0x1420, 0x1420, 0x1420, 0x1420,
0x1420, 0x1420, 0x1420, 0x1420, 0x1420, 0x1420, 0x1420, 0x1420, 0x1420, 0x1420,
0x1420, 0x1420, 0x1420, 0x1420, 0x1420, 0x1420, 0x1420, 0x1420, 0x1420, 0x1420,
0x1420, 0x1420, 0x1420, 0x1420, 0x1420, 0x1420, 0x1420, 0x1420, 0x1420, 0x1420,
0x1420, 0x1420, 0x1420, 0x1420, 0x1420, 0x1420, 0x1420, 0x1420, 0x1420, 0x1420,
0x1420, 0x1420, 0x1420, 0x1420, 0x1420, 0x1420, 0x1420, 0x1420, 0x1420, 0x1420,
0x1420, 0x1420, 0x1420, 0x1420, 0x1420, 0x3518, 0x1300, 0x9510, 0x5308, 0x5308,
0x9942, 0xBA5B, 0x9F8D, 0x3F9E, 0x3F9E, 0x9C85, 0xBD8D, 0x5643, 0x3D6C, 0x7D5B,
0x7D5B, 0x1621, 0x7518, 0x5520, 0x1318, 0x1318, 0x1320, 0x1428, 0x1428, 0x3528,
0x3528, 0x3528, 0x1420, 0x1420, 0x1420, 0x1420, 0x3630, 0x3630, 0x1528, 0x3628,
0x3528, 0x3528, 0x1428, 0x1428, 0x1518, 0xB518, 0xB518, 0x7632, 0x1D75, 0x7FA6,
0x7B6C, 0x7B6C, 0x7A4B, 0x3B4B, 0x3A42, 0xBD5B, 0xBD5B, 0x7E64, 0x3B43, 0xDF73,
0xBB52, 0x342A, 0x342A, 0xFE8D, 0x3B64, 0x194B, 0x1311, 0x1311, 0x5308, 0x5518,
0x3520, 0x1418, 0x1418, 0x1420, 0x7520, 0x5520, 0x3520, 0x3520, 0x1420, 0x1420,
0x1420, 0x1418, 0x1418, 0x1418, 0x1420, 0x1420, 0x1420, 0x1420, 0x1420, 0x1420,
0x1420, 0x1420, 0x1420, 0x1420, 0x1420, 0x1420, 0x1420, 0x1420, 0x1420, 0x1420,
0x1420, 0x1420, 0x1420, 0x1420, 0x1420, 0x1420, 0x1420, 0x1420, 0x1420, 0x1420,
0x1420, 0x1420, 0x1420, 0x1420, 0x1420, 0x1420, 0x1420, 0x1420, 0x1420, 0x1420,
0x1420, 0x1420, 0x1420, 0x1510, 0x3620, 0x3620, 0x1418, 0x1418, 0x1420, 0x5520,
0x5520, 0x1310, 0x7410, 0x9619, 0xBD63, 0xBD63, 0xBB5B, 0xF963, 0x7D95, 0x1FAE,
0x1FAE, 0x1B95, 0x5C9D, 0x7DAE, 0xFC95, 0x9FAE, 0x9FAE, 0x1D7D, 0xFF74, 0x9E6C,
0xFA5B, 0xFA5B, 0xFC7C, 0x3EC7, 0x9DCF, 0x3BC7, 0x3BC7, 0xFCBE, 0x3CBF, 0x3ABF,
0xD795, 0xD795, 0xDD95, 0x5D7D, 0xFC74, 0xFD74, 0x1420, 0x1420, 0x1420, 0x1420,
0x1420, 0x1420, 0x1420, 0x1420, 0x1420, 0x1420, 0x3530, 0x3530, 0x1420, 0x5528,
0x1418, 0x1420, 0x1420, 0x3420, 0x1208, 0xF410, 0xD211, 0xD211, 0x3A64, 0x9F95,
0xDB63, 0x1311, 0x1F74, 0x1F74, 0x7D5B, 0xFE6B, 0xFC5B, 0x993A, 0x993A, 0x3C5B,
0x7642, 0xF86B, 0xBE9D, 0xBE9D, 0xBF95, 0x1A43, 0x5518, 0x1310, 0x1310, 0x1418,
0x9730, 0x1520, 0x1528, 0x7638, 0x7638, 0x1218, 0x1318, 0x1428, 0x3430, 0x3430,
0x1428, 0x1520, 0x1620, 0x1420, 0x1420, 0x1218, 0x1318, 0x1318, 0x1420, 0x1420,
0x1518, 0x1621, 0x3D4B, 0x7F6C, 0xF93A, 0xF93A, 0x597D, 0x1D96, 0x1F96, 0xFF95,
0xFF95, 0xFC5B, 0xB942, 0xF418, 0x9310, 0x9310, 0x1420, 0x1420, 0x1420, 0x1420,
0x1420, 0x1420, 0x1420, 0x1420, 0x1420, 0x1420, 0x1420, 0x1420, 0x1420, 0x1420,
0x1420, 0x1420, 0x1420, 0x1420, 0x1420, 0x1420, 0x1420, 0x1420, 0x1420, 0x1420,
0x1420, 0x1420, 0x1420, 0x1420, 0x1420, 0x1420, 0x1420, 0x1420, 0x1420, 0x1420,
0x1420, 0x1420, 0x1420, 0x1420, 0x1420, 0x1420, 0x1420, 0x1420, 0x1420, 0x1420,
0x1420, 0x1420, 0x1420, 0x1420, 0x1420, 0x1420, 0x1420, 0x1420, 0x1420, 0x1420,
0x1420, 0x1420, 0x1420, 0x1420, 0x1420, 0x1420, 0x1420, 0x1420, 0x1420, 0x1420,
0x1420, 0x1420, 0x1420, 0x1420, 0x1420, 0x1420, 0x1420, 0x1420, 0x1420, 0x1420,
0x1420, 0x1420, 0x1420, 0x1420, 0x1420, 0x3518, 0x1300, 0x9510, 0x5308, 0x5308,
0x9942, 0xBA5B, 0x9F8D, 0x3F9E, 0x3F9E, 0x9C85, 0xBD8D, 0x5643, 0x3D6C, 0x7D5B,
0x7D5B, 0x1621, 0x7518, 0x5520, 0x1318, 0x1318, 0x1320, 0x1428, 0x1428, 0x3528,
0x3528, 0x3528, 0x1420, 0x1420, 0x1420, 0x1420, 0x3630, 0x3630, 0x1528, 0x3628,
0x3528, 0x3528, 0x1428, 0x1428, 0x1518, 0xB518, 0xB518, 0x7632, 0x1D75, 0x7FA6,
0x7B6C, 0x7B6C, 0x7A4B, 0x3B4B, 0x3A42, 0xBD5B, 0xBD5B, 0x7E64, 0x3B43, 0xDF73,
0xBB52, 0x342A, 0x342A, 0xFE8D, 0x3B64, 0x194B, 0x1311, 0x1311, 0x5308, 0x5518,
0x3520, 0x1418, 0x1418, 0x1420, 0x7520, 0x5520, 0x3520, 0x3520, 0x1420, 0x1420,
0x1420, 0x1418, 0x1418, 0x1418, 0x1420, 0x1420, 0x1420, 0x1420, 0x1420, 0x1420,
0x1420, 0x1420, 0x1420, 0x1420, 0x1420, 0x1420, 0x1420, 0x1420, 0x1420, 0x1420,
0x1420, 0x1420, 0x1420, 0x1420, 0x1420, 0x1420, 0x1420, 0x1420, 0x1420, 0x1420,
0x1420, 0x1420, 0x1420, 0x1420, 0x1420, 0x1420, 0x1420, 0x1420, 0x1420, 0x1420,
0x1420, 0x1420, 0x1420, 0x1510, 0x3620, 0x3620, 0x1418, 0x1418, 0x1420, 0x5520,
0x5520, 0x1310, 0x7410, 0x9619, 0xBD63, 0xBD63, 0xBB5B, 0xF963, 0x7D95, 0x1FAE,
0x1FAE, 0x1B95, 0x5C9D, 0x7DAE, 0xFC95, 0x9FAE, 0x9FAE, 0x1D7D, 0xFF74, 0x9E6C,
0xFA5B, 0xFA5B, 0xFC7C, 0x3EC7, 0x9DCF, 0x3BC7, 0x3BC7, 0xFCBE, 0x3CBF, 0x3ABF,
0xD795, 0xD795, 0xDD95, 0x5D7D, 0xFC74, 0xFD74, 0x1420, 0x1420, 0x1420, 0x1420,
0x1420, 0x1420, 0x1420, 0x1420, 0x1420, 0x1420, 0x1420, 0x1420, 0x1418, 0x1418,
0x1318, 0x1528, 0x1528, 0x1318, 0x9418, 0xD729, 0xFD7C, 0xFD7C, 0x7F8D, 0xDE84,
0x7321, 0xB310, 0x3721, 0x3721, 0x1519, 0xBB4A, 0xD729, 0x1511, 0x1511, 0x5729,
0x9731, 0xD318, 0x3A5B, 0x3A5B, 0x973A, 0x9311, 0x5420, 0x5520, 0x5520, 0x1418,
0x3520, 0x3628, 0x1418, 0x1420, 0x1420, 0x1428, 0x3628, 0x1420, 0x5428, 0x5428,
0x1320, 0x1420, 0x1628, 0x1318, 0x1318, 0x1318, 0x7628, 0x3528, 0x1420, 0x1420,
0x1418, 0x5729, 0xBD5B, 0xDF74, 0x5F85, 0x5F85, 0xDDB6, 0x3DA6, 0x5C85, 0xFA5B,
0xFA5B, 0x983A, 0x9629, 0xF618, 0xB518, 0xB518, 0x1420, 0x1420, 0x1420, 0x1420,
0x1420, 0x1420, 0x1420, 0x1420, 0x1420, 0x1420, 0x1420, 0x1420, 0x1420, 0x1420,
0x1420, 0x1420, 0x1420, 0x1420, 0x1420, 0x1420, 0x1420, 0x1420, 0x1420, 0x1420,
0x1420, 0x1420, 0x1420, 0x1420, 0x1420, 0x1420, 0x1420, 0x1420, 0x1420, 0x1420,
0x1420, 0x1420, 0x1420, 0x1420, 0x1420, 0x1420, 0x1420, 0x1420, 0x1420, 0x1420,
0x1420, 0x1420, 0x1420, 0x1420, 0x1420, 0x1420, 0x1420, 0x1420, 0x1420, 0x1420,
0x1420, 0x1420, 0x1420, 0x1420, 0x1420, 0x1420, 0x1420, 0x1420, 0x1420, 0x1420,
0x1420, 0x1420, 0x1420, 0x1420, 0x1420, 0x1420, 0x1420, 0x1420, 0x1420, 0x1420,
0x1420, 0x1420, 0x1420, 0x1420, 0x1420, 0x7520, 0x3418, 0xB620, 0xB518, 0xB518,
0x9729, 0xB942, 0xBB5B, 0xBD74, 0xBD74, 0xBC9D, 0xBFB6, 0xBE85, 0x9F85, 0x1C5C,
0x1C5C, 0x9721, 0x1410, 0x3728, 0x3520, 0x3520, 0x1420, 0x1418, 0x1418, 0x1420,
0x1420, 0x1320, 0x1320, 0x1420, 0x1528, 0x1528, 0x1318, 0x1418, 0x1418, 0x7628,
0x1310, 0x1310, 0x1318, 0x1528, 0x3530, 0x1208, 0x1208, 0xF308, 0xF942, 0x7B5B,
0x7421, 0x7421, 0x1521, 0xD939, 0x7618, 0x7621, 0x7621, 0xF93A, 0xB521, 0xF620,
0x3418, 0xD318, 0xD318, 0x5C6C, 0xBF95, 0xBD7C, 0x3632, 0x3632, 0x1419, 0x1200,
0x5520, 0x1420, 0x1420, 0x5628, 0x1418, 0x1420, 0x1420, 0x1420, 0x1420, 0x1420,
0x3520, 0x3520, 0x3520, 0x3520, 0x1420, 0x1420, 0x1420, 0x1420, 0x1420, 0x1420,
0x1420, 0x1420, 0x1420, 0x1420, 0x1420, 0x1420, 0x1420, 0x1420, 0x1420, 0x1420,
0x1420, 0x1420, 0x1420, 0x1420, 0x1420, 0x1420, 0x1420, 0x1420, 0x1420, 0x1420,
0x1420, 0x1420, 0x1420, 0x1420, 0x1420, 0x1420, 0x1420, 0x1420, 0x1420, 0x1420,
0x1420, 0x1420, 0x1420, 0x1410, 0x3520, 0x3520, 0x5528, 0x1318, 0x1418, 0x1310,
0x1310, 0x1621, 0x7C4A, 0xB819, 0x5E53, 0x5E53, 0x1C4B, 0x5B4B, 0x7F74, 0xDF7C,
0xDF7C, 0x9953, 0x5B6C, 0xBFBE, 0x5B8D, 0x3D85, 0x3D85, 0xB732, 0x9932, 0xBE53,
0x1943, 0x1943, 0xBD74, 0x7B8D, 0xDA95, 0xFFBE, 0xFFBE, 0xBC95, 0x9EAE, 0x5A9E,
0x1B96, 0x1B96, 0x1B7D, 0xFB42, 0x9A3A, 0x7D53, 0x1420, 0x1420, 0x1420, 0x1420,
0x1420, 0x1420, 0x1420, 0x1420, 0x1420, 0x1420, 0x3420, 0x3420, 0x9628, 0x1310,
0x3520, 0x1528, 0x1528, 0x3420, 0xD839, 0xDE63, 0xFD74, 0xFD74, 0x1E85, 0x3853,
0x5742, 0x1208, 0x1308, 0x1308, 0x5410, 0xD518, 0x1C42, 0x1300, 0x1300, 0x9418,
0x1408, 0x1608, 0xD920, 0xD920, 0x7821, 0xD519, 0x1320, 0x3428, 0x3428, 0x1420,
0x1318, 0x3520, 0x7628, 0x1418, 0x1418, 0x1310, 0x1618, 0x1418, 0x1218, 0x1218,
0x5420, 0x3520, 0x1418, 0x1518, 0x1518, 0x1520, 0x1418, 0x1418, 0x5528, 0x5528,
0xB630, 0x1942, 0xF94A, 0xD63A, 0x1D8D, 0x1D8D, 0x5F9D, 0xDB6B, 0xD94A, 0xF310,
0xF310, 0x1619, 0x7510, 0x1829, 0xD728, 0xD728, 0x1420, 0x1420, 0x1420, 0x1420,
0x1420, 0x1420, 0x1420, 0x1420, 0x1420, 0x1420, 0x1420, 0x1420, 0x1420, 0x1420,
0x1420, 0x1420, 0x1420, 0x1420, 0x1420, 0x1420, 0x1420, 0x1420, 0x1420, 0x1420,
0x1420, 0x1420, 0x1420, 0x1420, 0x1420, 0x1420, 0x1420, 0x1420, 0x1420, 0x1420,
0x1420, 0x1420, 0x1420, 0x1420, 0x1420, 0x1420, 0x1420, 0x1420, 0x1420, 0x1420,
0x1420, 0x1420, 0x1420, 0x1420, 0x1420, 0x1420, 0x1420, 0x1420, 0x1420, 0x1420,
0x1420, 0x1420, 0x1420, 0x1420, 0x1420, 0x1420, 0x1420, 0x1420, 0x1420, 0x1420,
0x1420, 0x1420, 0x1420, 0x1420, 0x1420, 0x1420, 0x1420, 0x1420, 0x1420, 0x1420,
0x1420, 0x1420, 0x1420, 0x1420, 0x1420, 0x1110, 0x5420, 0xD730, 0xF828, 0xF828,
0x3408, 0xF618, 0x1519, 0x593A, 0x593A, 0x996B, 0xFE8C, 0x7E85, 0xF843, 0xB943,
0xB943, 0x3632, 0x5318, 0x1318, 0x1510, 0x1510, 0x1410, 0x1410, 0x1518, 0x3520,
0x3520, 0x1420, 0x3420, 0x3320, 0x1418, 0x1418, 0x5520, 0x5520, 0x1410, 0x3518,
0x7628, 0x7628, 0x5620, 0x1418, 0x1220, 0x9528, 0x9528, 0x7829, 0x5819, 0x1821,
0x1410, 0x1410, 0x1418, 0x1310, 0x1408, 0xF831, 0xF831, 0x7309, 0x5000, 0x7620,
0x1728, 0xD728, 0xD728, 0x1B4B, 0xBA6C, 0x3E85, 0x9E7C, 0x9E7C, 0xBA4A, 0x3208,
0x7518, 0x9528, 0x9528, 0x1418, 0x1318, 0x1318, 0x1318, 0x1318, 0x1420, 0x1420,
0x1418, 0x1418, 0x1418, 0x1418, 0x1420, 0x1420, 0x1420, 0x1420, 0x1420, 0x1420,
0x1420, 0x1420, 0x1420, 0x1420, 0x1420, 0x1420, 0x1420, 0x1420, 0x1420, 0x1420,
0x1420, 0x1420, 0x1420, 0x1420, 0x1420, 0x1420, 0x1420, 0x1420, 0x1420, 0x1420,
0x1420, 0x1420, 0x1420, 0x1420, 0x1420, 0x1420, 0x1420, 0x1420, 0x1420, 0x1420,
0x1420, 0x1420, 0x1420, 0x1320, 0x1218, 0x1218, 0x1320, 0x1318, 0x1731, 0x9410,
0x9410, 0xB721, 0xDB3A, 0x982A, 0xF619, 0xF619, 0xFA3A, 0xFA3A, 0xB832, 0xFB53,
0xFB53, 0x7843, 0xDF8D, 0x3B95, 0xFFAD, 0xB95B, 0xB95B, 0x5B4B, 0x7A32, 0x3509,
0x5B53, 0x5B53, 0x1B6C, 0x5D74, 0xDD7C, 0x7F95, 0x7F95, 0x7E74, 0x1B64, 0x5C85,
0x5E85, 0x5E85, 0x3D64, 0x7B5B, 0x583A, 0x3411, 0x1420, 0x1420, 0x1420, 0x1420,
0x1420, 0x1420, 0x1420, 0x1420, 0x1420, 0x1420, 0x1528, 0x1528, 0x1520, 0x1418,
0x5418, 0xB520, 0xB520, 0x7729, 0x393A, 0x9B42, 0x1A2A, 0x1A2A, 0x3A32, 0x1A3A,
0x7831, 0x9518, 0x1310, 0x1310, 0x1318, 0x1320, 0x1420, 0x1420, 0x1420, 0x1420,
0x1420, 0x1420, 0x1420, 0x1420, 0x1420, 0x1420, 0x1420, 0x1420, 0x1420, 0x1420,
0x1420, 0x1420, 0x1420, 0x1420, 0x1420, 0x1420, 0x1420, 0x1420, 0x1420, 0x1420,
0x1420, 0x1420, 0x1420, 0x1420, 0x1420, 0x1420, 0x1310, 0x9520, 0x5410, 0x5410,
0x9510, 0xDA31, 0xFA31, 0x7719, 0xD921, 0xD921, 0x5A3A, 0xD831, 0x1621, 0xB418,
0xB418, 0xD518, 0x7721, 0x5A32, 0xDC3A, 0xDC3A, 0x1420, 0x1420, 0x1420, 0x1420,
0x1420, 0x1420, 0x1420, 0x1420, 0x1420, 0x1420, 0x1420, 0x1420, 0x1420, 0x1420,
0x1420, 0x1420, 0x1420, 0x1420, 0x1420, 0x1420, 0x1420, 0x1420, 0x1420, 0x1420,
0x1420, 0x1420, 0x1420, 0x1420, 0x1420, 0x1420, 0x1420, 0x1420, 0x1420, 0x1420,
0x1420, 0x1420, 0x1420, 0x1420, 0x1420, 0x1420, 0x1420, 0x1420, 0x1420, 0x1420,
0x1420, 0x1420, 0x1420, 0x1420, 0x1420, 0x1420, 0x1420, 0x1420, 0x1420, 0x1420,
0x1420, 0x1420, 0x1420, 0x1420, 0x1420, 0x1420, 0x1420, 0x1420, 0x1420, 0x1420,
0x1420, 0x1420, 0x1420, 0x1420, 0x1420, 0x1420, 0x1420, 0x1420, 0x1420, 0x1420,
0x1420, 0x1420, 0x1420, 0x1420, 0x1420, 0x1328, 0x5318, 0xF510, 0x7E4B, 0x7E4B,
0xF819, 0x7721, 0x1210, 0x5430, 0x5430, 0x5A3A, 0x9B42, 0x1A3A, 0x7721, 0x9829,
0x9829, 0x3A42, 0x7729, 0x1200, 0x1420, 0x1420, 0x1420, 0x1420, 0x1420, 0x1420,
0x1420, 0x1420, 0x1420, 0x1420, 0x1420, 0x1420, 0x1420, 0x1420, 0x1420, 0x1420,
0x1420, 0x1420, 0x1420, 0x1420, 0x1318, 0x3420, 0x3420, 0x5528, 0x5528, 0x1418,
0x1310, 0x1310, 0x1310, 0x1310, 0x1318, 0x3420, 0x3420, 0x1520, 0x1518, 0x7728,
0x5510, 0x9408, 0x9408, 0xBB42, 0x9B32, 0x7A32, 0x7932, 0x7932, 0x793A, 0xF839,
0xF528, 0x1320, 0x1320, 0x1320, 0x1518, 0x3320, 0x1220, 0x1220, 0x1630, 0x1420,
0x9430, 0x1118, 0x3420, 0x3420, 0x3518, 0x1208, 0x1110, 0x3428, 0x3428, 0x1220,
0x1320, 0x1418, 0x1518, 0x1518, 0x1418, 0x1418, 0x1418, 0x1310, 0x1310, 0x1418,
0x1418, 0x1420, 0x3520, 0x1420, 0x1420, 0x1420, 0x1420, 0x1420, 0x1420, 0x1420,
0x1420, 0x1420, 0x1420, 0x1420, 0x1420, 0x1420, 0x1420, 0x1420, 0x1420, 0x1420,
0x1420, 0x1420, 0x1420, 0x1420, 0x1420, 0x1420, 0x3520, 0x5520, 0x7520, 0xB620,
0xB620, 0xD620, 0xD628, 0xB628, 0xB520, 0xB520, 0xB518, 0x1619, 0xD829, 0xFB42,
0xFB42, 0x3E5C, 0xFF74, 0xFA3A, 0xDD5B, 0x3F6C, 0x3F6C, 0xFB42, 0x5932, 0x1511,
0x9721, 0x9721, 0x7B42, 0x5A3A, 0x393A, 0x1832, 0x1832, 0x3832, 0x993A, 0x5B4B,
0x1D5C, 0x1D5C, 0x7F6C, 0x5A3A, 0xF931, 0x5621, 0x1420, 0x1420, 0x1420, 0x1420,
0x1420, 0x1420, 0x1420, 0x1420, 0x1420, 0x1420, 0x1528, 0x1528, 0x1520, 0x1418,
0x1418, 0x5410, 0x5410, 0xB418, 0x1621, 0x5621, 0x9510, 0x9510, 0xD618, 0xF620,
0xB620, 0x3420, 0x1420, 0x1420, 0x1428, 0x5530, 0x1420, 0x1420, 0x1420, 0x1420,
0x1420, 0x1420, 0x1420, 0x1420, 0x1420, 0x1420, 0x1420, 0x1420, 0x1420, 0x1420,
0x1420, 0x1420, 0x1420, 0x1420, 0x1420, 0x1420, 0x1420, 0x1420, 0x1420, 0x1420,
0x1420, 0x1420, 0x1420, 0x1420, 0x1420, 0x1420, 0x3420, 0x5520, 0x1418, 0x1418,
0x3418, 0xF728, 0xF728, 0x7410, 0x9510, 0x9510, 0x7410, 0x5410, 0x5418, 0x5420,
0x5420, 0xB520, 0x1729, 0x9829, 0xF931, 0xF931, 0x1420, 0x1420, 0x1420, 0x1420,
0x1420, 0x1420, 0x1420, 0x1420, 0x1420, 0x1420, 0x1420, 0x1420, 0x1420, 0x1420,
0x1420, 0x1420, 0x1420, 0x1420, 0x1420, 0x1420, 0x1420, 0x1420, 0x1420, 0x1420,
0x1420, 0x1420, 0x1420, 0x1420, 0x1420, 0x1420, 0x1420, 0x1420, 0x1420, 0x1420,
0x1420, 0x1420, 0x1420, 0x1420, 0x1420, 0x1420, 0x1420, 0x1420, 0x1420, 0x1420,
0x1420, 0x1420, 0x1420, 0x1420, 0x1420, 0x1420, 0x1420, 0x1420, 0x1420, 0x1420,
0x1420, 0x1420, 0x1420, 0x1420, 0x1420, 0x1420, 0x1420, 0x1420, 0x1420, 0x1420,
0x1420, 0x1420, 0x1420, 0x1420, 0x1420, 0x1420, 0x1420, 0x1420, 0x1420, 0x1420,
0x1420, 0x1420, 0x1420, 0x1420, 0x1420, 0x1320, 0x5418, 0xB518, 0x3A3A, 0x3A3A,
0xF510, 0xF620, 0x3418, 0x3428, 0x3428, 0x5308, 0x5410, 0x3308, 0x1308, 0x9518,
0x9518, 0xF628, 0x9520, 0x1208, 0x1420, 0x1420, 0x1420, 0x1420, 0x1420, 0x1420,
0x1420, 0x1420, 0x1420, 0x1420, 0x1420, 0x1420, 0x1420, 0x1420, 0x1420, 0x1420,
0x1420, 0x1420, 0x1420, 0x1420, 0x1318, 0x1420, 0x1420, 0x5528, 0x5528, 0x3520,
0x1420, 0x1420, 0x1520, 0x3528, 0x3310, 0x3418, 0x3418, 0x1420, 0x1420, 0x1420,
0x1418, 0x5418, 0x5418, 0x3731, 0x7510, 0x3300, 0xB510, 0xB510, 0xB408, 0x3621,
0x5308, 0x5410, 0x5410, 0x1410, 0x5618, 0x1108, 0x7420, 0x7420, 0x1618, 0x5728,
0x3318, 0x1210, 0x3510, 0x3510, 0x7418, 0x7418, 0x7520, 0x5528, 0x5528, 0x1218,
0x1528, 0x3528, 0x1520, 0x1520, 0x3520, 0x3420, 0x3420, 0x1418, 0x1418, 0x1418,
0x1418, 0x1420, 0x1420, 0x1420, 0x1420, 0x1420, 0x1420, 0x1420, 0x1420, 0x1420,
0x1420, 0x1420, 0x1420, 0x1420, 0x1420, 0x1420, 0x1420, 0x1420, 0x1420, 0x1420,
0x1420, 0x1420, 0x1420, 0x1420, 0x1420, 0x1420, 0x1420, 0x3420, 0x5520, 0x7520,
0x7520, 0x7520, 0x9520, 0x1420, 0x1418, 0x1418, 0x1310, 0x3410, 0x9410, 0x3519,
0x3519, 0xD629, 0x3732, 0xB729, 0xB729, 0x7629, 0x7629, 0xD418, 0x3729, 0x9518,
0x7410, 0x7410, 0x7518, 0x9518, 0x9518, 0x9510, 0x9510, 0xB410, 0xF518, 0x5621,
0xB729, 0xB729, 0xF831, 0x1621, 0xF620, 0xB518, 0x1420, 0x1420, 0x1420, 0x1420,
0x1420, 0x1420, 0x1420, 0x1420, 0x1420, 0x1420, 0x1528, 0x1528, 0x1520, 0x1418,
0x1418, 0x5410, 0x5410, 0xB418, 0x1621, 0x5621, 0x9510, 0x9510, 0xD618, 0xF620,
0xB620, 0x3420, 0x1420, 0x1420, 0x1428, 0x5530, 0x1420, 0x1420, 0x1420, 0x1420,
0x1420, 0x1420, 0x1420, 0x1420, 0x1420, 0x1420, 0x1420, 0x1420, 0x1420, 0x1420,
0x1420, 0x1420, 0x1420, 0x1420, 0x1420, 0x1420, 0x1420, 0x1420, 0x1420, 0x1420,
0x1420, 0x1420, 0x1420, 0x1420, 0x1420, 0x1420, 0x3420, 0x5520, 0x1418, 0x1418,
0x3418, 0xF728, 0xF728, 0x7410, 0x9510, 0x9510, 0x7410, 0x5410, 0x5418, 0x5420,
0x5420, 0xB520, 0x1729, 0x9829, 0xF931, 0xF931, 0x1420, 0x1420, 0x1420, 0x1420,
0x1420, 0x1420, 0x1420, 0x1420, 0x1420, 0x1420, 0x1420, 0x1420, 0x1420, 0x1420,
0x1420, 0x1420, 0x1420, 0x1420, 0x1420, 0x1420, 0x1420, 0x1420, 0x1420, 0x1420,
0x1420, 0x1420, 0x1420, 0x1420, 0x1420, 0x1420, 0x1420, 0x1420, 0x1420, 0x1420,
0x1420, 0x1420, 0x1420, 0x1420, 0x1420, 0x1420, 0x1420, 0x1420, 0x1420, 0x1420,
0x1420, 0x1420, 0x1420, 0x1420, 0x1420, 0x1420, 0x1420, 0x1420, 0x1420, 0x1420,
0x1420, 0x1420, 0x1420, 0x1420, 0x1420, 0x1420, 0x1420, 0x1420, 0x1420, 0x1420,
0x1420, 0x1420, 0x1420, 0x1420, 0x1420, 0x1420, 0x1420, 0x1420, 0x1420, 0x1420,
0x1420, 0x1420, 0x1420, 0x1420, 0x1420, 0x1320, 0x5418, 0xB518, 0x3A3A, 0x3A3A,
0xF510, 0xF620, 0x3418, 0x3428, 0x3428, 0x5308, 0x5410, 0x3308, 0x1308, 0x9518,
0x9518, 0xF628, 0x9520, 0x1208, 0x1420, 0x1420, 0x1420, 0x1420, 0x1420, 0x1420,
0x1420, 0x1420, 0x1420, 0x1420, 0x1420, 0x1420, 0x1420, 0x1420, 0x1420, 0x1420,
0x1420, 0x1420, 0x1420, 0x1420, 0x1318, 0x1420, 0x1420, 0x5528, 0x5528, 0x3520,
0x1420, 0x1420, 0x1520, 0x3528, 0x3310, 0x3418, 0x3418, 0x1420, 0x1420, 0x1420,
0x1418, 0x5418, 0x5418, 0x3731, 0x7510, 0x3300, 0xB510, 0xB510, 0xB408, 0x3621,
0x5308, 0x5410, 0x5410, 0x1410, 0x5618, 0x1108, 0x7420, 0x7420, 0x1618, 0x5728,
0x3318, 0x1210, 0x3510, 0x3510, 0x7418, 0x7418, 0x7520, 0x5528, 0x5528, 0x1218,
0x1528, 0x3528, 0x1520, 0x1520, 0x3520, 0x3420, 0x3420, 0x1418, 0x1418, 0x1418,
0x1418, 0x1420, 0x1420, 0x1420, 0x1420, 0x1420, 0x1420, 0x1420, 0x1420, 0x1420,
0x1420, 0x1420, 0x1420, 0x1420, 0x1420, 0x1420, 0x1420, 0x1420, 0x1420, 0x1420,
0x1420, 0x1420, 0x1420, 0x1420, 0x1420, 0x1420, 0x1420, 0x3420, 0x5520, 0x7520,
0x7520, 0x7520, 0x9520, 0x1420, 0x1418, 0x1418, 0x1310, 0x3410, 0x9410, 0x3519,
0x3519, 0xD629, 0x3732, 0xB729, 0xB729, 0x7629, 0x7629, 0xD418, 0x3729, 0x9518,
0x7410, 0x7410, 0x7518, 0x9518, 0x9518, 0x9510, 0x9510, 0xB410, 0xF518, 0x5621,
0xB729, 0xB729, 0xF831, 0x1621, 0xF620, 0xB518, 0x1420, 0x1420, 0x1420, 0x1420,
0x1420, 0x1420, 0x1420, 0x1420, 0x1420, 0x1420, 0x1528, 0x1528, 0x1520, 0x1418,
0x1318, 0x1310, 0x1310, 0x1310, 0x3310, 0x3310, 0x1310, 0x1310, 0x1418, 0x3420,
0x1420, 0x1320, 0x1320, 0x1320, 0x1428, 0x1530, 0x1420, 0x1420, 0x1420, 0x1420,
0x1420, 0x1420, 0x1420, 0x1420, 0x1420, 0x1420, 0x1420, 0x1420, 0x1420, 0x1420,
0x1420, 0x1420, 0x1420, 0x1420, 0x1420, 0x1420, 0x1420, 0x1420, 0x1420, 0x1420,
0x1420, 0x1420, 0x1420, 0x1420, 0x1420, 0x1420, 0x3528, 0x1428, 0x1320, 0x1320,
0x1420, 0x3428, 0x3428, 0x1318, 0x1210, 0x1210, 0x1418, 0x1420, 0x1528, 0x3528,
0x3528, 0x1528, 0x1418, 0x1410, 0x1308, 0x1308, 0x1420, 0x1420, 0x1420, 0x1420,
0x1420, 0x1420, 0x1420, 0x1420, 0x1420, 0x1420, 0x1420, 0x1420, 0x1420, 0x1420,
0x1420, 0x1420, 0x1420, 0x1420, 0x1420, 0x1420, 0x1420, 0x1420, 0x1420, 0x1420,
0x1420, 0x1420, 0x1420, 0x1420, 0x1420, 0x1420, 0x1420, 0x1420, 0x1420, 0x1420,
0x1420, 0x1420, 0x1420, 0x1420, 0x1420, 0x1420, 0x1420, 0x1420, 0x1420, 0x1420,
0x1420, 0x1420, 0x1420, 0x1420, 0x1420, 0x1420, 0x1420, 0x1420, 0x1420, 0x1420,
0x1420, 0x1420, 0x1420, 0x1420, 0x1420, 0x1420, 0x1420, 0x1420, 0x1420, 0x1420,
0x1420, 0x1420, 0x1420, 0x1420, 0x1420, 0x1420, 0x1420, 0x1420, 0x1420, 0x1420,
0x1420, 0x1420, 0x1420, 0x1420, 0x1420, 0x1418, 0x5520, 0x7520, 0x9620, 0x9620,
0x1308, 0x7520, 0x5520, 0x1420, 0x1420, 0x1418, 0x1310, 0x1310, 0x1420, 0x5528,
0x5528, 0x3528, 0x1420, 0x1420, 0x1420, 0x1420, 0x1420, 0x1420, 0x1420, 0x1420,
0x1420, 0x1420, 0x1420, 0x1420, 0x1420, 0x1420, 0x1420, 0x1420, 0x1420, 0x1420,
0x1420, 0x1420, 0x1420, 0x1420, 0x1418, 0x1520, 0x1520, 0x3520, 0x3528, 0x1520,
0x1420, 0x1420, 0x1420, 0x1420, 0x7410, 0x5418, 0x5418, 0x5420, 0x3428, 0x1320,
0x1320, 0x1528, 0x1528, 0x1418, 0x3620, 0x3518, 0x9520, 0x9520, 0xD518, 0x3619,
0x1611, 0xB921, 0xB921, 0x3C32, 0x9510, 0x9310, 0xB418, 0xB418, 0xD820, 0x1500,
0xF939, 0x7729, 0x7D4A, 0x7D4A, 0x9A42, 0x7729, 0x9518, 0x9728, 0x9728, 0x1518,
0x1520, 0x1528, 0x1428, 0x1428, 0x3528, 0x3528, 0x3528, 0x3520, 0x3520, 0x3420,
0x1420, 0x1418, 0x1418, 0x1420, 0x1420, 0x1420, 0x1420, 0x1420, 0x1420, 0x1420,
0x1420, 0x1420, 0x1420, 0x1420, 0x1420, 0x1420, 0x1420, 0x1420, 0x1420, 0x1420,
0x1420, 0x1420, 0x1420, 0x1420, 0x1420, 0x1420, 0x1420, 0x1418, 0x1418, 0x1418,
0x1418, 0x3418, 0x3418, 0x1320, 0x1320, 0x1320, 0x1420, 0x1418, 0x1418, 0x1310,
0x1310, 0x3310, 0x3210, 0x5318, 0x3318, 0x1310, 0x1310, 0x1210, 0x5520, 0x1418,
0x1318, 0x1318, 0x1318, 0x1520, 0x1520, 0x1520, 0x1520, 0x3520, 0x3520, 0x5518,
0x5418, 0x5418, 0x3418, 0x1310, 0x1410, 0x3418, 0x1420, 0x1420, 0x1420, 0x1420,
0x1420, 0x1420, 0x1420, 0x1420, 0x1420, 0x1420, 0x1420, 0x1420, 0x1420, 0x1420,
0x1420, 0x1420, 0x1420, 0x1420, 0x1318, 0x1318, 0x1420, 0x1420, 0x1528, 0x3528,
0x1420, 0x1420, 0x1318, 0x1318, 0x1420, 0x1420, 0x1420, 0x1420, 0x1420, 0x1420,
0x1420, 0x1420, 0x1420, 0x1420, 0x1420, 0x1420, 0x1420, 0x1420, 0x1420, 0x1420,
0x1420, 0x1420, 0x1420, 0x1420, 0x1420, 0x1420, 0x1420, 0x1420, 0x1420, 0x1420,
0x1420, 0x1420, 0x1420, 0x1420, 0x1420, 0x1420, 0x1528, 0x1318, 0x1320, 0x1320,
0x1428, 0x1428, 0x1528, 0x1530, 0x1320, 0x1320, 0x1520, 0x1520, 0x1420, 0x1420,
0x1420, 0x1420, 0x1420, 0x1418, 0x1418, 0x1418, 0x1420, 0x1420, 0x1420, 0x1420,
0x1420, 0x1420, 0x1420, 0x1420, 0x1420, 0x1420, 0x1420, 0x1420, 0x1420, 0x1420,
0x1420, 0x1420, 0x1420, 0x1420, 0x1420, 0x1420, 0x1420, 0x1420, 0x1420, 0x1420,
0x1420, 0x1420, 0x1420, 0x1420, 0x1420, 0x1420, 0x1420, 0x1420, 0x1420, 0x1420,
0x1420, 0x1420, 0x1420, 0x1420, 0x1420, 0x1420, 0x1420, 0x1420, 0x1420, 0x1420,
0x1420, 0x1420, 0x1420, 0x1420, 0x1420, 0x1420, 0x1420, 0x1420, 0x1420, 0x1420,
0x1420, 0x1420, 0x1420, 0x1420, 0x1420, 0x1420, 0x1420, 0x1420, 0x1420, 0x1420,
0x1420, 0x1420, 0x1420, 0x1420, 0x1420, 0x1420, 0x1420, 0x1420, 0x1420, 0x1420,
0x1420, 0x1420, 0x1420, 0x1420, 0x1420, 0x1418, 0x3520, 0x1528, 0x1318, 0x1318,
0x1318, 0x1520, 0x5520, 0x1418, 0x1418, 0x5628, 0x1420, 0x1420, 0x5628, 0x3528,
0x3528, 0x1418, 0x1418, 0x1528, 0x1420, 0x1420, 0x1420, 0x1420, 0x1420, 0x1420,
0x1420, 0x1420, 0x1420, 0x1420, 0x1420, 0x1420, 0x1420, 0x1420, 0x1420, 0x1420,
0x1420, 0x1420, 0x1420, 0x1420, 0x1520, 0x1520, 0x1520, 0x1520, 0x1520, 0x1520,
0x1420, 0x1420, 0x1420, 0x1420, 0x3618, 0x5520, 0x5520, 0x5428, 0x5428, 0x7530,
0x5528, 0x1520, 0x1520, 0x1510, 0x9520, 0x3731, 0xB731, 0xB731, 0x3B5B, 0xD942,
0x1A43, 0x1722, 0x1722, 0x3822, 0x3B53, 0x184B, 0x5B5B, 0x5B5B, 0x9721, 0x5719,
0x5B53, 0x7B53, 0x3D4B, 0x3D4B, 0x7A53, 0xF629, 0x9408, 0xB720, 0xB720, 0x1618,
0x1518, 0x1420, 0x1320, 0x1320, 0x1420, 0x1420, 0x1420, 0x1428, 0x1428, 0x1420,
0x1420, 0x1418, 0x1418, 0x1420, 0x1420, 0x1420, 0x1420, 0x1420, 0x1420, 0x1420,
0x1420, 0x1420, 0x1420, 0x1420, 0x1420, 0x1420, 0x1420, 0x1420, 0x1420, 0x1420,
0x1420, 0x1420, 0x1420, 0x1420, 0x1420, 0x1420, 0x1420, 0x1420, 0x1418, 0x1318,
0x1318, 0x1318, 0x1318, 0x1420, 0x1428, 0x1428, 0x3528, 0x3528, 0x3528, 0x1520,
0x1520, 0x1420, 0x1420, 0x1318, 0x1420, 0x3428, 0x3428, 0x1420, 0x1420, 0x1420,
0x1528, 0x1528, 0x3630, 0x1520, 0x1520, 0x1528, 0x1528, 0x1520, 0x1520, 0x1420,
0x1318, 0x1318, 0x1310, 0x1418, 0x1420, 0x1420, 0x1420, 0x1420, 0x1420, 0x1420,
0x1420, 0x1420, 0x1420, 0x1420, 0x1420, 0x1420, 0x1418, 0x1418, 0x1418, 0x1420,
0x1520, 0x3520, 0x3520, 0x1420, 0x1420, 0x1420, 0x1318, 0x1318, 0x1418, 0x1420,
0x1420, 0x1418, 0x1418, 0x1418, 0x3520, 0x5520, 0x1420, 0x1420, 0x1420, 0x1420,
0x1420, 0x1420, 0x1420, 0x1420, 0x1420, 0x1420, 0x1420, 0x1420, 0x1420, 0x1420,
0x1420, 0x1420, 0x1420, 0x1420, 0x1420, 0x1420, 0x1420, 0x1420, 0x1420, 0x1420,
0x1420, 0x1420, 0x1420, 0x1420, 0x1420, 0x1420, 0x1420, 0x1310, 0x1418, 0x1418,
0x1520, 0x1420, 0x1528, 0x7630, 0x1428, 0x1428, 0x1520, 0x1518, 0x1418, 0x1420,
0x1420, 0x1520, 0x1520, 0x5620, 0x7628, 0x7628, 0x1420, 0x1420, 0x1420, 0x1420,
0x1420, 0x1420, 0x1420, 0x1420, 0x1420, 0x1420, 0x1420, 0x1420, 0x1420, 0x1420,
0x1420, 0x1420, 0x1420, 0x1420, 0x1420, 0x1420, 0x1420, 0x1420, 0x1420, 0x1420,
0x1420, 0x1420, 0x1420, 0x1420, 0x1420, 0x1420, 0x1420, 0x1420, 0x1420, 0x1420,
0x1420, 0x1420, 0x1420, 0x1420, 0x1420, 0x1420, 0x1420, 0x1420, 0x1420, 0x1420,
0x1420, 0x1420, 0x1420, 0x1420, 0x1420, 0x1420, 0x1420, 0x1420, 0x1420, 0x1420,
0x1420, 0x1420, 0x1420, 0x1420, 0x1420, 0x1420, 0x1420, 0x1420, 0x1420, 0x1420,
0x1420, 0x1420, 0x1420, 0x1420, 0x1420, 0x1420, 0x1420, 0x1420, 0x1420, 0x1420,
0x1420, 0x1420, 0x1420, 0x1420, 0x1420, 0x1418, 0x1520, 0x1528, 0x1320, 0x1320,
0x1428, 0x1528, 0x1520, 0x1418, 0x1418, 0x1420, 0x1418, 0x1420, 0x1520, 0x1520,
0x1520, 0x1418, 0x1418, 0x3628, 0x1420, 0x1420, 0x1420, 0x1420, 0x1420, 0x1420,
0x1420, 0x1420, 0x1420, 0x1420, 0x1420, 0x1420, 0x1420, 0x1420, 0x1420, 0x1420,
0x1420, 0x1420, 0x1420, 0x1420, 0x1520, 0x1520, 0x1520, 0x1520, 0x1520, 0x1520,
0x3520, 0x3520, 0x3520, 0x3520, 0x1520, 0x1520, 0x1520, 0x1418, 0x1318, 0xD628,
0xF728, 0x3408, 0x3408, 0xB718, 0xF942, 0x9A53, 0x1A64, 0x1A64, 0xFF9D, 0xDF9D,
0xFF9D, 0x5A6C, 0x5A6C, 0xD953, 0xFFA5, 0x9C95, 0x9E95, 0x9E95, 0xBB5B, 0x7A4B,
0x1E7D, 0xBB6C, 0x994B, 0x994B, 0xF953, 0x7A4B, 0x5832, 0xB931, 0xB931, 0x5610,
0x1518, 0x5528, 0x1218, 0x1218, 0x1318, 0x1318, 0x1420, 0x1420, 0x1420, 0x1420,
0x1420, 0x1418, 0x3418, 0x1420, 0x1420, 0x1420, 0x1420, 0x1420, 0x1420, 0x1420,
0x1420, 0x1420, 0x1420, 0x1420, 0x1420, 0x1420, 0x1420, 0x1420, 0x1420, 0x1420,
0x1420, 0x1420, 0x1420, 0x1528, 0x1428, 0x1428, 0x1420, 0x1420, 0x1420, 0x1420,
0x1420, 0x1418, 0x1318, 0x1418, 0x1418, 0x1418, 0x1418, 0x1420, 0x1520, 0x1520,
0x1520, 0x1520, 0x1620, 0x1420, 0x1418, 0x1420, 0x1420, 0x1520, 0x1420, 0x1520,
0x1520, 0x1520, 0x1520, 0x1420, 0x1420, 0x1420, 0x1420, 0x1420, 0x1318, 0x1318,
0x1318, 0x1318, 0x1318, 0x1528, 0x1528, 0x1528, 0x1420, 0x1420, 0x1420, 0x1420,
0x1420, 0x1420, 0x1420, 0x1420, 0x1420, 0x1420, 0x1420, 0x1420, 0x1420, 0x1420,
0x1420, 0x1420, 0x1420, 0x1420, 0x1418, 0x1318, 0x1310, 0x1310, 0x1318, 0x1418,
0x1418, 0x1418, 0x1418, 0x1418, 0x3418, 0x3418, 0x1420, 0x1420, 0x1420, 0x1420,
0x1420, 0x1420, 0x1420, 0x1420, 0x1420, 0x1420, 0x1420, 0x1420, 0x1420, 0x1420,
0x1420, 0x1420, 0x1420, 0x1420, 0x1420, 0x1420, 0x1420, 0x1420, 0x1420, 0x1420,
0x1420, 0x1420, 0x1420, 0x1420, 0x1420, 0x1420, 0x3520, 0x1310, 0x1418, 0x1418,
0x1418, 0x1310, 0x1418, 0x3520, 0x1418, 0x1418, 0x3520, 0x3520, 0x3520, 0x3520,
0x3520, 0x3518, 0x1418, 0x1410, 0x1310, 0x1310, 0x1420, 0x1420, 0x1420, 0x1420,
0x1420, 0x1420, 0x1420, 0x1420, 0x1420, 0x1420, 0x1420, 0x1420, 0x1420, 0x1420,
0x1420, 0x1420, 0x1420, 0x1420, 0x1420, 0x1420, 0x1420, 0x1420, 0x1420, 0x1420,
0x1420, 0x1420, 0x1420, 0x1420, 0x1420, 0x1420, 0x1420, 0x1420, 0x1420, 0x1420,
0x1420, 0x1420, 0x1420, 0x1420, 0x1420, 0x1420, 0x1420, 0x1420, 0x1420, 0x1420,
0x1420, 0x1420, 0x1420, 0x1420, 0x1420, 0x1420, 0x1420, 0x1420, 0x1420, 0x1420,
0x1420, 0x1420, 0x1420, 0x1420, 0x1420, 0x1420, 0x1420, 0x1420, 0x1420, 0x1420,
0x1420, 0x1420, 0x1420, 0x1420, 0x1420, 0x1420, 0x1420, 0x1420, 0x1420, 0x1420,
0x1420, 0x1420, 0x1420, 0x1420, 0x1420, 0x1418, 0x1520, 0x1420, 0x1420, 0x1420,
0x3630, 0x1528, 0x1418, 0x1418, 0x1418, 0x1420, 0x1420, 0x1418, 0x1418, 0x1418,
0x1418, 0x1418, 0x3520, 0x5520, 0x1420, 0x1420, 0x1420, 0x1420, 0x1420, 0x1420,
0x1420, 0x1420, 0x1420, 0x1420, 0x1420, 0x1420, 0x1420, 0x1420, 0x1420, 0x1420,
0x1420, 0x1420, 0x1420, 0x1420, 0x3628, 0x1520, 0x1520, 0x1418, 0x1318, 0x1418,
0x1310, 0x1310, 0x1310, 0x1208, 0x3520, 0x1520, 0x1520, 0x3518, 0x1200, 0x3721,
0xF831, 0x1409, 0x1409, 0x7932, 0x5A54, 0xBA64, 0xBB8D, 0xBB8D, 0x7CA6, 0xDDBE,
0x5CAE, 0x5DAE, 0x5DAE, 0x3EAE, 0xBDBE, 0xBBBE, 0x3BA6, 0x3BA6, 0x1F9E, 0x5964,
0x3D9E, 0xFB95, 0xBD8D, 0xBD8D, 0xDF95, 0x3E85, 0x9A53, 0xFB4A, 0xFB4A, 0x3619,
0x5308, 0x7518, 0x1318, 0x1318, 0x5418, 0x3418, 0x1418, 0x1420, 0x1420, 0x1420,
0x1420, 0x3420, 0x5520, 0x1420, 0x1420, 0x1420, 0x1420, 0x1420, 0x1420, 0x1420,
0x1420, 0x1420, 0x1420, 0x1420, 0x1420, 0x1420, 0x1420, 0x1420, 0x1420, 0x1420,
0x1420, 0x1420, 0x1420, 0x3528, 0x3528, 0x3528, 0x3520, 0x1420, 0x1420, 0x1420,
0x1420, 0x1420, 0x1420, 0x3418, 0x1418, 0x1418, 0x1418, 0x1418, 0x1418, 0x1418,
0x1418, 0x1518, 0x1518, 0x3520, 0x1418, 0x1418, 0x1418, 0x3520, 0x1418, 0x1520,
0x1418, 0x1418, 0x1418, 0x3420, 0x3420, 0x1318, 0x1318, 0x1318, 0x1318, 0x3420,
0x5420, 0x5420, 0x7528, 0x1528, 0x1528, 0x1420, 0x1420, 0x1420, 0x1420, 0x1420,
0x1420, 0x1420, 0x1420, 0x1420, 0x1420, 0x1420, 0x1420, 0x1420, 0x1420, 0x1420,
0x1420, 0x1420, 0x1420, 0x1420, 0x1418, 0x1318, 0x1310, 0x1310, 0x1318, 0x1418,
0x1418, 0x1418, 0x1418, 0x1418, 0x3418, 0x3418, 0x1420, 0x1420, 0x1420, 0x1420,
0x1420, 0x1420, 0x1420, 0x1420, 0x1420, 0x1420, 0x1420, 0x1420, 0x1420, 0x1420,
0x1420, 0x1420, 0x1420, 0x1420, 0x1420, 0x1420, 0x1420, 0x1420, 0x1420, 0x1420,
0x1420, 0x1420, 0x1420, 0x1420, 0x1420, 0x1420, 0x3520, 0x1310, 0x1418, 0x1418,
0x1418, 0x1310, 0x1418, 0x3520, 0x1418, 0x1418, 0x3520, 0x3520, 0x3520, 0x3520,
0x3520, 0x3518, 0x1418, 0x1410, 0x1310, 0x1310, 0x1420, 0x1420, 0x1420, 0x1420,
0x1420, 0x1420, 0x1420, 0x1420, 0x1420, 0x1420, 0x1420, 0x1420, 0x1420, 0x1420,
0x1420, 0x1420, 0x1420, 0x1420, 0x1420, 0x1420, 0x1420, 0x1420, 0x1420, 0x1420,
0x1420, 0x1420, 0x1420, 0x1420, 0x1420, 0x1420, 0x1420, 0x1420, 0x1420, 0x1420,
0x1420, 0x1420, 0x1420, 0x1420, 0x1420, 0x1420, 0x1420, 0x1420, 0x1420, 0x1420,
0x1420, 0x1420, 0x1420, 0x1420, 0x1420, 0x1420, 0x1420, 0x1420, 0x1420, 0x1420,
0x1420, 0x1420, 0x1420, 0x1420, 0x1420, 0x1420, 0x1420, 0x1420, 0x1420, 0x1420,
0x1420, 0x1420, 0x1420, 0x1420, 0x1420, 0x1420, 0x1420, 0x1420, 0x1420, 0x1420,
0x1420, 0x1420, 0x1420, 0x1420, 0x1420, 0x1418, 0x1520, 0x1420, 0x1420, 0x1420,
0x3630, 0x1528, 0x1418, 0x1418, 0x1418, 0x1420, 0x1420, 0x1418, 0x1418, 0x1418,
0x1418, 0x1418, 0x3520, 0x5520, 0x1420, 0x1420, 0x1420, 0x1420, 0x1420, 0x1420,
0x1420, 0x1420, 0x1420, 0x1420, 0x1420, 0x1420, 0x1420, 0x1420, 0x1420, 0x1420,
0x1420, 0x1420, 0x1420, 0x1420, 0x3628, 0x1520, 0x1520, 0x1418, 0x1318, 0x1418,
0x1310, 0x1310, 0x1310, 0x1208, 0x3520, 0x1520, 0x1520, 0x3518, 0x1200, 0x3721,
0xF831, 0x1409, 0x1409, 0x7932, 0x5A54, 0xBA64, 0xBB8D, 0xBB8D, 0x7CA6, 0xDDBE,
0x5CAE, 0x5DAE, 0x5DAE, 0x3EAE, 0xBDBE, 0xBBBE, 0x3BA6, 0x3BA6, 0x1F9E, 0x5964,
0x3D9E, 0xFB95, 0xBD8D, 0xBD8D, 0xDF95, 0x3E85, 0x9A53, 0xFB4A, 0xFB4A, 0x3619,
0x5308, 0x7518, 0x1318, 0x1318, 0x5418, 0x3418, 0x1418, 0x1420, 0x1420, 0x1420,
0x1420, 0x3420, 0x5520, 0x1420, 0x1420, 0x1420, 0x1420, 0x1420, 0x1420, 0x1420,
0x1420, 0x1420, 0x1420, 0x1420, 0x1420, 0x1420, 0x1420, 0x1420, 0x1420, 0x1420,
0x1420, 0x1420, 0x1420, 0x3528, 0x3528, 0x3528, 0x3520, 0x1420, 0x1420, 0x1420,
0x1420, 0x1420, 0x1420, 0x3418, 0x1418, 0x1418, 0x1418, 0x1418, 0x1418, 0x1418,
0x1418, 0x1518, 0x1518, 0x3520, 0x1418, 0x1418, 0x1418, 0x3520, 0x1418, 0x1520,
0x1418, 0x1418, 0x1418, 0x3420, 0x3420, 0x1318, 0x1318, 0x1318, 0x1318, 0x3420,
0x5420, 0x5420, 0x7528, 0x1528, 0x1528, 0x1420, 0x1420, 0x1420, 0x1420, 0x1420,
0x1420, 0x1420, 0x1420, 0x1420, 0x1420, 0x1420, 0x1420, 0x1420, 0x1420, 0x1420,
0x1418, 0x1418, 0x1418, 0x1418, 0x1420, 0x1420, 0x1520, 0x1520, 0x1420, 0x1418,
0x1418, 0x1418, 0x1418, 0x1418, 0x1418, 0x1418, 0x1420, 0x1420, 0x1420, 0x1420,
0x1420, 0x1420, 0x1420, 0x1420, 0x1420, 0x1420, 0x1420, 0x1420, 0x1420, 0x1420,
0x1420, 0x1420, 0x1420, 0x1420, 0x1420, 0x1420, 0x1420, 0x1420, 0x1420, 0x1420,
0x1420, 0x1420, 0x1420, 0x1420, 0x1420, 0x1420, 0x1520, 0x1418, 0x1418, 0x1418,
0x1418, 0x1318, 0x1418, 0x1520, 0x1418, 0x1418, 0x1318, 0x1418, 0x1418, 0x3520,
0x3520, 0x3520, 0x1420, 0x1418, 0x1318, 0x1318, 0x1420, 0x1420, 0x1420, 0x1420,
0x1420, 0x1420, 0x1420, 0x1420, 0x1420, 0x1420, 0x1420, 0x1420, 0x1420, 0x1420,
0x1420, 0x1420, 0x1420, 0x1420, 0x1420, 0x1420, 0x1420, 0x1420, 0x1420, 0x1420,
0x1420, 0x1420, 0x1420, 0x1420, 0x1420, 0x1420, 0x1420, 0x1420, 0x1420, 0x1420,
0x1420, 0x1420, 0x1420, 0x1420, 0x1420, 0x1420, 0x1420, 0x1420, 0x1420, 0x1420,
0x1420, 0x1420, 0x1420, 0x1420, 0x1420, 0x1420, 0x1420, 0x1420, 0x1420, 0x1420,
0x1420, 0x1420, 0x1420, 0x1420, 0x1420, 0x1420, 0x1420, 0x1420, 0x1420, 0x1420,
0x1420, 0x1420, 0x1420, 0x1420, 0x1420, 0x1420, 0x1420, 0x1420, 0x1420, 0x1420,
0x1420, 0x1420, 0x1420, 0x1420, 0x1420, 0x1418, 0x3520, 0x1418, 0x1418, 0x1418,
0x5528, 0x5528, 0x1418, 0x1418, 0x1418, 0x1528, 0x1420, 0x1318, 0x1318, 0x1418,
0x1418, 0x1318, 0x1418, 0x1418, 0x1420, 0x1420, 0x1420, 0x1420, 0x1420, 0x1420,
0x1420, 0x1420, 0x1420, 0x1420, 0x1420, 0x1420, 0x1420, 0x1420, 0x1420, 0x1420,
0x1420, 0x1420, 0x1420, 0x1420, 0x1528, 0x1420, 0x1420, 0x1318, 0x1318, 0x7418,
0xB518, 0xB518, 0xD418, 0xD418, 0x3842, 0x7629, 0x7629, 0x193A, 0xF510, 0xF729,
0xBC63, 0x3743, 0x3743, 0xBC74, 0x1A75, 0x7A8D, 0xDDBE, 0xDDBE, 0x3CCF, 0xBDDF,
0xDAC6, 0x1DCF, 0x1DCF, 0x3ED7, 0x5CDF, 0x3ACF, 0x5DCF, 0x5DCF, 0x7EAE, 0xBC95,
0xB995, 0x1EBF, 0x7DAE, 0x7DAE, 0x3FA6, 0x5D85, 0xF95B, 0x3B64, 0x3B64, 0x7732,
0x1311, 0xF518, 0xB518, 0xB518, 0x1721, 0xD620, 0x5520, 0x1420, 0x1420, 0x1420,
0x1420, 0x3420, 0x5520, 0x1420, 0x1420, 0x1420, 0x1420, 0x1420, 0x1420, 0x1420,
0x1420, 0x1420, 0x1420, 0x1420, 0x1420, 0x1420, 0x1420, 0x1420, 0x1420, 0x1420,
0x1420, 0x1420, 0x1420, 0x1420, 0x1420, 0x1420, 0x1420, 0x1420, 0x1420, 0x1420,
0x1420, 0x1420, 0x1420, 0x1520, 0x1520, 0x1520, 0x3420, 0x3420, 0x3420, 0x1420,
0x1420, 0x1418, 0x1418, 0x3520, 0x1520, 0x3520, 0x3520, 0x9628, 0x1310, 0x1418,
0x1418, 0x1418, 0x1418, 0x1418, 0x1318, 0x1418, 0x1418, 0x1418, 0x1418, 0x1418,
0x1420, 0x1420, 0x3520, 0x1420, 0x1420, 0x1418, 0x1420, 0x1420, 0x1420, 0x1420,
0x1420, 0x1420, 0x1420, 0x1420, 0x1420, 0x1420, 0x1420, 0x1420, 0x1420, 0x1420,
0x1420, 0x1520, 0x1520, 0x3520, 0x5628, 0x5628, 0x1528, 0x1528, 0x1520, 0x1420,
0x1520, 0x1528, 0x1528, 0x1528, 0x1528, 0x1420, 0x1420, 0x1420, 0x1420, 0x1420,
0x1420, 0x1420, 0x1420, 0x1420, 0x1420, 0x1420, 0x1420, 0x1420, 0x1420, 0x1420,
0x1420, 0x1420, 0x1420, 0x1420, 0x1420, 0x1420, 0x1420, 0x1420, 0x1420, 0x1420,
0x1420, 0x1420, 0x1420, 0x1420, 0x1420, 0x1420, 0x1528, 0x1428, 0x1420, 0x1420,
0x1420, 0x1420, 0x1420, 0x3528, 0x5628, 0x5628, 0x1318, 0x1420, 0x1420, 0x1420,
0x1420, 0x1420, 0x1420, 0x1428, 0x1428, 0x1428, 0x1420, 0x1420, 0x1420, 0x1420,
0x1420, 0x1420, 0x1420, 0x1420, 0x1420, 0x1420, 0x1420, 0x1420, 0x1420, 0x1420,
0x1420, 0x1420, 0x1420, 0x1420, 0x1420, 0x1420, 0x1420, 0x1420, 0x1420, 0x1420,
0x1420, 0x1420, 0x1420, 0x1420, 0x1420, 0x1420, 0x1420, 0x1420, 0x1420, 0x1420,
0x1420, 0x1420, 0x1420, 0x1420, 0x1420, 0x1420, 0x1420, 0x1420, 0x1420, 0x1420,
0x1420, 0x1420, 0x1420, 0x1420, 0x1420, 0x1420, 0x1420, 0x1420, 0x1420, 0x1420,
0x1420, 0x1420, 0x1420, 0x1420, 0x1420, 0x1420, 0x1420, 0x1420, 0x1420, 0x1420,
0x1420, 0x1420, 0x1420, 0x1420, 0x1420, 0x1420, 0x1420, 0x1420, 0x1420, 0x1420,
0x1420, 0x1420, 0x1420, 0x1420, 0x1420, 0x1318, 0x5520, 0x1310, 0x1310, 0x1310,
0x3418, 0x9628, 0x1318, 0x1318, 0x1318, 0x5630, 0x1428, 0x1320, 0x1428, 0x3528,
0x3528, 0x1420, 0x3528, 0x7628, 0x1420, 0x1420, 0x1420, 0x1420, 0x1420, 0x1420,
0x1420, 0x1420, 0x1420, 0x1420, 0x1420, 0x1420, 0x1420, 0x1420, 0x1420, 0x1420,
0x1420, 0x1420, 0x1420, 0x1420, 0x1320, 0x1318, 0x1318, 0x1318, 0x9520, 0x7731,
0x3A42, 0x3A42, 0xBB4A, 0xDB4A, 0x3C64, 0x193B, 0x193B, 0x1F64, 0x582A, 0xB93A,
0x7F95, 0x3C8D, 0x3C8D, 0x7FB6, 0xDFCE, 0x9EC6, 0x9BC6, 0x9BC6, 0x1BDF, 0x9CE7,
0x9CE7, 0x7DDF, 0x7DDF, 0x7EDF, 0x5BE7, 0xBBEF, 0xFACE, 0xFACE, 0x1FCF, 0x1DA6,
0x3EC7, 0x7ECF, 0xB99D, 0xB99D, 0x386C, 0x5C8D, 0x7D8D, 0xFF9D, 0xFF9D, 0x7C6C,
0x3A4B, 0x1C53, 0x3B3A, 0x3B3A, 0xB929, 0x5829, 0xB620, 0x3420, 0x3420, 0x1420,
0x1420, 0x3420, 0x5520, 0x1420, 0x1420, 0x1420, 0x1420, 0x1420, 0x1420, 0x1420,
0x1420, 0x1420, 0x1420, 0x1420, 0x1420, 0x1420, 0x1420, 0x1420, 0x1420, 0x1420,
0x1420, 0x1420, 0x1420, 0x1418, 0x1418, 0x1418, 0x1418, 0x1418, 0x1418, 0x1420,
0x1420, 0x1420, 0x1420, 0x1520, 0x1520, 0x1520, 0x1428, 0x3428, 0x3428, 0x1420,
0x1420, 0x1420, 0x1418, 0x1520, 0x1418, 0x1318, 0x1318, 0x5528, 0x1210, 0x1420,
0x1418, 0x1418, 0x1318, 0x1518, 0x1520, 0x1520, 0x1520, 0x1520, 0x1520, 0x1620,
0x1520, 0x1520, 0x1620, 0x3418, 0x3418, 0x3418, 0x1420, 0x1420, 0x1420, 0x1420,
0x1420, 0x1420, 0x1420, 0x1420, 0x1420, 0x1420, 0x1420, 0x1420, 0x1420, 0x1420,
0x1420, 0x1420, 0x1420, 0x1420, 0x1420, 0x1420, 0x1420, 0x1420, 0x1420, 0x1420,
0x1420, 0x1420, 0x1420, 0x1420, 0x1420, 0x1420, 0x1420, 0x1420, 0x1420, 0x1420,
0x1420, 0x1420, 0x1420, 0x1420, 0x1420, 0x1420, 0x1420, 0x1420, 0x1420, 0x1420,
0x1420, 0x1420, 0x1420, 0x1420, 0x1420, 0x1420, 0x1420, 0x1420, 0x1420, 0x1420,
0x1420, 0x1420, 0x1420, 0x1420, 0x1420, 0x1420, 0x1420, 0x1420, 0x1420, 0x1420,
0x1420, 0x1420, 0x1420, 0x1420, 0x1420, 0x1420, 0x1418, 0x1418, 0x1418, 0x1420,
0x1420, 0x1420, 0x1420, 0x1420, 0x1420, 0x1420, 0x3528, 0x1520, 0x1420, 0x1420,
0x1420, 0x1528, 0x3528, 0x1520, 0x1418, 0x1418, 0x1418, 0x1420, 0x1420, 0x1420,
0x1420, 0x1420, 0x1420, 0x1420, 0x1418, 0x1420, 0x1420, 0x1420, 0x1420, 0x1420,
0x1420, 0x1420, 0x1420, 0x1420, 0x1420, 0x1420, 0x1420, 0x1420, 0x1420, 0x1420,
0x1420, 0x1420, 0x1420, 0x1420, 0x1420, 0x1420, 0x1420, 0x1420, 0x1420, 0x1420,
0x1420, 0x1420, 0x1420, 0x1420, 0x1420, 0x1420, 0x1420, 0x1420, 0x1420, 0x1420,
0x1420, 0x1420, 0x1420, 0x1420, 0x1420, 0x1320, 0x1320, 0x1320, 0x1320, 0x1320,
0x1420, 0x1418, 0x1418, 0x1418, 0x1418, 0x1418, 0x1418, 0x3418, 0x3418, 0x3418,
0x3420, 0x3420, 0x3520, 0x3520, 0x3520, 0x1420, 0x1420, 0x1420, 0x1420, 0x1420,
0x1420, 0x1420, 0x1420, 0x1420, 0x1420, 0x1420, 0x1420, 0x1420, 0x1420, 0x1420,
0x1420, 0x1420, 0x1420, 0x1420, 0x1420, 0x1420, 0x1420, 0x1420, 0x1420, 0x1420,
0x1420, 0x1420, 0x1420, 0x1420, 0x1420, 0x1420, 0x1420, 0x1420, 0x1420, 0x1420,
0x1420, 0x1420, 0x1420, 0x1420, 0x1528, 0x1318, 0x1318, 0x1420, 0x1318, 0xF620,
0xD831, 0xD831, 0xD721, 0x5D4B, 0x5E64, 0x3B64, 0x3B64, 0xBD8D, 0x7BA6, 0x1CBF,
0x1ABF, 0x1BBF, 0x1BBF, 0xFABE, 0x7CCF, 0x3CC7, 0xBBB6, 0xBBB6, 0x3EC7, 0x5CA6,
0x3FC7, 0x5A85, 0x5A85, 0x7B8D, 0xFCC6, 0x3DCF, 0x5BB6, 0x5BB6, 0x7DB6, 0x5DB6,
0xDEBE, 0x1FC7, 0x9CB6, 0x9CB6, 0x1CA6, 0x1DA6, 0x7FAE, 0xDD74, 0xDD74, 0x1C5C,
0x3B43, 0x5D53, 0x192A, 0x192A, 0xD819, 0x7721, 0xF620, 0x5420, 0x5420, 0x1420,
0x1420, 0x1420, 0x1420, 0x1420, 0x1420, 0x1420, 0x1420, 0x1420, 0x1420, 0x1420,
0x1420, 0x1420, 0x1420, 0x1420, 0x1420, 0x1420, 0x1420, 0x1420, 0x1420, 0x1420,
0x1420, 0x1420, 0x1420, 0x1420, 0x1420, 0x1420, 0x1420, 0x1420, 0x1420, 0x1420,
0x1420, 0x1420, 0x1420, 0x1420, 0x1420, 0x1420, 0x1420, 0x1420, 0x1420, 0x1420,
0x1420, 0x1420, 0x1420, 0x1420, 0x1420, 0x1420, 0x1420, 0x1420, 0x1420, 0x1420,
0x1420, 0x1420, 0x1420, 0x1420, 0x1420, 0x1420, 0x1420, 0x1420, 0x1420, 0x1420,
0x1420, 0x1420, 0x1420, 0x1420, 0x1420, 0x1420, 0x1420, 0x1420, 0x1420, 0x1420,
0x1420, 0x1420, 0x1420, 0x1420, 0x1420, 0x1420, 0x1420, 0x1420, 0x1420, 0x1420,
0x1420, 0x1420, 0x1420, 0x1420, 0x1420, 0x1420, 0x1420, 0x1420, 0x1420, 0x1420,
0x1420, 0x1420, 0x1420, 0x1420, 0x1420, 0x1420, 0x1420, 0x1420, 0x1420, 0x1420,
0x1420, 0x1420, 0x1420, 0x1420, 0x1420, 0x1420, 0x1420, 0x1420, 0x1420, 0x1420,
0x1420, 0x1420, 0x1420, 0x1420, 0x1420, 0x1420, 0x1420, 0x1420, 0x1420, 0x1420,
0x1420, 0x1420, 0x1420, 0x1420, 0x1420, 0x1420, 0x1420, 0x1420, 0x1420, 0x1420,
0x1420, 0x1420, 0x1420, 0x1420, 0x1420, 0x1420, 0x1418, 0x1418, 0x1418, 0x1420,
0x1420, 0x1420, 0x1420, 0x1420, 0x1420, 0x1420, 0x5528, 0x3520, 0x1418, 0x1420,
0x1420, 0x3520, 0x5520, 0x3520, 0x1418, 0x1418, 0x1418, 0x3420, 0x3520, 0x3520,
0x3520, 0x3520, 0x3520, 0x3420, 0x1418, 0x1420, 0x1420, 0x1420, 0x1420, 0x1420,
0x1420, 0x1420, 0x1420, 0x1420, 0x1420, 0x1420, 0x1420, 0x1420, 0x1420, 0x1420,
0x1420, 0x1420, 0x1420, 0x1420, 0x1420, 0x1420, 0x1420, 0x1420, 0x1420, 0x1420,
0x1420, 0x1420, 0x1420, 0x1420, 0x1420, 0x1420, 0x1420, 0x1420, 0x1420, 0x1420,
0x1420, 0x1420, 0x1420, 0x1420, 0x1420, 0x1418, 0x1418, 0x1420, 0x1420, 0x1420,
0x3520, 0x3520, 0x3520, 0x3520, 0x3520, 0x1418, 0x1418, 0x1418, 0x1418, 0x1418,
0x1418, 0x1418, 0x1418, 0x1418, 0x1418, 0x1420, 0x1420, 0x1420, 0x1420, 0x1420,
0x1420, 0x1420, 0x1420, 0x1420, 0x1420, 0x1420, 0x1420, 0x1420, 0x1420, 0x1420,
0x1420, 0x1420, 0x1420, 0x1420, 0x1420, 0x1420, 0x1420, 0x1420, 0x1420, 0x1420,
0x1420, 0x1420, 0x1420, 0x1420, 0x1420, 0x1420, 0x1420, 0x1420, 0x1420, 0x1420,
0x1420, 0x1420, 0x1420, 0x1420, 0x3528, 0x1318, 0x1318, 0x1420, 0x1318, 0x5420,
0xB528, 0xB528, 0x7310, 0x9731, 0x172A, 0xFD63, 0xFD63, 0x3E85, 0xDD95, 0xBA95,
0x5FCF, 0xBDBE, 0xBDBE, 0x7DB6, 0x7AB6, 0x5FCF, 0xDEBE, 0xDEBE, 0x1885, 0x7B8D,
0x1B85, 0xB33A, 0xB33A, 0x3FAE, 0x3CAE, 0x5FD7, 0x3DCF, 0x3DCF, 0x1CC7, 0x9AB6,
0xDCBE, 0xFFC6, 0x7EB6, 0x7EB6, 0xFDA5, 0x7C95, 0x3D85, 0x9011, 0x9011, 0x1101,
0xF621, 0xB300, 0xF829, 0xF829, 0x7721, 0x3621, 0xB520, 0x5420, 0x5420, 0x1420,
0x1420, 0x1420, 0x1420, 0x1420, 0x1420, 0x1420, 0x1420, 0x1420, 0x1420, 0x1420,
0x1420, 0x1420, 0x1420, 0x1420, 0x1420, 0x1420, 0x1420, 0x1420, 0x1420, 0x1420,
0x1420, 0x1420, 0x1420, 0x1420, 0x1420, 0x1420, 0x1420, 0x1420, 0x1420, 0x1420,
0x1420, 0x1420, 0x1420, 0x1420, 0x1420, 0x1420, 0x1420, 0x1420, 0x1420, 0x1420,
0x1420, 0x1420, 0x1420, 0x1420, 0x1420, 0x1420, 0x1420, 0x1420, 0x1420, 0x1420,
0x1420, 0x1420, 0x1420, 0x1420, 0x1420, 0x1420, 0x1420, 0x1420, 0x1420, 0x1420,
0x1420, 0x1420, 0x1420, 0x1420, 0x1420, 0x1420, 0x1420, 0x1420, 0x1420, 0x1420,
0x1420, 0x1420, 0x1420, 0x1420, 0x1420, 0x1420, 0x1420, 0x1420, 0x1420, 0x1420,
0x1420, 0x1420, 0x1420, 0x1420, 0x1420, 0x1420, 0x1420, 0x1420, 0x1420, 0x1420,
0x1420, 0x1420, 0x1420, 0x1420, 0x1420, 0x1420, 0x1420, 0x1420, 0x1420, 0x1420,
0x1420, 0x1420, 0x1420, 0x1420, 0x1420, 0x1420, 0x1420, 0x1420, 0x1420, 0x1420,
0x1420, 0x1420, 0x1420, 0x1420, 0x1420, 0x1420, 0x1420, 0x1420, 0x1420, 0x1420,
0x1420, 0x1420, 0x1420, 0x1420, 0x1420, 0x1420, 0x1420, 0x1420, 0x1420, 0x1420,
0x1420, 0x1420, 0x1420, 0x1420, 0x1420, 0x1420, 0x1418, 0x1418, 0x1418, 0x1420,
0x1420, 0x1420, 0x1420, 0x1420, 0x1420, 0x1420, 0x5528, 0x3520, 0x1418, 0x1420,
0x1420, 0x3520, 0x5520, 0x3520, 0x1418, 0x1418, 0x1418, 0x3420, 0x3520, 0x3520,
0x3520, 0x3520, 0x3520, 0x3420, 0x1418, 0x1420, 0x1420, 0x1420, 0x1420, 0x1420,
0x1420, 0x1420, 0x1420, 0x1420, 0x1420, 0x1420, 0x1420, 0x1420, 0x1420, 0x1420,
0x1420, 0x1420, 0x1420, 0x1420, 0x1420, 0x1420, 0x1420, 0x1420, 0x1420, 0x1420,
0x1420, 0x1420, 0x1420, 0x1420, 0x1420, 0x1420, 0x1420, 0x1420, 0x1420, 0x1420,
0x1420, 0x1420, 0x1420, 0x1420, 0x1420, 0x1418, 0x1418, 0x1420, 0x1420, 0x1420,
0x3520, 0x3520, 0x3520, 0x3520, 0x3520, 0x1418, 0x1418, 0x1418, 0x1418, 0x1418,
0x1418, 0x1418, 0x1418, 0x1418, 0x1418, 0x1420, 0x1420, 0x1420, 0x1420, 0x1420,
0x1420, 0x1420, 0x1420, 0x1420, 0x1420, 0x1420, 0x1420, 0x1420, 0x1420, 0x1420,
0x1420, 0x1420, 0x1420, 0x1420, 0x1420, 0x1420, 0x1420, 0x1420, 0x1420, 0x1420,
0x1420, 0x1420, 0x1420, 0x1420, 0x1420, 0x1420, 0x1420, 0x1420, 0x1420, 0x1420,
0x1420, 0x1420, 0x1420, 0x1420, 0x3528, 0x1318, 0x1318, 0x1420, 0x1318, 0x5420,
0xB528, 0xB528, 0x7310, 0x9731, 0x172A, 0xFD63, 0xFD63, 0x3E85, 0xDD95, 0xBA95,
0x5FCF, 0xBDBE, 0xBDBE, 0x7DB6, 0x7AB6, 0x5FCF, 0xDEBE, 0xDEBE, 0x1885, 0x7B8D,
0x1B85, 0xB33A, 0xB33A, 0x3FAE, 0x3CAE, 0x5FD7, 0x3DCF, 0x3DCF, 0x1CC7, 0x9AB6,
0xDCBE, 0xFFC6, 0x7EB6, 0x7EB6, 0xFDA5, 0x7C95, 0x3D85, 0x9011, 0x9011, 0x1101,
0xF621, 0xB300, 0xF829, 0xF829, 0x7721, 0x3621, 0xB520, 0x5420, 0x5420, 0x1420,
0x1420, 0x1420, 0x1420, 0x1420, 0x1420, 0x1420, 0x1420, 0x1420, 0x1420, 0x1420,
0x1420, 0x1420, 0x1420, 0x1420, 0x1420, 0x1420, 0x1420, 0x1420, 0x1420, 0x1420,
0x1420, 0x1420, 0x1420, 0x1420, 0x1420, 0x1420, 0x1420, 0x1420, 0x1420, 0x1420,
0x1420, 0x1420, 0x1420, 0x1420, 0x1420, 0x1420, 0x1420, 0x1420, 0x1420, 0x1420,
0x1420, 0x1420, 0x1420, 0x1420, 0x1420, 0x1420, 0x1420, 0x1420, 0x1420, 0x1420,
0x1420, 0x1420, 0x1420, 0x1420, 0x1420, 0x1420, 0x1420, 0x1420, 0x1420, 0x1420,
0x1420, 0x1420, 0x1420, 0x1420, 0x1420, 0x1420, 0x1420, 0x1420, 0x1420, 0x1420,
0x1420, 0x1420, 0x1420, 0x1420, 0x1420, 0x1420, 0x1420, 0x1420, 0x1420, 0x1420,
0x1420, 0x1420, 0x1420, 0x1420, 0x1420, 0x1420, 0x1420, 0x1420, 0x1420, 0x1420,
0x1420, 0x1420, 0x1420, 0x1420, 0x1420, 0x1420, 0x1420, 0x1420, 0x1420, 0x1420,
0x1420, 0x1420, 0x1420, 0x1420, 0x1420, 0x1420, 0x1420, 0x1420, 0x1420, 0x1420,
0x1420, 0x1420, 0x1420, 0x1420, 0x1420, 0x1420, 0x1420, 0x1420, 0x1420, 0x1420,
0x1420, 0x1420, 0x1420, 0x1420, 0x1420, 0x1420, 0x1420, 0x1420, 0x1420, 0x1420,
0x1420, 0x1420, 0x1420, 0x1420, 0x1420, 0x1420, 0x1418, 0x1418, 0x1420, 0x1420,
0x1420, 0x1420, 0x1420, 0x1420, 0x1420, 0x1420, 0x1418, 0x1418, 0x1418, 0x1418,
0x1418, 0x1418, 0x1418, 0x1418, 0x1310, 0x3520, 0x3520, 0x1518, 0x1418, 0x1410,
0x1410, 0x1410, 0x1418, 0x1518, 0x3520, 0x1420, 0x1420, 0x1420, 0x1420, 0x1420,
0x1420, 0x1420, 0x1420, 0x1420, 0x1420, 0x1420, 0x1420, 0x1420, 0x1420, 0x1420,
0x1420, 0x1420, 0x1420, 0x1420, 0x1420, 0x1420, 0x1420, 0x1420, 0x1420, 0x1420,
0x1420, 0x1420, 0x1420, 0x1420, 0x1420, 0x1420, 0x1420, 0x1420, 0x1420, 0x1420,
0x1420, 0x1420, 0x1420, 0x1420, 0x1420, 0x3520, 0x3518, 0x3518, 0x3518, 0x1518,
0x1418, 0x1418, 0x1418, 0x1418, 0x1418, 0x1420, 0x1420, 0x1420, 0x1420, 0x1420,
0x1420, 0x1418, 0x1418, 0x1418, 0x1418, 0x1420, 0x1420, 0x1420, 0x1420, 0x1420,
0x1420, 0x1420, 0x1420, 0x1420, 0x1420, 0x1420, 0x1420, 0x1420, 0x1420, 0x1420,
0x1420, 0x1420, 0x1420, 0x1420, 0x1420, 0x1420, 0x1420, 0x1420, 0x1420, 0x1420,
0x1420, 0x1420, 0x1420, 0x1420, 0x1420, 0x1420, 0x1420, 0x1420, 0x1420, 0x1420,
0x1420, 0x1420, 0x1420, 0x1420, 0x5520, 0x1418, 0x1418, 0x1420, 0x1318, 0x1320,
0x1320, 0x1320, 0x1110, 0x5428, 0x9400, 0x7519, 0x7519, 0x1D6C, 0x3B6C, 0xD75B,
0x9E9D, 0x7FB6, 0x7FB6, 0x9A7C, 0xFB9D, 0x9FB6, 0xDD9D, 0xDD9D, 0x9FBE, 0x7B74,
0x3F8D, 0x1D6C, 0x1D6C, 0x7B5B, 0x3B8D, 0xBFBE, 0x3DC7, 0x3DC7, 0x7CCF, 0xFABE,
0x1CC7, 0x7DB6, 0x7B95, 0x7B95, 0x3FAE, 0x7A6C, 0x5F8D, 0xFC63, 0xFC63, 0x7B5B,
0x1F74, 0x3419, 0x3519, 0x3519, 0xF620, 0xB520, 0x5420, 0x1420, 0x1420, 0x1420,
0x1420, 0x1420, 0x3520, 0x1420, 0x1420, 0x1420, 0x1420, 0x1420, 0x1420, 0x1420,
0x1420, 0x1420, 0x1420, 0x1420, 0x1420, 0x1420, 0x1420, 0x1420, 0x1420, 0x1420,
0x1420, 0x1420, 0x1420, 0x1420, 0x1420, 0x1420, 0x1420, 0x1420, 0x1420, 0x1420,
0x1420, 0x1420, 0x1420, 0x1420, 0x1420, 0x1420, 0x1420, 0x1420, 0x1420, 0x1420,
0x1420, 0x1420, 0x1420, 0x1420, 0x1420, 0x1420, 0x1420, 0x1420, 0x1420, 0x1420,
0x1420, 0x1420, 0x1420, 0x1420, 0x1420, 0x1420, 0x1420, 0x1420, 0x1420, 0x1420,
0x1420, 0x1420, 0x1420, 0x1420, 0x1420, 0x1420, 0x1420, 0x1420, 0x1420, 0x1420,
0x1420, 0x1420, 0x1420, 0x1420, 0x1420, 0x1420, 0x1420, 0x1420, 0x1420, 0x1420,
0x1420, 0x1420, 0x1420, 0x1420, 0x1420, 0x1420, 0x1420, 0x1420, 0x1420, 0x1420,
0x1420, 0x1420, 0x1420, 0x1420, 0x1420, 0x1420, 0x1420, 0x1420, 0x1420, 0x1420,
0x1420, 0x1420, 0x1420, 0x1420, 0x1420, 0x1420, 0x1420, 0x1420, 0x1420, 0x1420,
0x1420, 0x1420, 0x1420, 0x1420, 0x1420, 0x1420, 0x1420, 0x1420, 0x1420, 0x1420,
0x1420, 0x1420, 0x1420, 0x1420, 0x1420, 0x1420, 0x1420, 0x1420, 0x1420, 0x1420,
0x1420, 0x1420, 0x1420, 0x1420, 0x1420, 0x1420, 0x1420, 0x1420, 0x1420, 0x1420,
0x1420, 0x1420, 0x1420, 0x1420, 0x1420, 0x1420, 0x1420, 0x1418, 0x1418, 0x1418,
0x1418, 0x1418, 0x1418, 0x1418, 0x1418, 0x1520, 0x1520, 0x1520, 0x1418, 0x1410,
0x1410, 0x1410, 0x1418, 0x1520, 0x1520, 0x1420, 0x1420, 0x1420, 0x1420, 0x1420,
0x1420, 0x1420, 0x1420, 0x1420, 0x1420, 0x1420, 0x1420, 0x1420, 0x1420, 0x1420,
0x1420, 0x1420, 0x1420, 0x1420, 0x1420, 0x1420, 0x1420, 0x1420, 0x1420, 0x1420,
0x1420, 0x1420, 0x1420, 0x1420, 0x1420, 0x1420, 0x1420, 0x1420, 0x1420, 0x1420,
0x1420, 0x1420, 0x1420, 0x1420, 0x1420, 0x3520, 0x3520, 0x1520, 0x1520, 0x1520,
0x1520, 0x1420, 0x1420, 0x1420, 0x1420, 0x1428, 0x1428, 0x1420, 0x1420, 0x1420,
0x3420, 0x3420, 0x3420, 0x3420, 0x3420, 0x1420, 0x1420, 0x1420, 0x1420, 0x1420,
0x1420, 0x1420, 0x1420, 0x1420, 0x1420, 0x1420, 0x1420, 0x1420, 0x1420, 0x1420,
0x1420, 0x1420, 0x1420, 0x1420, 0x1420, 0x1420, 0x1420, 0x1420, 0x1420, 0x1420,
0x1420, 0x1420, 0x1420, 0x1420, 0x1420, 0x1420, 0x1420, 0x1420, 0x1420, 0x1420,
0x1420, 0x1420, 0x1420, 0x1420, 0x3520, 0x1418, 0x1418, 0x1420, 0x1320, 0x1420,
0x5428, 0x5428, 0x3318, 0xB528, 0x9C3A, 0x7611, 0x7611, 0x9D5B, 0x9C5B, 0x1843,
0xDB5B, 0xFF84, 0xFF84, 0x594B, 0x5A85, 0xBFB6, 0xDA74, 0xDA74, 0xBC74, 0x552A,
0x3A4B, 0xFB42, 0xFB42, 0x7E53, 0xBB6C, 0xDE95, 0x5D9E, 0x5D9E, 0xBDAE, 0x5BA6,
0x9DAE, 0xFD9D, 0x5C8D, 0x5C8D, 0x5B64, 0xB532, 0x183B, 0xFD63, 0xFD63, 0x7F7C,
0x7F7C, 0xBB4A, 0xF410, 0xF410, 0x5420, 0x3420, 0x1420, 0x1420, 0x1420, 0x1420,
0x1420, 0x1420, 0x3520, 0x1420, 0x1420, 0x1420, 0x1420, 0x1420, 0x1420, 0x1420,
0x1420, 0x1420, 0x1420, 0x1420, 0x1420, 0x1420, 0x1420, 0x1420, 0x1420, 0x1420,
0x1420, 0x1420, 0x1420, 0x1420, 0x1420, 0x1420, 0x1420, 0x1420, 0x1420, 0x1420,
0x1420, 0x1420, 0x1420, 0x1420, 0x1420, 0x1420, 0x1420, 0x1420, 0x1420, 0x1420,
0x1420, 0x1420, 0x1420, 0x1420, 0x1420, 0x1420, 0x1420, 0x1420, 0x1420, 0x1420,
0x1420, 0x1420, 0x1420, 0x1420, 0x1420, 0x1420, 0x1420, 0x1420, 0x1420, 0x1420,
0x1420, 0x1420, 0x1420, 0x1420, 0x1420, 0x1420, 0x1420, 0x1420, 0x1420, 0x1420,
0x1420, 0x1420, 0x1420, 0x1420, 0x1420, 0x1420, 0x1420, 0x1420, 0x1420, 0x1420,
0x1420, 0x1420, 0x1420, 0x1420, 0x1420, 0x1420, 0x1420, 0x1420, 0x1420, 0x1420,
0x1420, 0x1420, 0x1420, 0x1420, 0x1420, 0x1420, 0x1420, 0x1420, 0x1420, 0x1420,
0x1420, 0x1420, 0x1420, 0x1420, 0x1420, 0x1420, 0x1420, 0x1420, 0x1420, 0x1420,
0x1420, 0x1420, 0x1420, 0x1420, 0x1420, 0x1420, 0x1420, 0x1420, 0x1420, 0x1420,
0x1420, 0x1420, 0x1420, 0x1420, 0x1420, 0x1420, 0x1420, 0x1420, 0x1420, 0x1420,
0x1420, 0x1420, 0x1420, 0x1420, 0x1420, 0x1420, 0x1420, 0x1420, 0x1420, 0x1420,
0x1420, 0x1420, 0x1420, 0x1420, 0x1420, 0x1420, 0x1428, 0x1528, 0x3528, 0x1528,
0x1528, 0x1420, 0x1420, 0x1420, 0x1428, 0x1428, 0x1428, 0x1420, 0x1520, 0x1520,
0x1520, 0x1520, 0x1520, 0x1420, 0x1428, 0x1420, 0x1420, 0x1420, 0x1420, 0x1420,
0x1420, 0x1420, 0x1420, 0x1420, 0x1420, 0x1420, 0x1420, 0x1420, 0x1420, 0x1420,
0x1420, 0x1420, 0x1420, 0x1420, 0x1420, 0x1420, 0x1420, 0x1420, 0x1420, 0x1420,
0x1420, 0x1420, 0x1420, 0x1420, 0x1420, 0x1420, 0x1420, 0x1420, 0x1420, 0x1420,
0x1420, 0x1420, 0x1420, 0x1420, 0x1420, 0x1520, 0x1520, 0x1520, 0x1520, 0x1520,
0x1528, 0x1528, 0x3528, 0x3528, 0x3528, 0x1420, 0x1420, 0x1420, 0x1420, 0x1420,
0x1420, 0x3420, 0x3520, 0x3520, 0x3520, 0x1420, 0x1420, 0x1420, 0x1420, 0x1420,
0x1420, 0x1420, 0x1420, 0x1420, 0x1420, 0x1420, 0x1420, 0x1420, 0x1420, 0x1420,
0x1420, 0x1420, 0x1420, 0x1420, 0x1420, 0x1420, 0x1420, 0x1420, 0x1420, 0x1420,
0x1420, 0x1420, 0x1420, 0x1420, 0x1420, 0x1420, 0x1420, 0x1420, 0x1420, 0x1420,
0x1420, 0x1420, 0x1420, 0x1420, 0x1528, 0x1420, 0x1420, 0x1420, 0x1418, 0x3418,
0xD620, 0xD620, 0x1621, 0x5721, 0xBC42, 0x7A3A, 0x7A3A, 0x182A, 0xBA3A, 0xB932,
0x5B4B, 0xF93A, 0xF93A, 0x3E64, 0x3C7D, 0x3D7D, 0x5FA6, 0x5FA6, 0x1B5C, 0xBC53,
0x9832, 0xB300, 0xB300, 0x7E53, 0x3A5C, 0x9C6C, 0x9D6C, 0x9D6C, 0x9D6C, 0x1B5C,
0x9C6C, 0x3C7D, 0x1F9E, 0x1F9E, 0xBB4B, 0xDC53, 0x782A, 0x3409, 0x3409, 0x9A3A,
0x9A42, 0x7A42, 0x7621, 0x7621, 0x1420, 0x1420, 0x1420, 0x1420, 0x1420, 0x1420,
0x1420, 0x1520, 0x3520, 0x1420, 0x1420, 0x1420, 0x1420, 0x1420, 0x1420, 0x1420,
0x1420, 0x1420, 0x1420, 0x1420, 0x1420, 0x1420, 0x1420, 0x1420, 0x1420, 0x1420,
0x1420, 0x1420, 0x1420, 0x1420, 0x1420, 0x1420, 0x1420, 0x1420, 0x1420, 0x1420,
0x1420, 0x1420, 0x1420, 0x1420, 0x1420, 0x1420, 0x1420, 0x1420, 0x1420, 0x1420,
0x1420, 0x1420, 0x1420, 0x1420, 0x1420, 0x1420, 0x1420, 0x1420, 0x1420, 0x1420,
0x1420, 0x1420, 0x1420, 0x1420, 0x1420, 0x1420, 0x1420, 0x1420, 0x1420, 0x1420,
0x1420, 0x1420, 0x1420, 0x1420, 0x1420, 0x1420, 0x1420, 0x1420, 0x1420, 0x1420,
0x1420, 0x1420, 0x1420, 0x1420, 0x1420, 0x1420, 0x1420, 0x1420, 0x1420, 0x1420,
0x1420, 0x1420, 0x1420, 0x1420, 0x1420, 0x1420, 0x1420, 0x1420, 0x1420, 0x1420,
0x1420, 0x1420, 0x1420, 0x1420, 0x1420, 0x1420, 0x1420, 0x1420, 0x1420, 0x1420,
0x1420, 0x1420, 0x1420, 0x1420, 0x1420, 0x1420, 0x1420, 0x1420, 0x1420, 0x1420,
0x1420, 0x1420, 0x1420, 0x1420, 0x1420, 0x1420, 0x1420, 0x1420, 0x1420, 0x1420,
0x1420, 0x1420, 0x1420, 0x1420, 0x1420, 0x1420, 0x1420, 0x1420, 0x1420, 0x1420,
0x1420, 0x1420, 0x1420, 0x1420, 0x1420, 0x1420, 0x1420, 0x1420, 0x1420, 0x1420,
0x1420, 0x1420, 0x1420, 0x1420, 0x1420, 0x1420, 0x1420, 0x1420, 0x1420, 0x1420,
0x1420, 0x1320, 0x1318, 0x1420, 0x1420, 0x1428, 0x1428, 0x1420, 0x1418, 0x1310,
0x1310, 0x1310, 0x1418, 0x1420, 0x1428, 0x1420, 0x1420, 0x1420, 0x1420, 0x1420,
0x1420, 0x1420, 0x1420, 0x1420, 0x1420, 0x1420, 0x1420, 0x1420, 0x1420, 0x1420,
0x1420, 0x1420, 0x1420, 0x1420, 0x1420, 0x1420, 0x1420, 0x1420, 0x1420, 0x1420,
0x1420, 0x1420, 0x1420, 0x1420, 0x1420, 0x1420, 0x1420, 0x1420, 0x1420, 0x1420,
0x1420, 0x1420, 0x1420, 0x1420, 0x1420, 0x1520, 0x1520, 0x1420, 0x1420, 0x1420,
0x1418, 0x1318, 0x1318, 0x1318, 0x1318, 0x1310, 0x1318, 0x1418, 0x1418, 0x1418,
0x1418, 0x1418, 0x1420, 0x1420, 0x1420, 0x1420, 0x1420, 0x1420, 0x1420, 0x1420,
0x1420, 0x1420, 0x1420, 0x1420, 0x1420, 0x1420, 0x1420, 0x1420, 0x1420, 0x1420,
0x1420, 0x1420, 0x1420, 0x1420, 0x1420, 0x1420, 0x1420, 0x1420, 0x1420, 0x1420,
0x1420, 0x1420, 0x1420, 0x1420, 0x1420, 0x1420, 0x1420, 0x1420, 0x1420, 0x1420,
0x1420, 0x1420, 0x1420, 0x1420, 0x1528, 0x1420, 0x1420, 0x1420, 0x1318, 0x1308,
0xB518, 0xB518, 0x3719, 0x1611, 0xD410, 0xD410, 0xD410, 0xD410, 0xD408, 0x5519,
0x172A, 0x9832, 0x9832, 0x3F64, 0x9D74, 0xF73A, 0x1D64, 0x1D64, 0xF942, 0x172A,
0x182A, 0x3511, 0x3511, 0xB821, 0x983A, 0x3732, 0xF929, 0xF929, 0x1A32, 0xD821,
0x993A, 0x394B, 0x7C6C, 0x7C6C, 0x5C4B, 0xBA3A, 0x7A3A, 0x5200, 0x5200, 0x9410,
0x7308, 0x7308, 0x3200, 0x3200, 0x1320, 0x1420, 0x1420, 0x1420, 0x1420, 0x1420,
0x1520, 0x1520, 0x1520, 0x1420, 0x1420, 0x1420, 0x1420, 0x1420, 0x1420, 0x1420,
0x1420, 0x1420, 0x1420, 0x1420, 0x1420, 0x1420, 0x1420, 0x1420, 0x1420, 0x1420,
0x1420, 0x1420, 0x1420, 0x1420, 0x1420, 0x1420, 0x1420, 0x1420, 0x1420, 0x1420,
0x1420, 0x1420, 0x1420, 0x1420, 0x1420, 0x1420, 0x1420, 0x1420, 0x1420, 0x1420,
0x1420, 0x1420, 0x1420, 0x1420, 0x1420, 0x1420, 0x1420, 0x1420, 0x1420, 0x1420,
0x1420, 0x1420, 0x1420, 0x1420, 0x1420, 0x1420, 0x1420, 0x1420, 0x1420, 0x1420,
0x1420, 0x1420, 0x1420, 0x1420, 0x1420, 0x1420, 0x1420, 0x1420, 0x1420, 0x1420,
0x1420, 0x1420, 0x1420, 0x1420, 0x1420, 0x1420, 0x1420, 0x1420, 0x1420, 0x1420,
0x1420, 0x1420, 0x1420, 0x1420, 0x1420, 0x1420, 0x1420, 0x1420, 0x1420, 0x1420,
0x1420, 0x1420, 0x1420, 0x1420, 0x1420, 0x1420, 0x1420, 0x1420, 0x1420, 0x1420,
0x1420, 0x1420, 0x1420, 0x1420, 0x1420, 0x1420, 0x1420, 0x1420, 0x1420, 0x1420,
0x1420, 0x1420, 0x1420, 0x1420, 0x1420, 0x1420, 0x1420, 0x1420, 0x1420, 0x1420,
0x1420, 0x1420, 0x1420, 0x1420, 0x1420, 0x1420, 0x1420, 0x1420, 0x1420, 0x1420,
0x1420, 0x1420, 0x1420, 0x1420, 0x1420, 0x1420, 0x1420, 0x1420, 0x1420, 0x1420,
0x1420, 0x1420, 0x1420, 0x1420, 0x1420, 0x1420, 0x1420, 0x1420, 0x1420, 0x1420,
0x1420, 0x1320, 0x1318, 0x1420, 0x1420, 0x1428, 0x1428, 0x1420, 0x1418, 0x1310,
0x1310, 0x1310, 0x1418, 0x1420, 0x1428, 0x1420, 0x1420, 0x1420, 0x1420, 0x1420,
0x1420, 0x1420, 0x1420, 0x1420, 0x1420, 0x1420, 0x1420, 0x1420, 0x1420, 0x1420,
0x1420, 0x1420, 0x1420, 0x1420, 0x1420, 0x1420, 0x1420, 0x1420, 0x1420, 0x1420,
0x1420, 0x1420, 0x1420, 0x1420, 0x1420, 0x1420, 0x1420, 0x1420, 0x1420, 0x1420,
0x1420, 0x1420, 0x1420, 0x1420, 0x1420, 0x1520, 0x1520, 0x1420, 0x1420, 0x1420,
0x1418, 0x1318, 0x1318, 0x1318, 0x1318, 0x1310, 0x1318, 0x1418, 0x1418, 0x1418,
0x1418, 0x1418, 0x1420, 0x1420, 0x1420, 0x1420, 0x1420, 0x1420, 0x1420, 0x1420,
0x1420, 0x1420, 0x1420, 0x1420, 0x1420, 0x1420, 0x1420, 0x1420, 0x1420, 0x1420,
0x1420, 0x1420, 0x1420, 0x1420, 0x1420, 0x1420, 0x1420, 0x1420, 0x1420, 0x1420,
0x1420, 0x1420, 0x1420, 0x1420, 0x1420, 0x1420, 0x1420, 0x1420, 0x1420, 0x1420,
0x1420, 0x1420, 0x1420, 0x1420, 0x1528, 0x1420, 0x1420, 0x1420, 0x1318, 0x1308,
0xB518, 0xB518, 0x3719, 0x1611, 0xD410, 0xD410, 0xD410, 0xD410, 0xD408, 0x5519,
0x172A, 0x9832, 0x9832, 0x3F64, 0x9D74, 0xF73A, 0x1D64, 0x1D64, 0xF942, 0x172A,
0x182A, 0x3511, 0x3511, 0xB821, 0x983A, 0x3732, 0xF929, 0xF929, 0x1A32, 0xD821,
0x993A, 0x394B, 0x7C6C, 0x7C6C, 0x5C4B, 0xBA3A, 0x7A3A, 0x5200, 0x5200, 0x9410,
0x7308, 0x7308, 0x3200, 0x3200, 0x1320, 0x1420, 0x1420, 0x1420, 0x1420, 0x1420,
0x1520, 0x1520, 0x1520, 0x1420, 0x1420, 0x1420, 0x1420, 0x1420, 0x1420, 0x1420,
0x1420, 0x1420, 0x1420, 0x1420, 0x1420, 0x1420, 0x1420, 0x1420, 0x1420, 0x1420,
0x1420, 0x1420, 0x1420, 0x1420, 0x1420, 0x1420, 0x1420, 0x1420, 0x1420, 0x1420,
0x1420, 0x1420, 0x1420, 0x1420, 0x1420, 0x1420, 0x1420, 0x1420, 0x1420, 0x1420,
0x1420, 0x1420, 0x1420, 0x1420, 0x1420, 0x1420, 0x1420, 0x1420, 0x1420, 0x1420,
0x1420, 0x1420, 0x1420, 0x1420, 0x1420, 0x1420, 0x1420, 0x1420, 0x1420, 0x1420,
0x1420, 0x1420, 0x1420, 0x1420, 0x1420, 0x1420, 0x1420, 0x1420, 0x1420, 0x1420,
0x1420, 0x1420, 0x1420, 0x1420, 0x1420, 0x1420, 0x1420, 0x1420, 0x1420, 0x1420,
0x1420, 0x1420, 0x1420, 0x1420, 0x1420, 0x1420, 0x1420, 0x1420, 0x1420, 0x1420,
0x1420, 0x1420, 0x1420, 0x1420, 0x1420, 0x1420, 0x1420, 0x1420, 0x1420, 0x1420,
0x1420, 0x1420, 0x1420, 0x1420, 0x1420, 0x1420, 0x1420, 0x1420, 0x1420, 0x1420,
0x1420, 0x1420, 0x1420, 0x1420, 0x1420, 0x1420, 0x1420, 0x1420, 0x1420, 0x1420,
0x1420, 0x1420, 0x1420, 0x1420, 0x1420, 0x1420, 0x1420, 0x1420, 0x1420, 0x1420,
0x1420, 0x1420, 0x1420, 0x1420, 0x1420, 0x1420, 0x1420, 0x1420, 0x1420, 0x1420,
0x1420, 0x1420, 0x1420, 0x1420, 0x1420, 0x1420, 0x3410, 0x7418, 0x9518, 0x7518,
0x7518, 0x5410, 0x3410, 0x5418, 0x7518, 0x5420, 0x5420, 0x7420, 0x9518, 0xB518,
0xB518, 0xB518, 0x9518, 0x7420, 0x5420, 0x1420, 0x1420, 0x1420, 0x1420, 0x1420,
0x1420, 0x1420, 0x1420, 0x1420, 0x1420, 0x1420, 0x1420, 0x1420, 0x1420, 0x1420,
0x1420, 0x1420, 0x1420, 0x1420, 0x1420, 0x1420, 0x1420, 0x1420, 0x1420, 0x1420,
0x1420, 0x1420, 0x1420, 0x1420, 0x1420, 0x1420, 0x1420, 0x1420, 0x1420, 0x1420,
0x1420, 0x1420, 0x1420, 0x1420, 0x1420, 0x1518, 0x1518, 0x3418, 0x3418, 0x5418,
0x9418, 0xB418, 0xB418, 0xB418, 0xD418, 0x9518, 0x9518, 0x7518, 0x5518, 0x5518,
0x3418, 0x1418, 0x1420, 0x1420, 0x1420, 0x1420, 0x1420, 0x1420, 0x1420, 0x1420,
0x1420, 0x1420, 0x1420, 0x1420, 0x1420, 0x1420, 0x1420, 0x1420, 0x1420, 0x1420,
0x1420, 0x1420, 0x1420, 0x1420, 0x1420, 0x1420, 0x1420, 0x1420, 0x1420, 0x1420,
0x1420, 0x1420, 0x1420, 0x1420, 0x1420, 0x1420, 0x1420, 0x1420, 0x1420, 0x1420,
0x1420, 0x1420, 0x1420, 0x1420, 0x1420, 0x1420, 0x1420, 0x1420, 0x1420, 0x1310,
0x3518, 0x3518, 0x9620, 0x3410, 0x5420, 0x1210, 0x1210, 0xD628, 0x1408, 0x3410,
0x7410, 0xB731, 0xB731, 0xD731, 0x3519, 0x193A, 0x5729, 0x5729, 0x9731, 0x9410,
0x3629, 0xD518, 0xD518, 0xD520, 0x9520, 0x3418, 0x1410, 0x1410, 0x5510, 0x7510,
0x5729, 0x1519, 0x9729, 0x9729, 0xB831, 0x1200, 0xD628, 0x5520, 0x5520, 0x1310,
0x1310, 0x1310, 0x3318, 0x3318, 0x1420, 0x1420, 0x1420, 0x1420, 0x1420, 0x1520,
0x1520, 0x1520, 0x1520, 0x1420, 0x1420, 0x1420, 0x1420, 0x1420, 0x1420, 0x1420,
0x1420, 0x1420, 0x1420, 0x1420, 0x1420, 0x1420, 0x1420, 0x1420, 0x1420, 0x1420,
0x1420, 0x1420, 0x1420, 0x1420, 0x1420, 0x1420, 0x1420, 0x1420, 0x1420, 0x1420,
0x1420, 0x1420, 0x1420, 0x1420, 0x1420, 0x1420, 0x1420, 0x1420, 0x1420, 0x1420,
0x1420, 0x1420, 0x1420, 0x1420, 0x1420, 0x1420, 0x1420, 0x1420, 0x1420, 0x1420,
0x1420, 0x1420, 0x1420, 0x1420, 0x1420, 0x1420, 0x1420, 0x1420, 0x1420, 0x1420,
0x1420, 0x1420, 0x1420, 0x1420, 0x1420, 0x1420, 0x1420, 0x1420, 0x1420, 0x1420,
0x1420, 0x1420, 0x1420, 0x1420, 0x1420, 0x1420, 0x1420, 0x1420, 0x1420, 0x1420,
0x1420, 0x1420, 0x1420, 0x1420, 0x1420, 0x1420, 0x1420, 0x1420, 0x1420, 0x1420,
0x1420, 0x1420, 0x1420, 0x1420, 0x1420, 0x1420, 0x1420, 0x1420, 0x1420, 0x1420,
0x1420, 0x1420, 0x1420, 0x1420, 0x1420, 0x1420, 0x1420, 0x1420, 0x1420, 0x1420,
0x1420, 0x1420, 0x1420, 0x1420, 0x1420, 0x1420, 0x1420, 0x1420, 0x1420, 0x1420,
0x1420, 0x1420, 0x1420, 0x1420, 0x1420, 0x1420, 0x1420, 0x1420, 0x1420, 0x1420,
0x1420, 0x1420, 0x1420, 0x1420, 0x1420, 0x1420, 0x1420, 0x1420, 0x1420, 0x1420,
0x1420, 0x1420, 0x1420, 0x1420, 0x1420, 0x1420, 0x1619, 0x3721, 0x5721, 0x5721,
0x5721, 0x1619, 0xF618, 0x1619, 0x5721, 0x5310, 0x5310, 0x1621, 0xF931, 0xBB42,
0xBB42, 0xBB42, 0xF931, 0x1621, 0x5310, 0x1420, 0x1420, 0x1420, 0x1420, 0x1420,
0x1420, 0x1420, 0x1420, 0x1420, 0x1420, 0x1420, 0x1420, 0x1420, 0x1420, 0x1420,
0x1420, 0x1420, 0x1420, 0x1420, 0x1420, 0x1420, 0x1420, 0x1420, 0x1420, 0x1420,
0x1420, 0x1420, 0x1420, 0x1420, 0x1420, 0x1420, 0x1420, 0x1420, 0x1420, 0x1420,
0x1420, 0x1420, 0x1420, 0x1420, 0x1420, 0x1410, 0x5410, 0xB518, 0xB518, 0x1621,
0xB829, 0x3932, 0x9A3A, 0x9A3A, 0xBA3A, 0x5829, 0x3729, 0x1729, 0xB628, 0xB628,
0x7520, 0x3520, 0x1420, 0x1420, 0x1420, 0x1420, 0x1420, 0x1420, 0x1420, 0x1420,
0x1420, 0x1420, 0x1420, 0x1420, 0x1420, 0x1420, 0x1420, 0x1420, 0x1420, 0x1420,
0x1420, 0x1420, 0x1420, 0x1420, 0x1420, 0x1420, 0x1420, 0x1420, 0x1420, 0x1420,
0x1420, 0x1420, 0x1420, 0x1420, 0x1420, 0x1420, 0x1420, 0x1420, 0x1420, 0x1420,
0x1420, 0x1420, 0x1420, 0x1420, 0x1310, 0x1418, 0x1418, 0x5528, 0x1528, 0x1420,
0x1528, 0x1528, 0x3630, 0x1318, 0x1428, 0x3630, 0x3630, 0x1528, 0x1518, 0x1410,
0x5520, 0x1100, 0x1100, 0x3210, 0x3618, 0x1508, 0x5618, 0x5618, 0x3518, 0x1518,
0x7628, 0x1210, 0x1210, 0x1318, 0x1520, 0x1420, 0x1428, 0x1428, 0x1220, 0x1110,
0x9520, 0x3518, 0x9720, 0x9720, 0x1210, 0x3420, 0x1428, 0x1528, 0x1528, 0x3630,
0x1528, 0x1318, 0x3528, 0x3528, 0x1420, 0x1420, 0x3420, 0x3520, 0x3520, 0x3520,
0x1520, 0x1520, 0x1520, 0x1420, 0x1420, 0x1420, 0x1420, 0x1420, 0x1420, 0x1420,
0x1420, 0x1420, 0x1420, 0x1420, 0x1420, 0x1420, 0x1420, 0x1420, 0x1420, 0x1420,
0x1420, 0x1420, 0x1420, 0x1420, 0x1420, 0x1420, 0x1420, 0x1420, 0x1420, 0x1420,
0x1420, 0x1420, 0x1420, 0x1420, 0x1420, 0x1420, 0x1420, 0x1420, 0x1420, 0x1420,
0x1420, 0x1420, 0x1420, 0x1420, 0x1420, 0x1420, 0x1420, 0x1420, 0x1420, 0x1420,
0x1420, 0x1420, 0x1420, 0x1420, 0x1420, 0x1420, 0x1420, 0x1420, 0x1420, 0x1420,
0x1420, 0x1420, 0x1420, 0x1420, 0x1420, 0x1420, 0x1420, 0x1420, 0x1420, 0x1420,
0x1420, 0x1420, 0x1420, 0x1420, 0x1420, 0x1420, 0x1420, 0x1420, 0x1420, 0x1420,
0x1420, 0x1420, 0x1420, 0x1420, 0x1420, 0x1420, 0x1420, 0x1420, 0x1420, 0x1420,
0x1420, 0x1420, 0x1420, 0x1420, 0x1420, 0x1420, 0x1420, 0x1420, 0x1420, 0x1420,
0x1420, 0x1420, 0x1420, 0x1420, 0x1420, 0x1420, 0x1420, 0x1420, 0x1420, 0x1420,
0x1420, 0x1420, 0x1420, 0x1420, 0x1420, 0x1420, 0x1420, 0x1420, 0x1420, 0x1420,
0x1420, 0x1420, 0x1420, 0x1420, 0x1420, 0x1420, 0x1520, 0x1628, 0x3528, 0x3528,
0x1418, 0x3420, 0xB630, 0x1110, 0x3428, 0x3428, 0x7428, 0x7428, 0x1210, 0x3510,
0x3510, 0x7710, 0x7A29, 0x1511, 0x3B53, 0x3B53, 0x5A4B, 0x5D43, 0x7B22, 0xD711,
0xD711, 0xB93A, 0xFC63, 0x7B4B, 0xBA2A, 0x3709, 0x3709, 0xB93A, 0x784B, 0x9853,
0xBB5B, 0xBB5B, 0xD621, 0xF608, 0x5811, 0x9620, 0x9620, 0x1418, 0x1528, 0x1420,
0x1420, 0x1420, 0x3520, 0x1310, 0x1320, 0x1420, 0x1420, 0x1420, 0x1420, 0x1420,
0x1420, 0x1420, 0x1420, 0x1420, 0x1420, 0x1420, 0x1420, 0x1420, 0x1420, 0x1420,
0x1420, 0x1420, 0x1420, 0x1420, 0x1420, 0x1420, 0x1420, 0x1420, 0x1420, 0x1420,
0x1420, 0x1420, 0x1420, 0x1420, 0x1420, 0x1618, 0x1831, 0x1D63, 0x1D63, 0xF84A,
0xF221, 0x5E8D, 0x7A74, 0x7A74, 0x7F9D, 0xBC64, 0x594B, 0x183A, 0x1310, 0x1310,
0x9830, 0x1628, 0x3528, 0x3420, 0x3420, 0x1420, 0x1420, 0x1420, 0x1420, 0x1420,
0x1420, 0x1420, 0x1420, 0x1420, 0x1420, 0x1420, 0x1420, 0x1420, 0x1420, 0x1420,
0x1420, 0x1420, 0x1420, 0x1420, 0x1420, 0x1420, 0x1420, 0x1420, 0x1420, 0x1420,
0x1420, 0x1420, 0x1420, 0x1420, 0x1420, 0x1420, 0x1420, 0x1420, 0x1420, 0x1420,
0x1420, 0x1420, 0x1420, 0x1420, 0x1420, 0x1420, 0x1420, 0x1420, 0x1420, 0x1420,
0x1420, 0x1420, 0x1420, 0x1420, 0x1420, 0x1420, 0x1420, 0x1420, 0x1420, 0x1420,
0x1420, 0x1420, 0x1420, 0x1420, 0x1420, 0x1420, 0x1420, 0x1420, 0x1420, 0x1420,
0x1420, 0x1420, 0x1420, 0x1420, 0x1420, 0x1420, 0x1420, 0x1420, 0x1420, 0x1420,
0x1420, 0x1420, 0x1420, 0x1420, 0x1420, 0x1420, 0x1420, 0x1420, 0x1420, 0x1420,
0x1420, 0x1420, 0x1420, 0x1420, 0x1420, 0x1420, 0x1420, 0x1420, 0x1420, 0x1420,
0x1420, 0x1420, 0x1420, 0x1420, 0x1420, 0x1420, 0x1420, 0x1420, 0x1420, 0x1420,
0x1420, 0x1420, 0x1420, 0x1420, 0x1420, 0x1420, 0x1420, 0x1420, 0x1420, 0x1420,
0x1420, 0x1420, 0x1420, 0x1420, 0x1420, 0x1420, 0x1420, 0x1420, 0x1420, 0x1420,
0x1420, 0x1420, 0x1420, 0x1420, 0x1420, 0x1420, 0x1420, 0x1420, 0x1420, 0x1420,
0x1420, 0x1420, 0x1420, 0x1420, 0x1420, 0x1420, 0x1420, 0x1420, 0x1420, 0x1420,
0x1420, 0x1420, 0x1420, 0x1420, 0x1420, 0x1420, 0x1420, 0x1420, 0x1420, 0x1420,
0x1420, 0x1420, 0x1420, 0x1420, 0x1420, 0x1420, 0x1420, 0x1420, 0x1420, 0x1420,
0x1420, 0x1420, 0x1420, 0x1420, 0x1420, 0x1420, 0x1420, 0x1420, 0x1420, 0x1420,
0x1420, 0x1420, 0x1420, 0x1420, 0x1420, 0x1420, 0x1420, 0x1420, 0x1420, 0x1420,
0x1420, 0x1420, 0x1420, 0x1420, 0x1420, 0x1420, 0x1420, 0x1420, 0x1420, 0x1420,
0x1420, 0x1420, 0x1420, 0x1420, 0x1420, 0x1420, 0x1420, 0x1420, 0x1420, 0x1420,
0x1420, 0x1420, 0x1420, 0x1420, 0x1420, 0x1420, 0x1420, 0x1420, 0x1420, 0x1420,
0x1420, 0x1420, 0x1420, 0x1420, 0x1420, 0x1420, 0x1420, 0x1218, 0x1420, 0x1420,
0x1418, 0x3520, 0x3520, 0x1520, 0x1520, 0x1520, 0xD520, 0xB418, 0x5208, 0xB310,
0xB310, 0x5942, 0x3B53, 0x1A64, 0x9D8D, 0x9D8D, 0x7C95, 0xFF9D, 0x9D6C, 0xFA5B,
0xFA5B, 0x3FAE, 0xD97C, 0x7FAE, 0x3A5C, 0xDA5B, 0xDA5B, 0x9C74, 0x7F8D, 0x594B,
0xFE63, 0xFE63, 0x7D53, 0xB93A, 0xF421, 0x9418, 0x9418, 0x1210, 0x1428, 0x1320,
0x1310, 0x1310, 0x1310, 0x1418, 0x5530, 0x1420, 0x1420, 0x1420, 0x1420, 0x1420,
0x1420, 0x1420, 0x1420, 0x1420, 0x1420, 0x1420, 0x1420, 0x1420, 0x1420, 0x1420,
0x1420, 0x1420, 0x1420, 0x1420, 0x1420, 0x1420, 0x1420, 0x1420, 0x1420, 0x1420,
0x1420, 0x1420, 0x1420, 0x1420, 0x1420, 0x1108, 0x9529, 0x3C74, 0x3C74, 0x5E85,
0x1A75, 0xFFB6, 0xBC95, 0xBC95, 0x5FAE, 0x9E6C, 0x3A4B, 0xD731, 0x5410, 0x5410,
0x9728, 0x1418, 0x1420, 0x1318, 0x1318, 0x1420, 0x1420, 0x1420, 0x1420, 0x1420,
0x1420, 0x1420, 0x1420, 0x1420, 0x1420, 0x1420, 0x1420, 0x1420, 0x1420, 0x1420,
0x1420, 0x1420, 0x1420, 0x1420, 0x1420, 0x1420, 0x1420, 0x1420, 0x1420, 0x1420,
0x1420, 0x1420, 0x1420, 0x1420, 0x1420, 0x1420, 0x1420, 0x1420, 0x1420, 0x1420,
0x1420, 0x1420, 0x1420, 0x1420, 0x1420, 0x1420, 0x1420, 0x1420, 0x1420, 0x1420,
0x1420, 0x1420, 0x1420, 0x1420, 0x1420, 0x1420, 0x1420, 0x1420, 0x1420, 0x1420,
0x1420, 0x1420, 0x1420, 0x1420, 0x1420, 0x1420, 0x1420, 0x1420, 0x1420, 0x1420,
0x1420, 0x1420, 0x1420, 0x1420, 0x1420, 0x1420, 0x1420, 0x1420, 0x1420, 0x1420,
0x1420, 0x1420, 0x1420, 0x1420, 0x1420, 0x1420, 0x1420, 0x1420, 0x1420, 0x1420,
0x1420, 0x1420, 0x1420, 0x1420, 0x1420, 0x1420, 0x1420, 0x1420, 0x1420, 0x1420,
0x1420, 0x1420, 0x1420, 0x1420, 0x1420, 0x1420, 0x1420, 0x1420, 0x1420, 0x1420,
0x1420, 0x1420, 0x1420, 0x1420, 0x1420, 0x1420, 0x1420, 0x1420, 0x1420, 0x1420,
0x1420, 0x1420, 0x1420, 0x1420, 0x1420, 0x1420, 0x1420, 0x1420, 0x1420, 0x1420,
0x1420, 0x1420, 0x1420, 0x1420, 0x1420, 0x1420, 0x1420, 0x1420, 0x1420, 0x1420,
0x1420, 0x1420, 0x1420, 0x1420, 0x1420, 0x1420, 0x1420, 0x1420, 0x1420, 0x1420,
0x1420, 0x1420, 0x1420, 0x1420, 0x1420, 0x1420, 0x1420, 0x1420, 0x1420, 0x1420,
0x1420, 0x1420, 0x1420, 0x1420, 0x1420, 0x1420, 0x1420, 0x1420, 0x1420, 0x1420,
0x1420, 0x1420, 0x1420, 0x1420, 0x1420, 0x1420, 0x1420, 0x1420, 0x1420, 0x1420,
0x1420, 0x1420, 0x1420, 0x1420, 0x1420, 0x1420, 0x1420, 0x1420, 0x1420, 0x1420,
0x1420, 0x1420, 0x1420, 0x1420, 0x1420, 0x1420, 0x1420, 0x1420, 0x1420, 0x1420,
0x1420, 0x1420, 0x1420, 0x1420, 0x1420, 0x1420, 0x1420, 0x1420, 0x1420, 0x1420,
0x1420, 0x1420, 0x1420, 0x1420, 0x1420, 0x1420, 0x1420, 0x1420, 0x1420, 0x1420,
0x1420, 0x1420, 0x1420, 0x1420, 0x1420, 0x1420, 0x5328, 0x1218, 0x5320, 0x5320,
0x1310, 0x1410, 0x1410, 0xB728, 0x1300, 0x1300, 0x3919, 0xFA31, 0x5519, 0x3732,
0x3732, 0xFC63, 0x9B6C, 0xFD95, 0xBDAE, 0xBDAE, 0x7CDF, 0x3ECF, 0xBEB6, 0x5CAE,
0x5CAE, 0x5AB6, 0x7ED7, 0x3AA6, 0x7DA6, 0x3B64, 0x3B64, 0x796C, 0xDFB6, 0xDD95,
0x3FA6, 0x3FA6, 0x1FA6, 0x1C64, 0x9B53, 0x7521, 0x7521, 0x5208, 0x7420, 0x3420,
0x3418, 0x3418, 0x1310, 0x3520, 0x3528, 0x1420, 0x1420, 0x1420, 0x1420, 0x1420,
0x1420, 0x1420, 0x1420, 0x1420, 0x1420, 0x1420, 0x1420, 0x1420, 0x1420, 0x1420,
0x1420, 0x1420, 0x1420, 0x1420, 0x1420, 0x1420, 0x1420, 0x1420, 0x1420, 0x1420,
0x1420, 0x1420, 0x1420, 0x1420, 0x1420, 0xB208, 0xD521, 0x9953, 0x9953, 0xDC74,
0x9E85, 0x5F9E, 0x796C, 0x796C, 0xD75B, 0x9621, 0x3519, 0x9208, 0xF418, 0xF418,
0xB418, 0x1208, 0x3520, 0x1420, 0x1420, 0x1420, 0x1420, 0x1420, 0x1420, 0x1420,
0x1420, 0x1420, 0x1420, 0x1420, 0x1420, 0x1420, 0x1420, 0x1420, 0x1420, 0x1420,
0x1420, 0x1420, 0x1420, 0x1420, 0x1420, 0x1420, 0x1420, 0x1420, 0x1420, 0x1420,
0x1420, 0x1420, 0x1420, 0x1420, 0x1420, 0x1420, 0x1420, 0x1420, 0x1420, 0x1420,
0x1420, 0x1420, 0x1420, 0x1420, 0x1420, 0x1420, 0x1420, 0x1420, 0x1420, 0x1420,
0x1420, 0x1420, 0x1420, 0x1420, 0x1420, 0x1420, 0x1420, 0x1420, 0x1420, 0x1420,
0x1420, 0x1420, 0x1420, 0x1420, 0x1420, 0x1420, 0x1420, 0x1420, 0x1420, 0x1420,
0x1420, 0x1420, 0x1420, 0x1420, 0x1420, 0x1420, 0x1420, 0x1420, 0x1420, 0x1420,
0x1420, 0x1420, 0x1420, 0x1420, 0x1420, 0x1420, 0x1420, 0x1420, 0x1420, 0x1420,
0x1420, 0x1420, 0x1420, 0x1420, 0x1420, 0x1420, 0x1420, 0x1420, 0x1420, 0x1420,
0x1420, 0x1420, 0x1420, 0x1420, 0x1420, 0x1420, 0x1420, 0x1420, 0x1420, 0x1420,
0x1420, 0x1420, 0x1420, 0x1420, 0x1420, 0x1420, 0x1420, 0x1420, 0x1420, 0x1420,
0x1420, 0x1420, 0x1420, 0x1420, 0x1420, 0x1420, 0x1420, 0x1420, 0x1420, 0x1420,
0x1420, 0x1420, 0x1420, 0x1420, 0x1420, 0x1420, 0x1420, 0x1420, 0x1420, 0x1420,
0x1420, 0x1420, 0x1420, 0x1420, 0x1420, 0x1420, 0x1420, 0x1420, 0x1420, 0x1420,
0x1420, 0x1420, 0x1420, 0x1420, 0x1420, 0x1420, 0x1420, 0x1420, 0x1420, 0x1420,
0x1420, 0x1420, 0x1420, 0x1420, 0x1420, 0x1420, 0x1420, 0x1420, 0x1420, 0x1420,
0x1420, 0x1420, 0x1420, 0x1420, 0x1420, 0x1420, 0x1420, 0x1420, 0x1420, 0x1420,
0x1420, 0x1420, 0x1420, 0x1420, 0x1420, 0x1420, 0x1420, 0x1420, 0x1420, 0x1420,
0x1420, 0x1420, 0x1420, 0x1420, 0x1420, 0x1420, 0x1420, 0x1420, 0x1420, 0x1420,
0x1420, 0x1420, 0x1420, 0x1420, 0x1420, 0x1420, 0x1420, 0x1420, 0x1420, 0x1420,
0x1420, 0x1420, 0x1420, 0x1420, 0x1420, 0x1420, 0x1420, 0x1420, 0x1420, 0x1420,
0x1420, 0x1420, 0x1420, 0x1420, 0x1420, 0x1420, 0x5328, 0x1218, 0x5320, 0x5320,
0x1310, 0x1410, 0x1410, 0xB728, 0x1300, 0x1300, 0x3919, 0xFA31, 0x5519, 0x3732,
0x3732, 0xFC63, 0x9B6C, 0xFD95, 0xBDAE, 0xBDAE, 0x7CDF, 0x3ECF, 0xBEB6, 0x5CAE,
0x5CAE, 0x5AB6, 0x7ED7, 0x3AA6, 0x7DA6, 0x3B64, 0x3B64, 0x796C, 0xDFB6, 0xDD95,
0x3FA6, 0x3FA6, 0x1FA6, 0x1C64, 0x9B53, 0x7521, 0x7521, 0x5208, 0x7420, 0x3420,
0x3418, 0x3418, 0x1310, 0x3520, 0x3528, 0x1420, 0x1420, 0x1420, 0x1420, 0x1420,
0x1420, 0x1420, 0x1420, 0x1420, 0x1420, 0x1420, 0x1420, 0x1420, 0x1420, 0x1420,
0x1420, 0x1420, 0x1420, 0x1420, 0x1420, 0x1420, 0x1420, 0x1420, 0x1420, 0x1420,
0x1420, 0x1420, 0x1420, 0x1420, 0x1420, 0xB208, 0xD521, 0x9953, 0x9953, 0xDC74,
0x9E85, 0x5F9E, 0x796C, 0x796C, 0xD75B, 0x9621, 0x3519, 0x9208, 0xF418, 0xF418,
0xB418, 0x1208, 0x3520, 0x1420, 0x1420, 0x1420, 0x1420, 0x1420, 0x1420, 0x1420,
0x1420, 0x1420, 0x1420, 0x1420, 0x1420, 0x1420, 0x1420, 0x1420, 0x1420, 0x1420,
0x1420, 0x1420, 0x1420, 0x1420, 0x1420, 0x1420, 0x1420, 0x1420, 0x1420, 0x1420,
0x1420, 0x1420, 0x1420, 0x1420, 0x1420, 0x1420, 0x1420, 0x1420, 0x1420, 0x1420,
0x1420, 0x1420, 0x1420, 0x1420, 0x1420, 0x1420, 0x1420, 0x1420, 0x1420, 0x1420,
0x1420, 0x1420, 0x1420, 0x1420, 0x1420, 0x1420, 0x1420, 0x1420, 0x1420, 0x1420,
0x1420, 0x1420, 0x1420, 0x1420, 0x1420, 0x1420, 0x1420, 0x1420, 0x1420, 0x1420,
0x1420, 0x1420, 0x1420, 0x1420, 0x1420, 0x1420, 0x1420, 0x1420, 0x1420, 0x1420,
0x1420, 0x1420, 0x1420, 0x1420, 0x1420, 0x1420, 0x1420, 0x1420, 0x1420, 0x1420,
0x1420, 0x1420, 0x1420, 0x1420, 0x1420, 0x1420, 0x1420, 0x1420, 0x1420, 0x1420,
0x1420, 0x1420, 0x1420, 0x1420, 0x1420, 0x1420, 0x1420, 0x1420, 0x1420, 0x1420,
0x1420, 0x1420, 0x1420, 0x1420, 0x1420, 0x1420, 0x1420, 0x1420, 0x1420, 0x1420,
0x1420, 0x1420, 0x1420, 0x1420, 0x1420, 0x1420, 0x1420, 0x1420, 0x1420, 0x1420,
0x1420, 0x1420, 0x1420, 0x1420, 0x1420, 0x1420, 0x1420, 0x1420, 0x1420, 0x1420,
0x1420, 0x1420, 0x1420, 0x1420, 0x1420, 0x1420, 0x1420, 0x1420, 0x1420, 0x1420,
0x1420, 0x1420, 0x1420, 0x1420, 0x1420, 0x1420, 0x1420, 0x1420, 0x1420, 0x1420,
0x1420, 0x1420, 0x1420, 0x1420, 0x1420, 0x1420, 0x1420, 0x1420, 0x1420, 0x1420,
0x1420, 0x1420, 0x1420, 0x1420, 0x1420, 0x1420, 0x1420, 0x1420, 0x1420, 0x1420,
0x1420, 0x1420, 0x1420, 0x1420, 0x1420, 0x1420, 0x1420, 0x1420, 0x1420, 0x1420,
0x1420, 0x1420, 0x1420, 0x1420, 0x1420, 0x1420, 0x1420, 0x1420, 0x1420, 0x1420,
0x1420, 0x1420, 0x1420, 0x1420, 0x1420, 0x1420, 0x1420, 0x1420, 0x1420, 0x1420,
0x1420, 0x1420, 0x1420, 0x1420, 0x1420, 0x1420, 0x1420, 0x1420, 0x1420, 0x1420,
0x1420, 0x1420, 0x1420, 0x1420, 0x1420, 0x1420, 0x1110, 0xD428, 0xF520, 0xF520,
0x3621, 0x9731, 0xF839, 0xBB4A, 0xF418, 0xF418, 0x5811, 0x5E53, 0xD93A, 0x9E74,
0x9E74, 0x1E85, 0x9D95, 0x7DAE, 0xDCB6, 0xDCB6, 0xB6CE, 0x1ACF, 0x5ED7, 0x1DCF,
0x1DCF, 0x9DDF, 0x7BD7, 0xFABE, 0xDBB6, 0xDF9D, 0xDF9D, 0x9B8D, 0x1DBF, 0x1DBF,
0xBA8D, 0xBA8D, 0x9D8D, 0xFA5B, 0xDE7C, 0x3A43, 0x3A43, 0x9519, 0x5521, 0xD518,
0x1721, 0x1721, 0xD618, 0xF728, 0x1420, 0x1420, 0x1420, 0x1420, 0x1420, 0x1420,
0x1420, 0x1420, 0x1420, 0x1420, 0x1420, 0x1420, 0x1420, 0x1420, 0x1420, 0x1420,
0x1420, 0x1420, 0x1420, 0x1420, 0x1420, 0x1420, 0x1420, 0x1420, 0x1420, 0x1420,
0x1420, 0x1420, 0x1420, 0x1420, 0x1420, 0x7821, 0x5A3A, 0x3932, 0x3932, 0x372A,
0x1B4B, 0x7C5B, 0x583A, 0x583A, 0xF310, 0x1408, 0xD618, 0x3519, 0x9A42, 0x9A42,
0x7621, 0x1208, 0x3520, 0x1528, 0x1528, 0x1420, 0x1420, 0x1420, 0x1420, 0x1420,
0x1420, 0x1420, 0x1420, 0x1420, 0x1420, 0x1420, 0x1420, 0x1420, 0x1420, 0x1420,
0x1420, 0x1420, 0x1420, 0x1420, 0x1420, 0x1420, 0x1420, 0x1420, 0x1420, 0x1420,
0x1420, 0x1420, 0x1420, 0x1420, 0x1420, 0x1420, 0x1420, 0x1420, 0x1420, 0x1420,
0x1420, 0x1420, 0x1420, 0x1420, 0x1420, 0x1420, 0x1420, 0x1420, 0x1420, 0x1420,
0x1420, 0x1420, 0x1420, 0x1420, 0x1420, 0x1420, 0x1420, 0x1420, 0x1420, 0x1420,
0x1420, 0x1420, 0x1420, 0x1420, 0x1420, 0x1420, 0x1420, 0x1420, 0x1420, 0x1420,
0x1420, 0x1420, 0x1420, 0x1420, 0x1420, 0x1420, 0x1420, 0x1420, 0x1420, 0x1420,
0x1420, 0x1420, 0x1420, 0x1420, 0x1420, 0x1420, 0x1420, 0x1420, 0x1420, 0x1420,
0x1420, 0x1420, 0x1420, 0x1420, 0x1420, 0x1420, 0x1420, 0x1420, 0x1420, 0x1420,
0x1420, 0x1420, 0x1420, 0x1420, 0x1420, 0x1420, 0x1420, 0x1420, 0x1420, 0x1420,
0x1420, 0x1420, 0x1420, 0x1420, 0x1420, 0x1420, 0x1420, 0x1420, 0x1420, 0x1420,
0x1420, 0x1420, 0x1420, 0x1420, 0x1420, 0x1420, 0x1420, 0x1420, 0x1420, 0x1420,
0x1420, 0x1420, 0x1420, 0x1420, 0x1420, 0x1420, 0x1420, 0x1420, 0x1420, 0x1420,
0x1420, 0x1420, 0x1420, 0x1420, 0x1420, 0x1420, 0x1420, 0x1420, 0x1420, 0x1420,
0x1420, 0x1420, 0x1420, 0x1420, 0x1420, 0x1420, 0x1420, 0x1420, 0x1420, 0x1420,
0x1420, 0x1420, 0x1420, 0x1420, 0x1420, 0x1420, 0x1420, 0x1420, 0x1420, 0x1420,
0x1420, 0x1420, 0x1420, 0x1420, 0x1420, 0x1420, 0x1420, 0x1420, 0x1420, 0x1420,
0x1420, 0x1420, 0x1420, 0x1420, 0x1420, 0x1420, 0x1420, 0x1420, 0x1420, 0x1420,
0x1420, 0x1420, 0x1420, 0x1420, 0x1420, 0x1420, 0x1420, 0x1420, 0x1420, 0x1420,
0x1420, 0x1420, 0x1420, 0x1420, 0x1420, 0x1420, 0x1420, 0x1420, 0x1420, 0x1420,
0x1420, 0x1420, 0x1420, 0x1420, 0x1420, 0x1420, 0x1420, 0x1420, 0x1420, 0x1420,
0x1420, 0x1420, 0x1420, 0x1420, 0x1420, 0x1420, 0xF520, 0x7B52, 0x393A, 0x393A,
0x5C53, 0xFD63, 0xFB5B, 0xF95B, 0x153B, 0x153B, 0xB63A, 0xFC84, 0xFA7C, 0x7FB6,
0x7FB6, 0x7EB6, 0xDFC6, 0x5ECF, 0x3CC7, 0x3CC7, 0x7CE7, 0xFFEF, 0xFFCE, 0x3FD7,
0x3FD7, 0x9FE7, 0xBEE7, 0x9DD7, 0x3DC7, 0x1DBF, 0x1DBF, 0x1DBF, 0x3EC7, 0x7DAE,
0xB974, 0xB974, 0x5D8D, 0x7C8D, 0xFD95, 0x5F75, 0x5F75, 0x1D5C, 0x1B4B, 0x3932,
0xF929, 0xF929, 0x9821, 0x5829, 0x5418, 0x1420, 0x1420, 0x1420, 0x1420, 0x1420,
0x1420, 0x1420, 0x1420, 0x1420, 0x1420, 0x1420, 0x1420, 0x1420, 0x1420, 0x1420,
0x1420, 0x1420, 0x1420, 0x1420, 0x1420, 0x1420, 0x1420, 0x1420, 0x1420, 0x1420,
0x1420, 0x1420, 0x1420, 0x1420, 0x1420, 0xF820, 0xBB39, 0x1821, 0x1821, 0x5408,
0xB618, 0xD720, 0xF728, 0xF728, 0x3518, 0x3620, 0x1831, 0x9829, 0x3C5B, 0x3C5B,
0xB729, 0x3310, 0x3420, 0x1528, 0x1528, 0x1420, 0x1420, 0x1420, 0x1420, 0x1420,
0x1420, 0x1420, 0x1420, 0x1420, 0x1420, 0x1420, 0x1420, 0x1420, 0x1420, 0x1420,
0x1420, 0x1420, 0x1420, 0x1420, 0x1420, 0x1420, 0x1420, 0x1420, 0x1420, 0x1420,
0x1420, 0x1420, 0x1420, 0x1420, 0x1420, 0x1420, 0x1420, 0x1420, 0x1420, 0x1420,
0x1420, 0x1420, 0x1420, 0x1420, 0x1420, 0x1420, 0x1420, 0x1420, 0x1420, 0x1420,
0x1420, 0x1420, 0x1420, 0x1420, 0x1420, 0x1420, 0x1420, 0x1420, 0x1420, 0x1420,
0x1420, 0x1420, 0x1420, 0x1420, 0x1420, 0x1420, 0x1420, 0x1420, 0x1420, 0x1420,
0x1420, 0x1420, 0x1420, 0x1420, 0x1420, 0x1420, 0x1420, 0x1420, 0x1420, 0x1420,
0x1420, 0x1420, 0x1420, 0x1420, 0x1420, 0x1420, 0x1420, 0x1420, 0x1420, 0x1420,
0x1420, 0x1420, 0x1420, 0x1420, 0x1420, 0x1420, 0x1420, 0x1420, 0x1420, 0x1420,
0x1420, 0x1420, 0x1420, 0x1420, 0x1420, 0x1420, 0x1420, 0x1420, 0x1420, 0x1420,
0x1420, 0x1420, 0x1420, 0x1420, 0x1420, 0x1420, 0x1420, 0x1420, 0x1420, 0x1420,
0x1420, 0x1420, 0x1420, 0x1420, 0x1420, 0x1420, 0x1420, 0x1420, 0x1420, 0x1420,
0x1420, 0x1420, 0x1420, 0x1420, 0x1420, 0x1420, 0x1420, 0x1420, 0x1420, 0x1420,
0x1420, 0x1420, 0x1420, 0x1420, 0x1420, 0x1420, 0x1420, 0x1420, 0x1420, 0x1420,
0x1420, 0x1420, 0x1420, 0x1420, 0x1420, 0x1420, 0x1420, 0x1420, 0x1420, 0x1420,
0x1420, 0x1420, 0x1420, 0x1420, 0x1420, 0x1420, 0x1420, 0x1420, 0x1420, 0x1420,
0x1420, 0x1420, 0x1420, 0x1420, 0x1420, 0x1420, 0x1420, 0x1420, 0x1420, 0x1420,
0x1420, 0x1420, 0x1420, 0x1420, 0x1420, 0x1420, 0x1420, 0x1420, 0x1420, 0x1420,
0x1420, 0x1420, 0x1420, 0x1420, 0x1420, 0x1420, 0x1420, 0x1420, 0x1420, 0x1420,
0x1420, 0x1420, 0x1420, 0x1420, 0x1420, 0x1420, 0x1420, 0x1420, 0x1420, 0x1420,
0x1420, 0x1420, 0x1420, 0x1420, 0x1420, 0x1420, 0x1420, 0x1420, 0x1420, 0x1420,
0x1420, 0x1420, 0x1420, 0x1420, 0x1420, 0x1420, 0x3410, 0x3729, 0xD410, 0xD410,
0xFB4A, 0x3E64, 0x9C6C, 0x9D85, 0xBFA6, 0xBFA6, 0xDA95, 0xFDBE, 0x5CC7, 0x3BC7,
0x3BC7, 0x5CCF, 0x7DD7, 0x5CCF, 0xB8BE, 0xB8BE, 0x9DC6, 0x5FB6, 0x1C8D, 0xBA84,
0xBA84, 0x7EBE, 0x9BC6, 0xFDC6, 0x1AA6, 0x5AAE, 0x5AAE, 0xBBB6, 0x5DC7, 0x9CAE,
0x3EA6, 0x3EA6, 0xDE95, 0x5FA6, 0x1B7D, 0x9A43, 0x9A43, 0xDC53, 0x1B4B, 0x7932,
0xF821, 0xF821, 0xB821, 0x1721, 0x3410, 0x1420, 0x1420, 0x1420, 0x1420, 0x1420,
0x1420, 0x1420, 0x1420, 0x1420, 0x1420, 0x1420, 0x1420, 0x1420, 0x1420, 0x1420,
0x1420, 0x1420, 0x1420, 0x1420, 0x1420, 0x1420, 0x1420, 0x1420, 0x1420, 0x1420,
0x1420, 0x1420, 0x1420, 0x1420, 0x1420, 0x3318, 0x7420, 0x1318, 0x1318, 0x1318,
0x5420, 0x1310, 0x3420, 0x3420, 0x1418, 0x1520, 0x5620, 0x3410, 0x7731, 0x7731,
0xD518, 0x5318, 0x1420, 0x1528, 0x1528, 0x1420, 0x1420, 0x1420, 0x1420, 0x1420,
0x1420, 0x1420, 0x1420, 0x1420, 0x1420, 0x1420, 0x1420, 0x1420, 0x1420, 0x1420,
0x1420, 0x1420, 0x1420, 0x1420, 0x1420, 0x1420, 0x1420, 0x1420, 0x1420, 0x1420,
0x1420, 0x1420, 0x1420, 0x1420, 0x1420, 0x1420, 0x1420, 0x1420, 0x1420, 0x1420,
0x1420, 0x1420, 0x1420, 0x1420, 0x1420, 0x1420, 0x1420, 0x1420, 0x1420, 0x1420,
0x1420, 0x1420, 0x1420, 0x1420, 0x1420, 0x1420, 0x1420, 0x1420, 0x1420, 0x1420,
0x1420, 0x1420, 0x1420, 0x1420, 0x1420, 0x1420, 0x1420, 0x1420, 0x1420, 0x1420,
0x1420, 0x1420, 0x1420, 0x1420, 0x1420, 0x1420, 0x1420, 0x1420, 0x1420, 0x1420,
0x1420, 0x1420, 0x1420, 0x1420, 0x1420, 0x1420, 0x1420, 0x1420, 0x1420, 0x1420,
0x1420, 0x1420, 0x1420, 0x1420, 0x1420, 0x1420, 0x1420, 0x1420, 0x1420, 0x1420,
0x1420, 0x1420, 0x1420, 0x1420, 0x1420, 0x1420, 0x1420, 0x1420, 0x1420, 0x1420,
0x1420, 0x1420, 0x1420, 0x1420, 0x1420, 0x1420, 0x1420, 0x1420, 0x1420, 0x1420,
0x1420, 0x1420, 0x1420, 0x1420, 0x1420, 0x1420, 0x1420, 0x1420, 0x1420, 0x1420,
0x1420, 0x1420, 0x1420, 0x1420, 0x1420, 0x1420, 0x1420, 0x1420, 0x1420, 0x1420,
0x1420, 0x1420, 0x1420, 0x1420, 0x1420, 0x1420, 0x1420, 0x1420, 0x1420, 0x1420,
0x1420, 0x1420, 0x1420, 0x1420, 0x1420, 0x1420, 0x1420, 0x1420, 0x1420, 0x1420,
0x1420, 0x1420, 0x1420, 0x1420, 0x1420, 0x1420, 0x1420, 0x1420, 0x1420, 0x1420,
0x1420, 0x1420, 0x1420, 0x1420, 0x1420, 0x1420, 0x1420, 0x1420, 0x1420, 0x1420,
0x1420, 0x1420, 0x1420, 0x1420, 0x1420, 0x1420, 0x1420, 0x1420, 0x1420, 0x1420,
0x1420, 0x1420, 0x1420, 0x1420, 0x1420, 0x1420, 0x1420, 0x1420, 0x1420, 0x1420,
0x1420, 0x1420, 0x1420, 0x1420, 0x1420, 0x1420, 0x1420, 0x1420, 0x1420, 0x1420,
0x1420, 0x1420, 0x1420, 0x1420, 0x1420, 0x1420, 0x1420, 0x1420, 0x1420, 0x1420,
0x1420, 0x1420, 0x1420, 0x1420, 0x1420, 0x1420, 0x5520, 0x3418, 0x1300, 0x1300,
0x3621, 0x1832, 0xB73A, 0x9C74, 0x3FA6, 0x3FA6, 0x5EA6, 0xDEB6, 0xDFD7, 0x9AAE,
0x9AAE, 0x7AAE, 0x1EC7, 0x5BAE, 0x19A6, 0x19A6, 0x576C, 0x1F9E, 0x173B, 0x9F95,
0x9F95, 0xDDA5, 0x3FD7, 0x9FD7, 0x5BA6, 0xFFC6, 0xFFC6, 0xBCBE, 0xFBBE, 0x38A6,
0x7CA6, 0x7CA6, 0xDA74, 0xDC74, 0x584B, 0xB100, 0xB100, 0x5832, 0x7621, 0x1519,
0xD408, 0xD408, 0x5721, 0xB520, 0x1318, 0x1420, 0x1420, 0x1420, 0x1420, 0x1420,
0x1420, 0x1420, 0x1420, 0x1420, 0x1420, 0x1420, 0x1420, 0x1420, 0x1420, 0x1420,
0x1420, 0x1420, 0x1420, 0x1420, 0x1420, 0x1420, 0x1420, 0x1420, 0x1420, 0x1420,
0x1420, 0x1420, 0x1420, 0x1420, 0x1420, 0x3320, 0x1320, 0x1218, 0x1218, 0x5428,
0x5428, 0x5420, 0x3420, 0x3420, 0x1218, 0x3528, 0x3520, 0x1310, 0x3418, 0x3418,
0x3418, 0x3520, 0x1418, 0x1420, 0x1420, 0x1420, 0x1420, 0x1420, 0x1420, 0x1420,
0x1420, 0x1420, 0x1420, 0x1420, 0x1420, 0x1420, 0x1420, 0x1420, 0x1420, 0x1420,
0x1420, 0x1420, 0x1420, 0x1420, 0x1420, 0x1420, 0x1420, 0x1420, 0x1420, 0x1420,
0x1420, 0x1420, 0x1420, 0x1420, 0x1420, 0x1420, 0x1420, 0x1420, 0x1420, 0x1420,
0x1420, 0x1420, 0x1420, 0x1420, 0x1420, 0x1420, 0x1420, 0x1420, 0x1420, 0x1420,
0x1420, 0x1420, 0x1420, 0x1420, 0x1420, 0x1420, 0x1420, 0x1420, 0x1420, 0x1420,
0x1420, 0x1420, 0x1420, 0x1420, 0x1420, 0x1420, 0x1420, 0x1420, 0x1420, 0x1420,
0x1420, 0x1420, 0x1420, 0x1420, 0x1420, 0x1420, 0x1420, 0x1420, 0x1420, 0x1420,
0x1420, 0x1420, 0x1420, 0x1420, 0x1420, 0x1420, 0x1420, 0x1420, 0x1420, 0x1420,
0x1420, 0x1420, 0x1420, 0x1420, 0x1420, 0x1420, 0x1420, 0x1420, 0x1420, 0x1420,
0x1420, 0x1420, 0x1420, 0x1420, 0x1420, 0x1420, 0x1420, 0x1420, 0x1420, 0x1420,
0x1420, 0x1420, 0x1420, 0x1420, 0x1420, 0x1420, 0x1420, 0x1420, 0x1420, 0x1420,
0x1420, 0x1420, 0x1420, 0x1420, 0x1420, 0x1420, 0x1420, 0x1420, 0x1420, 0x1420,
0x1420, 0x1420, 0x1420, 0x1420, 0x1420, 0x1420, 0x1420, 0x1420, 0x1420, 0x1420,
0x1420, 0x1420, 0x1420, 0x1420, 0x1420, 0x1420, 0x1420, 0x1420, 0x1420, 0x1420,
0x1420, 0x1420, 0x1420, 0x1420, 0x1420, 0x1420, 0x1420, 0x1420, 0x1420, 0x1420,
0x1420, 0x1420, 0x1420, 0x1420, 0x1420, 0x1420, 0x1420, 0x1420, 0x1420, 0x1420,
0x1420, 0x1420, 0x1420, 0x1420, 0x1420, 0x1420, 0x1420, 0x1420, 0x1420, 0x1420,
0x1420, 0x1420, 0x1420, 0x1420, 0x1420, 0x1420, 0x1420, 0x1420, 0x1420, 0x1420,
0x1420, 0x1420, 0x1420, 0x1420, 0x1420, 0x1420, 0x1420, 0x1420, 0x1420, 0x1420,
0x1420, 0x1420, 0x1420, 0x1420, 0x1420, 0x1420, 0x1420, 0x1420, 0x1420, 0x1420,
0x1420, 0x1420, 0x1420, 0x1420, 0x1420, 0x1420, 0x1420, 0x1420, 0x1420, 0x1420,
0x1420, 0x1420, 0x1420, 0x1420, 0x1420, 0x1420, 0x5520, 0x3418, 0x1300, 0x1300,
0x3621, 0x1832, 0xB73A, 0x9C74, 0x3FA6, 0x3FA6, 0x5EA6, 0xDEB6, 0xDFD7, 0x9AAE,
0x9AAE, 0x7AAE, 0x1EC7, 0x5BAE, 0x19A6, 0x19A6, 0x576C, 0x1F9E, 0x173B, 0x9F95,
0x9F95, 0xDDA5, 0x3FD7, 0x9FD7, 0x5BA6, 0xFFC6, 0xFFC6, 0xBCBE, 0xFBBE, 0x38A6,
0x7CA6, 0x7CA6, 0xDA74, 0xDC74, 0x584B, 0xB100, 0xB100, 0x5832, 0x7621, 0x1519,
0xD408, 0xD408, 0x5721, 0xB520, 0x1318, 0x1420, 0x1420, 0x1420, 0x1420, 0x1420,
0x1420, 0x1420, 0x1420, 0x1420, 0x1420, 0x1420, 0x1420, 0x1420, 0x1420, 0x1420,
0x1420, 0x1420, 0x1420, 0x1420, 0x1420, 0x1420, 0x1420, 0x1420, 0x1420, 0x1420,
0x1420, 0x1420, 0x1420, 0x1420, 0x1420, 0x3320, 0x1320, 0x1218, 0x1218, 0x5428,
0x5428, 0x5420, 0x3420, 0x3420, 0x1218, 0x3528, 0x3520, 0x1310, 0x3418, 0x3418,
0x3418, 0x3520, 0x1418, 0x1420, 0x1420, 0x1420, 0x1420, 0x1420, 0x1420, 0x1420,
0x1420, 0x1420, 0x1420, 0x1420, 0x1420, 0x1420, 0x1420, 0x1420, 0x1420, 0x1420,
0x1420, 0x1420, 0x1420, 0x1420, 0x1420, 0x1420, 0x1420, 0x1420, 0x1420, 0x1420,
0x1420, 0x1420, 0x1420, 0x1420, 0x1420, 0x1420, 0x1420, 0x1420, 0x1420, 0x1420,
0x1420, 0x1420, 0x1420, 0x1420, 0x1420, 0x1420, 0x1420, 0x1420, 0x1420, 0x1420,
0x1420, 0x1420, 0x1420, 0x1420, 0x1420, 0x1420, 0x1420, 0x1420, 0x1420, 0x1420,
0x1420, 0x1420, 0x1420, 0x1420, 0x1420, 0x1420, 0x1420, 0x1420, 0x1420, 0x1420,
0x1420, 0x1420, 0x1420, 0x1420, 0x1420, 0x1420, 0x1420, 0x1420, 0x1420, 0x1420,
0x1420, 0x1420, 0x1420, 0x1420, 0x1420, 0x1420, 0x1420, 0x1420, 0x1420, 0x1420,
0x1420, 0x1420, 0x1420, 0x1420, 0x1420, 0x1420, 0x1420, 0x1420, 0x1420, 0x1420,
0x1420, 0x1420, 0x1420, 0x1420, 0x1420, 0x1420, 0x1420, 0x1420, 0x1420, 0x1420,
0x1420, 0x1420, 0x1420, 0x1420, 0x1420, 0x1420, 0x1420, 0x1420, 0x1420, 0x1420,
0x1420, 0x1420, 0x1420, 0x1420, 0x1420, 0x1420, 0x1420, 0x1420, 0x1420, 0x1420,
0x1420, 0x1420, 0x1420, 0x1420, 0x1420, 0x1420, 0x1420, 0x1420, 0x1420, 0x1420,
0x1420, 0x1420, 0x1420, 0x1420, 0x1420, 0x1420, 0x1420, 0x1420, 0x1420, 0x1420,
0x1420, 0x1420, 0x1420, 0x1420, 0x1420, 0x1420, 0x1420, 0x1420, 0x1420, 0x1420,
0x1420, 0x1420, 0x1420, 0x1420, 0x1420, 0x1420, 0x1420, 0x1420, 0x1420, 0x1420,
0x1420, 0x1420, 0x1420, 0x1420, 0x1420, 0x1420, 0x1420, 0x1420, 0x1420, 0x1420,
0x1420, 0x1420, 0x1420, 0x1420, 0x1420, 0x1420, 0x1420, 0x1420, 0x1420, 0x1420,
0x1420, 0x1420, 0x1420, 0x1420, 0x1420, 0x1420, 0x1420, 0x1420, 0x1420, 0x1420,
0x1420, 0x1420, 0x1420, 0x1420, 0x1420, 0x1420, 0x1420, 0x1420, 0x1420, 0x1420,
0x1420, 0x1420, 0x1420, 0x1420, 0x1420, 0x1420, 0x1420, 0x1420, 0x1420, 0x1420,
0x1420, 0x1420, 0x1420, 0x1420, 0x1420, 0x1420, 0x3430, 0x1320, 0x3520, 0x3520,
0x5518, 0x9510, 0x3519, 0x5B5B, 0xDC6B, 0xDC6B, 0xBB53, 0xBC74, 0x5FA6, 0x9C8D,
0x9C8D, 0xD974, 0xFFBE, 0xBE95, 0x7FAE, 0x7FAE, 0x5D85, 0xFD6C, 0xFF74, 0x994B,
0x994B, 0xB97C, 0xFEC6, 0xBBB6, 0x3DC7, 0x3DCF, 0x3DCF, 0xFCC6, 0xBCB6, 0xFC9D,
0xFFA5, 0xFFA5, 0x7F8D, 0x5D85, 0x796C, 0xBA52, 0xBA52, 0x1F84, 0xD841, 0xB418,
0x1200, 0x1200, 0x1729, 0x5420, 0x1220, 0x1420, 0x1420, 0x1420, 0x1420, 0x1420,
0x1420, 0x1420, 0x1420, 0x1420, 0x1420, 0x1420, 0x1420, 0x1420, 0x1420, 0x1420,
0x1420, 0x1420, 0x1420, 0x1420, 0x1420, 0x1420, 0x1420, 0x1420, 0x1420, 0x1420,
0x1420, 0x1420, 0x1420, 0x1420, 0x1420, 0x1318, 0x1520, 0x1520, 0x1520, 0x1520,
0x1310, 0x1620, 0x5620, 0x5620, 0x1510, 0x1318, 0x1420, 0x1420, 0x1418, 0x1418,
0x1520, 0x3520, 0x1310, 0x3420, 0x3420, 0x1420, 0x1420, 0x1420, 0x1420, 0x1420,
0x1420, 0x1420, 0x1420, 0x1420, 0x1420, 0x1420, 0x1420, 0x1420, 0x1420, 0x1420,
0x1420, 0x1420, 0x1420, 0x1420, 0x1420, 0x1420, 0x1420, 0x1420, 0x1420, 0x1420,
0x1420, 0x1420, 0x1420, 0x1420, 0x1420, 0x1420, 0x1420, 0x1420, 0x1420, 0x1420,
0x1420, 0x1420, 0x1420, 0x1420, 0x1420, 0x1420, 0x1420, 0x1420, 0x1420, 0x1420,
0x1420, 0x1420, 0x1420, 0x1420, 0x1420, 0x1420, 0x1420, 0x1420, 0x1420, 0x1420,
0x1420, 0x1420, 0x1420, 0x1420, 0x1420, 0x1420, 0x1420, 0x1420, 0x1420, 0x1420,
0x1420, 0x1420, 0x1420, 0x1420, 0x1420, 0x1420, 0x1420, 0x1420, 0x1420, 0x1420,
0x1420, 0x1420, 0x1420, 0x1420, 0x1420, 0x1420, 0x1420, 0x1420, 0x1420, 0x1420,
0x1420, 0x1420, 0x1420, 0x1420, 0x1420, 0x1420, 0x1420, 0x1420, 0x1420, 0x1420,
0x1420, 0x1420, 0x1420, 0x1420, 0x1420, 0x1420, 0x1420, 0x1420, 0x1420, 0x1420,
0x1420, 0x1420, 0x1420, 0x1420, 0x1420, 0x1420, 0x1420, 0x1420, 0x1420, 0x1420,
0x1420, 0x1420, 0x1420, 0x1420, 0x1420, 0x1420, 0x1420, 0x1420, 0x1420, 0x1420,
0x1420, 0x1420, 0x1420, 0x1420, 0x1420, 0x1420, 0x1420, 0x1420, 0x1420, 0x1420,
0x1420, 0x1420, 0x1420, 0x1420, 0x1420, 0x1420, 0x1420, 0x1420, 0x1420, 0x1420,
0x1420, 0x1420, 0x1420, 0x1420, 0x1420, 0x1420, 0x1420, 0x1420, 0x1420, 0x1420,
0x1420, 0x1420, 0x1420, 0x1420, 0x1420, 0x1420, 0x1420, 0x1420, 0x1420, 0x1420,
0x1420, 0x1420, 0x1420, 0x1420, 0x1420, 0x1420, 0x1420, 0x1420, 0x1420, 0x1420,
0x1420, 0x1420, 0x1420, 0x1420, 0x1420, 0x1420, 0x1420, 0x1420, 0x1420, 0x1420,
0x1420, 0x1420, 0x1420, 0x1420, 0x1420, 0x1420, 0x1428, 0x1818, 0x1818, 0x1208,
0x4F10, 0x1828, 0x1A20, 0x1A20, 0x5728, 0x1108, 0x1420, 0x1420, 0x1420, 0x1420,
0x1420, 0x1420, 0x1420, 0x1420, 0x1420, 0x1420, 0x1420, 0x1420, 0x1420, 0x1420,
0x1420, 0x1420, 0x1420, 0x1420, 0x1420, 0x1420, 0x1310, 0x3410, 0x3308, 0x3308,
0x1519, 0x593A, 0x7832, 0xB832, 0x1D5C, 0x1D5C, 0x1B43, 0x9C53, 0x3F85, 0x9853,
0x9853, 0x1864, 0xBFB6, 0x9C95, 0x7B8D, 0x7B8D, 0x7932, 0xBA3A, 0xB93A, 0x3943,
0x3943, 0x7B6C, 0x5C85, 0x1B96, 0xFCAE, 0x1DA6, 0x1DA6, 0x9B8D, 0x7FA6, 0xBD8D,
0xBB74, 0xBB74, 0xB632, 0xFA42, 0xFC4A, 0x7E64, 0x7E64, 0x9F6C, 0xBD5B, 0xD729,
0x7410, 0x7410, 0x3418, 0x3620, 0x1518, 0x1420, 0x1420, 0x1420, 0x1420, 0x1420,
0x1420, 0x1420, 0x1420, 0x1420, 0x1420, 0x1420, 0x1420, 0x1420, 0x1420, 0x1420,
0x1420, 0x1420, 0x1420, 0x1420, 0x1420, 0x1420, 0x1420, 0x1420, 0x1420, 0x1420,
0x1420, 0x1420, 0x1420, 0x1420, 0x1420, 0x1420, 0x1420, 0x1420, 0x1420, 0x1420,
0x1420, 0x1420, 0x1420, 0x1420, 0x1420, 0x1420, 0x1420, 0x1420, 0x1420, 0x1420,
0x1420, 0x1420, 0x1420, 0x1420, 0x1420, 0x1420, 0x1420, 0x1420, 0x1420, 0x1420,
0x1420, 0x1420, 0x1420, 0x1420, 0x1420, 0x1420, 0x1420, 0x1420, 0x1420, 0x1420,
0x1420, 0x1420, 0x1420, 0x1420, 0x1420, 0x1420, 0x1420, 0x1420, 0x1420, 0x1420,
0x1420, 0x1420, 0x1420, 0x1420, 0x1420, 0x1420, 0x1420, 0x1420, 0x1420, 0x1420,
0x1420, 0x1420, 0x1420, 0x1420, 0x1420, 0x1420, 0x1420, 0x1420, 0x1420, 0x1420,
0x1420, 0x1420, 0x1420, 0x1420, 0x1420, 0x1420, 0x1420, 0x1420, 0x1420, 0x1420,
0x1420, 0x1420, 0x1420, 0x1420, 0x1420, 0x1420, 0x1420, 0x1420, 0x1420, 0x1420,
0x1420, 0x1420, 0x1420, 0x1420, 0x1420, 0x1420, 0x1420, 0x1420, 0x1420, 0x1420,
0x1420, 0x1420, 0x1420, 0x1420, 0x1420, 0x1420, 0x1420, 0x1420, 0x1420, 0x1420,
0x1420, 0x1420, 0x1420, 0x1420, 0x1420, 0x1420, 0x1420, 0x1420, 0x1420, 0x1420,
0x1420, 0x1420, 0x1420, 0x1420, 0x1420, 0x1420, 0x1420, 0x1420, 0x1420, 0x1420,
0x1420, 0x1420, 0x1420, 0x1420, 0x1420, 0x1420, 0x1420, 0x1420, 0x1420, 0x1420,
0x1420, 0x1420, 0x1420, 0x1420, 0x1420, 0x1420, 0x1420, 0x1420, 0x1420, 0x1420,
0x1420, 0x1420, 0x1420, 0x7618, 0x3418, 0x3418, 0x1418, 0x1620, 0x1528, 0x1718,
0x1718, 0x1920, 0x3120, 0x1420, 0x1420, 0x1420, 0x1420, 0x1420, 0x1420, 0x1420,
0x1420, 0x1420, 0x1420, 0x1420, 0x1420, 0x1420, 0x1420, 0x1420, 0x1420, 0x1420,
0x1420, 0x1420, 0x1420, 0x1420, 0x1420, 0x1420, 0x1420, 0x1420, 0x1420, 0x1420,
0x1420, 0x1420, 0x1420, 0x1420, 0x1420, 0x1420, 0x1420, 0x1420, 0x1420, 0x1420,
0x1420, 0x1420, 0x1420, 0x1420, 0x1420, 0x1420, 0x1420, 0x1420, 0x1420, 0x1420,
0x1420, 0x1420, 0x1420, 0x1420, 0x1420, 0x1420, 0x2D20, 0x1720, 0x1720, 0x1518,
0x3120, 0x9430, 0x5328, 0x5328, 0x7228, 0x1210, 0x1420, 0x1420, 0x1420, 0x1420,
0x1420, 0x1420, 0x1420, 0x1420, 0x1420, 0x1420, 0x1420, 0x1420, 0x1420, 0x1420,
0x1420, 0x1420, 0x1420, 0x1420, 0x1420, 0x1420, 0x7628, 0xF730, 0xF628, 0xF628,
0x3729, 0xF939, 0x1832, 0x172A, 0x993A, 0x993A, 0x1722, 0x3B4B, 0x9732, 0x5D6C,
0x5D6C, 0x3F85, 0xBB74, 0xDF95, 0x9A6C, 0x9A6C, 0x1B43, 0xBA3A, 0x1822, 0x7932,
0x7932, 0xFD63, 0xBE74, 0xBC74, 0xBB74, 0xBC74, 0xBC74, 0x764B, 0x3D85, 0xDF95,
0xDE74, 0xDE74, 0x1A43, 0xFC42, 0x3609, 0x5732, 0x5732, 0xB942, 0x583A, 0x1521,
0x5310, 0x5310, 0x3418, 0x3620, 0x1520, 0x1420, 0x1420, 0x1420, 0x1420, 0x1420,
0x1420, 0x1420, 0x1420, 0x1420, 0x1420, 0x1420, 0x1420, 0x1420, 0x1420, 0x1420,
0x1420, 0x1420, 0x1420, 0x1420, 0x1420, 0x1420, 0x1420, 0x1420, 0x1420, 0x1420,
0x1420, 0x1420, 0x1420, 0x1420, 0x1420, 0x1420, 0x1420, 0x1420, 0x1420, 0x1420,
0x1420, 0x1420, 0x1420, 0x1420, 0x1420, 0x1420, 0x1420, 0x1420, 0x1420, 0x1420,
0x1420, 0x1420, 0x1420, 0x1420, 0x1420, 0x1420, 0x1420, 0x1420, 0x1420, 0x1420,
0x1420, 0x1420, 0x1420, 0x1420, 0x1420, 0x1420, 0x1420, 0x1420, 0x1420, 0x1420,
0x1420, 0x1420, 0x1420, 0x1420, 0x1420, 0x1420, 0x1420, 0x1420, 0x1420, 0x1420,
0x1420, 0x1420, 0x1420, 0x1420, 0x1420, 0x1420, 0x1420, 0x1420, 0x1420, 0x1420,
0x1420, 0x1420, 0x1420, 0x1420, 0x1420, 0x1420, 0x1420, 0x1420, 0x1420, 0x1420,
0x1420, 0x1420, 0x1420, 0x1420, 0x1420, 0x1420, 0x1420, 0x1420, 0x1420, 0x1420,
0x1420, 0x1420, 0x1420, 0x1420, 0x1420, 0x1420, 0x1420, 0x1420, 0x1420, 0x1420,
0x1420, 0x1420, 0x1420, 0x1420, 0x1420, 0x1420, 0x1420, 0x1420, 0x1420, 0x1420,
0x1420, 0x1420, 0x1420, 0x1420, 0x1420, 0x1420, 0x1420, 0x1420, 0x1420, 0x1420,
0x1420, 0x1420, 0x1420, 0x1420, 0x1420, 0x1420, 0x1420, 0x1420, 0x1420, 0x1420,
0x1420, 0x1420, 0x1420, 0x1420, 0x1420, 0x1420, 0x1420, 0x1420, 0x1420, 0x1420,
0x1420, 0x1420, 0x1420, 0x1420, 0x1420, 0x1420, 0x1420, 0x1420, 0x1420, 0x1420,
0x1420, 0x1420, 0x1420, 0x1420, 0x1420, 0x1420, 0x1420, 0x1420, 0x1420, 0x1420,
0x1420, 0x1420, 0x1420, 0x1410, 0x1218, 0x1218, 0x1118, 0x5028, 0x6E20, 0x1018,
0x1018, 0x1418, 0x1420, 0x1420, 0x1420, 0x1420, 0x1420, 0x1420, 0x1420, 0x1420,
0x1420, 0x1420, 0x1420, 0x1420, 0x1420, 0x1420, 0x1420, 0x1420, 0x1420, 0x1420,
0x1420, 0x1420, 0x1420, 0x1420, 0x1420, 0x1420, 0x1420, 0x1420, 0x1420, 0x1420,
0x1420, 0x1420, 0x1420, 0x1420, 0x1420, 0x1420, 0x1420, 0x1420, 0x1420, 0x1420,
0x1420, 0x1420, 0x1420, 0x1420, 0x1420, 0x1420, 0x1420, 0x1420, 0x1420, 0x1420,
0x1420, 0x1420, 0x1420, 0x1420, 0x1420, 0x1420, 0x1418, 0x1A30, 0x1A30, 0x1728,
0x1528, 0x1718, 0x1710, 0x1710, 0x1520, 0x5430, 0x1420, 0x1420, 0x1420, 0x1420,
0x1420, 0x1420, 0x1420, 0x1420, 0x1420, 0x1420, 0x1420, 0x1420, 0x1420, 0x1420,
0x1420, 0x1420, 0x1420, 0x1420, 0x1420, 0x1420, 0x1418, 0xB628, 0xB628, 0xB628,
0x7518, 0x9518, 0xD518, 0x9410, 0x3208, 0x3208, 0x3619, 0xB721, 0xF729, 0xFD63,
0xFD63, 0x5E6C, 0x3943, 0xFB5B, 0xFC5B, 0xFC5B, 0x172A, 0xD729, 0x5619, 0x7719,
0x7719, 0x1A32, 0x3A3A, 0x1932, 0xF829, 0x3732, 0x3732, 0xF629, 0x7B53, 0xFD5B,
0xBD5B, 0xBD5B, 0x182A, 0xB821, 0xF608, 0x5208, 0x5208, 0xD418, 0xF520, 0x7418,
0x1310, 0x1310, 0x3420, 0x3520, 0x1520, 0x1420, 0x1420, 0x1420, 0x1420, 0x1420,
0x1420, 0x1420, 0x1420, 0x1420, 0x1420, 0x1420, 0x1420, 0x1420, 0x1420, 0x1420,
0x1420, 0x1420, 0x1420, 0x1420, 0x1420, 0x1420, 0x1420, 0x1420, 0x1420, 0x1420,
0x1420, 0x1420, 0x1420, 0x1420, 0x1420, 0x1420, 0x1420, 0x1420, 0x1420, 0x1420,
0x1420, 0x1420, 0x1420, 0x1420, 0x1420, 0x1420, 0x1420, 0x1420, 0x1420, 0x1420,
0x1420, 0x1420, 0x1420, 0x1420, 0x1420, 0x1420, 0x1420, 0x1420, 0x1420, 0x1420,
0x1420, 0x1420, 0x1420, 0x1420, 0x1420, 0x1420, 0x1420, 0x1420, 0x1420, 0x1420,
0x1420, 0x1420, 0x1420, 0x1420, 0x1420, 0x1420, 0x1420, 0x1420, 0x1420, 0x1420,
0x1420, 0x1420, 0x1420, 0x1420, 0x1420, 0x1420, 0x1420, 0x1420, 0x1420, 0x1420,
0x1420, 0x1420, 0x1420, 0x1420, 0x1420, 0x1420, 0x1420, 0x1420, 0x1420, 0x1420,
0x1420, 0x1420, 0x1420, 0x1420, 0x1420, 0x1420, 0x1420, 0x1420, 0x1420, 0x1420,
0x1420, 0x1420, 0x1420, 0x1420, 0x1420, 0x1420, 0x1420, 0x1420, 0x1420, 0x1420,
0x1420, 0x1420, 0x1420, 0x1420, 0x1420, 0x1420, 0x1420, 0x1420, 0x1420, 0x1420,
0x1420, 0x1420, 0x1420, 0x1420, 0x1420, 0x1420, 0x1420, 0x1420, 0x1420, 0x1420,
0x1420, 0x1420, 0x1420, 0x1420, 0x1420, 0x1420, 0x1420, 0x1420, 0x1420, 0x1420,
0x1420, 0x1420, 0x1420, 0x1420, 0x1420, 0x1420, 0x1420, 0x1420, 0x1420, 0x1420,
0x1420, 0x1420, 0x1420, 0x1420, 0x1420, 0x1420, 0x1420, 0x1420, 0x1420, 0x1420,
0x1420, 0x1420, 0x1420, 0x1420, 0x1420, 0x1420, 0x1420, 0x1420, 0x1420, 0x1420,
0x1420, 0x1420, 0x1420, 0x3328, 0x1520, 0x1520, 0x1720, 0x1820, 0x1818, 0x3518,
0x3518, 0x1420, 0x3728, 0x1420, 0x1420, 0x1420, 0x1420, 0x1420, 0x1420, 0x1420,
0x1420, 0x1420, 0x1420, 0x1420, 0x1420, 0x1420, 0x1420, 0x1420, 0x1420, 0x1420,
0x1420, 0x1420, 0x1420, 0x1420, 0x1420, 0x1420, 0x1420, 0x1420, 0x1420, 0x1420,
0x1420, 0x1420, 0x1420, 0x1420, 0x1420, 0x1420, 0x1420, 0x1420, 0x1420, 0x1420,
0x1420, 0x1420, 0x1420, 0x1420, 0x1420, 0x1420, 0x1420, 0x1420, 0x1420, 0x1420,
0x1420, 0x1420, 0x1420, 0x1420, 0x1420, 0x1420, 0x1418, 0x1A30, 0x1A30, 0x1728,
0x1528, 0x1718, 0x1710, 0x1710, 0x1520, 0x5430, 0x1420, 0x1420, 0x1420, 0x1420,
0x1420, 0x1420, 0x1420, 0x1420, 0x1420, 0x1420, 0x1420, 0x1420, 0x1420, 0x1420,
0x1420, 0x1420, 0x1420, 0x1420, 0x1420, 0x1420, 0x1418, 0xB628, 0xB628, 0xB628,
0x7518, 0x9518, 0xD518, 0x9410, 0x3208, 0x3208, 0x3619, 0xB721, 0xF729, 0xFD63,
0xFD63, 0x5E6C, 0x3943, 0xFB5B, 0xFC5B, 0xFC5B, 0x172A, 0xD729, 0x5619, 0x7719,
0x7719, 0x1A32, 0x3A3A, 0x1932, 0xF829, 0x3732, 0x3732, 0xF629, 0x7B53, 0xFD5B,
0xBD5B, 0xBD5B, 0x182A, 0xB821, 0xF608, 0x5208, 0x5208, 0xD418, 0xF520, 0x7418,
0x1310, 0x1310, 0x3420, 0x3520, 0x1520, 0x1420, 0x1420, 0x1420, 0x1420, 0x1420,
0x1420, 0x1420, 0x1420, 0x1420, 0x1420, 0x1420, 0x1420, 0x1420, 0x1420, 0x1420,
0x1420, 0x1420, 0x1420, 0x1420, 0x1420, 0x1420, 0x1420, 0x1420, 0x1420, 0x1420,
0x1420, 0x1420, 0x1420, 0x1420, 0x1420, 0x1420, 0x1420, 0x1420, 0x1420, 0x1420,
0x1420, 0x1420, 0x1420, 0x1420, 0x1420, 0x1420, 0x1420, 0x1420, 0x1420, 0x1420,
0x1420, 0x1420, 0x1420, 0x1420, 0x1420, 0x1420, 0x1420, 0x1420, 0x1420, 0x1420,
0x1420, 0x1420, 0x1420, 0x1420, 0x1420, 0x1420, 0x1420, 0x1420, 0x1420, 0x1420,
0x1420, 0x1420, 0x1420, 0x1420, 0x1420, 0x1420, 0x1420, 0x1420, 0x1420, 0x1420,
0x1420, 0x1420, 0x1420, 0x1420, 0x1420, 0x1420, 0x1420, 0x1420, 0x1420, 0x1420,
0x1420, 0x1420, 0x1420, 0x1420, 0x1420, 0x1420, 0x1420, 0x1420, 0x1420, 0x1420,
0x1420, 0x1420, 0x1420, 0x1420, 0x1420, 0x1420, 0x1420, 0x1420, 0x1420, 0x1420,
0x1420, 0x1420, 0x1420, 0x1420, 0x1420, 0x1420, 0x1420, 0x1420, 0x1420, 0x1420,
0x1420, 0x1420, 0x1420, 0x1420, 0x1420, 0x1420, 0x1420, 0x1420, 0x1420, 0x1420,
0x1420, 0x1420, 0x1420, 0x1420, 0x1420, 0x1420, 0x1420, 0x1420, 0x1420, 0x1420,
0x1420, 0x1420, 0x1420, 0x1420, 0x1420, 0x1420, 0x1420, 0x1420, 0x1420, 0x1420,
0x1420, 0x1420, 0x1420, 0x1420, 0x1420, 0x1420, 0x1420, 0x1420, 0x1420, 0x1420,
0x1420, 0x1420, 0x1420, 0x1420, 0x1420, 0x1420, 0x1420, 0x1420, 0x1420, 0x1420,
0x1420, 0x1420, 0x1420, 0x1420, 0x1420, 0x1420, 0x1420, 0x1420, 0x1420, 0x1420,
0x1420, 0x1420, 0x1420, 0x3328, 0x1520, 0x1520, 0x1720, 0x1820, 0x1818, 0x3518,
0x3518, 0x1420, 0x3728, 0x1420, 0x1420, 0x1420, 0x1420, 0x1420, 0x1420, 0x1420,
0x1420, 0x1420, 0x1420, 0x1420, 0x1420, 0x1420, 0x1420, 0x1420, 0x1420, 0x1420,
0x1420, 0x1420, 0x1420, 0x1420, 0x1420, 0x1420, 0x1420, 0x1420, 0x1420, 0x1420,
0x1420, 0x1420, 0x1420, 0x1420, 0x1420, 0x1420, 0x1420, 0x1420, 0x1420, 0x1420,
0x1420, 0x1420, 0x1420, 0x1420, 0x1420, 0x1420, 0x1420, 0x1420, 0x1420, 0x1420,
0x1420, 0x1420, 0x1420, 0x1420, 0x1420, 0x1420, 0x5220, 0x1528, 0x1528, 0x1730,
0x5738, 0x7520, 0x9420, 0x9420, 0x3420, 0x1418, 0x1420, 0x1420, 0x1420, 0x1420,
0x1420, 0x1420, 0x1420, 0x1420, 0x1420, 0x1420, 0x1420, 0x1420, 0x1420, 0x1420,
0x1420, 0x1420, 0x1420, 0x1420, 0x1420, 0x1420, 0x1418, 0x3520, 0x7628, 0x7628,
0x3420, 0x1310, 0x5520, 0x5520, 0x1308, 0x1308, 0x5410, 0x1308, 0x7731, 0x5629,
0x5629, 0x3521, 0x7621, 0xF410, 0x1932, 0x1932, 0x9310, 0xB418, 0xB518, 0x7510,
0x7510, 0x3510, 0x1508, 0x1508, 0x3508, 0x5410, 0x5410, 0xD618, 0xB831, 0x9729,
0x9729, 0x9729, 0x7308, 0x9510, 0x1721, 0x1208, 0x1208, 0x3418, 0x7520, 0x3420,
0x1418, 0x1418, 0x1420, 0x1520, 0x1420, 0x1420, 0x1420, 0x1420, 0x1420, 0x1420,
0x1420, 0x1420, 0x1420, 0x1420, 0x1420, 0x1420, 0x1420, 0x1420, 0x1420, 0x1420,
0x1420, 0x1420, 0x1420, 0x1420, 0x1420, 0x1420, 0x1420, 0x1420, 0x1420, 0x1420,
0x1420, 0x1420, 0x1420, 0x1420, 0x1420, 0x1420, 0x1420, 0x1420, 0x1420, 0x1420,
0x1420, 0x1420, 0x1420, 0x1420, 0x1420, 0x1420, 0x1420, 0x1420, 0x1420, 0x1420,
0x1420, 0x1420, 0x1420, 0x1420, 0x1420, 0x1420, 0x1420, 0x1420, 0x1420, 0x1420,
0x1420, 0x1420, 0x1420, 0x1420, 0x1420, 0x1420, 0x1420, 0x1420, 0x1420, 0x1420,
0x1420, 0x1420, 0x1420, 0x1420, 0x1420, 0x1420, 0x1420, 0x1420, 0x1420, 0x1420,
0x1420, 0x1420, 0x1420, 0x1420, 0x1420, 0x1420, 0x1420, 0x1420, 0x1420, 0x1420,
0x1420, 0x1420, 0x1420, 0x1420, 0x1420, 0x1420, 0x1420, 0x1420, 0x1420, 0x1420,
0x1420, 0x1420, 0x1420, 0x1420, 0x1420, 0x1420, 0x1420, 0x1420, 0x1420, 0x1420,
0x1420, 0x1420, 0x1420, 0x1420, 0x1420, 0x1420, 0x1420, 0x1420, 0x1420, 0x1420,
0x1420, 0x1420, 0x1420, 0x1420, 0x1420, 0x1420, 0x1420, 0x1420, 0x1420, 0x1420,
0x1420, 0x1420, 0x1420, 0x1420, 0x1420, 0x1420, 0x1420, 0x1420, 0x1420, 0x1420,
0x1420, 0x1420, 0x1420, 0x1420, 0x1420, 0x1420, 0x1420, 0x1420, 0x1420, 0x1420,
0x1420, 0x1420, 0x1420, 0x1420, 0x1420, 0x1420, 0x1420, 0x1420, 0x1420, 0x1420,
0x1420, 0x1420, 0x1420, 0x1420, 0x1420, 0x1420, 0x1420, 0x1420, 0x1420, 0x1420,
0x1420, 0x1420, 0x1420, 0x1420, 0x1420, 0x1420, 0x1420, 0x1420, 0x1420, 0x1420,
0x1420, 0x1420, 0x1420, 0x1220, 0x1318, 0x1318, 0x7420, 0x5518, 0x1618, 0x5420,
0x5420, 0x1118, 0x1518, 0x1420, 0x1420, 0x1420, 0x1420, 0x1420, 0x1420, 0x1420,
0x1420, 0x1420, 0x1420, 0x1420, 0x1420, 0x1420, 0x1420, 0x1420, 0x1420, 0x1420,
0x1420, 0x1420, 0x1420, 0x1420, 0x1420, 0x1420, 0x1420, 0x1420, 0x1420, 0x1420,
0x1420, 0x1420, 0x1420, 0x1420, 0x1420, 0x1420, 0x1420, 0x1420, 0x1420, 0x1420,
0x1420, 0x1420, 0x1420, 0x1420, 0x1420, 0x1420, 0x1420, 0x1420, 0x1420, 0x1420,
0x1420, 0x1420, 0x1420, 0x1420, 0x1420, 0x1420, 0x5318, 0x1210, 0x1210, 0x3528,
0x1520, 0x1000, 0x1000, 0x1000, 0x1418, 0x1618, 0x1420, 0x1420, 0x1420, 0x1420,
0x1420, 0x1420, 0x1420, 0x1420, 0x1420, 0x1420, 0x1420, 0x1420, 0x1420, 0x1420,
0x1420, 0x1420, 0x1420, 0x1420, 0x1420, 0x1420, 0x5520, 0x1420, 0x3520, 0x3520,
0x3528, 0x1418, 0x3528, 0x7730, 0x1628, 0x1628, 0x1420, 0x1420, 0x1420, 0x1310,
0x1310, 0x1310, 0x3410, 0x3510, 0x1510, 0x1510, 0x3420, 0x1418, 0x1418, 0x1420,
0x1420, 0x1420, 0x1420, 0x1318, 0x1310, 0x3520, 0x3520, 0x1208, 0x5518, 0xB528,
0x1310, 0x1310, 0x1210, 0x9528, 0x1318, 0x1420, 0x1420, 0x1520, 0x1528, 0x1420,
0x1420, 0x1420, 0x1420, 0x1420, 0x1420, 0x1420, 0x1420, 0x1420, 0x1420, 0x1420,
0x1420, 0x1420, 0x1420, 0x1420, 0x1420, 0x1420, 0x1420, 0x1420, 0x1420, 0x1420,
0x1420, 0x1420, 0x1420, 0x1420, 0x1420, 0x1420, 0x1420, 0x1420, 0x1420, 0x1420,
0x1420, 0x1420, 0x1420, 0x1420, 0x1420, 0x1420, 0x1420, 0x1420, 0x1420, 0x1420,
0x1420, 0x1420, 0x1420, 0x1420, 0x1420, 0x1420, 0x1420, 0x1420, 0x1420, 0x1420,
0x1420, 0x1420, 0x1420, 0x1420, 0x1420, 0x1420, 0x1420, 0x1420, 0x1420, 0x1420,
0x1420, 0x1420, 0x1420, 0x1420, 0x1420, 0x1420, 0x1420, 0x1420, 0x1420, 0x1420,
0x1420, 0x1420, 0x1420, 0x1420, 0x1420, 0x1420, 0x1420, 0x1420, 0x1420, 0x1420,
0x1420, 0x1420, 0x1420, 0x1420, 0x1420, 0x1420, 0x1420, 0x1420, 0x1420, 0x1420,
0x1420, 0x1420, 0x1420, 0x1420, 0x1420, 0x1420, 0x1420, 0x1420, 0x1420, 0x1420,
0x1420, 0x1420, 0x1420, 0x1420, 0x1420, 0x1420, 0x1420, 0x1420, 0x1420, 0x1420,
0x1420, 0x1420, 0x1420, 0x1420, 0x1420, 0x1420, 0x1420, 0x1420, 0x1420, 0x1420,
0x1420, 0x1420, 0x1420, 0x1420, 0x1420, 0x1420, 0x1420, 0x1420, 0x1420, 0x1420,
0x1420, 0x1420, 0x1420, 0x1420, 0x1420, 0x1420, 0x1420, 0x1420, 0x1420, 0x1420,
0x1420, 0x1420, 0x1420, 0x1420, 0x1420, 0x1420, 0x1420, 0x1420, 0x1420, 0x1420,
0x1420, 0x1420, 0x1420, 0x1420, 0x1420, 0x1420, 0x1420, 0x1420, 0x1420, 0x1420,
0x1420, 0x1420, 0x1420, 0x1420, 0x1420, 0x1420, 0x1420, 0x1420, 0x1420, 0x1420,
0x1420, 0x1420, 0x1420, 0x1420, 0x1420, 0x1420, 0x1420, 0x1420, 0x1420, 0x1420,
0x1420, 0x1420, 0x1420, 0x1530, 0x1520, 0x1520, 0x5418, 0x1408, 0x1518, 0x1628,
0x1628, 0x3528, 0x5420, 0x1420, 0x1420, 0x1420, 0x1420, 0x1420, 0x1420, 0x1420,
0x1420, 0x1420, 0x1420, 0x1420, 0x1420, 0x1420, 0x1420, 0x1420, 0x1420, 0x1420,
0x1420, 0x1420, 0x1420, 0x1420, 0x1420, 0x1420, 0x1420, 0x1420, 0x1420, 0x1420,
0x1420, 0x1420, 0x1420, 0x1420, 0x1420, 0x1420, 0x1420, 0x1420, 0x1420, 0x1420,
0x1420, 0x1420, 0x1420, 0x1420, 0x1420, 0x1420, 0x1420, 0x1420, 0x1420, 0x1420,
0x1420, 0x1420, 0x1420, 0x1420, 0x1420, 0x1420, 0x1920, 0x1210, 0x1210, 0x9418,
0x1310, 0x3120, 0x1020, 0x1020, 0x1520, 0x1620, 0x1420, 0x1420, 0x1420, 0x1420,
0x1420, 0x1420, 0x1420, 0x1420, 0x1420, 0x1420, 0x1420, 0x1420, 0x1420, 0x1420,
0x1420, 0x1420, 0x1420, 0x1420, 0x1420, 0x1420, 0x3520, 0x1310, 0x1318, 0x1318,
0x1420, 0x1318, 0x1418, 0x1528, 0x1528, 0x1528, 0x1528, 0x1628, 0x1528, 0x3528,
0x3528, 0x3528, 0x1520, 0x3620, 0x1620, 0x1620, 0x1528, 0x1420, 0x1420, 0x1428,
0x1428, 0x1428, 0x3430, 0x3428, 0x1220, 0x3530, 0x3530, 0x1320, 0x1318, 0x1320,
0x1320, 0x1320, 0x3420, 0x3428, 0x1220, 0x1520, 0x1520, 0x1520, 0x1420, 0x1418,
0x1418, 0x1418, 0x1420, 0x1420, 0x1420, 0x1420, 0x1420, 0x1420, 0x1420, 0x1420,
0x1420, 0x1420, 0x1420, 0x1420, 0x1420, 0x1420, 0x1420, 0x1420, 0x1420, 0x1420,
0x1420, 0x1420, 0x1420, 0x1420, 0x1420, 0x1420, 0x1420, 0x1420, 0x1420, 0x1420,
0x1420, 0x1420, 0x1420, 0x1420, 0x1420, 0x1420, 0x1420, 0x1420, 0x1420, 0x1420,
0x1420, 0x1420, 0x1420, 0x1420, 0x1420, 0x1420, 0x1420, 0x1420, 0x1420, 0x1420,
0x1420, 0x1420, 0x1420, 0x1420, 0x1420, 0x1420, 0x1420, 0x1420, 0x1420, 0x1420,
0x1420, 0x1420, 0x1420, 0x1420, 0x1420, 0x1420, 0x1420, 0x1420, 0x1420, 0x1420,
0x1420, 0x1420, 0x1420, 0x1420, 0x1420, 0x1420, 0x1420, 0x1420, 0x1420, 0x1420,
0x1420, 0x1420, 0x1420, 0x1420, 0x1420, 0x1420, 0x1420, 0x1420, 0x1420, 0x1420,
0x1420, 0x1420, 0x1420, 0x1420, 0x1420, 0x1420, 0x1420, 0x1420, 0x1420, 0x1420,
0x1420, 0x1420, 0x1420, 0x1420, 0x1420, 0x1420, 0x1420, 0x1420, 0x1420, 0x1420,
0x1420, 0x1420, 0x1420, 0x1420, 0x1420, 0x1420, 0x1420, 0x1420, 0x1420, 0x1420,
0x1420, 0x1420, 0x1420, 0x1420, 0x1420, 0x1420, 0x1420, 0x1420, 0x1420, 0x1420,
0x1420, 0x1420, 0x1420, 0x1420, 0x1420, 0x1420, 0x1420, 0x1420, 0x1420, 0x1420,
0x1420, 0x1420, 0x1420, 0x1420, 0x1420, 0x1420, 0x1420, 0x1420, 0x1420, 0x1420,
0x1420, 0x1420, 0x1420, 0x1420, 0x1420, 0x1420, 0x1420, 0x1420, 0x1420, 0x1420,
0x1420, 0x1420, 0x1420, 0x1420, 0x1420, 0x1420, 0x1420, 0x1420, 0x1420, 0x1420,
0x1420, 0x1420, 0x1420, 0x1420, 0x1420, 0x1420, 0x1420, 0x1420, 0x1420, 0x1420,
0x1420, 0x1420, 0x1420, 0x1528, 0x1518, 0x1518, 0x1600, 0x1618, 0x1230, 0x1428,
0x1428, 0x1720, 0x1110, 0x1420, 0x1420, 0x1420, 0x1420, 0x1420, 0x1420, 0x1420,
0x1420, 0x1420, 0x1420, 0x1420, 0x1420, 0x1420, 0x1420, 0x1420, 0x1420, 0x1420,
0x1420, 0x1420, 0x1420, 0x1420, 0x1420, 0x1420, 0x1420, 0x1420, 0x1420, 0x1420,
0x1420, 0x1420, 0x1420, 0x1420, 0x1420, 0x1420, 0x1420, 0x1420, 0x1420, 0x1420,
0x1420, 0x1420, 0x1420, 0x1420, 0x1420, 0x1420, 0x1420, 0x1420, 0x1420, 0x1420,
0x1420, 0x1420, 0x1420, 0x1420, 0x1420, 0x1420, 0x5138, 0x5118, 0x5118, 0x3708,
0x7318, 0x4EAC, 0xA6A3, 0xA6A3, 0xCA48, 0x1308, 0x1420, 0x1420, 0x1420, 0x1420,
0x1420, 0x1420, 0x1420, 0x1420, 0x1420, 0x1420, 0x1420, 0x1420, 0x1420, 0x1420,
0x1420, 0x1420, 0x1420, 0x1420, 0x1420, 0x1420, 0x3520, 0x1418, 0x1418, 0x1418,
0x3520, 0x1420, 0x1418, 0x1420, 0x1420, 0x1420, 0x1420, 0x1318, 0x3528, 0x5528,
0x5528, 0x3528, 0x1520, 0x1418, 0x1628, 0x1628, 0x1420, 0x1318, 0x1420, 0x1420,
0x1420, 0x1318, 0x1420, 0x3528, 0x1420, 0x1320, 0x1320, 0x7630, 0x1420, 0x1310,
0x3520, 0x3520, 0x3520, 0x1318, 0x5530, 0x1418, 0x1418, 0x1418, 0x1318, 0x1418,
0x1418, 0x1418, 0x1420, 0x1420, 0x1420, 0x1420, 0x1420, 0x1420, 0x1420, 0x1420,
0x1420, 0x1420, 0x1420, 0x1420, 0x1420, 0x1420, 0x1420, 0x1420, 0x1420, 0x1420,
0x1420, 0x1420, 0x1420, 0x1420, 0x1420, 0x1420, 0x1420, 0x1420, 0x1420, 0x1420,
0x1420, 0x1420, 0x1420, 0x1420, 0x1420, 0x1420, 0x1420, 0x1420, 0x1420, 0x1420,
0x1420, 0x1420, 0x1420, 0x1420, 0x1420, 0x1420, 0x1420, 0x1420, 0x1420, 0x1420,
0x1420, 0x1420, 0x1420, 0x1420, 0x1420, 0x1420, 0x1420, 0x1420, 0x1420, 0x1420,
0x1420, 0x1420, 0x1420, 0x1420, 0x1420, 0x1420, 0x1420, 0x1420, 0x1420, 0x1420,
0x1420, 0x1420, 0x1420, 0x1420, 0x1420, 0x1420, 0x1420, 0x1420, 0x1420, 0x1420,
0x1420, 0x1420, 0x1420, 0x1420, 0x1420, 0x1420, 0x1420, 0x1420, 0x1420, 0x1420,
0x1420, 0x1420, 0x1420, 0x1420, 0x1420, 0x1420, 0x1420, 0x1420, 0x1420, 0x1420,
0x1420, 0x1420, 0x1420, 0x1420, 0x1420, 0x1420, 0x1420, 0x1420, 0x1420, 0x1420,
0x1420, 0x1420, 0x1420, 0x1420, 0x1420, 0x1420, 0x1420, 0x1420, 0x1420, 0x1420,
0x1420, 0x1420, 0x1420, 0x1420, 0x1420, 0x1420, 0x1420, 0x1420, 0x1420, 0x1420,
0x1420, 0x1420, 0x1420, 0x1420, 0x1420, 0x1420, 0x1420, 0x1420, 0x1420, 0x1420,
0x1420, 0x1420, 0x1420, 0x1420, 0x1420, 0x1420, 0x1420, 0x1420, 0x1420, 0x1420,
0x1420, 0x1420, 0x1420, 0x1420, 0x1420, 0x1420, 0x1420, 0x1420, 0x1420, 0x1420,
0x1420, 0x1420, 0x1420, 0x1420, 0x1420, 0x1420, 0x1420, 0x1420, 0x1420, 0x1420,
0x1420, 0x1420, 0x1420, 0x1420, 0x1420, 0x1420, 0x1420, 0x1420, 0x1420, 0x1420,
0x1420, 0x1420, 0x1420, 0x3528, 0x5318, 0x5318, 0x9520, 0x7183, 0x43AC, 0x6761,
0x6761, 0x1738, 0x1308, 0x1420, 0x1420, 0x1420, 0x1420, 0x1420, 0x1420, 0x1420,
0x1420, 0x1420, 0x1420, 0x1420, 0x1420, 0x1420, 0x1420, 0x1420, 0x1420, 0x1420,
0x1420, 0x1420, 0x1420, 0x1420, 0x1420, 0x1420, 0x1420, 0x1420, 0x1420, 0x1420,
0x1420, 0x1420, 0x1420, 0x1420, 0x1420, 0x1420, 0x1420, 0x1420, 0x1420, 0x1420,
0x1420, 0x1420, 0x1420, 0x1420, 0x1420, 0x1420, 0x1420, 0x1420, 0x1420, 0x1420,
0x1420, 0x1420, 0x1420, 0x1420, 0x1420, 0x1420, 0x5138, 0x5118, 0x5118, 0x3708,
0x7318, 0x4EAC, 0xA6A3, 0xA6A3, 0xCA48, 0x1308, 0x1420, 0x1420, 0x1420, 0x1420,
0x1420, 0x1420, 0x1420, 0x1420, 0x1420, 0x1420, 0x1420, 0x1420, 0x1420, 0x1420,
0x1420, 0x1420, 0x1420, 0x1420, 0x1420, 0x1420, 0x3520, 0x1418, 0x1418, 0x1418,
0x3520, 0x1420, 0x1418, 0x1420, 0x1420, 0x1420, 0x1420, 0x1318, 0x3528, 0x5528,
0x5528, 0x3528, 0x1520, 0x1418, 0x1628, 0x1628, 0x1420, 0x1318, 0x1420, 0x1420,
0x1420, 0x1318, 0x1420, 0x3528, 0x1420, 0x1320, 0x1320, 0x7630, 0x1420, 0x1310,
0x3520, 0x3520, 0x3520, 0x1318, 0x5530, 0x1418, 0x1418, 0x1418, 0x1318, 0x1418,
0x1418, 0x1418, 0x1420, 0x1420, 0x1420, 0x1420, 0x1420, 0x1420, 0x1420, 0x1420,
0x1420, 0x1420, 0x1420, 0x1420, 0x1420, 0x1420, 0x1420, 0x1420, 0x1420, 0x1420,
0x1420, 0x1420, 0x1420, 0x1420, 0x1420, 0x1420, 0x1420, 0x1420, 0x1420, 0x1420,
0x1420, 0x1420, 0x1420, 0x1420, 0x1420, 0x1420, 0x1420, 0x1420, 0x1420, 0x1420,
0x1420, 0x1420, 0x1420, 0x1420, 0x1420, 0x1420, 0x1420, 0x1420, 0x1420, 0x1420,
0x1420, 0x1420, 0x1420, 0x1420, 0x1420, 0x1420, 0x1420, 0x1420, 0x1420, 0x1420,
0x1420, 0x1420, 0x1420, 0x1420, 0x1420, 0x1420, 0x1420, 0x1420, 0x1420, 0x1420,
0x1420, 0x1420, 0x1420, 0x1420, 0x1420, 0x1420, 0x1420, 0x1420, 0x1420, 0x1420,
0x1420, 0x1420, 0x1420, 0x1420, 0x1420, 0x1420, 0x1420, 0x1420, 0x1420, 0x1420,
0x1420, 0x1420, 0x1420, 0x1420, 0x1420, 0x1420, 0x1420, 0x1420, 0x1420, 0x1420,
0x1420, 0x1420, 0x1420, 0x1420, 0x1420, 0x1420, 0x1420, 0x1420, 0x1420, 0x1420,
0x1420, 0x1420, 0x1420, 0x1420, 0x1420, 0x1420, 0x1420, 0x1420, 0x1420, 0x1420,
0x1420, 0x1420, 0x1420, 0x1420, 0x1420, 0x1420, 0x1420, 0x1420, 0x1420, 0x1420,
0x1420, 0x1420, 0x1420, 0x1420, 0x1420, 0x1420, 0x1420, 0x1420, 0x1420, 0x1420,
0x1420, 0x1420, 0x1420, 0x1420, 0x1420, 0x1420, 0x1420, 0x1420, 0x1420, 0x1420,
0x1420, 0x1420, 0x1420, 0x1420, 0x1420, 0x1420, 0x1420, 0x1420, 0x1420, 0x1420,
0x1420, 0x1420, 0x1420, 0x1420, 0x1420, 0x1420, 0x1420, 0x1420, 0x1420, 0x1420,
0x1420, 0x1420, 0x1420, 0x1420, 0x1420, 0x1420, 0x1420, 0x1420, 0x1420, 0x1420,
0x1420, 0x1420, 0x1420, 0x3528, 0x5318, 0x5318, 0x9520, 0x7183, 0x43AC, 0x6761,
0x6761, 0x1738, 0x1308, 0x1420, 0x1420, 0x1420, 0x1420, 0x1420, 0x1420, 0x1420,
0x1420, 0x1420, 0x1420, 0x1420, 0x1420, 0x1420, 0x1420, 0x1420, 0x1420, 0x1420,
0x1420, 0x1420, 0x1420, 0x1420, 0x1420, 0x1420, 0x1420, 0x1420, 0x1420, 0x1420,
0x1420, 0x1420, 0x1420, 0x1420, 0x1420, 0x1420, 0x1420, 0x1420, 0x1420, 0x1420,
0x1420, 0x1420, 0x1420, 0x1420, 0x1420, 0x1420, 0x1420, 0x1420, 0x1420, 0x1420,
0x1420, 0x1420, 0x1420, 0x1420, 0x1420, 0x1420, 0x1330, 0x5520, 0x5520, 0x1900,
0x1008, 0xADCC, 0xA1BB, 0xA1BB, 0xA650, 0x7530, 0x1420, 0x1420, 0x1420, 0x1420,
0x1420, 0x1420, 0x1420, 0x1420, 0x1420, 0x1420, 0x1420, 0x1420, 0x1420, 0x1420,
0x1420, 0x1420, 0x1420, 0x1420, 0x1420, 0x1420, 0x1418, 0x1418, 0x1418, 0x1418,
0x3520, 0x3520, 0x3420, 0x1418, 0x1318, 0x1318, 0x7620, 0x3418, 0x1208, 0x3420,
0x3420, 0x7528, 0x1418, 0x1420, 0x1310, 0x1310, 0x7520, 0x1318, 0x5520, 0x5520,
0x5520, 0x1310, 0x1510, 0x3720, 0x1618, 0x1210, 0x1210, 0x1210, 0x1418, 0x5620,
0x1410, 0x1410, 0x3620, 0x1520, 0x1310, 0x5420, 0x5420, 0x3418, 0x1418, 0x3420,
0x3520, 0x3520, 0x1420, 0x1418, 0x1420, 0x1420, 0x1420, 0x1420, 0x1420, 0x1420,
0x1420, 0x1420, 0x1420, 0x1420, 0x1420, 0x1420, 0x1420, 0x1420, 0x1420, 0x1420,
0x1420, 0x1420, 0x1420, 0x1420, 0x1420, 0x1420, 0x1420, 0x1420, 0x1420, 0x1420,
0x1420, 0x1420, 0x1420, 0x1420, 0x1420, 0x1420, 0x1420, 0x1420, 0x1420, 0x1420,
0x1420, 0x1420, 0x1420, 0x1420, 0x1420, 0x1420, 0x1420, 0x1420, 0x1420, 0x1420,
0x1420, 0x1420, 0x1420, 0x1420, 0x1420, 0x1420, 0x1420, 0x1420, 0x1420, 0x1420,
0x1420, 0x1420, 0x1420, 0x1420, 0x1420, 0x1420, 0x1420, 0x1420, 0x1420, 0x1420,
0x1420, 0x1420, 0x1420, 0x1420, 0x1420, 0x1420, 0x1420, 0x1420, 0x1420, 0x1420,
0x1420, 0x1420, 0x1420, 0x1420, 0x1420, 0x1420, 0x1420, 0x1420, 0x1420, 0x1420,
0x1420, 0x1420, 0x1420, 0x1420, 0x1420, 0x1420, 0x1420, 0x1420, 0x1420, 0x1420,
0x1420, 0x1420, 0x1420, 0x1420, 0x1420, 0x1420, 0x1420, 0x1420, 0x1420, 0x1420,
0x1420, 0x1420, 0x1420, 0x1420, 0x1420, 0x1420, 0x1420, 0x1420, 0x1420, 0x1420,
0x1420, 0x1420, 0x1420, 0x1420, 0x1420, 0x1420, 0x1420, 0x1420, 0x1420, 0x1420,
0x1420, 0x1420, 0x1420, 0x1420, 0x1420, 0x1420, 0x1420, 0x1420, 0x1420, 0x1420,
0x1420, 0x1420, 0x1420, 0x1420, 0x1420, 0x1420, 0x1420, 0x1420, 0x1420, 0x1420,
0x1420, 0x1420, 0x1420, 0x1420, 0x1420, 0x1420, 0x1420, 0x1420, 0x1420, 0x1420,
0x1420, 0x1420, 0x1420, 0x1420, 0x1420, 0x1420, 0x1420, 0x1420, 0x1420, 0x1420,
0x1420, 0x1420, 0x1420, 0x1420, 0x1420, 0x1420, 0x1420, 0x1420, 0x1420, 0x1420,
0x1420, 0x1420, 0x1420, 0x9328, 0x1210, 0x1210, 0x1510, 0xF09B, 0x20C5, 0x2061,
0x2061, 0x1730, 0x1508, 0x1420, 0x1420, 0x1420, 0x1420, 0x1420, 0x1420, 0x1420,
0x1420, 0x1420, 0x1420, 0x1420, 0x1420, 0x1420, 0x1420, 0x1420, 0x1420, 0x1420,
0x1420, 0x1420, 0x1420, 0x1420, 0x1420, 0x1420, 0x1420, 0x1420, 0x1420, 0x1420,
0x1420, 0x1420, 0x1420, 0x1420, 0x1420, 0x1420, 0x1420, 0x1420, 0x1420, 0x1420,
0x1420, 0x1420, 0x1420, 0x1420, 0x1420, 0x1420, 0x1420, 0x1420, 0x1420, 0x1420,
0x1420, 0x1420, 0x1420, 0x1420, 0x1420, 0x1420, 0x1620, 0x1520, 0x1520, 0x9318,
0x5800, 0xCEC4, 0xA2D3, 0xA2D3, 0x8738, 0x5520, 0x5330, 0x1420, 0x1420, 0x1418,
0x1418, 0x1318, 0x3320, 0x1420, 0x1420, 0x1520, 0x1420, 0x1420, 0x1420, 0x1420,
0x1420, 0x1420, 0x1420, 0x1420, 0x1420, 0x1420, 0x1420, 0x1420, 0x1420, 0x1420,
0x1420, 0x1420, 0x1420, 0x1420, 0x1420, 0x1420, 0x1420, 0x1420, 0x1420, 0x1420,
0x1420, 0x1420, 0x1420, 0x1420, 0x1420, 0x1420, 0x1420, 0x1420, 0x1420, 0x1420,
0x1420, 0x1420, 0x1420, 0x1420, 0x1420, 0x1420, 0x1420, 0x1420, 0x1420, 0x1420,
0x1420, 0x1420, 0x1420, 0x1420, 0x1420, 0x1420, 0x1420, 0x1420, 0x1420, 0x1420,
0x1420, 0x1420, 0x1420, 0x1420, 0x1420, 0x1420, 0x1420, 0x1420, 0x1420, 0x1420,
0x1420, 0x1420, 0x1420, 0x1420, 0x1420, 0x1420, 0x1420, 0x1420, 0x1420, 0x1420,
0x1420, 0x1420, 0x1420, 0x1420, 0x1420, 0x1420, 0x1420, 0x1420, 0x1420, 0x1420,
0x1420, 0x1420, 0x1420, 0x1420, 0x1420, 0x1420, 0x1420, 0x1420, 0x1420, 0x1420,
0x1420, 0x1420, 0x1420, 0x1420, 0x1420, 0x1420, 0x1420, 0x1420, 0x1420, 0x1420,
0x1420, 0x1420, 0x1420, 0x1420, 0x1420, 0x1420, 0x1420, 0x1420, 0x1420, 0x1420,
0x1420, 0x1420, 0x1420, 0x1420, 0x1420, 0x1420, 0x1420, 0x1420, 0x1420, 0x1420,
0x1420, 0x1420, 0x1420, 0x1420, 0x1420, 0x1420, 0x1420, 0x1420, 0x1420, 0x1420,
0x1420, 0x1420, 0x1420, 0x1420, 0x1420, 0x1420, 0x1420, 0x1420, 0x1420, 0x1420,
0x1420, 0x1420, 0x1420, 0x1420, 0x1420, 0x1420, 0x1420, 0x1420, 0x1420, 0x1420,
0x1420, 0x1420, 0x1420, 0x1420, 0x1420, 0x1420, 0x1420, 0x1420, 0x1420, 0x1420,
0x1420, 0x1420, 0x1420, 0x1420, 0x1420, 0x1420, 0x1420, 0x1420, 0x1420, 0x1420,
0x1420, 0x1420, 0x1420, 0x1420, 0x1420, 0x1420, 0x1420, 0x1420, 0x1420, 0x1420,
0x1420, 0x1420, 0x1420, 0x1420, 0x1420, 0x1420, 0x1420, 0x1420, 0x1420, 0x1420,
0x1420, 0x1420, 0x1420, 0x1420, 0x1420, 0x1420, 0x1420, 0x1420, 0x1420, 0x1420,
0x1420, 0x1420, 0x1420, 0x1420, 0x1420, 0x1420, 0x1420, 0x1420, 0x1420, 0x1420,
0x1420, 0x1420, 0x1420, 0x1420, 0x1420, 0x1420, 0x1420, 0x1420, 0x1420, 0x1420,
0x1420, 0x1420, 0x1420, 0x1420, 0x1420, 0x1420, 0x1420, 0x1420, 0x1420, 0x1420,
0x1420, 0x1420, 0x1420, 0x1520, 0x5620, 0x5620, 0x1308, 0xD193, 0x60DC, 0x6271,
0x6271, 0x5718, 0x5528, 0x1420, 0x1420, 0x1420, 0x1420, 0x1420, 0x1420, 0x1420,
0x1420, 0x1420, 0x1420, 0x1420, 0x1420, 0x1420, 0x1420, 0x1420, 0x1420, 0x1420,
0x1420, 0x1420, 0x1420, 0x1420, 0x1420, 0x1420, 0x1420, 0x1420, 0x1420, 0x1420,
0x1420, 0x1420, 0x1420, 0x1420, 0x1420, 0x1420, 0x1420, 0x1420, 0x1420, 0x1420,
0x1420, 0x1420, 0x1420, 0x1420, 0x1420, 0x1420, 0x1420, 0x1420, 0x1420, 0x1420,
0x1420, 0x1420, 0x1420, 0x1420, 0x1420, 0x1420, 0x3730, 0x1418, 0x1418, 0x1310,
0x1000, 0xEDC4, 0x20C3, 0x20C3, 0xC640, 0x9128, 0x5330, 0x1420, 0x1420, 0x1418,
0x1418, 0x1418, 0x1320, 0x1420, 0x1420, 0x1520, 0x1420, 0x1420, 0x1420, 0x1420,
0x1420, 0x1420, 0x1420, 0x1420, 0x1420, 0x1420, 0x1420, 0x1420, 0x1420, 0x1420,
0x1420, 0x1420, 0x1420, 0x1420, 0x1420, 0x1420, 0x1420, 0x1420, 0x1420, 0x1420,
0x1420, 0x1420, 0x1420, 0x1420, 0x1420, 0x1420, 0x1420, 0x1420, 0x1420, 0x1420,
0x1420, 0x1420, 0x1420, 0x1420, 0x1420, 0x1420, 0x1420, 0x1420, 0x1420, 0x1420,
0x1420, 0x1420, 0x1420, 0x1420, 0x1420, 0x1420, 0x1420, 0x1420, 0x1420, 0x1420,
0x1420, 0x1420, 0x1420, 0x1420, 0x1420, 0x1420, 0x1420, 0x1420, 0x1420, 0x1420,
0x1420, 0x1420, 0x1420, 0x1420, 0x1420, 0x1420, 0x1420, 0x1420, 0x1420, 0x1420,
0x1420, 0x1420, 0x1420, 0x1420, 0x1420, 0x1420, 0x1420, 0x1420, 0x1420, 0x1420,
0x1420, 0x1420, 0x1420, 0x1420, 0x1420, 0x1420, 0x1420, 0x1420, 0x1420, 0x1420,
0x1420, 0x1420, 0x1420, 0x1420, 0x1420, 0x1420, 0x1420, 0x1420, 0x1420, 0x1420,
0x1420, 0x1420, 0x1420, 0x1420, 0x1420, 0x1420, 0x1420, 0x1420, 0x1420, 0x1420,
0x1420, 0x1420, 0x1420, 0x1420, 0x1420, 0x1420, 0x1420, 0x1420, 0x1420, 0x1420,
0x1420, 0x1420, 0x1420, 0x1420, 0x1420, 0x1420, 0x1420, 0x1420, 0x1420, 0x1420,
0x1420, 0x1420, 0x1420, 0x1420, 0x1420, 0x1420, 0x1420, 0x1420, 0x1420, 0x1420,
0x1420, 0x1420, 0x1420, 0x1420, 0x1420, 0x1420, 0x1420, 0x1420, 0x1420, 0x1420,
0x1420, 0x1420, 0x1420, 0x1420, 0x1420, 0x1420, 0x1420, 0x1420, 0x1420, 0x1420,
0x1420, 0x1420, 0x1420, 0x1420, 0x1420, 0x1420, 0x1420, 0x1420, 0x1420, 0x1420,
0x1420, 0x1420, 0x1420, 0x1420, 0x1420, 0x1420, 0x1420, 0x1420, 0x1420, 0x1420,
0x1420, 0x1420, 0x1420, 0x1420, 0x1420, 0x1420, 0x1420, 0x1420, 0x1420, 0x1420,
0x1420, 0x1420, 0x1420, 0x1420, 0x1420, 0x1420, 0x1420, 0x1420, 0x1420, 0x1420,
0x1420, 0x1420, 0x1420, 0x1420, 0x1420, 0x1420, 0x1420, 0x1420, 0x1420, 0x1420,
0x1420, 0x1420, 0x1420, 0x1420, 0x1420, 0x1420, 0x1420, 0x1420, 0x1420, 0x1420,
0x1420, 0x1420, 0x1420, 0x1420, 0x1420, 0x1420, 0x1420, 0x1420, 0x1420, 0x1420,
0x1420, 0x1420, 0x1420, 0x1528, 0x1618, 0x1618, 0x1000, 0xAC8B, 0x81E4, 0x8279,
0x8279, 0x7228, 0x1018, 0x1420, 0x1420, 0x1420, 0x1420, 0x1420, 0x1420, 0x1420,
0x1420, 0x1420, 0x1420, 0x1420, 0x1420, 0x1420, 0x1420, 0x1420, 0x1420, 0x1420,
0x1420, 0x1420, 0x1420, 0x1420, 0x1420, 0x1420, 0x1420, 0x1420, 0x1420, 0x1420,
0x1420, 0x1420, 0x1420, 0x1420, 0x1420, 0x1420, 0x1420, 0x1420, 0x1420, 0x1420,
0x1420, 0x1420, 0x1420, 0x1420, 0x1420, 0x1420, 0x1420, 0x1420, 0x1420, 0x1420,
0x1420, 0x1420, 0x1420, 0x1420, 0x1420, 0x1420, 0x9730, 0x1318, 0x1318, 0x1510,
0xEC10, 0xE9CC, 0xE0BA, 0xE0BA, 0x8440, 0xEA48, 0x5330, 0x1428, 0x1428, 0x1420,
0x1418, 0x1418, 0x3420, 0x1420, 0x1420, 0x1520, 0x1420, 0x1420, 0x1420, 0x1420,
0x1420, 0x1420, 0x1420, 0x1420, 0x1420, 0x1420, 0x1420, 0x1420, 0x1420, 0x1420,
0x1420, 0x1420, 0x1420, 0x1420, 0x1420, 0x1420, 0x1420, 0x1420, 0x1420, 0x1420,
0x1420, 0x1420, 0x1420, 0x1420, 0x1420, 0x1420, 0x1420, 0x1420, 0x1420, 0x1420,
0x1420, 0x1420, 0x1420, 0x1420, 0x1420, 0x1420, 0x1420, 0x1420, 0x1420, 0x1420,
0x1420, 0x1420, 0x1420, 0x1420, 0x1420, 0x1420, 0x1420, 0x1420, 0x1420, 0x1420,
0x1420, 0x1420, 0x1420, 0x1420, 0x1420, 0x1420, 0x1420, 0x1420, 0x1420, 0x1420,
0x1420, 0x1420, 0x1420, 0x1420, 0x1420, 0x1420, 0x1420, 0x1420, 0x1420, 0x1420,
0x1420, 0x1420, 0x1420, 0x1420, 0x1420, 0x1420, 0x1420, 0x1420, 0x1420, 0x1420,
0x1420, 0x1420, 0x1420, 0x1420, 0x1420, 0x1420, 0x1420, 0x1420, 0x1420, 0x1420,
0x1420, 0x1420, 0x1420, 0x1420, 0x1420, 0x1420, 0x1420, 0x1420, 0x1420, 0x1420,
0x1420, 0x1420, 0x1420, 0x1420, 0x1420, 0x1420, 0x1420, 0x1420, 0x1420, 0x1420,
0x1420, 0x1420, 0x1420, 0x1420, 0x1420, 0x1420, 0x1420, 0x1420, 0x1420, 0x1420,
0x1420, 0x1420, 0x1420, 0x1420, 0x1420, 0x1420, 0x1420, 0x1420, 0x1420, 0x1420,
0x1420, 0x1420, 0x1420, 0x1420, 0x1420, 0x1420, 0x1420, 0x1420, 0x1420, 0x1420,
0x1420, 0x1420, 0x1420, 0x1420, 0x1420, 0x1420, 0x1420, 0x1420, 0x1420, 0x1420,
0x1420, 0x1420, 0x1420, 0x1420, 0x1420, 0x1420, 0x1420, 0x1420, 0x1420, 0x1420,
0x1420, 0x1420, 0x1420, 0x1420, 0x1420, 0x1420, 0x1420, 0x1420, 0x1420, 0x1420,
0x1420, 0x1420, 0x1420, 0x1420, 0x1420, 0x1420, 0x1420, 0x1420, 0x1420, 0x1420,
0x1420, 0x1420, 0x1420, 0x1420, 0x1420, 0x1420, 0x1420, 0x1420, 0x1420, 0x1420,
0x1420, 0x1420, 0x1420, 0x1420, 0x1420, 0x1420, 0x1420, 0x1420, 0x1420, 0x1420,
0x1420, 0x1420, 0x1420, 0x1420, 0x1420, 0x1420, 0x1420, 0x1420, 0x1420, 0x1420,
0x1420, 0x1420, 0x1420, 0x1420, 0x1420, 0x1420, 0x1420, 0x1420, 0x1420, 0x1420,
0x1420, 0x1420, 0x1420, 0x1420, 0x1420, 0x1420, 0x1420, 0x1420, 0x1420, 0x1420,
0x1420, 0x1420, 0x1420, 0x1320, 0x1718, 0x1718, 0xF120, 0x28A4, 0x20DC, 0x0069,
0x0069, 0xAA38, 0x0E28, 0x1420, 0x1420, 0x1420, 0x1420, 0x1420, 0x1420, 0x1420,
0x1420, 0x1420, 0x1420, 0x1420, 0x1420, 0x1420, 0x1420, 0x1420, 0x1420, 0x1420,
0x1420, 0x1420, 0x1420, 0x1420, 0x1420, 0x1420, 0x1420, 0x1420, 0x1420, 0x1420,
0x1420, 0x1420, 0x1420, 0x1420, 0x1420, 0x1420, 0x1420, 0x1420, 0x1420, 0x1420,
0x1420, 0x1420, 0x1420, 0x1420, 0x1420, 0x1420, 0x1420, 0x1420, 0x1420, 0x1420,
0x1420, 0x1420, 0x1420, 0x1420, 0x1420, 0x1420, 0x1420, 0x7520, 0x7520, 0x1610,
0x4E6B, 0xC4D4, 0x00C3, 0x00C3, 0x0130, 0x4461, 0x5230, 0x3328, 0x3328, 0x1420,
0x1418, 0x1418, 0x3420, 0x1420, 0x1420, 0x1520, 0x1420, 0x1420, 0x1420, 0x1420,
0x1420, 0x1420, 0x1420, 0x1420, 0x1420, 0x1420, 0x1420, 0x1420, 0x1420, 0x1420,
0x1420, 0x1420, 0x1420, 0x1420, 0x1420, 0x1420, 0x1420, 0x1420, 0x1420, 0x1420,
0x1420, 0x1420, 0x1420, 0x1420, 0x1420, 0x1420, 0x1420, 0x1420, 0x1420, 0x1420,
0x1420, 0x1420, 0x1420, 0x1420, 0x1420, 0x1420, 0x1420, 0x1420, 0x1420, 0x1420,
0x1420, 0x1420, 0x1420, 0x1420, 0x1420, 0x1420, 0x1420, 0x1420, 0x1420, 0x1420,
0x1420, 0x1420, 0x1420, 0x1420, 0x1420, 0x1420, 0x1420, 0x1420, 0x1420, 0x1420,
0x1420, 0x1420, 0x1420, 0x1420, 0x1420, 0x1420, 0x1420, 0x1420, 0x1420, 0x1420,
0x1420, 0x1420, 0x1420, 0x1420, 0x1420, 0x1420, 0x1420, 0x1420, 0x1420, 0x1420,
0x1420, 0x1420, 0x1420, 0x1420, 0x1420, 0x1420, 0x1420, 0x1420, 0x1420, 0x1420,
0x1420, 0x1420, 0x1420, 0x1420, 0x1420, 0x1420, 0x1420, 0x1420, 0x1420, 0x1420,
0x1420, 0x1420, 0x1420, 0x1420, 0x1420, 0x1420, 0x1420, 0x1420, 0x1420, 0x1420,
0x1420, 0x1420, 0x1420, 0x1420, 0x1420, 0x1420, 0x1420, 0x1420, 0x1420, 0x1420,
0x1420, 0x1420, 0x1420, 0x1420, 0x1420, 0x1420, 0x1420, 0x1420, 0x1420, 0x1420,
0x1420, 0x1420, 0x1420, 0x1420, 0x1420, 0x1420, 0x1420, 0x1420, 0x1420, 0x1420,
0x1420, 0x1420, 0x1420, 0x1420, 0x1420, 0x1420, 0x1420, 0x1420, 0x1420, 0x1420,
0x1420, 0x1420, 0x1420, 0x1420, 0x1420, 0x1420, 0x1420, 0x1420, 0x1420, 0x1420,
0x1420, 0x1420, 0x1420, 0x1420, 0x1420, 0x1420, 0x1420, 0x1420, 0x1420, 0x1420,
0x1420, 0x1420, 0x1420, 0x1420, 0x1420, 0x1420, 0x1420, 0x1420, 0x1420, 0x1420,
0x1420, 0x1420, 0x1420, 0x1420, 0x1420, 0x1420, 0x1420, 0x1420, 0x1420, 0x1420,
0x1420, 0x1420, 0x1420, 0x1420, 0x1420, 0x1420, 0x1420, 0x1420, 0x1420, 0x1420,
0x1420, 0x1420, 0x1420, 0x1420, 0x1420, 0x1420, 0x1420, 0x1420, 0x1420, 0x1420,
0x1420, 0x1420, 0x1420, 0x1420, 0x1420, 0x1420, 0x1420, 0x1420, 0x1420, 0x1420,
0x1420, 0x1420, 0x1420, 0x1420, 0x1420, 0x1420, 0x1420, 0x1420, 0x1420, 0x1420,
0x1420, 0x1420, 0x1420, 0x1118, 0x1920, 0x1920, 0x7352, 0x05CD, 0xA0D3, 0x6050,
0x6050, 0x0459, 0xCD48, 0x1420, 0x1420, 0x1420, 0x1420, 0x1420, 0x1420, 0x1420,
0x1420, 0x1420, 0x1420, 0x1420, 0x1420, 0x1420, 0x1420, 0x1420, 0x1420, 0x1420,
0x1420, 0x1420, 0x1420, 0x1420, 0x1420, 0x1420, 0x1420, 0x1420, 0x1420, 0x1420,
0x1420, 0x1420, 0x1420, 0x1420, 0x1420, 0x1420, 0x1420, 0x1420, 0x1420, 0x1420,
0x1420, 0x1420, 0x1420, 0x1420, 0x1420, 0x1420, 0x1420, 0x1420, 0x1420, 0x1420,
0x1420, 0x1420, 0x1420, 0x1420, 0x1420, 0x1420, 0x1420, 0x7520, 0x7520, 0x1610,
0x4E6B, 0xC4D4, 0x00C3, 0x00C3, 0x0130, 0x4461, 0x5230, 0x3328, 0x3328, 0x1420,
0x1418, 0x1418, 0x3420, 0x1420, 0x1420, 0x1520, 0x1420, 0x1420, 0x1420, 0x1420,
0x1420, 0x1420, 0x1420, 0x1420, 0x1420, 0x1420, 0x1420, 0x1420, 0x1420, 0x1420,
0x1420, 0x1420, 0x1420, 0x1420, 0x1420, 0x1420, 0x1420, 0x1420, 0x1420, 0x1420,
0x1420, 0x1420, 0x1420, 0x1420, 0x1420, 0x1420, 0x1420, 0x1420, 0x1420, 0x1420,
0x1420, 0x1420, 0x1420, 0x1420, 0x1420, 0x1420, 0x1420, 0x1420, 0x1420, 0x1420,
0x1420, 0x1420, 0x1420, 0x1420, 0x1420, 0x1420, 0x1420, 0x1420, 0x1420, 0x1420,
0x1420, 0x1420, 0x1420, 0x1420, 0x1420, 0x1420, 0x1420, 0x1420, 0x1420, 0x1420,
0x1420, 0x1420, 0x1420, 0x1420, 0x1420, 0x1420, 0x1420, 0x1420, 0x1420, 0x1420,
0x1420, 0x1420, 0x1420, 0x1420, 0x1420, 0x1420, 0x1420, 0x1420, 0x1420, 0x1420,
0x1420, 0x1420, 0x1420, 0x1420, 0x1420, 0x1420, 0x1420, 0x1420, 0x1420, 0x1420,
0x1420, 0x1420, 0x1420, 0x1420, 0x1420, 0x1420, 0x1420, 0x1420, 0x1420, 0x1420,
0x1420, 0x1420, 0x1420, 0x1420, 0x1420, 0x1420, 0x1420, 0x1420, 0x1420, 0x1420,
0x1420, 0x1420, 0x1420, 0x1420, 0x1420, 0x1420, 0x1420, 0x1420, 0x1420, 0x1420,
0x1420, 0x1420, 0x1420, 0x1420, 0x1420, 0x1420, 0x1420, 0x1420, 0x1420, 0x1420,
0x1420, 0x1420, 0x1420, 0x1420, 0x1420, 0x1420, 0x1420, 0x1420, 0x1420, 0x1420,
0x1420, 0x1420, 0x1420, 0x1420, 0x1420, 0x1420, 0x1420, 0x1420, 0x1420, 0x1420,
0x1420, 0x1420, 0x1420, 0x1420, 0x1420, 0x1420, 0x1420, 0x1420, 0x1420, 0x1420,
0x1420, 0x1420, 0x1420, 0x1420, 0x1420, 0x1420, 0x1420, 0x1420, 0x1420, 0x1420,
0x1420, 0x1420, 0x1420, 0x1420, 0x1420, 0x1420, 0x1420, 0x1420, 0x1420, 0x1420,
0x1420, 0x1420, 0x1420, 0x1420, 0x1420, 0x1420, 0x1420, 0x1420, 0x1420, 0x1420,
0x1420, 0x1420, 0x1420, 0x1420, 0x1420, 0x1420, 0x1420, 0x1420, 0x1420, 0x1420,
0x1420, 0x1420, 0x1420, 0x1420, 0x1420, 0x1420, 0x1420, 0x1420, 0x1420, 0x1420,
0x1420, 0x1420, 0x1420, 0x1420, 0x1420, 0x1420, 0x1420, 0x1420, 0x1420, 0x1420,
0x1420, 0x1420, 0x1420, 0x1420, 0x1420, 0x1420, 0x1420, 0x1420, 0x1420, 0x1420,
0x1420, 0x1420, 0x1420, 0x1118, 0x1920, 0x1920, 0x7352, 0x05CD, 0xA0D3, 0x6050,
0x6050, 0x0459, 0xCD48, 0x1420, 0x1420, 0x1420, 0x1420, 0x1420, 0x1420, 0x1420,
0x1420, 0x1420, 0x1420, 0x1420, 0x1420, 0x1420, 0x1420, 0x1420, 0x1420, 0x1420,
0x1420, 0x1420, 0x1420, 0x1420, 0x1420, 0x1420, 0x1420, 0x1420, 0x1420, 0x1420,
0x1420, 0x1420, 0x1420, 0x1420, 0x1420, 0x1420, 0x1420, 0x1420, 0x1420, 0x1420,
0x1420, 0x1420, 0x1420, 0x1420, 0x1420, 0x1420, 0x1420, 0x1420, 0x1420, 0x1420,
0x1420, 0x1420, 0x1420, 0x1420, 0x1420, 0x1420, 0x1318, 0x9520, 0x9520, 0x1610,
0x8F9C, 0xA1D4, 0xE0BA, 0xE0BA, 0x0020, 0x4069, 0x7130, 0x3328, 0x3328, 0x1420,
0x1518, 0x1418, 0x3420, 0x1420, 0x1420, 0x1420, 0x1420, 0x1420, 0x1420, 0x1420,
0x1420, 0x1420, 0x1420, 0x1420, 0x1420, 0x1420, 0x1420, 0x1420, 0x1420, 0x1420,
0x1420, 0x1420, 0x1420, 0x1420, 0x1420, 0x1420, 0x1420, 0x1420, 0x1420, 0x1420,
0x1420, 0x1420, 0x1420, 0x1420, 0x1420, 0x1420, 0x1420, 0x1420, 0x1420, 0x1420,
0x1420, 0x1420, 0x1420, 0x1420, 0x1420, 0x1420, 0x1420, 0x1420, 0x1420, 0x1420,
0x1420, 0x1420, 0x1420, 0x1420, 0x1420, 0x1420, 0x1420, 0x1420, 0x1420, 0x1420,
0x1420, 0x1420, 0x1420, 0x1420, 0x1420, 0x1420, 0x1420, 0x1420, 0x1420, 0x1420,
0x1420, 0x1420, 0x1420, 0x1420, 0x1420, 0x1420, 0x1420, 0x1420, 0x1420, 0x1420,
0x1420, 0x1420, 0x1420, 0x1420, 0x1420, 0x1420, 0x1420, 0x1420, 0x1420, 0x1420,
0x1420, 0x1420, 0x1420, 0x1420, 0x1420, 0x1420, 0x1420, 0x1420, 0x1420, 0x1420,
0x1420, 0x1420, 0x1420, 0x1420, 0x1420, 0x1420, 0x1420, 0x1420, 0x1420, 0x1420,
0x1420, 0x1420, 0x1420, 0x1420, 0x1420, 0x1420, 0x1420, 0x1420, 0x1420, 0x1420,
0x1420, 0x1420, 0x1420, 0x1420, 0x1420, 0x1420, 0x1420, 0x1420, 0x1420, 0x1420,
0x1420, 0x1420, 0x1420, 0x1420, 0x1420, 0x1420, 0x1420, 0x1420, 0x1420, 0x1420,
0x1420, 0x1420, 0x1420, 0x1420, 0x1420, 0x1420, 0x1420, 0x1420, 0x1420, 0x1420,
0x1420, 0x1420, 0x1420, 0x1420, 0x1420, 0x1420, 0x1420, 0x1420, 0x1420, 0x1420,
0x1420, 0x1420, 0x1420, 0x1420, 0x1420, 0x1420, 0x1420, 0x1420, 0x1420, 0x1420,
0x1420, 0x1420, 0x1420, 0x1420, 0x1420, 0x1420, 0x1420, 0x1420, 0x1420, 0x1420,
0x1420, 0x1420, 0x1420, 0x1420, 0x1420, 0x1420, 0x1420, 0x1420, 0x1420, 0x1420,
0x1420, 0x1420, 0x1420, 0x1420, 0x1420, 0x1420, 0x1420, 0x1420, 0x1420, 0x1420,
0x1420, 0x1420, 0x1420, 0x1420, 0x1420, 0x1420, 0x1420, 0x1420, 0x1420, 0x1420,
0x1420, 0x1420, 0x1420, 0x1420, 0x1420, 0x1420, 0x1420, 0x1420, 0x1420, 0x1420,
0x1420, 0x1420, 0x1420, 0x1420, 0x1420, 0x1420, 0x1420, 0x1420, 0x1420, 0x1420,
0x1420, 0x1420, 0x1420, 0x1420, 0x1420, 0x1420, 0x1420, 0x1420, 0x1420, 0x1420,
0x1420, 0x1420, 0x1420, 0x1220, 0x1820, 0x1820, 0xB15A, 0x01DD, 0x40C3, 0x6048,
0x6048, 0x2069, 0xCA48, 0x1420, 0x1420, 0x1420, 0x1420, 0x1420, 0x1420, 0x1420,
0x1420, 0x1420, 0x1420, 0x1420, 0x1420, 0x1420, 0x1420, 0x1420, 0x1420, 0x1420,
0x1420, 0x1420, 0x1420, 0x1420, 0x1420, 0x1420, 0x1420, 0x1420, 0x1420, 0x1420,
0x1420, 0x1420, 0x1420, 0x1420, 0x1420, 0x1420, 0x1420, 0x1420, 0x1420, 0x1420,
0x1420, 0x1420, 0x1420, 0x1420, 0x1420, 0x1420, 0x1420, 0x1420, 0x1420, 0x1420,
0x1420, 0x1420, 0x1420, 0x1420, 0x1420, 0x1420, 0x1520, 0x5318, 0x5318, 0x1410,
0x0D94, 0xA0DC, 0x0092, 0x0092, 0x0020, 0x0069, 0x7130, 0x3228, 0x3228, 0x1420,
0x1518, 0x1518, 0x3420, 0x1420, 0x1420, 0x1420, 0x1420, 0x1420, 0x1420, 0x1420,
0x1420, 0x1420, 0x1420, 0x1420, 0x1420, 0x1420, 0x1420, 0x1420, 0x1420, 0x1420,
0x1420, 0x1420, 0x1420, 0x1420, 0x1420, 0x1420, 0x1420, 0x1420, 0x1420, 0x1420,
0x1420, 0x1420, 0x1420, 0x1420, 0x1420, 0x1420, 0x1420, 0x1420, 0x1420, 0x1420,
0x1420, 0x1420, 0x1420, 0x1420, 0x1420, 0x1420, 0x1420, 0x1420, 0x1420, 0x1420,
0x1420, 0x1420, 0x1420, 0x1420, 0x1420, 0x1420, 0x1420, 0x1420, 0x1420, 0x1420,
0x1420, 0x1420, 0x1420, 0x1420, 0x1420, 0x1420, 0x1420, 0x1420, 0x1420, 0x1420,
0x1420, 0x1420, 0x1420, 0x1420, 0x1420, 0x1420, 0x1420, 0x1420, 0x1420, 0x1420,
0x1420, 0x1420, 0x1420, 0x1420, 0x1420, 0x1420, 0x1420, 0x1420, 0x1420, 0x1420,
0x1420, 0x1420, 0x1420, 0x1420, 0x1420, 0x1420, 0x1420, 0x1420, 0x1420, 0x1420,
0x1420, 0x1420, 0x1420, 0x1420, 0x1420, 0x1420, 0x1420, 0x1420, 0x1420, 0x1420,
0x1420, 0x1420, 0x1420, 0x1420, 0x1420, 0x1420, 0x1420, 0x1420, 0x1420, 0x1420,
0x1420, 0x1420, 0x1420, 0x1420, 0x1420, 0x1420, 0x1420, 0x1420, 0x1420, 0x1420,
0x1420, 0x1420, 0x1420, 0x1420, 0x1420, 0x1420, 0x1420, 0x1420, 0x1420, 0x1420,
0x1420, 0x1420, 0x1420, 0x1420, 0x1420, 0x1420, 0x1420, 0x1420, 0x1420, 0x1420,
0x1420, 0x1420, 0x1420, 0x1420, 0x1420, 0x1420, 0x1420, 0x1420, 0x1420, 0x1420,
0x1420, 0x1420, 0x1420, 0x1420, 0x1420, 0x1420, 0x1420, 0x1420, 0x1420, 0x1420,
0x1420, 0x1420, 0x1420, 0x1420, 0x1420, 0x1420, 0x1420, 0x1420, 0x1420, 0x1420,
0x1420, 0x1420, 0x1420, 0x1420, 0x1420, 0x1420, 0x1420, 0x1420, 0x1420, 0x1420,
0x1420, 0x1420, 0x1420, 0x1420, 0x1420, 0x1420, 0x1420, 0x1420, 0x1420, 0x1420,
0x1420, 0x1420, 0x1420, 0x1420, 0x1420, 0x1420, 0x1420, 0x1420, 0x1420, 0x1420,
0x1420, 0x1420, 0x1420, 0x1420, 0x1420, 0x1420, 0x1420, 0x1420, 0x1420, 0x1420,
0x1420, 0x1420, 0x1420, 0x1420, 0x1420, 0x1420, 0x1420, 0x1420, 0x1420, 0x1420,
0x1420, 0x1420, 0x1420, 0x1420, 0x1420, 0x1420, 0x1420, 0x1420, 0x1420, 0x1420,
0x1420, 0x1420, 0x1420, 0x3420, 0x1620, 0x1620, 0xAF5A, 0xE0E4, 0x80A2, 0x2130,
0x2130, 0xE070, 0xA840, 0x1420, 0x1420, 0x1420, 0x1420, 0x1420, 0x1420, 0x1420,
0x1420, 0x1420, 0x1420, 0x1420, 0x1420, 0x1420, 0x1420, 0x1420, 0x1420, 0x1420,
0x1420, 0x1420, 0x1420, 0x1420, 0x1420, 0x1420, 0x1420, 0x1420, 0x1420, 0x1420,
0x1420, 0x1420, 0x1420, 0x1420, 0x1420, 0x1420, 0x1420, 0x1420, 0x1420, 0x1420,
0x1420, 0x1420, 0x1420, 0x1420, 0x1420, 0x1420, 0x1420, 0x1420, 0x1420, 0x1420,
0x1420, 0x1420, 0x1420, 0x1420, 0x1420, 0x1420, 0x1628, 0x3310, 0x3310, 0x1320,
0x8D93, 0x80DC, 0x2071, 0x2071, 0x8020, 0xE068, 0x7030, 0x3228, 0x3228, 0x1420,
0x1518, 0x1518, 0x3420, 0x1420, 0x1420, 0x1420, 0x1420, 0x1420, 0x1420, 0x1420,
0x1420, 0x1420, 0x1420, 0x1420, 0x1420, 0x1420, 0x1420, 0x1420, 0x1420, 0x1420,
0x1420, 0x1420, 0x1420, 0x1420, 0x1420, 0x1420, 0x1420, 0x1420, 0x1420, 0x1420,
0x1420, 0x1420, 0x1420, 0x1420, 0x1420, 0x1420, 0x1420, 0x1420, 0x1420, 0x1420,
0x1420, 0x1420, 0x1420, 0x1420, 0x1420, 0x1420, 0x1420, 0x1420, 0x1420, 0x1420,
0x1420, 0x1420, 0x1420, 0x1420, 0x1420, 0x1420, 0x1420, 0x1420, 0x1420, 0x1420,
0x1420, 0x1420, 0x1420, 0x1420, 0x1420, 0x1420, 0x1420, 0x1420, 0x1420, 0x1420,
0x1420, 0x1420, 0x1420, 0x1420, 0x1420, 0x1420, 0x1420, 0x1420, 0x1420, 0x1420,
0x1420, 0x1420, 0x1420, 0x1420, 0x1420, 0x1420, 0x1420, 0x1420, 0x1420, 0x1420,
0x1420, 0x1420, 0x1420, 0x1420, 0x1420, 0x1420, 0x1420, 0x1420, 0x1420, 0x1420,
0x1420, 0x1420, 0x1420, 0x1420, 0x1420, 0x1420, 0x1420, 0x1420, 0x1420, 0x1420,
0x1420, 0x1420, 0x1420, 0x1420, 0x1420, 0x1420, 0x1420, 0x1420, 0x1420, 0x1420,
0x1420, 0x1420, 0x1420, 0x1420, 0x1420, 0x1420, 0x1420, 0x1420, 0x1420, 0x1420,
0x1420, 0x1420, 0x1420, 0x1420, 0x1420, 0x1420, 0x1420, 0x1420, 0x1420, 0x1420,
0x1420, 0x1420, 0x1420, 0x1420, 0x1420, 0x1420, 0x1420, 0x1420, 0x1420, 0x1420,
0x1420, 0x1420, 0x1420, 0x1420, 0x1420, 0x1420, 0x1420, 0x1420, 0x1420, 0x1420,
0x1420, 0x1420, 0x1420, 0x1420, 0x1420, 0x1420, 0x1420, 0x1420, 0x1420, 0x1420,
0x1420, 0x1420, 0x1420, 0x1420, 0x1420, 0x1420, 0x1420, 0x1420, 0x1420, 0x1420,
0x1420, 0x1420, 0x1420, 0x1420, 0x1420, 0x1420, 0x1420, 0x1420, 0x1420, 0x1420,
0x1420, 0x1420, 0x1420, 0x1420, 0x1420, 0x1420, 0x1420, 0x1420, 0x1420, 0x1420,
0x1420, 0x1420, 0x1420, 0x1420, 0x1420, 0x1420, 0x1420, 0x1420, 0x1420, 0x1420,
0x1420, 0x1420, 0x1420, 0x1420, 0x1420, 0x1420, 0x1420, 0x1420, 0x1420, 0x1420,
0x1420, 0x1420, 0x1420, 0x1420, 0x1420, 0x1420, 0x1420, 0x1420, 0x1420, 0x1420,
0x1420, 0x1420, 0x1420, 0x1420, 0x1420, 0x1420, 0x1420, 0x1420, 0x1420, 0x1420,
0x1420, 0x1420, 0x1420, 0x1520, 0x1420, 0x1420, 0x1063, 0xE0EC, 0xA081, 0x0318,
0x0318, 0xC178, 0x0941, 0x1420, 0x1420, 0x1420, 0x1420, 0x1420, 0x1420, 0x1420,
0x1420, 0x1420, 0x1420, 0x1420, 0x1420, 0x1420, 0x1420, 0x1420, 0x1420, 0x1420,
0x1420, 0x1420, 0x1420, 0x1420, 0x1420, 0x1420, 0x1420, 0x1420, 0x1420, 0x1420,
0x1420, 0x1420, 0x1420, 0x1420, 0x1420, 0x1420, 0x1420, 0x1420, 0x1420, 0x1420,
0x1420, 0x1420, 0x1420, 0x1420, 0x1420, 0x1420, 0x1420, 0x1420, 0x1420, 0x1420,
0x1420, 0x1420, 0x1420, 0x1420, 0x1420, 0x1420, 0x1720, 0x7418, 0x7418, 0x9330,
0xF1A3, 0x80D4, 0xC060, 0xC060, 0xA020, 0x2371, 0x7030, 0x5228, 0x5228, 0x1420,
0x1518, 0x1518, 0x3420, 0x3420, 0x3420, 0x1420, 0x1420, 0x1420, 0x1420, 0x1420,
0x1420, 0x1420, 0x1420, 0x1420, 0x1420, 0x1420, 0x1420, 0x1420, 0x1420, 0x1420,
0x1420, 0x1420, 0x1420, 0x1420, 0x1420, 0x1420, 0x1420, 0x1420, 0x1420, 0x1420,
0x1420, 0x1420, 0x1420, 0x1420, 0x1420, 0x1420, 0x1420, 0x1420, 0x1420, 0x1420,
0x1420, 0x1420, 0x1420, 0x1420, 0x1420, 0x1420, 0x1420, 0x1420, 0x1420, 0x1420,
0x1420, 0x1420, 0x1420, 0x1420, 0x1420, 0x1420, 0x1420, 0x1420, 0x1420, 0x1420,
0x1420, 0x1420, 0x1420, 0x1420, 0x1420, 0x1420, 0x1420, 0x1420, 0x1420, 0x1420,
0x1420, 0x1420, 0x1420, 0x1420, 0x1420, 0x1420, 0x1420, 0x1420, 0x1420, 0x1420,
0x1420, 0x1420, 0x1420, 0x1420, 0x1420, 0x1420, 0x1420, 0x1420, 0x1420, 0x1420,
0x1420, 0x1420, 0x1420, 0x1420, 0x1420, 0x1420, 0x1420, 0x1420, 0x1420, 0x1420,
0x1420, 0x1420, 0x1420, 0x1420, 0x1420, 0x1420, 0x1420, 0x1420, 0x1420, 0x1420,
0x1420, 0x1420, 0x1420, 0x1420, 0x1420, 0x1420, 0x1420, 0x1420, 0x1420, 0x1420,
0x1420, 0x1420, 0x1420, 0x1420, 0x1420, 0x1420, 0x1420, 0x1420, 0x1420, 0x1420,
0x1420, 0x1420, 0x1420, 0x1420, 0x1420, 0x1420, 0x1420, 0x1420, 0x1420, 0x1420,
0x1420, 0x1420, 0x1420, 0x1420, 0x1420, 0x1420, 0x1420, 0x1420, 0x1420, 0x1420,
0x1420, 0x1420, 0x1420, 0x1420, 0x1420, 0x1420, 0x1420, 0x1420, 0x1420, 0x1420,
0x1420, 0x1420, 0x1420, 0x1420, 0x1420, 0x1420, 0x1420, 0x1420, 0x1420, 0x1420,
0x1420, 0x1420, 0x1420, 0x1420, 0x1420, 0x1420, 0x1420, 0x1420, 0x1420, 0x1420,
0x1420, 0x1420, 0x1420, 0x1420, 0x1420, 0x1420, 0x1420, 0x1420, 0x1420, 0x1420,
0x1420, 0x1420, 0x1420, 0x1420, 0x1420, 0x1420, 0x1420, 0x1420, 0x1420, 0x1420,
0x1420, 0x1420, 0x1420, 0x1420, 0x1420, 0x1420, 0x1420, 0x1420, 0x1420, 0x1420,
0x1420, 0x1420, 0x1420, 0x1420, 0x1420, 0x1420, 0x1420, 0x1420, 0x1420, 0x1420,
0x1420, 0x1420, 0x1420, 0x1420, 0x1420, 0x1420, 0x1420, 0x1420, 0x1420, 0x1420,
0x1420, 0x1420, 0x1420, 0x1420, 0x1420, 0x1420, 0x1420, 0x1420, 0x1420, 0x1420,
0x1420, 0x1420, 0x1420, 0x5728, 0x3428, 0x3428, 0x106B, 0x01FD, 0x8079, 0x0618,
0x0618, 0xC380, 0x4A49, 0x1420, 0x1420, 0x1420, 0x1420, 0x1420, 0x1420, 0x1420,
0x1420, 0x1420, 0x1420, 0x1420, 0x1420, 0x1420, 0x1420, 0x1420, 0x1420, 0x1420,
0x1420, 0x1420, 0x1420, 0x1420, 0x1420, 0x1420, 0x1420, 0x1420, 0x1420, 0x1420,
0x1420, 0x1420, 0x1420, 0x1420, 0x1420, 0x1420, 0x1420, 0x1420, 0x1420, 0x1420,
0x1420, 0x1420, 0x1420, 0x1420, 0x1420, 0x1420, 0x1420, 0x1420, 0x1420, 0x1420,
0x1420, 0x1420, 0x1420, 0x1420, 0x1420, 0x1420, 0x1720, 0x7418, 0x7418, 0x9330,
0xF1A3, 0x80D4, 0xC060, 0xC060, 0xA020, 0x2371, 0x7030, 0x5228, 0x5228, 0x1420,
0x1518, 0x1518, 0x3420, 0x3420, 0x3420, 0x1420, 0x1420, 0x1420, 0x1420, 0x1420,
0x1420, 0x1420, 0x1420, 0x1420, 0x1420, 0x1420, 0x1420, 0x1420, 0x1420, 0x1420,
0x1420, 0x1420, 0x1420, 0x1420, 0x1420, 0x1420, 0x1420, 0x1420, 0x1420, 0x1420,
0x1420, 0x1420, 0x1420, 0x1420, 0x1420, 0x1420, 0x1420, 0x1420, 0x1420, 0x1420,
0x1420, 0x1420, 0x1420, 0x1420, 0x1420, 0x1420, 0x1420, 0x1420, 0x1420, 0x1420,
0x1420, 0x1420, 0x1420, 0x1420, 0x1420, 0x1420, 0x1420, 0x1420, 0x1420, 0x1420,
0x1420, 0x1420, 0x1420, 0x1420, 0x1420, 0x1420, 0x1420, 0x1420, 0x1420, 0x1420,
0x1420, 0x1420, 0x1420, 0x1420, 0x1420, 0x1420, 0x1420, 0x1420, 0x1420, 0x1420,
0x1420, 0x1420, 0x1420, 0x1420, 0x1420, 0x1420, 0x1420, 0x1420, 0x1420, 0x1420,
0x1420, 0x1420, 0x1420, 0x1420, 0x1420, 0x1420, 0x1420, 0x1420, 0x1420, 0x1420,
0x1420, 0x1420, 0x1420, 0x1420, 0x1420, 0x1420, 0x1420, 0x1420, 0x1420, 0x1420,
0x1420, 0x1420, 0x1420, 0x1420, 0x1420, 0x1420, 0x1420, 0x1420, 0x1420, 0x1420,
0x1420, 0x1420, 0x1420, 0x1420, 0x1420, 0x1420, 0x1420, 0x1420, 0x1420, 0x1420,
0x1420, 0x1420, 0x1420, 0x1420, 0x1420, 0x1420, 0x1420, 0x1420, 0x1420, 0x1420,
0x1420, 0x1420, 0x1420, 0x1420, 0x1420, 0x1420, 0x1420, 0x1420, 0x1420, 0x1420,
0x1420, 0x1420, 0x1420, 0x1420, 0x1420, 0x1420, 0x1420, 0x1420, 0x1420, 0x1420,
0x1420, 0x1420, 0x1420, 0x1420, 0x1420, 0x1420, 0x1420, 0x1420, 0x1420, 0x1420,
0x1420, 0x1420, 0x1420, 0x1420, 0x1420, 0x1420, 0x1420, 0x1420, 0x1420, 0x1420,
0x1420, 0x1420, 0x1420, 0x1420, 0x1420, 0x1420, 0x1420, 0x1420, 0x1420, 0x1420,
0x1420, 0x1420, 0x1420, 0x1420, 0x1420, 0x1420, 0x1420, 0x1420, 0x1420, 0x1420,
0x1420, 0x1420, 0x1420, 0x1420, 0x1420, 0x1420, 0x1420, 0x1420, 0x1420, 0x1420,
0x1420, 0x1420, 0x1420, 0x1420, 0x1420, 0x1420, 0x1420, 0x1420, 0x1420, 0x1420,
0x1420, 0x1420, 0x1420, 0x1420, 0x1420, 0x1420, 0x1420, 0x1420, 0x1420, 0x1420,
0x1420, 0x1420, 0x1420, 0x1420, 0x1420, 0x1420, 0x1420, 0x1420, 0x1420, 0x1420,
0x1420, 0x1420, 0x1420, 0x5728, 0x3428, 0x3428, 0x106B, 0x01FD, 0x8079, 0x0618,
0x0618, 0xC380, 0x4A49, 0x1420, 0x1420, 0x1420, 0x1420, 0x1420, 0x1420, 0x1420,
0x1420, 0x1420, 0x1420, 0x1420, 0x1420, 0x1420, 0x1420, 0x1420, 0x1420, 0x1420,
0x1420, 0x1420, 0x1420, 0x1420, 0x1420, 0x1420, 0x3428, 0x3428, 0x1428, 0x1518,
0x1518, 0x1518, 0x1518, 0x1518, 0x1520, 0x1428, 0x1320, 0x1320, 0x1320, 0x1420,
0x1320, 0x1220, 0x1220, 0x1320, 0x1420, 0x1620, 0x1320, 0x1320, 0x1320, 0x1320,
0x1520, 0x1620, 0x1520, 0x1520, 0x1420, 0x1220, 0x1000, 0xB420, 0xB420, 0xA1DA,
0xE0BA, 0x80CB, 0x0620, 0x0620, 0x4049, 0x40DB, 0x8391, 0x0061, 0x0061, 0x3310,
0x3310, 0x1620, 0x1720, 0x1430, 0x1430, 0x5520, 0x1310, 0x1518, 0x5318, 0x5318,
0x9228, 0x1210, 0x1618, 0x5828, 0x5828, 0x1520, 0x1420, 0x1420, 0x1420, 0x1420,
0x1420, 0x1420, 0x1420, 0x1420, 0x1420, 0x1420, 0x1420, 0x1420, 0x1420, 0x1420,
0x1420, 0x1420, 0x1420, 0x1420, 0x1420, 0x1420, 0x1420, 0x1420, 0x1420, 0x1420,
0x1420, 0x1420, 0x1420, 0x1420, 0x1420, 0x1420, 0x1420, 0x1420, 0x1420, 0x1420,
0x1420, 0x1420, 0x1420, 0x1420, 0x1420, 0x1420, 0x1420, 0x1420, 0x1420, 0x1420,
0x1420, 0x1420, 0x1420, 0x1420, 0x1420, 0x1518, 0x6F28, 0x6F28, 0x1210, 0x1620,
0x1520, 0x5010, 0x5010, 0x5208, 0x1708, 0x1620, 0x1620, 0x1620, 0x1720, 0x1720,
0x1620, 0x1520, 0x1520, 0x1320, 0x1220, 0x1420, 0x1420, 0x1420, 0x1420, 0x1420,
0x1420, 0x1420, 0x1420, 0x1420, 0x1420, 0x1420, 0x1420, 0x1420, 0x1420, 0x1420,
0x1420, 0x1420, 0x1420, 0x1420, 0x1420, 0x1420, 0x1420, 0x1420, 0x1420, 0x1420,
0x1420, 0x1420, 0x1420, 0x1420, 0x1420, 0x1420, 0x1420, 0x1420, 0x1420, 0x1420,
0x1420, 0x1420, 0x1420, 0x1420, 0x1420, 0x1420, 0x1420, 0x1420, 0x1420, 0x1420,
0x1420, 0x1420, 0x1420, 0x1420, 0x1628, 0x1628, 0x1528, 0x1420, 0x1320, 0x1318,
0x1318, 0x1518, 0x1718, 0x1818, 0x1120, 0x1120, 0x3420, 0x1618, 0x5218, 0x1518,
0x1418, 0x1418, 0x1308, 0x1510, 0x1420, 0x1420, 0x1420, 0x1420, 0x1520, 0x1720,
0x1718, 0x1718, 0x1518, 0x1418, 0x1420, 0x1420, 0x1420, 0x1420, 0x1420, 0x1420,
0x1420, 0x1420, 0x1420, 0x1420, 0x1420, 0x1420, 0x1420, 0x1420, 0x1420, 0x1420,
0x1420, 0x1420, 0x1420, 0x1420, 0x1420, 0x1420, 0x1420, 0x1420, 0x1420, 0x1420,
0x1420, 0x1420, 0x1420, 0x1420, 0x1420, 0x1420, 0x1420, 0x1420, 0x1420, 0x1420,
0x1420, 0x1420, 0x1420, 0x1420, 0x1420, 0x1420, 0x1420, 0x1420, 0x1420, 0x1420,
0x1420, 0x1420, 0x1420, 0x1420, 0x1420, 0x1420, 0x1420, 0x1420, 0x1420, 0x1420,
0x1420, 0x1420, 0x1420, 0x1220, 0x1220, 0x3418, 0x1510, 0x1528, 0x1228, 0x1228,
0x3018, 0x5118, 0x1420, 0x1118, 0x1610, 0x1610, 0x7030, 0x5038, 0x1208, 0x1310,
0x1310, 0x1628, 0x1418, 0x7000, 0x20C3, 0x20C3, 0x41C3, 0x42D3, 0x2059, 0x0000,
0x0000, 0xA0DB, 0x81B2, 0x4051, 0x3338, 0x1720, 0x1720, 0x3618, 0x1418, 0x1218,
0x1618, 0x1618, 0x5728, 0x1320, 0x1520, 0x3608, 0x3608, 0x7210, 0x1730, 0x1520,
0x9018, 0x9018, 0x1720, 0x1420, 0x1420, 0x1420, 0x1620, 0x1620, 0x1420, 0x3220,
0x1010, 0x1210, 0x1210, 0x3420, 0x5328, 0x3228, 0x1520, 0x1520, 0x1620, 0x1820,
0x1820, 0x1618, 0x1618, 0x1418, 0x1420, 0x3420, 0x1420, 0x1420, 0x1420, 0x1420,
0x1420, 0x1520, 0x1520, 0x1520, 0x1420, 0x1320, 0x9320, 0x5620, 0x5620, 0x25E3,
0xA2B2, 0x2092, 0xE138, 0xE138, 0x2049, 0x40D3, 0xC191, 0x2061, 0x2061, 0x1310,
0x1310, 0x1520, 0x1520, 0x1330, 0x1330, 0x5420, 0x3720, 0x3418, 0x1310, 0x1310,
0x1828, 0x1820, 0x3318, 0x3020, 0x3020, 0x1120, 0x1420, 0x1420, 0x1420, 0x1420,
0x1420, 0x1420, 0x1420, 0x1420, 0x1420, 0x1420, 0x1420, 0x1420, 0x1420, 0x1420,
0x1420, 0x1420, 0x1420, 0x1420, 0x1420, 0x1420, 0x1420, 0x1420, 0x1420, 0x1420,
0x1420, 0x1420, 0x1420, 0x1420, 0x1420, 0x1420, 0x1420, 0x1420, 0x1420, 0x1420,
0x1420, 0x1420, 0x1420, 0x1420, 0x1420, 0x1420, 0x1420, 0x1420, 0x1420, 0x1420,
0x1420, 0x1420, 0x1420, 0x1420, 0x1420, 0x1520, 0x1318, 0x1318, 0x1820, 0x7430,
0x5630, 0x1210, 0x1210, 0x1510, 0x7628, 0x1420, 0x1420, 0x1420, 0x1520, 0x1520,
0x1520, 0x1420, 0x1420, 0x1420, 0x1420, 0x1420, 0x1420, 0x1420, 0x1420, 0x1420,
0x1420, 0x1420, 0x1420, 0x1420, 0x1420, 0x1420, 0x1420, 0x1420, 0x1420, 0x1420,
0x1420, 0x1420, 0x1420, 0x1420, 0x1420, 0x1420, 0x1420, 0x1420, 0x1420, 0x1420,
0x1420, 0x1420, 0x1420, 0x1420, 0x1420, 0x1420, 0x1420, 0x1420, 0x1420, 0x1420,
0x1420, 0x1420, 0x1420, 0x1420, 0x1420, 0x1420, 0x1420, 0x1420, 0x1420, 0x1420,
0x1420, 0x1420, 0x1420, 0x1420, 0x1218, 0x1218, 0x1318, 0x1418, 0x1420, 0x5528,
0x5528, 0x5428, 0x3220, 0x1118, 0x1720, 0x1720, 0x1718, 0x1718, 0xD428, 0x9528,
0x3420, 0x3420, 0x9228, 0x5628, 0x1620, 0x1520, 0x1520, 0x1520, 0x1420, 0x1420,
0x1420, 0x1420, 0x1318, 0x3218, 0x1420, 0x1420, 0x1420, 0x1420, 0x1420, 0x1420,
0x1420, 0x1420, 0x1420, 0x1420, 0x1420, 0x1420, 0x1420, 0x1420, 0x1420, 0x1420,
0x1420, 0x1420, 0x1420, 0x1420, 0x1420, 0x1420, 0x1420, 0x1420, 0x1420, 0x1420,
0x1420, 0x1420, 0x1420, 0x1420, 0x1420, 0x1420, 0x1420, 0x1420, 0x1420, 0x1420,
0x1420, 0x1420, 0x1420, 0x1420, 0x1420, 0x1420, 0x1420, 0x1420, 0x1420, 0x1420,
0x1420, 0x1420, 0x1420, 0x1420, 0x1420, 0x1420, 0x1420, 0x1420, 0x1420, 0x1420,
0x1420, 0x1420, 0x1420, 0x1620, 0x1620, 0x1618, 0x3510, 0x5630, 0x5638, 0x5638,
0x5628, 0x5720, 0x1728, 0x1518, 0x1808, 0x1808, 0x1528, 0x1730, 0x1510, 0x3318,
0x3318, 0x1730, 0x5520, 0x1800, 0xE3C2, 0xE3C2, 0x02BB, 0xC099, 0x6059, 0x0000,
0x0000, 0x22D3, 0x20A2, 0x4051, 0x3138, 0x1520, 0x1520, 0x1618, 0x1418, 0x1118,
0x1420, 0x1420, 0x3620, 0x3628, 0x1630, 0x1610, 0x1610, 0x5210, 0x1428, 0x1520,
0x7210, 0x7210, 0x1620, 0x1420, 0x1420, 0x1420, 0x7930, 0x7930, 0x1720, 0x1518,
0x3418, 0x7320, 0x7320, 0x5420, 0x1620, 0x1820, 0x1318, 0x1318, 0x1318, 0x1420,
0x3628, 0x5728, 0x5728, 0x5828, 0x3828, 0x1828, 0x1520, 0x1520, 0x1520, 0x1420,
0x1420, 0x1420, 0x1420, 0x1420, 0x1420, 0x1420, 0x0F00, 0xB330, 0xB330, 0x41CB,
0xE089, 0x8050, 0x2020, 0x2020, 0xE048, 0x61DB, 0x008A, 0x2061, 0x2061, 0x1510,
0x1410, 0x1420, 0x3318, 0x1230, 0x1230, 0x1418, 0x0D00, 0x3628, 0x1618, 0x1618,
0x1520, 0x1218, 0x1218, 0x1418, 0x1418, 0x1418, 0x1420, 0x1420, 0x1420, 0x1420,
0x1420, 0x1420, 0x1420, 0x1420, 0x1420, 0x1420, 0x1420, 0x1420, 0x1420, 0x1420,
0x1420, 0x1420, 0x1420, 0x1420, 0x1420, 0x1420, 0x1420, 0x1420, 0x1420, 0x1420,
0x1420, 0x1420, 0x1420, 0x1420, 0x1420, 0x1420, 0x1420, 0x1420, 0x1420, 0x1420,
0x1420, 0x1420, 0x1420, 0x1420, 0x1420, 0x1420, 0x1420, 0x1420, 0x1420, 0x1420,
0x1420, 0x1420, 0x1420, 0x1420, 0x1420, 0x1518, 0x1310, 0x1310, 0x1820, 0x1520,
0x1510, 0x5130, 0x5130, 0x1218, 0x1520, 0x1320, 0x1320, 0x1320, 0x1320, 0x1320,
0x1320, 0x1420, 0x1420, 0x1520, 0x1520, 0x1420, 0x1420, 0x1420, 0x1420, 0x1420,
0x1420, 0x1420, 0x1420, 0x1420, 0x1420, 0x1420, 0x1420, 0x1420, 0x1420, 0x1420,
0x1420, 0x1420, 0x1420, 0x1420, 0x1420, 0x1420, 0x1420, 0x1420, 0x1420, 0x1420,
0x1420, 0x1420, 0x1420, 0x1420, 0x1420, 0x1420, 0x1420, 0x1420, 0x1420, 0x1420,
0x1420, 0x1420, 0x1420, 0x1420, 0x1420, 0x1420, 0x1420, 0x1420, 0x1420, 0x1420,
0x1420, 0x1420, 0x1420, 0x1420, 0x5520, 0x5520, 0x7520, 0x5520, 0x3420, 0x1420,
0x1420, 0x1520, 0x1620, 0x1720, 0x5128, 0x5128, 0x1220, 0x1418, 0x5420, 0x1610,
0x1718, 0x1718, 0x5438, 0x1618, 0x1418, 0x1420, 0x1420, 0x1320, 0x3320, 0x1320,
0x1320, 0x1320, 0x1320, 0x1320, 0x1420, 0x1420, 0x1420, 0x1420, 0x1420, 0x1420,
0x1420, 0x1420, 0x1420, 0x1420, 0x1420, 0x1420, 0x1420, 0x1420, 0x1420, 0x1420,
0x1420, 0x1420, 0x1420, 0x1420, 0x1420, 0x1420, 0x1420, 0x1420, 0x1420, 0x1420,
0x1420, 0x1420, 0x1420, 0x1420, 0x1420, 0x1420, 0x1420, 0x1420, 0x1420, 0x1420,
0x1420, 0x1420, 0x1420, 0x1420, 0x1420, 0x1420, 0x1420, 0x1420, 0x1420, 0x1420,
0x1420, 0x1420, 0x1420, 0x1420, 0x1420, 0x1420, 0x1420, 0x1420, 0x1420, 0x1420,
0x1420, 0x1420, 0x1420, 0x1428, 0x1428, 0x9320, 0x7118, 0x1420, 0x1618, 0x1618,
0x1600, 0x1518, 0x1028, 0x3030, 0x1610, 0x1610, 0x1720, 0x1928, 0x1510, 0x5220,
0x5220, 0x3630, 0x1510, 0x3918, 0x84B2, 0x84B2, 0x81A2, 0x8060, 0xA038, 0x0008,
0x0008, 0xA0CB, 0x80A2, 0x4151, 0x3038, 0x1318, 0x1318, 0x1518, 0x1520, 0x3120,
0x1318, 0x1318, 0x1418, 0x1510, 0x1030, 0x1310, 0x1310, 0x1310, 0x3228, 0x1420,
0x5410, 0x5410, 0x1518, 0x1420, 0x1420, 0x1420, 0x1318, 0x1318, 0x1210, 0x1210,
0x1310, 0x3520, 0x3520, 0x3620, 0x1720, 0x1820, 0x1118, 0x1118, 0x1120, 0x3220,
0x3320, 0x1420, 0x1420, 0x1420, 0x1318, 0x1218, 0x1520, 0x1520, 0x1520, 0x1520,
0x1420, 0x1320, 0x1320, 0x1320, 0x1420, 0x1620, 0x5920, 0x67BD, 0x67BD, 0x61F5,
0x639A, 0x6061, 0x0220, 0x0220, 0xA358, 0x61CB, 0xE079, 0x2059, 0x2059, 0x1618,
0x1510, 0x1420, 0x5318, 0x1228, 0x1228, 0x1518, 0x9518, 0x4C9C, 0x428B, 0x428B,
0x0941, 0x5328, 0x7530, 0x5328, 0x5328, 0x3420, 0x1420, 0x1420, 0x1420, 0x1420,
0x1420, 0x1420, 0x1420, 0x1420, 0x1420, 0x1420, 0x1420, 0x1420, 0x1420, 0x1420,
0x1420, 0x1420, 0x1420, 0x1420, 0x1420, 0x1420, 0x1420, 0x1420, 0x1420, 0x1420,
0x1420, 0x1420, 0x1420, 0x1420, 0x1420, 0x1420, 0x1420, 0x1420, 0x1420, 0x1420,
0x1420, 0x1420, 0x1420, 0x1420, 0x1420, 0x1420, 0x1420, 0x1420, 0x1420, 0x1420,
0x1420, 0x1420, 0x1420, 0x1420, 0x1420, 0x1918, 0x7320, 0x7320, 0x1428, 0x7630,
0x3118, 0x04B5, 0x04B5, 0x207A, 0x2B49, 0x1520, 0x1420, 0x1420, 0x1320, 0x1320,
0x1320, 0x1420, 0x1420, 0x1520, 0x1620, 0x1420, 0x1420, 0x1420, 0x1420, 0x1420,
0x1420, 0x1420, 0x1420, 0x1420, 0x1420, 0x1420, 0x1420, 0x1420, 0x1420, 0x1420,
0x1420, 0x1420, 0x1420, 0x1420, 0x1420, 0x1420, 0x1420, 0x1420, 0x1420, 0x1420,
0x1420, 0x1420, 0x1420, 0x1420, 0x1420, 0x1420, 0x1420, 0x1420, 0x1420, 0x1420,
0x1420, 0x1420, 0x1420, 0x1420, 0x1420, 0x1420, 0x1420, 0x1420, 0x1420, 0x1420,
0x1420, 0x1420, 0x1420, 0x1420, 0x1610, 0x1610, 0x1618, 0x1618, 0x3620, 0x3520,
0x3520, 0x1320, 0x1118, 0x1010, 0x1318, 0x1318, 0x1520, 0x1720, 0x3420, 0x1018,
0xF059, 0xF059, 0xE3B4, 0x8082, 0x3220, 0x3320, 0x3320, 0x3318, 0x3318, 0x3320,
0x1420, 0x1420, 0x1620, 0x1720, 0x1420, 0x1420, 0x1420, 0x1420, 0x1420, 0x1420,
0x1420, 0x1420, 0x1420, 0x1420, 0x1420, 0x1420, 0x1420, 0x1420, 0x1420, 0x1420,
0x1420, 0x1420, 0x1420, 0x1420, 0x1420, 0x1420, 0x1420, 0x1420, 0x1420, 0x1420,
0x1420, 0x1420, 0x1420, 0x1420, 0x1420, 0x1420, 0x1420, 0x1420, 0x1420, 0x1420,
0x1420, 0x1420, 0x1420, 0x1420, 0x1420, 0x1420, 0x1420, 0x1420, 0x1420, 0x1420,
0x1420, 0x1420, 0x1420, 0x1420, 0x1420, 0x1420, 0x1420, 0x1420, 0x1420, 0x1420,
0x1420, 0x1420, 0x1420, 0x1518, 0x1518, 0x1518, 0x5418, 0x3628, 0x1720, 0x1720,
0x9320, 0x6E7B, 0xC4BC, 0x4249, 0x3320, 0x3320, 0x1520, 0x1328, 0x1410, 0x5220,
0x5220, 0x1428, 0x1400, 0x2EAD, 0x60F5, 0x60F5, 0x40AB, 0xA058, 0x0020, 0x2020,
0x2020, 0x80C3, 0x81A2, 0x4151, 0x3138, 0x1418, 0x1418, 0x1418, 0x3520, 0x3420,
0x1518, 0x1518, 0x1210, 0x6A9C, 0x00AC, 0x6959, 0x6959, 0x9628, 0x1520, 0x1418,
0x5410, 0x5410, 0x3320, 0x1420, 0x1420, 0x1420, 0x1318, 0x1318, 0x1210, 0x1210,
0x1310, 0x3520, 0x3520, 0x3620, 0x1720, 0x1820, 0x1118, 0x1118, 0x1120, 0x3220,
0x3320, 0x1420, 0x1420, 0x1420, 0x1318, 0x1218, 0x1520, 0x1520, 0x1520, 0x1520,
0x1420, 0x1320, 0x1320, 0x1320, 0x1420, 0x1620, 0x5920, 0x67BD, 0x67BD, 0x61F5,
0x639A, 0x6061, 0x0220, 0x0220, 0xA358, 0x61CB, 0xE079, 0x2059, 0x2059, 0x1618,
0x1510, 0x1420, 0x5318, 0x1228, 0x1228, 0x1518, 0x9518, 0x4C9C, 0x428B, 0x428B,
0x0941, 0x5328, 0x7530, 0x5328, 0x5328, 0x3420, 0x1420, 0x1420, 0x1420, 0x1420,
0x1420, 0x1420, 0x1420, 0x1420, 0x1420, 0x1420, 0x1420, 0x1420, 0x1420, 0x1420,
0x1420, 0x1420, 0x1420, 0x1420, 0x1420, 0x1420, 0x1420, 0x1420, 0x1420, 0x1420,
0x1420, 0x1420, 0x1420, 0x1420, 0x1420, 0x1420, 0x1420, 0x1420, 0x1420, 0x1420,
0x1420, 0x1420, 0x1420, 0x1420, 0x1420, 0x1420, 0x1420, 0x1420, 0x1420, 0x1420,
0x1420, 0x1420, 0x1420, 0x1420, 0x1420, 0x1918, 0x7320, 0x7320, 0x1428, 0x7630,
0x3118, 0x04B5, 0x04B5, 0x207A, 0x2B49, 0x1520, 0x1420, 0x1420, 0x1320, 0x1320,
0x1320, 0x1420, 0x1420, 0x1520, 0x1620, 0x1420, 0x1420, 0x1420, 0x1420, 0x1420,
0x1420, 0x1420, 0x1420, 0x1420, 0x1420, 0x1420, 0x1420, 0x1420, 0x1420, 0x1420,
0x1420, 0x1420, 0x1420, 0x1420, 0x1420, 0x1420, 0x1420, 0x1420, 0x1420, 0x1420,
0x1420, 0x1420, 0x1420, 0x1420, 0x1420, 0x1420, 0x1420, 0x1420, 0x1420, 0x1420,
0x1420, 0x1420, 0x1420, 0x1420, 0x1420, 0x1420, 0x1420, 0x1420, 0x1420, 0x1420,
0x1420, 0x1420, 0x1420, 0x1420, 0x1610, 0x1610, 0x1618, 0x1618, 0x3620, 0x3520,
0x3520, 0x1320, 0x1118, 0x1010, 0x1318, 0x1318, 0x1520, 0x1720, 0x3420, 0x1018,
0xF059, 0xF059, 0xE3B4, 0x8082, 0x3220, 0x3320, 0x3320, 0x3318, 0x3318, 0x3320,
0x1420, 0x1420, 0x1620, 0x1720, 0x1420, 0x1420, 0x1420, 0x1420, 0x1420, 0x1420,
0x1420, 0x1420, 0x1420, 0x1420, 0x1420, 0x1420, 0x1420, 0x1420, 0x1420, 0x1420,
0x1420, 0x1420, 0x1420, 0x1420, 0x1420, 0x1420, 0x1420, 0x1420, 0x1420, 0x1420,
0x1420, 0x1420, 0x1420, 0x1420, 0x1420, 0x1420, 0x1420, 0x1420, 0x1420, 0x1420,
0x1420, 0x1420, 0x1420, 0x1420, 0x1420, 0x1420, 0x1420, 0x1420, 0x1420, 0x1420,
0x1420, 0x1420, 0x1420, 0x1420, 0x1420, 0x1420, 0x1420, 0x1420, 0x1420, 0x1420,
0x1420, 0x1420, 0x1420, 0x1518, 0x1518, 0x1518, 0x5418, 0x3628, 0x1720, 0x1720,
0x9320, 0x6E7B, 0xC4BC, 0x4249, 0x3320, 0x3320, 0x1520, 0x1328, 0x1410, 0x5220,
0x5220, 0x1428, 0x1400, 0x2EAD, 0x60F5, 0x60F5, 0x40AB, 0xA058, 0x0020, 0x2020,
0x2020, 0x80C3, 0x81A2, 0x4151, 0x3138, 0x1418, 0x1418, 0x1418, 0x3520, 0x3420,
0x1518, 0x1518, 0x1210, 0x6A9C, 0x00AC, 0x6959, 0x6959, 0x9628, 0x1520, 0x1418,
0x5410, 0x5410, 0x3320, 0x1420, 0x1420, 0x1420, 0x1110, 0x1110, 0x7220, 0x7328,
0x1318, 0x1418, 0x1418, 0x3620, 0x3320, 0x1010, 0x1420, 0x1420, 0x1420, 0x3528,
0x1520, 0x1518, 0x1518, 0x1418, 0x1120, 0x6F28, 0x1420, 0x1420, 0x1520, 0x1520,
0x1420, 0x1220, 0x1220, 0x1220, 0x1420, 0x1620, 0x1700, 0x80DE, 0x80DE, 0x80E5,
0xE291, 0xE048, 0x4372, 0x4372, 0xE281, 0x61A2, 0x6061, 0xE150, 0xE150, 0x1720,
0x1618, 0x1418, 0x3418, 0x1428, 0x1428, 0x1610, 0x1908, 0xA9CD, 0x80BC, 0x80BC,
0xC840, 0x1718, 0x1828, 0x1620, 0x1620, 0x1810, 0x1420, 0x1420, 0x1420, 0x1420,
0x1420, 0x1420, 0x1420, 0x1420, 0x1420, 0x1420, 0x1420, 0x1420, 0x1420, 0x1420,
0x1420, 0x1420, 0x1420, 0x1420, 0x1420, 0x1420, 0x1420, 0x1420, 0x1420, 0x1420,
0x1420, 0x1420, 0x1420, 0x1420, 0x1420, 0x1420, 0x1420, 0x1420, 0x1420, 0x1420,
0x1420, 0x1420, 0x1420, 0x1420, 0x1420, 0x1420, 0x1420, 0x1420, 0x1420, 0x1420,
0x1420, 0x1420, 0x1420, 0x1420, 0x1420, 0x1410, 0x4F18, 0x4F18, 0x1220, 0x1920,
0x1408, 0xA2E6, 0xA2E6, 0xA0A2, 0x5248, 0x1720, 0x1720, 0x1720, 0x1520, 0x1420,
0x1420, 0x1420, 0x1420, 0x1420, 0x1520, 0x1420, 0x1420, 0x1420, 0x1420, 0x1420,
0x1420, 0x1420, 0x1420, 0x1420, 0x1420, 0x1420, 0x1420, 0x1420, 0x1420, 0x1420,
0x1420, 0x1420, 0x1420, 0x1420, 0x1420, 0x1420, 0x1420, 0x1420, 0x1420, 0x1420,
0x1420, 0x1420, 0x1420, 0x1420, 0x1420, 0x1420, 0x1420, 0x1420, 0x1420, 0x1420,
0x1420, 0x1420, 0x1420, 0x1420, 0x1420, 0x1420, 0x1420, 0x1420, 0x1420, 0x1420,
0x1420, 0x1420, 0x1420, 0x1420, 0x9020, 0x9020, 0x5120, 0x1218, 0x1418, 0x1520,
0x1520, 0x3420, 0x1218, 0x1010, 0x3420, 0x3420, 0x3628, 0x1728, 0x1518, 0x1210,
0x9151, 0x9151, 0x60CD, 0x008A, 0x1320, 0x1420, 0x1420, 0x1620, 0x1520, 0x3418,
0x1320, 0x1320, 0x1520, 0x1628, 0x1420, 0x1420, 0x1420, 0x1420, 0x1420, 0x1420,
0x1420, 0x1420, 0x1420, 0x1420, 0x1420, 0x1420, 0x1420, 0x1420, 0x1420, 0x1420,
0x1420, 0x1420, 0x1420, 0x1420, 0x1420, 0x1420, 0x1420, 0x1420, 0x1420, 0x1420,
0x1420, 0x1420, 0x1420, 0x1420, 0x1420, 0x1420, 0x1420, 0x1420, 0x1420, 0x1420,
0x1420, 0x1420, 0x1420, 0x1420, 0x1420, 0x1420, 0x1420, 0x1420, 0x1420, 0x1420,
0x1420, 0x1420, 0x1420, 0x1420, 0x1420, 0x1420, 0x1420, 0x1420, 0x1420, 0x1420,
0x1420, 0x1420, 0x1420, 0x1328, 0x1328, 0x5218, 0x5118, 0x1220, 0x1510, 0x1510,
0x1108, 0xCD8B, 0x40D5, 0xC061, 0x3528, 0x3528, 0x1520, 0x2F28, 0x1510, 0x3420,
0x3420, 0x1328, 0x1400, 0xCAC5, 0xE0F5, 0xE0F5, 0x809A, 0xA158, 0x6172, 0x6072,
0x6072, 0xC0A2, 0xE079, 0x2051, 0x1338, 0x1520, 0x1520, 0x1318, 0x1520, 0x3728,
0x1818, 0x1818, 0x1208, 0xB0AC, 0x40CC, 0xE560, 0xE560, 0x1820, 0x1610, 0x1318,
0x5518, 0x5518, 0x7828, 0x1420, 0x1420, 0x1420, 0x3520, 0x3520, 0x1818, 0x1A20,
0x1A28, 0x1628, 0x1628, 0x1320, 0x1218, 0x1418, 0x1820, 0x1820, 0x1520, 0x1120,
0x3220, 0x3528, 0x3528, 0x1828, 0x1820, 0x1718, 0x5120, 0x5120, 0x3320, 0x1520,
0x1520, 0x1320, 0x1220, 0x1220, 0x1420, 0x1620, 0xB510, 0x07EE, 0x07EE, 0xE0E5,
0x20AA, 0x0138, 0x80DD, 0x80DD, 0x009B, 0x2048, 0xC038, 0xC148, 0xC148, 0x3528,
0x1428, 0x1420, 0x3610, 0x1528, 0x1528, 0x1618, 0x0F00, 0x48CD, 0x60BB, 0x60BB,
0x4A40, 0x1220, 0x5230, 0x1428, 0x1428, 0x3618, 0x1420, 0x1420, 0x1420, 0x1420,
0x1420, 0x1420, 0x1420, 0x1420, 0x1420, 0x1420, 0x1420, 0x1420, 0x1420, 0x1420,
0x1420, 0x1420, 0x1420, 0x1420, 0x1420, 0x1420, 0x1420, 0x1420, 0x1420, 0x1420,
0x1420, 0x1420, 0x1420, 0x1420, 0x1420, 0x1420, 0x1420, 0x1420, 0x1420, 0x1420,
0x1420, 0x1420, 0x1420, 0x1420, 0x1420, 0x1420, 0x1420, 0x1420, 0x1420, 0x1420,
0x1420, 0x1420, 0x1420, 0x1420, 0x1420, 0x5320, 0x5218, 0x5218, 0x1630, 0x1618,
0x5300, 0x40DE, 0x40DE, 0x80B2, 0x4B40, 0x1620, 0x1620, 0x1620, 0x1620, 0x1520,
0x1520, 0x1420, 0x1420, 0x1420, 0x1320, 0x1420, 0x1420, 0x1420, 0x1420, 0x1420,
0x1420, 0x1420, 0x1420, 0x1420, 0x1420, 0x1420, 0x1420, 0x1420, 0x1420, 0x1420,
0x1420, 0x1420, 0x1420, 0x1420, 0x1420, 0x1420, 0x1420, 0x1420, 0x1420, 0x1420,
0x1420, 0x1420, 0x1420, 0x1420, 0x1420, 0x1420, 0x1420, 0x1420, 0x1420, 0x1420,
0x1420, 0x1420, 0x1420, 0x1420, 0x1420, 0x1420, 0x1420, 0x1420, 0x1420, 0x1420,
0x1420, 0x1420, 0x1420, 0x1420, 0x1518, 0x1518, 0x1520, 0x1420, 0x1320, 0x1418,
0x1418, 0x1618, 0x1920, 0x1B28, 0x1518, 0x1518, 0x1318, 0x1120, 0x7328, 0xB120,
0xB151, 0xB151, 0xC0DD, 0x00A2, 0x1428, 0x1628, 0x1628, 0x1820, 0x1720, 0x3418,
0x3120, 0x3120, 0x3120, 0x1328, 0x1420, 0x1420, 0x1420, 0x1420, 0x1420, 0x1420,
0x1420, 0x1420, 0x1420, 0x1420, 0x1420, 0x1420, 0x1420, 0x1420, 0x1420, 0x1420,
0x1420, 0x1420, 0x1420, 0x1420, 0x1420, 0x1420, 0x1420, 0x1420, 0x1420, 0x1420,
0x1420, 0x1420, 0x1420, 0x1420, 0x1420, 0x1420, 0x1420, 0x1420, 0x1420, 0x1420,
0x1420, 0x1420, 0x1420, 0x1420, 0x1420, 0x1420, 0x1420, 0x1420, 0x1420, 0x1420,
0x1420, 0x1420, 0x1420, 0x1420, 0x1420, 0x1420, 0x1420, 0x1420, 0x1420, 0x1420,
0x1420, 0x1420, 0x1420, 0x1A28, 0x1A28, 0x1818, 0x1418, 0x3228, 0x1418, 0x1418,
0x3210, 0xCE93, 0xE0D4, 0x4069, 0x1730, 0x1730, 0x1720, 0x1220, 0x1710, 0x1628,
0x1628, 0x3428, 0x1400, 0x0ABD, 0x40F6, 0x40F6, 0x409A, 0x2358, 0x02D5, 0x40A3,
0x40A3, 0x0248, 0x0020, 0xE048, 0x3138, 0x1428, 0x1428, 0x1318, 0x1620, 0x1720,
0x1718, 0x1718, 0x1300, 0x4A9C, 0x40D4, 0x0069, 0x0069, 0x9530, 0x3620, 0x1320,
0x1418, 0x1418, 0x1818, 0x1420, 0x1420, 0x1420, 0x1410, 0x1410, 0x1420, 0x1528,
0x3330, 0x1228, 0x1228, 0x1320, 0x1620, 0x1A20, 0x1720, 0x1720, 0x1320, 0x3020,
0x1018, 0x1318, 0x1318, 0x1520, 0x1520, 0x1320, 0x6D20, 0x6D20, 0x3120, 0x1520,
0x1620, 0x1420, 0x1220, 0x1220, 0x1420, 0x1620, 0x5300, 0x61DD, 0x61DD, 0x82DD,
0x01B2, 0x4048, 0xC0F5, 0xC0F5, 0x60B3, 0x4040, 0x0020, 0xA040, 0xA040, 0x9230,
0x5030, 0x1320, 0x3610, 0x1528, 0x1528, 0x1418, 0x1900, 0x29DD, 0x20BB, 0x20BB,
0x0C40, 0x1520, 0x1228, 0x1320, 0x1320, 0x1408, 0x1420, 0x1420, 0x1420, 0x1420,
0x1420, 0x1420, 0x1420, 0x1420, 0x1420, 0x1420, 0x1420, 0x1420, 0x1420, 0x1420,
0x1420, 0x1420, 0x1420, 0x1420, 0x1420, 0x1420, 0x1420, 0x1420, 0x1420, 0x1420,
0x1420, 0x1420, 0x1420, 0x1420, 0x1420, 0x1420, 0x1420, 0x1420, 0x1420, 0x1420,
0x1420, 0x1420, 0x1420, 0x1420, 0x1420, 0x1420, 0x1420, 0x1420, 0x1420, 0x1420,
0x1420, 0x1420, 0x1420, 0x1420, 0x1420, 0x1218, 0x1410, 0x1410, 0x1530, 0x1418,
0x3800, 0xA3DD, 0xA3DD, 0x26C2, 0x8D48, 0x3020, 0x3120, 0x3120, 0x1320, 0x1520,
0x1620, 0x1520, 0x1520, 0x1420, 0x1320, 0x1420, 0x1420, 0x1420, 0x1420, 0x1420,
0x1420, 0x1420, 0x1420, 0x1420, 0x1420, 0x1420, 0x1420, 0x1420, 0x1420, 0x1420,
0x1420, 0x1420, 0x1420, 0x1420, 0x1420, 0x1420, 0x1420, 0x1420, 0x1420, 0x1420,
0x1420, 0x1420, 0x1420, 0x1420, 0x1420, 0x1420, 0x1420, 0x1420, 0x1420, 0x1420,
0x1420, 0x1420, 0x1420, 0x1420, 0x1420, 0x1420, 0x1420, 0x1420, 0x1420, 0x1420,
0x1420, 0x1420, 0x1420, 0x1420, 0x1620, 0x1620, 0x1620, 0x1528, 0x1528, 0x1420,
0x1420, 0x1420, 0x1418, 0x1418, 0x1918, 0x1918, 0x1720, 0x1318, 0x3620, 0x9520,
0x3549, 0x3549, 0x80DD, 0x63A1, 0x2C30, 0x1130, 0x1130, 0x1628, 0x1720, 0x3418,
0x5218, 0x5218, 0x3220, 0x1320, 0x1420, 0x1420, 0x1420, 0x1420, 0x1420, 0x1420,
0x1420, 0x1420, 0x1420, 0x1420, 0x1420, 0x1420, 0x1420, 0x1420, 0x1420, 0x1420,
0x1420, 0x1420, 0x1420, 0x1420, 0x1420, 0x1420, 0x1420, 0x1420, 0x1420, 0x1420,
0x1420, 0x1420, 0x1420, 0x1420, 0x1420, 0x1420, 0x1420, 0x1420, 0x1420, 0x1420,
0x1420, 0x1420, 0x1420, 0x1420, 0x1420, 0x1420, 0x1420, 0x1420, 0x1420, 0x1420,
0x1420, 0x1420, 0x1420, 0x1420, 0x1420, 0x1420, 0x1420, 0x1420, 0x1420, 0x1420,
0x1420, 0x1420, 0x1420, 0x5428, 0x5428, 0x1518, 0x1418, 0x5328, 0x5620, 0x5620,
0x1408, 0x5393, 0xE3D3, 0x0471, 0x6F30, 0x6F30, 0x3320, 0x1620, 0x1610, 0x1420,
0x1420, 0x1628, 0x3500, 0xD0BC, 0x20EE, 0x20EE, 0x20A2, 0x0160, 0xA0DC, 0xE0D3,
0xE0D3, 0xC158, 0x2120, 0xA040, 0x8B38, 0x6E28, 0x6E28, 0x1520, 0x1820, 0x3320,
0x3418, 0x3418, 0x1500, 0x6B94, 0xE2DB, 0x2568, 0x2568, 0x1628, 0x1918, 0x1620,
0x1120, 0x1120, 0x5128, 0x1420, 0x1420, 0x1420, 0x5328, 0x5328, 0x6F7B, 0xA79C,
0x2252, 0x0A18, 0x0A18, 0x1720, 0x3828, 0x1020, 0x1318, 0x1318, 0x5528, 0x7830,
0x1920, 0x1610, 0x1610, 0x9028, 0x0B6B, 0x47A5, 0x8B20, 0x8B20, 0x5020, 0x1520,
0x1720, 0x1420, 0x1320, 0x1320, 0x1320, 0x1520, 0x3200, 0x20F6, 0x20F6, 0xC6ED,
0x60C2, 0x4279, 0x20B3, 0x20B3, 0xC0AA, 0x8340, 0x0110, 0x8038, 0x8038, 0xCF38,
0xAD38, 0x3120, 0x3610, 0x1428, 0x1428, 0x1318, 0x5000, 0x2BE5, 0x20CB, 0x20CB,
0xA248, 0xA720, 0x8F38, 0x1738, 0x1738, 0x5410, 0x1420, 0x1420, 0x1420, 0x1420,
0x1420, 0x1420, 0x1420, 0x1420, 0x1420, 0x1420, 0x1420, 0x1420, 0x1420, 0x1420,
0x1420, 0x1420, 0x1420, 0x1420, 0x1420, 0x1420, 0x1420, 0x1420, 0x1420, 0x1420,
0x1420, 0x1420, 0x1420, 0x1420, 0x1420, 0x1420, 0x1420, 0x1420, 0x1420, 0x1420,
0x1420, 0x1420, 0x1420, 0x1420, 0x1420, 0x1420, 0x1420, 0x1420, 0x1420, 0x1420,
0x1420, 0x1420, 0x1420, 0x1420, 0x1420, 0x1720, 0x7618, 0x7618, 0x1128, 0x7120,
0x1600, 0x21E6, 0x21E6, 0x40C2, 0xA038, 0x6B20, 0x6D20, 0x6D20, 0x3120, 0x1420,
0x1620, 0x1520, 0x1520, 0x1420, 0x1320, 0x1420, 0x1420, 0x1420, 0x1420, 0x1420,
0x1420, 0x1420, 0x1420, 0x1420, 0x1420, 0x1420, 0x1420, 0x1420, 0x1420, 0x1420,
0x1420, 0x1420, 0x1420, 0x1420, 0x1420, 0x1420, 0x1420, 0x1420, 0x1420, 0x1420,
0x1420, 0x1420, 0x1420, 0x1420, 0x1420, 0x1420, 0x1420, 0x1420, 0x1420, 0x1420,
0x1420, 0x1420, 0x1420, 0x1420, 0x1420, 0x1420, 0x1420, 0x1420, 0x1420, 0x1420,
0x1420, 0x1420, 0x1420, 0x1420, 0x83BD, 0x83BD, 0x647B, 0xC938, 0x1118, 0x1820,
0x1820, 0x5928, 0x5520, 0x0F10, 0x5318, 0x5318, 0x5328, 0x1020, 0x1410, 0x3510,
0x5541, 0x5541, 0x00E6, 0xA0A1, 0x8238, 0x6930, 0x6930, 0x3128, 0x1620, 0x3518,
0x3518, 0x3518, 0x1618, 0x1820, 0x1420, 0x1420, 0x1420, 0x1420, 0x1420, 0x1420,
0x1420, 0x1420, 0x1420, 0x1420, 0x1420, 0x1420, 0x1420, 0x1420, 0x1420, 0x1420,
0x1420, 0x1420, 0x1420, 0x1420, 0x1420, 0x1420, 0x1420, 0x1420, 0x1420, 0x1420,
0x1420, 0x1420, 0x1420, 0x1420, 0x1420, 0x1420, 0x1420, 0x1420, 0x1420, 0x1420,
0x1420, 0x1420, 0x1420, 0x1420, 0x1420, 0x1420, 0x1420, 0x1420, 0x1420, 0x1420,
0x1420, 0x1420, 0x1420, 0x1420, 0x1420, 0x1420, 0x1420, 0x1420, 0x1420, 0x1420,
0x1420, 0x1420, 0x1420, 0x1020, 0x1020, 0x1410, 0x1720, 0x3628, 0x3718, 0x3718,
0x1100, 0xAF9B, 0xA0E4, 0x4481, 0x4341, 0x4341, 0xCB28, 0x1820, 0x1310, 0x0F18,
0x0F18, 0x1720, 0x1500, 0x67C5, 0x40EE, 0x40EE, 0x00BB, 0xA091, 0xC0B2, 0x81D3,
0x81D3, 0x0051, 0x0108, 0x6140, 0xC640, 0xCA30, 0xCA30, 0x1620, 0x1A20, 0x4F20,
0x5010, 0x5010, 0x1700, 0x8C9C, 0x24EC, 0xC078, 0xC078, 0x8539, 0x0A29, 0x1228,
0x1420, 0x1420, 0x1618, 0x1420, 0x1420, 0x1420, 0x5328, 0x5328, 0x6F7B, 0xA79C,
0x2252, 0x0A18, 0x0A18, 0x1720, 0x3828, 0x1020, 0x1318, 0x1318, 0x5528, 0x7830,
0x1920, 0x1610, 0x1610, 0x9028, 0x0B6B, 0x47A5, 0x8B20, 0x8B20, 0x5020, 0x1520,
0x1720, 0x1420, 0x1320, 0x1320, 0x1320, 0x1520, 0x3200, 0x20F6, 0x20F6, 0xC6ED,
0x60C2, 0x4279, 0x20B3, 0x20B3, 0xC0AA, 0x8340, 0x0110, 0x8038, 0x8038, 0xCF38,
0xAD38, 0x3120, 0x3610, 0x1428, 0x1428, 0x1318, 0x5000, 0x2BE5, 0x20CB, 0x20CB,
0xA248, 0xA720, 0x8F38, 0x1738, 0x1738, 0x5410, 0x1420, 0x1420, 0x1420, 0x1420,
0x1420, 0x1420, 0x1420, 0x1420, 0x1420, 0x1420, 0x1420, 0x1420, 0x1420, 0x1420,
0x1420, 0x1420, 0x1420, 0x1420, 0x1420, 0x1420, 0x1420, 0x1420, 0x1420, 0x1420,
0x1420, 0x1420, 0x1420, 0x1420, 0x1420, 0x1420, 0x1420, 0x1420, 0x1420, 0x1420,
0x1420, 0x1420, 0x1420, 0x1420, 0x1420, 0x1420, 0x1420, 0x1420, 0x1420, 0x1420,
0x1420, 0x1420, 0x1420, 0x1420, 0x1420, 0x1720, 0x7618, 0x7618, 0x1128, 0x7120,
0x1600, 0x21E6, 0x21E6, 0x40C2, 0xA038, 0x6B20, 0x6D20, 0x6D20, 0x3120, 0x1420,
0x1620, 0x1520, 0x1520, 0x1420, 0x1320, 0x1420, 0x1420, 0x1420, 0x1420, 0x1420,
0x1420, 0x1420, 0x1420, 0x1420, 0x1420, 0x1420, 0x1420, 0x1420, 0x1420, 0x1420,
0x1420, 0x1420, 0x1420, 0x1420, 0x1420, 0x1420, 0x1420, 0x1420, 0x1420, 0x1420,
0x1420, 0x1420, 0x1420, 0x1420, 0x1420, 0x1420, 0x1420, 0x1420, 0x1420, 0x1420,
0x1420, 0x1420, 0x1420, 0x1420, 0x1420, 0x1420, 0x1420, 0x1420, 0x1420, 0x1420,
0x1420, 0x1420, 0x1420, 0x1420, 0x83BD, 0x83BD, 0x647B, 0xC938, 0x1118, 0x1820,
0x1820, 0x5928, 0x5520, 0x0F10, 0x5318, 0x5318, 0x5328, 0x1020, 0x1410, 0x3510,
0x5541, 0x5541, 0x00E6, 0xA0A1, 0x8238, 0x6930, 0x6930, 0x3128, 0x1620, 0x3518,
0x3518, 0x3518, 0x1618, 0x1820, 0x1420, 0x1420, 0x1420, 0x1420, 0x1420, 0x1420,
0x1420, 0x1420, 0x1420, 0x1420, 0x1420, 0x1420, 0x1420, 0x1420, 0x1420, 0x1420,
0x1420, 0x1420, 0x1420, 0x1420, 0x1420, 0x1420, 0x1420, 0x1420, 0x1420, 0x1420,
0x1420, 0x1420, 0x1420, 0x1420, 0x1420, 0x1420, 0x1420, 0x1420, 0x1420, 0x1420,
0x1420, 0x1420, 0x1420, 0x1420, 0x1420, 0x1420, 0x1420, 0x1420, 0x1420, 0x1420,
0x1420, 0x1420, 0x1420, 0x1420, 0x1420, 0x1420, 0x1420, 0x1420, 0x1420, 0x1420,
0x1420, 0x1420, 0x1420, 0x1020, 0x1020, 0x1410, 0x1720, 0x3628, 0x3718, 0x3718,
0x1100, 0xAF9B, 0xA0E4, 0x4481, 0x4341, 0x4341, 0xCB28, 0x1820, 0x1310, 0x0F18,
0x0F18, 0x1720, 0x1500, 0x67C5, 0x40EE, 0x40EE, 0x00BB, 0xA091, 0xC0B2, 0x81D3,
0x81D3, 0x0051, 0x0108, 0x6140, 0xC640, 0xCA30, 0xCA30, 0x1620, 0x1A20, 0x4F20,
0x5010, 0x5010, 0x1700, 0x8C9C, 0x24EC, 0xC078, 0xC078, 0x8539, 0x0A29, 0x1228,
0x1420, 0x1420, 0x1618, 0x1420, 0x1420, 0x1420, 0x1700, 0x1700, 0x688B, 0x01DD,
0x8279, 0x1520, 0x1520, 0x3518, 0x1510, 0x1418, 0x5428, 0x5428, 0x5510, 0x7318,
0x1220, 0xB728, 0xB728, 0x1608, 0xAC8B, 0x82DC, 0xE068, 0xE068, 0x1620, 0x1618,
0x1530, 0x7518, 0x5010, 0x5010, 0x1508, 0x1918, 0xE3C2, 0x22A3, 0x22A3, 0xE0D2,
0x20CB, 0xE069, 0x06A3, 0x06A3, 0x019B, 0x6048, 0x0110, 0x2010, 0x2010, 0x4059,
0x0B60, 0x1528, 0x1118, 0x1C38, 0x1C38, 0x5200, 0xAFB4, 0x20DC, 0x00AB, 0x00AB,
0x0028, 0xE370, 0x9048, 0x1400, 0x1400, 0x1628, 0x1420, 0x1420, 0x1420, 0x1420,
0x1420, 0x1420, 0x1420, 0x1420, 0x1420, 0x1420, 0x1520, 0x1520, 0x1520, 0x1520,
0x1520, 0x1520, 0x1520, 0x1520, 0x1520, 0x1520, 0x5320, 0x3720, 0x1418, 0x3518,
0x3518, 0x5728, 0x1520, 0x1320, 0x1228, 0x1528, 0x1528, 0x3208, 0x1420, 0x1638,
0x3318, 0x3318, 0x1310, 0x1520, 0x1200, 0x5538, 0x5538, 0x1610, 0x5208, 0x1518,
0xE360, 0xE360, 0xE0D3, 0x8BC4, 0x1700, 0x1410, 0x5330, 0x5330, 0x1108, 0x3600,
0x85BD, 0x81DB, 0x81DB, 0x84BA, 0x4028, 0x2061, 0x1418, 0x1418, 0x7420, 0x1620,
0x3218, 0x1528, 0x1528, 0x1120, 0x5600, 0x0B9D, 0xC2F4, 0xA860, 0xA860, 0x1308,
0x1220, 0x1518, 0x1300, 0x1300, 0x1540, 0x1520, 0x1520, 0x1520, 0x1520, 0x1520,
0x1520, 0x1420, 0x1420, 0x1420, 0x1320, 0x1520, 0x1520, 0x1520, 0x1520, 0x1520,
0x1520, 0x1520, 0x1520, 0x1520, 0x1520, 0x1520, 0x7328, 0x3120, 0x1318, 0x1318,
0x1528, 0x1428, 0x1318, 0x1410, 0x1410, 0x1420, 0x1130, 0x5110, 0x1420, 0x1528,
0x1528, 0x9310, 0x1018, 0x1D08, 0xE0E5, 0xE0E5, 0xA0B2, 0x3050, 0x1410, 0x1618,
0x1618, 0x0E18, 0x9828, 0x1918, 0x1508, 0x1508, 0x1728, 0x1418, 0x1538, 0x1808,
0xE0FD, 0xE0FD, 0xC0D2, 0x2062, 0xE260, 0x0141, 0x0141, 0x1920, 0x1420, 0x7428,
0x1518, 0x1518, 0x1410, 0x1828, 0x3600, 0x44DE, 0x44DE, 0x40BB, 0x0A50, 0x1328,
0x1610, 0x1508, 0x1508, 0x9830, 0x1510, 0x3320, 0x1218, 0x1218, 0x1420, 0x1320,
0x1320, 0x1318, 0x1318, 0x1420, 0x1220, 0x1628, 0x3730, 0x3730, 0x3320, 0x5320,
0x1718, 0x1718, 0x0F10, 0x0F10, 0x1420, 0x1420, 0x1420, 0x1420, 0x1420, 0x1420,
0x1420, 0x1420, 0x1420, 0x1420, 0x1420, 0x1420, 0x1420, 0x1420, 0x1420, 0x1420,
0x1420, 0x1420, 0x1420, 0x3628, 0x3628, 0x1428, 0x1D20, 0x1228, 0x0E20, 0x0E20,
0x3128, 0xE49A, 0xA2ED, 0xB541, 0xB541, 0x1108, 0x1718, 0x7020, 0x3A20, 0x3A20,
0xB142, 0x60FD, 0xE4C2, 0x0049, 0xE160, 0xE160, 0x8C48, 0x1720, 0x1510, 0x1918,
0x1918, 0x1820, 0xE879, 0xC0D3, 0xC3CA, 0xC3CA, 0x20C3, 0x849A, 0x008A, 0xA5BA,
0xA5BA, 0x4358, 0x4018, 0x2018, 0xE050, 0x4848, 0x4848, 0x1718, 0xF528, 0x1020,
0x1730, 0x1730, 0x6F73, 0xE0F4, 0x00CB, 0x2028, 0x2028, 0xC058, 0xEC50, 0x7700,
0x1638, 0x1638, 0x1628, 0x1420, 0x1420, 0x1420, 0x3910, 0x3910, 0x2E8B, 0x00DD,
0x8079, 0x8C40, 0x8C40, 0x1518, 0x5318, 0x1120, 0x1518, 0x1518, 0xB549, 0x0E5A,
0x1230, 0x1810, 0x1810, 0x1608, 0x4CA4, 0x80E4, 0x0279, 0x0279, 0x8F30, 0x1518,
0x1420, 0x1610, 0xB520, 0xB520, 0xF161, 0x0C5A, 0x6691, 0xA692, 0xA692, 0xA0E3,
0x40E4, 0xC38A, 0xC160, 0xC160, 0xE060, 0x4050, 0x2138, 0x0020, 0x0020, 0x6392,
0x6679, 0x2F28, 0x3320, 0x1210, 0x1210, 0x1800, 0x2A9C, 0x20D4, 0x20A3, 0x20A3,
0x0028, 0xE060, 0xEE40, 0xB400, 0xB400, 0x1420, 0x1420, 0x1420, 0x1420, 0x1420,
0x1420, 0x1420, 0x1420, 0x1420, 0x1420, 0x1420, 0x1520, 0x1520, 0x1520, 0x1520,
0x1520, 0x1520, 0x1520, 0x1520, 0x1520, 0x1520, 0x1218, 0x1520, 0x1320, 0x1318,
0x1318, 0x1418, 0x5520, 0x1520, 0x1318, 0x1628, 0x1628, 0x1408, 0x1520, 0x1530,
0x5418, 0x5418, 0x1518, 0x1628, 0x5310, 0x1420, 0x1420, 0x1308, 0xD410, 0x1710,
0x2748, 0x2748, 0xE0D3, 0xADC4, 0x7400, 0x1618, 0x3328, 0x3328, 0x1218, 0x1700,
0xC9CD, 0xC0DB, 0xC0DB, 0x22AA, 0x4028, 0xC160, 0x1018, 0x1018, 0x1010, 0x1828,
0x1310, 0x1328, 0x1328, 0xD640, 0x1600, 0xA9AC, 0x00D4, 0xA258, 0xA258, 0x1910,
0x1410, 0x5410, 0xF518, 0xF518, 0x1120, 0x1420, 0x1420, 0x1520, 0x1520, 0x1520,
0x1520, 0x1420, 0x1420, 0x1420, 0x1420, 0x1520, 0x1520, 0x1520, 0x1520, 0x1520,
0x1520, 0x1520, 0x1520, 0x1520, 0x1520, 0x1520, 0x1420, 0x1310, 0x1310, 0x1310,
0x1520, 0x1528, 0x1418, 0x1410, 0x1410, 0x5328, 0x1930, 0x1808, 0x1420, 0x1428,
0x1428, 0x1510, 0x3228, 0x5300, 0x41EE, 0x41EE, 0xC0B2, 0x6850, 0x5118, 0x5720,
0x5720, 0x1018, 0x1310, 0x0E10, 0x0A94, 0x0A94, 0x0D30, 0x1208, 0x0E10, 0x1600,
0x60DD, 0x60DD, 0x61CA, 0x8182, 0x6050, 0x0049, 0x0049, 0x1620, 0x1210, 0x1220,
0x5328, 0x5328, 0x3118, 0x1318, 0x1500, 0xE6DD, 0xE6DD, 0x41A2, 0x8E58, 0x1918,
0x3510, 0xCE28, 0xCE28, 0x1518, 0x1320, 0x5630, 0x1520, 0x1520, 0x1218, 0x1320,
0x3728, 0x1618, 0x1618, 0x1210, 0x3620, 0x1318, 0x1210, 0x1210, 0x1420, 0x1420,
0x1420, 0x1218, 0x1218, 0x1218, 0x1420, 0x1420, 0x1420, 0x1420, 0x1420, 0x1420,
0x1420, 0x1420, 0x1420, 0x1420, 0x1420, 0x1420, 0x1420, 0x1420, 0x1420, 0x1420,
0x1420, 0x1420, 0x1420, 0x9320, 0x9320, 0x5430, 0x3410, 0x1820, 0x1718, 0x1718,
0x0C20, 0x2092, 0x60ED, 0xB228, 0xB228, 0x1610, 0x1810, 0x1210, 0x1818, 0x1818,
0x7142, 0x00F5, 0x83CB, 0xC040, 0x2269, 0x2269, 0xCB50, 0x5428, 0x1018, 0x3110,
0x3110, 0x1418, 0x6B69, 0x0092, 0x61B2, 0x61B2, 0xC0EC, 0xE09A, 0xC068, 0xA070,
0xA070, 0xC058, 0x0110, 0x6238, 0xA079, 0x088A, 0x088A, 0x2E30, 0x9320, 0x1820,
0x1820, 0x1820, 0x2E5B, 0xE0E4, 0xE0BA, 0x8330, 0x8330, 0x2061, 0xAB48, 0x3400,
0x1230, 0x1230, 0x5120, 0x1420, 0x1420, 0x1420, 0x1308, 0x1308, 0x0F8B, 0x20DD,
0x8079, 0x6559, 0x6559, 0x1818, 0x1618, 0x1620, 0x3328, 0x3328, 0xC8C5, 0x41AC,
0x0F30, 0x3618, 0x3618, 0x3400, 0x4E93, 0x60EC, 0x4189, 0x4189, 0x0439, 0x1018,
0x1020, 0x1318, 0x3139, 0x3139, 0x47C5, 0xC2B4, 0x0048, 0x6059, 0x6059, 0x60DC,
0xE0FD, 0xA6A3, 0x0050, 0x0050, 0x8058, 0x6568, 0x80AB, 0xA0BC, 0xA0BC, 0xE281,
0xE079, 0xC449, 0xF128, 0x7018, 0x7018, 0x1400, 0x6DA4, 0xE0C3, 0x6082, 0x6082,
0x4230, 0x0161, 0x8F30, 0x5408, 0x5408, 0x1420, 0x1420, 0x1420, 0x1420, 0x1420,
0x1420, 0x1420, 0x1420, 0x1420, 0x1420, 0x1420, 0x1520, 0x1520, 0x1520, 0x1520,
0x1520, 0x1520, 0x1520, 0x1520, 0x1520, 0x1520, 0x1520, 0x1420, 0x3428, 0x1320,
0x1320, 0x3220, 0x5420, 0x5518, 0x1510, 0x7328, 0x7328, 0x1508, 0x1418, 0x5328,
0x3418, 0x3418, 0x1820, 0x1730, 0x1320, 0x1620, 0x1620, 0x1110, 0x7610, 0x5620,
0xA650, 0xA650, 0x20D4, 0xEAB3, 0x1100, 0x1408, 0x1418, 0x1418, 0xB530, 0x1708,
0x29C5, 0x00BB, 0x00BB, 0xE078, 0xC138, 0xE368, 0x7338, 0x7338, 0x1318, 0x1718,
0x5418, 0x1420, 0x1420, 0x1428, 0x7210, 0x27C4, 0xA1CB, 0x8058, 0x8058, 0x1320,
0xD110, 0x3308, 0x1818, 0x1818, 0x7428, 0x1320, 0x1320, 0x1420, 0x1420, 0x1420,
0x1420, 0x1420, 0x1420, 0x1420, 0x1420, 0x1520, 0x1520, 0x1520, 0x1520, 0x1520,
0x1520, 0x1520, 0x1520, 0x1520, 0x1520, 0x3628, 0x1720, 0x1618, 0x3620, 0x3620,
0x3520, 0x1518, 0x1520, 0x1420, 0x1420, 0x1210, 0x1620, 0x5400, 0x5218, 0x1420,
0x1420, 0x3520, 0x7830, 0x1500, 0x80DD, 0x80DD, 0x60A2, 0xE258, 0x9028, 0x1920,
0x1920, 0x1410, 0x3510, 0x2E73, 0x40EE, 0x40EE, 0x0540, 0x3508, 0xB010, 0x5800,
0xE1E5, 0xE1E5, 0x20BA, 0x0069, 0xA050, 0x8461, 0x8461, 0x1630, 0x3620, 0x1418,
0x3428, 0x3428, 0x5120, 0x3310, 0x1210, 0xC4C4, 0xC4C4, 0xC0A2, 0xAA50, 0x1618,
0xB420, 0x1010, 0x1010, 0x3530, 0x1628, 0x1528, 0x1520, 0x1520, 0x1618, 0x3720,
0x7220, 0x5118, 0x5118, 0x3518, 0x5410, 0x3510, 0x1310, 0x1310, 0x1320, 0x1320,
0x3530, 0x3428, 0x1420, 0x1420, 0x1420, 0x1420, 0x1420, 0x1420, 0x1420, 0x1420,
0x1420, 0x1420, 0x1420, 0x1420, 0x1420, 0x1420, 0x1420, 0x1420, 0x1420, 0x1420,
0x1420, 0x1420, 0x1420, 0x1408, 0x1408, 0x1218, 0x4E00, 0xF228, 0x1820, 0x1820,
0x1128, 0xE091, 0xC0FD, 0xB638, 0xB638, 0x1310, 0x1118, 0x5418, 0x9328, 0x9328,
0x555A, 0x63EC, 0xC0A2, 0x4028, 0x2369, 0x2369, 0x8A48, 0x3528, 0x3120, 0x6F10,
0x6F10, 0x1310, 0xCE50, 0xC060, 0xE0C3, 0xE0C3, 0xA1F5, 0x01BC, 0xA160, 0x8068,
0x8068, 0xE060, 0xC072, 0x02CD, 0xC0A2, 0x0082, 0x0082, 0x6130, 0x8920, 0x1118,
0x1518, 0x1518, 0xD163, 0x23DD, 0x429A, 0x2220, 0x2220, 0x4061, 0x8848, 0x1400,
0x3528, 0x3528, 0x1508, 0x1518, 0x1518, 0x1518, 0x1310, 0x1310, 0x2F93, 0x41CC,
0x0071, 0x2259, 0x2259, 0x1420, 0x3220, 0x3520, 0x7530, 0x7530, 0x40F7, 0x40BC,
0x1028, 0x7920, 0x7920, 0x9710, 0x6E93, 0x01E4, 0xC080, 0xC080, 0xE538, 0x1828,
0x1530, 0x1818, 0xF340, 0xF340, 0x41E6, 0xE0A3, 0x6048, 0x6030, 0x6030, 0x60CC,
0x40EE, 0x609B, 0xE068, 0xE068, 0x2169, 0x2058, 0x20D5, 0x22F6, 0x22F6, 0x0048,
0x8048, 0x2031, 0x7228, 0x3828, 0x3828, 0x1508, 0x71BC, 0xC1CB, 0x4059, 0x4059,
0x0338, 0x0369, 0x3230, 0x1418, 0x1418, 0x5528, 0x1420, 0x1420, 0x1420, 0x1420,
0x1420, 0x1420, 0x1420, 0x1420, 0x1420, 0x1420, 0x1420, 0x1420, 0x1420, 0x1420,
0x1420, 0x1420, 0x1420, 0x1420, 0x1420, 0x1420, 0x1818, 0x1118, 0x1420, 0x3528,
0x3528, 0x3220, 0x1318, 0x3418, 0x5720, 0x1320, 0x1320, 0x1710, 0x1518, 0x3118,
0x1310, 0x1310, 0x1620, 0x1330, 0x6E38, 0x1728, 0x1728, 0x8E30, 0x1410, 0xF038,
0xC360, 0xC360, 0xA0CB, 0xC4CC, 0xAE73, 0x5410, 0x1510, 0x1510, 0x3428, 0x1218,
0x09CD, 0x80BB, 0x80BB, 0x2050, 0xA030, 0x0069, 0x1238, 0x1238, 0x1928, 0x1410,
0xB220, 0x5728, 0x5728, 0x1310, 0x2F6B, 0x84DC, 0xA3CB, 0xA060, 0xA060, 0x0F28,
0x1508, 0x7328, 0x1828, 0x1828, 0x1628, 0x3220, 0x3220, 0x1320, 0x1320, 0x1420,
0x1420, 0x1420, 0x1420, 0x1420, 0x1420, 0x1420, 0x1420, 0x1420, 0x1420, 0x1420,
0x1420, 0x1420, 0x1420, 0x1420, 0x1420, 0x3620, 0x1618, 0x1518, 0x5520, 0x5520,
0x5518, 0x1618, 0x1620, 0x1328, 0x1328, 0x1728, 0x9220, 0x9208, 0x3318, 0x1420,
0x1420, 0x1320, 0x1710, 0xAF08, 0x03F6, 0x03F6, 0x20A2, 0xA050, 0x2F28, 0x1928,
0x1928, 0x3820, 0x5610, 0xADA4, 0x81FE, 0x81FE, 0x0750, 0x1808, 0x9518, 0x1700,
0x61F6, 0x61F6, 0xA0B2, 0x0040, 0x8048, 0xC458, 0xC458, 0x1120, 0x1820, 0x1820,
0x1620, 0x1620, 0x1318, 0x3808, 0x69A4, 0x02DD, 0x02DD, 0x00B3, 0xC448, 0xAD28,
0x1520, 0x1128, 0x1128, 0x1730, 0x0F38, 0x1118, 0x1428, 0x1428, 0x1720, 0x1818,
0x1008, 0x0F18, 0x0F18, 0x5920, 0x5010, 0x1818, 0x1728, 0x1728, 0x5128, 0x1118,
0x1618, 0x1620, 0x1410, 0x1410, 0x1420, 0x1420, 0x1420, 0x1420, 0x1420, 0x1420,
0x1420, 0x1420, 0x1420, 0x1420, 0x1420, 0x1420, 0x1420, 0x1420, 0x1420, 0x1420,
0x1420, 0x1420, 0x1420, 0x1428, 0x1428, 0x1728, 0x3318, 0x1320, 0x1428, 0x1428,
0x4849, 0x009A, 0x80DB, 0xC5A4, 0xC5A4, 0x3510, 0x1318, 0x3718, 0x1728, 0x1728,
0x336A, 0x60F5, 0xE081, 0x0018, 0x2369, 0x2369, 0x8948, 0x1728, 0x1928, 0x9420,
0x9420, 0x3410, 0x4F40, 0x2148, 0x2093, 0x2093, 0xE0E5, 0x64CC, 0x2048, 0x8058,
0x8058, 0x0261, 0xE09B, 0x81FE, 0x208A, 0xC050, 0xC050, 0x6338, 0xD038, 0x1220,
0x1720, 0x1720, 0x1273, 0x40DD, 0xA079, 0x0310, 0x0310, 0x0169, 0x2F58, 0x1810,
0x1828, 0x1828, 0x1510, 0x1220, 0x1220, 0x1220, 0x1310, 0x1310, 0x2F93, 0x41CC,
0x0071, 0x2259, 0x2259, 0x1420, 0x3220, 0x3520, 0x7530, 0x7530, 0x40F7, 0x40BC,
0x1028, 0x7920, 0x7920, 0x9710, 0x6E93, 0x01E4, 0xC080, 0xC080, 0xE538, 0x1828,
0x1530, 0x1818, 0xF340, 0xF340, 0x41E6, 0xE0A3, 0x6048, 0x6030, 0x6030, 0x60CC,
0x40EE, 0x609B, 0xE068, 0xE068, 0x2169, 0x2058, 0x20D5, 0x22F6, 0x22F6, 0x0048,
0x8048, 0x2031, 0x7228, 0x3828, 0x3828, 0x1508, 0x71BC, 0xC1CB, 0x4059, 0x4059,
0x0338, 0x0369, 0x3230, 0x1418, 0x1418, 0x5528, 0x1420, 0x1420, 0x1420, 0x1420,
0x1420, 0x1420, 0x1420, 0x1420, 0x1420, 0x1420, 0x1420, 0x1420, 0x1420, 0x1420,
0x1420, 0x1420, 0x1420, 0x1420, 0x1420, 0x1420, 0x1818, 0x1118, 0x1420, 0x3528,
0x3528, 0x3220, 0x1318, 0x3418, 0x5720, 0x1320, 0x1320, 0x1710, 0x1518, 0x3118,
0x1310, 0x1310, 0x1620, 0x1330, 0x6E38, 0x1728, 0x1728, 0x8E30, 0x1410, 0xF038,
0xC360, 0xC360, 0xA0CB, 0xC4CC, 0xAE73, 0x5410, 0x1510, 0x1510, 0x3428, 0x1218,
0x09CD, 0x80BB, 0x80BB, 0x2050, 0xA030, 0x0069, 0x1238, 0x1238, 0x1928, 0x1410,
0xB220, 0x5728, 0x5728, 0x1310, 0x2F6B, 0x84DC, 0xA3CB, 0xA060, 0xA060, 0x0F28,
0x1508, 0x7328, 0x1828, 0x1828, 0x1628, 0x3220, 0x3220, 0x1320, 0x1320, 0x1420,
0x1420, 0x1420, 0x1420, 0x1420, 0x1420, 0x1420, 0x1420, 0x1420, 0x1420, 0x1420,
0x1420, 0x1420, 0x1420, 0x1420, 0x1420, 0x3620, 0x1618, 0x1518, 0x5520, 0x5520,
0x5518, 0x1618, 0x1620, 0x1328, 0x1328, 0x1728, 0x9220, 0x9208, 0x3318, 0x1420,
0x1420, 0x1320, 0x1710, 0xAF08, 0x03F6, 0x03F6, 0x20A2, 0xA050, 0x2F28, 0x1928,
0x1928, 0x3820, 0x5610, 0xADA4, 0x81FE, 0x81FE, 0x0750, 0x1808, 0x9518, 0x1700,
0x61F6, 0x61F6, 0xA0B2, 0x0040, 0x8048, 0xC458, 0xC458, 0x1120, 0x1820, 0x1820,
0x1620, 0x1620, 0x1318, 0x3808, 0x69A4, 0x02DD, 0x02DD, 0x00B3, 0xC448, 0xAD28,
0x1520, 0x1128, 0x1128, 0x1730, 0x0F38, 0x1118, 0x1428, 0x1428, 0x1720, 0x1818,
0x1008, 0x0F18, 0x0F18, 0x5920, 0x5010, 0x1818, 0x1728, 0x1728, 0x5128, 0x1118,
0x1618, 0x1620, 0x1410, 0x1410, 0x1420, 0x1420, 0x1420, 0x1420, 0x1420, 0x1420,
0x1420, 0x1420, 0x1420, 0x1420, 0x1420, 0x1420, 0x1420, 0x1420, 0x1420, 0x1420,
0x1420, 0x1420, 0x1420, 0x1428, 0x1428, 0x1728, 0x3318, 0x1320, 0x1428, 0x1428,
0x4849, 0x009A, 0x80DB, 0xC5A4, 0xC5A4, 0x3510, 0x1318, 0x3718, 0x1728, 0x1728,
0x336A, 0x60F5, 0xE081, 0x0018, 0x2369, 0x2369, 0x8948, 0x1728, 0x1928, 0x9420,
0x9420, 0x3410, 0x4F40, 0x2148, 0x2093, 0x2093, 0xE0E5, 0x64CC, 0x2048, 0x8058,
0x8058, 0x0261, 0xE09B, 0x81FE, 0x208A, 0xC050, 0xC050, 0x6338, 0xD038, 0x1220,
0x1720, 0x1720, 0x1273, 0x40DD, 0xA079, 0x0310, 0x0310, 0x0169, 0x2F58, 0x1810,
0x1828, 0x1828, 0x1510, 0x1220, 0x1220, 0x1220, 0x9062, 0x9062, 0x67E6, 0x41E5,
0xE091, 0xA560, 0xA560, 0x2F40, 0x3228, 0x1718, 0xD130, 0xD130, 0x20DE, 0x40BC,
0x4A38, 0x7310, 0x7310, 0x514A, 0xA1E6, 0x61E4, 0x8089, 0x8089, 0x8651, 0x7430,
0x0F38, 0x1818, 0x5451, 0x5451, 0x01FF, 0x01AC, 0xA250, 0x4138, 0x4138, 0xE4BB,
0x81EE, 0x40BC, 0x00AB, 0x00AB, 0x4159, 0x2048, 0x00C5, 0x207A, 0x207A, 0xC350,
0x2028, 0x0010, 0x3130, 0x1328, 0x1328, 0x3248, 0xE8B3, 0xA2D3, 0xA148, 0xA148,
0x2150, 0xA081, 0x0E51, 0x6F40, 0x6F40, 0x1528, 0x1420, 0x1420, 0x1420, 0x1420,
0x1420, 0x1420, 0x1420, 0x1420, 0x1420, 0x1420, 0x1420, 0x1420, 0x1420, 0x1420,
0x1420, 0x1420, 0x1420, 0x1420, 0x1420, 0x1420, 0x1718, 0x8E20, 0x3520, 0x1620,
0x1620, 0x1218, 0x1320, 0x1328, 0x3730, 0x1420, 0x1420, 0x3830, 0x7728, 0x1310,
0x1210, 0x1210, 0x3328, 0xCD38, 0x4651, 0x64AC, 0x64AC, 0xC7B4, 0x1438, 0xAC48,
0x4058, 0x4058, 0xA0C2, 0x41CC, 0xD49B, 0x9318, 0x1518, 0x1518, 0x9338, 0x0E51,
0xA5CC, 0x61BB, 0x61BB, 0x0048, 0x4141, 0x207A, 0x6A48, 0x6A48, 0x3630, 0x7520,
0x0F18, 0x1520, 0x1520, 0x1720, 0xED8B, 0xA2DC, 0xC0A2, 0x0069, 0x0069, 0xCB48,
0x1328, 0x25C5, 0xE2BB, 0xE2BB, 0x8069, 0x3220, 0x3220, 0x1320, 0x1320, 0x1420,
0x1420, 0x1420, 0x1420, 0x1420, 0x1420, 0x1420, 0x1420, 0x1420, 0x1420, 0x1420,
0x1420, 0x1420, 0x1420, 0x1420, 0x1420, 0x1410, 0x1220, 0x0F28, 0x1020, 0x1020,
0x5420, 0x5820, 0x1620, 0x1220, 0x1220, 0x1618, 0x3010, 0x1520, 0x1518, 0x1520,
0x1520, 0x1628, 0x1618, 0xA69D, 0x20F6, 0x20F6, 0x61AA, 0x0069, 0x8B40, 0x5238,
0x5238, 0x5418, 0x1108, 0xC9BC, 0x62EE, 0x62EE, 0x0858, 0x1508, 0xF248, 0x7148,
0x40ED, 0x40ED, 0xC09A, 0x0118, 0x6059, 0x4469, 0x4469, 0x0B38, 0x3420, 0x3628,
0x1530, 0x1530, 0x1218, 0x1900, 0xCCC4, 0xC2C3, 0xC2C3, 0x21A2, 0x4061, 0x8D38,
0x1830, 0xE1DD, 0xE1DD, 0x878A, 0x2349, 0x5020, 0x1628, 0x1628, 0x1128, 0x5308,
0x5720, 0x1530, 0x1530, 0x1720, 0x5028, 0x1720, 0x3730, 0x3730, 0x3228, 0x1420,
0x1318, 0x7218, 0x1208, 0x1208, 0x1420, 0x1420, 0x1420, 0x1420, 0x1420, 0x1420,
0x1420, 0x1420, 0x1420, 0x1420, 0x1420, 0x1420, 0x1420, 0x1420, 0x1420, 0x1420,
0x1420, 0x1420, 0x1420, 0x0051, 0x0051, 0x438A, 0x00C6, 0xF071, 0x1328, 0x1328,
0x2039, 0x43AA, 0x80CB, 0xA4E6, 0xA4E6, 0x5408, 0x0F20, 0x3118, 0xD448, 0xD448,
0x2F82, 0xE0E4, 0xA069, 0x0018, 0xA271, 0xA271, 0xA461, 0x9138, 0x1728, 0x5520,
0x5520, 0x3318, 0x6D40, 0x0538, 0x0093, 0x0093, 0x20FF, 0x80CC, 0x87B3, 0xC169,
0xC169, 0x6248, 0xA1AB, 0x6093, 0xE048, 0x0020, 0x0020, 0x0320, 0x1120, 0x1618,
0x0F51, 0x0F51, 0x858A, 0x00CC, 0x4069, 0x0228, 0x0228, 0xE181, 0xEB70, 0x1030,
0x1428, 0x1428, 0x3420, 0x1520, 0x1520, 0x1520, 0x4D41, 0x4D41, 0x80E6, 0x01DD,
0xE0B2, 0x8260, 0x8260, 0x0251, 0xC938, 0x3018, 0x0D49, 0x0D49, 0x04EE, 0x85C4,
0x6B30, 0x0D10, 0x0D10, 0x4D62, 0x21E6, 0x65BB, 0x40A2, 0x40A2, 0x0139, 0xE130,
0xC059, 0xCB40, 0x0A41, 0x0A41, 0xC0AC, 0x4383, 0x4071, 0x8171, 0x8171, 0x6492,
0x63B4, 0xA5BB, 0xE3AA, 0xE3AA, 0x2C30, 0x8869, 0xA0D5, 0x6069, 0x6069, 0x8961,
0x0B10, 0x0D28, 0x0F28, 0xAD40, 0xAD40, 0x85C4, 0xE0B3, 0x80B2, 0x2138, 0x2138,
0x4192, 0x60B3, 0xC259, 0xA358, 0xA358, 0x1728, 0x1420, 0x1420, 0x1420, 0x1420,
0x1420, 0x1420, 0x1420, 0x1420, 0x1420, 0x1420, 0x1418, 0x1418, 0x1418, 0x1418,
0x1418, 0x1418, 0x1418, 0x1418, 0x1418, 0x1418, 0x9351, 0x2C73, 0xF759, 0x1718,
0x1718, 0x1210, 0x1628, 0x1328, 0x1528, 0xAB48, 0xAB48, 0x6E82, 0x335A, 0x7510,
0x1418, 0x1418, 0x1420, 0x7030, 0xE850, 0xC082, 0xC082, 0xA7C4, 0x3369, 0x0551,
0xA060, 0xA060, 0xA0D3, 0x80ED, 0xAE9B, 0x1100, 0x4F20, 0x4F20, 0x0E51, 0x488A,
0xA0BB, 0x4092, 0x4092, 0x6040, 0x6349, 0x4072, 0xC492, 0xC492, 0x2930, 0x0F18,
0x0E20, 0x0E10, 0x0E10, 0x3720, 0x0F7B, 0xC0ED, 0x40BB, 0xE068, 0xE068, 0x4651,
0x0F61, 0x84CC, 0x208A, 0x208A, 0x4458, 0x1320, 0x1320, 0x1420, 0x1420, 0x1420,
0x1420, 0x1420, 0x1420, 0x1420, 0x1420, 0x1418, 0x1418, 0x1418, 0x1418, 0x1418,
0x1418, 0x1418, 0x1418, 0x1418, 0x1418, 0x1510, 0x3262, 0x8C7A, 0xCC48, 0xCC48,
0x1320, 0x1618, 0x1518, 0x1420, 0x1420, 0x1818, 0x8F5A, 0x129B, 0xF148, 0x1410,
0x1410, 0x1420, 0x1508, 0x06C6, 0x60F6, 0x60F6, 0x42BB, 0x4092, 0x4569, 0xA648,
0xA648, 0x0E10, 0x4C10, 0xC6CC, 0xA0EE, 0xA0EE, 0x0450, 0x2B10, 0x8871, 0xA7B2,
0x40C3, 0x40C3, 0x4082, 0x2020, 0x005A, 0x658A, 0x658A, 0x277A, 0xCB28, 0x4C18,
0x0C30, 0x0C30, 0x0B18, 0x1600, 0x8BC4, 0xA0DC, 0xA0DC, 0x60C3, 0xA058, 0x4961,
0x3071, 0x40D5, 0x40D5, 0xE079, 0xC850, 0x5418, 0x1728, 0x1728, 0x1220, 0x7208,
0x1573, 0x0E82, 0x0E82, 0x4E30, 0x1320, 0x3530, 0x9430, 0x9430, 0x1518, 0x1820,
0xB26A, 0x2E73, 0x5228, 0x5228, 0x1420, 0x1420, 0x1420, 0x1420, 0x1420, 0x1420,
0x1420, 0x1420, 0x1420, 0x1420, 0x1420, 0x1420, 0x1420, 0x1420, 0x1420, 0x1420,
0x1420, 0x1420, 0x1420, 0xCA60, 0xCA60, 0x0379, 0x80AC, 0xCC9A, 0x4C69, 0x4C69,
0x8030, 0x039A, 0xA0BB, 0x85DD, 0x85DD, 0x3300, 0x1320, 0x4C18, 0xA17A, 0xA17A,
0x20AB, 0x00BB, 0x6169, 0x8020, 0xA171, 0xA171, 0xC082, 0xA551, 0x0A28, 0x0C20,
0x0C20, 0x2C18, 0x2959, 0x6279, 0xE058, 0xE058, 0x60C4, 0xE0BB, 0x0093, 0xA948,
0xA948, 0x0B59, 0x40BC, 0xC192, 0xA059, 0x0E20, 0x0E20, 0x0920, 0x0C20, 0x1028,
0xE18A, 0xE18A, 0xA0D3, 0xA5C2, 0x6069, 0x8038, 0x8038, 0x8082, 0x608A, 0x4351,
0x0C28, 0x0C28, 0x0D20, 0x1020, 0x1020, 0x1020, 0x9159, 0x9159, 0xC0E6, 0xE2DC,
0x82CB, 0xC170, 0xC170, 0x2159, 0xCA38, 0x1410, 0x0259, 0x0259, 0xC0ED, 0x00AC,
0x0418, 0x0118, 0x0118, 0x4069, 0x40BB, 0x2092, 0xE489, 0xE489, 0x0110, 0x6020,
0x807A, 0xA451, 0x0110, 0x0110, 0x0018, 0x0008, 0xC0B2, 0x40BB, 0x40BB, 0xA060,
0x0049, 0x8060, 0x8060, 0x8060, 0x1520, 0x6D93, 0x45C4, 0x02B3, 0x02B3, 0x2840,
0x1710, 0x3830, 0x1518, 0x5049, 0x5049, 0x01FF, 0xA0CC, 0x6089, 0x4028, 0x4028,
0x23E5, 0x60C4, 0x2039, 0xA058, 0xA058, 0x3720, 0x1420, 0x1420, 0x1420, 0x1420,
0x1420, 0x1420, 0x1420, 0x1420, 0x1420, 0x1420, 0x1418, 0x1418, 0x1418, 0x1418,
0x1418, 0x1418, 0x1418, 0x1418, 0x1418, 0x1418, 0x0AAB, 0x45CD, 0x558B, 0x5620,
0x5620, 0x3308, 0x5818, 0x1318, 0x1418, 0x8071, 0x8071, 0x62CC, 0xAD8B, 0x7618,
0x1518, 0x1518, 0x1620, 0x1518, 0x6C50, 0x0028, 0x0028, 0x219B, 0x43CD, 0xE07A,
0x6050, 0x6050, 0x43C3, 0x40F6, 0xED93, 0x1608, 0x2310, 0x2310, 0x2138, 0x2092,
0x60C3, 0x4092, 0x4092, 0x4059, 0x0220, 0x8028, 0xE192, 0xE192, 0x0018, 0x0308,
0x6638, 0x0510, 0x0510, 0x1510, 0x7283, 0x60EE, 0xC4E3, 0x8158, 0x8158, 0x816A,
0xE2D4, 0x00AB, 0x2028, 0x2028, 0xEC60, 0x1420, 0x1420, 0x1520, 0x1520, 0x1520,
0x1520, 0x1420, 0x1420, 0x1420, 0x1420, 0x1418, 0x1418, 0x1418, 0x1418, 0x1418,
0x1418, 0x1418, 0x1418, 0x1418, 0x1418, 0x1508, 0x109C, 0x88C4, 0x4869, 0x4869,
0x1128, 0x1510, 0x1410, 0x3618, 0x3618, 0x1700, 0xCA8B, 0x44F5, 0x8682, 0x1610,
0x1610, 0x9320, 0x1708, 0x4EC4, 0x03F6, 0x03F6, 0x02B3, 0xE089, 0xE060, 0x0259,
0x0259, 0x3220, 0x6C20, 0x21BB, 0x20EE, 0x20EE, 0x0058, 0x2000, 0x8048, 0x20C3,
0x40BA, 0x40BA, 0x4182, 0x8051, 0x6018, 0xE158, 0xE158, 0x407A, 0x4210, 0x0208,
0x0220, 0x0220, 0x0520, 0x7600, 0xEAB4, 0x00F6, 0x00F6, 0xA2AA, 0x0030, 0xE0A3,
0x00E6, 0x4061, 0x4061, 0x0030, 0x5248, 0x5308, 0x1418, 0x1418, 0x1620, 0x5208,
0x2DB5, 0xE2C3, 0xE2C3, 0x8740, 0x1410, 0x9528, 0x7118, 0x7118, 0x1608, 0x1618,
0xEFB4, 0x46CD, 0xAD81, 0xAD81, 0x1420, 0x1420, 0x1420, 0x1420, 0x1420, 0x1420,
0x1420, 0x1420, 0x1420, 0x1420, 0x1420, 0x1420, 0x1420, 0x1420, 0x1420, 0x1420,
0x1420, 0x1420, 0x1420, 0x1338, 0x1338, 0x4048, 0xC061, 0xE0CC, 0x62C4, 0x62C4,
0x0328, 0x249A, 0xE0F5, 0xC2E5, 0xC2E5, 0x3600, 0x0E20, 0x2100, 0x4469, 0x4469,
0x20CB, 0xA0B2, 0x408A, 0xE120, 0x6040, 0x6040, 0x006A, 0xC051, 0x0028, 0x0318,
0x0318, 0x0318, 0xC271, 0x00C4, 0xE068, 0xE068, 0x8260, 0xA070, 0x2059, 0x1428,
0x1428, 0xAC7A, 0x81DD, 0x62A2, 0x0251, 0x1620, 0x1620, 0x1420, 0x4C20, 0x0610,
0xC069, 0xC069, 0xA3D2, 0x61C2, 0x607A, 0x6028, 0x6028, 0xE040, 0xE171, 0xA059,
0x0318, 0x0318, 0x0018, 0x2018, 0x2018, 0x2018, 0x1838, 0x1838, 0xC09B, 0x6079,
0x0081, 0x2060, 0x2060, 0x4269, 0x4E51, 0x1718, 0x2271, 0x2271, 0x83C3, 0x4093,
0x4330, 0x0130, 0x0130, 0x8091, 0x80DB, 0xA0A2, 0x6082, 0x6082, 0x0008, 0x0018,
0x6350, 0x8030, 0x2010, 0x2010, 0x0408, 0x4000, 0x41B2, 0x61D3, 0x61D3, 0x6060,
0xE040, 0x6060, 0xE060, 0xE060, 0x1752, 0x009D, 0x8081, 0xC0BA, 0xC0BA, 0x0028,
0xAE39, 0x1118, 0x1518, 0x0D42, 0x0D42, 0xA5EE, 0x06DD, 0x4081, 0x2031, 0x2031,
0xA4FE, 0xC0B3, 0x4320, 0xC060, 0xC060, 0x1408, 0x1420, 0x1420, 0x1420, 0x1420,
0x1420, 0x1420, 0x1420, 0x1420, 0x1420, 0x1420, 0x1418, 0x1418, 0x1418, 0x1418,
0x1418, 0x1418, 0x1418, 0x1418, 0x1418, 0x1418, 0x00C3, 0x40DD, 0x0E8B, 0x3318,
0x3318, 0x3300, 0x3808, 0x1208, 0x1618, 0xC068, 0xC068, 0xA0DC, 0xCC93, 0x1810,
0x1418, 0x1418, 0x3320, 0x5220, 0x2959, 0x0038, 0x0038, 0x828A, 0xE2F6, 0xA272,
0x6148, 0x6148, 0x00C4, 0x20FF, 0x5283, 0x1A10, 0x6010, 0x6010, 0x6038, 0x60A2,
0x62D3, 0x2092, 0x2092, 0x406A, 0x0420, 0x0418, 0x2061, 0x2061, 0x0028, 0x4020,
0x0028, 0x0008, 0x0008, 0x1200, 0xAE83, 0xC0EE, 0xA0E3, 0x4050, 0x4050, 0x077B,
0xC0FE, 0x808A, 0x4008, 0x4008, 0xAD40, 0x1520, 0x1520, 0x1520, 0x1520, 0x1520,
0x1520, 0x1420, 0x1420, 0x1420, 0x1320, 0x1418, 0x1418, 0x1418, 0x1418, 0x1418,
0x1418, 0x1418, 0x1418, 0x1418, 0x1418, 0x1300, 0x2A94, 0x60BC, 0x8160, 0x8160,
0x1028, 0x5620, 0x5410, 0x1510, 0x1510, 0x1718, 0x8D93, 0x00FD, 0xC0AB, 0x5718,
0x5718, 0x1300, 0x1200, 0x87BB, 0xC092, 0xC092, 0x0079, 0x2079, 0xA068, 0xE260,
0xE260, 0x1718, 0x7030, 0xA3BA, 0xC2C3, 0xC2C3, 0x0060, 0x4000, 0x0130, 0x00C3,
0x03D3, 0x03D3, 0x4082, 0x4061, 0x0110, 0x0130, 0x0130, 0x6059, 0x0000, 0x4010,
0x0128, 0x0128, 0x0318, 0x7600, 0xA99C, 0x81FF, 0x81FF, 0x649A, 0x6048, 0x64B4,
0xA1FE, 0x4048, 0x4048, 0x4030, 0xEE58, 0xB008, 0x1220, 0x1220, 0x1630, 0x1000,
0x2BB5, 0xA0CB, 0xA0CB, 0x0640, 0x1610, 0x3710, 0x0F00, 0x0F00, 0x7610, 0x1110,
0x68AC, 0xA0CC, 0xA6C2, 0xA6C2, 0x1420, 0x1420, 0x1420, 0x1420, 0x1420, 0x1420,
0x1420, 0x1420, 0x1420, 0x1420, 0x1420, 0x1420, 0x1420, 0x1420, 0x1420, 0x1420,
0x1420, 0x1420, 0x1420, 0x8F20, 0x8F20, 0x2041, 0x0020, 0xE2CC, 0x00EE, 0x00EE,
0x0030, 0x2092, 0x80E5, 0x40F6, 0x40F6, 0x1300, 0x0C20, 0xC018, 0x6058, 0x6058,
0x80E3, 0x82BA, 0xC281, 0x0021, 0x0020, 0x0020, 0x4040, 0xE048, 0x0028, 0x0020,
0x0020, 0x0010, 0x207A, 0xE0CB, 0x8060, 0x8060, 0xC368, 0x0058, 0xE358, 0x3730,
0x3730, 0x82AD, 0xC379, 0x80C2, 0x2061, 0x0A39, 0x0A39, 0x5228, 0x4A10, 0x6008,
0x4061, 0x4061, 0x22EB, 0x20B2, 0x2083, 0x6018, 0x6018, 0x0410, 0x4130, 0xC040,
0x0408, 0x0408, 0x0018, 0x0018, 0x0018, 0x0018, 0x04EE, 0x04EE, 0x00AA, 0x6051,
0x8079, 0xE458, 0xE458, 0x1131, 0xEC70, 0x2F38, 0x4179, 0x4179, 0xC0AA, 0x609A,
0x6040, 0x4359, 0x4359, 0xE058, 0x4069, 0xC040, 0x0018, 0x0018, 0x0018, 0x0020,
0x0020, 0x0020, 0x2118, 0x2118, 0x2110, 0x2108, 0xC0AA, 0x22BB, 0x22BB, 0x0048,
0x40C4, 0x80DC, 0x4161, 0x4161, 0xA062, 0x40C4, 0x8068, 0xC048, 0xC048, 0x2328,
0x2E51, 0x3520, 0x1608, 0x9440, 0x9440, 0x20BB, 0xC581, 0x0128, 0x8040, 0x8040,
0x80ED, 0xE1BB, 0x2030, 0x0441, 0x0441, 0x0A40, 0x3528, 0x1328, 0x3530, 0x3530,
0x1720, 0x1120, 0xB518, 0x1708, 0x0261, 0x0261, 0x4493, 0xC0F6, 0x8E92, 0x7548,
0x7548, 0x1B10, 0x9010, 0x3510, 0x1320, 0x1320, 0x4069, 0xA0E4, 0x2DAB, 0x1318,
0x1318, 0xA282, 0x09BD, 0x1300, 0x0649, 0x80CB, 0x80CB, 0xC2AA, 0x86E5, 0xD062,
0x7200, 0x7200, 0x4F20, 0x1250, 0xCC40, 0x0018, 0x0018, 0x42A2, 0x80FD, 0x007B,
0x0618, 0x0618, 0xC068, 0x60BB, 0x8F71, 0x1728, 0x4120, 0x4120, 0xE069, 0x8168,
0xE079, 0x0010, 0x0010, 0x0210, 0x0028, 0x0328, 0x0018, 0x0018, 0x2020, 0x4018,
0x0310, 0x4010, 0x4010, 0x1618, 0xD151, 0xA2DB, 0xA069, 0x0018, 0x0018, 0xC48A,
0x20F6, 0x8082, 0x0328, 0x0328, 0x2751, 0x2F38, 0x1320, 0x1608, 0x1608, 0x3510,
0x3618, 0x1110, 0x1A20, 0x1A20, 0xB220, 0xA058, 0xC1C4, 0x80DE, 0x0C20, 0x0C20,
0xF740, 0x1618, 0x1510, 0x1410, 0x1410, 0xF05A, 0xE0EC, 0xA2BB, 0x80AA, 0x80AA,
0x6749, 0x9600, 0xAEBC, 0xA07A, 0xA07A, 0x1418, 0x8BBB, 0xC0CC, 0xA061, 0x1000,
0x1000, 0xD17A, 0xE1F6, 0x60DC, 0x2571, 0x2571, 0x6058, 0x2069, 0x4E28, 0x015A,
0x015A, 0x3558, 0x9148, 0x009A, 0x42C3, 0x42C3, 0x6058, 0x6040, 0xE150, 0x0061,
0xC069, 0xC069, 0x2020, 0x8318, 0x2128, 0x2020, 0x2020, 0x0020, 0x0018, 0x4018,
0x4010, 0x4010, 0x0910, 0x1410, 0x4B92, 0x00C3, 0x00C3, 0x2048, 0x2410, 0x00A4,
0x21FD, 0xA260, 0xA260, 0x8020, 0xAF40, 0x1350, 0x1220, 0x1220, 0x7800, 0x2984,
0xC0CC, 0xC4AA, 0xC4AA, 0xE0AA, 0xCB40, 0x1500, 0x63D6, 0x63D6, 0x0740, 0x1528,
0xA9C4, 0xC0D3, 0xA240, 0xA240, 0x7328, 0x1510, 0x5120, 0x1328, 0x1328, 0x1828,
0x5408, 0x1510, 0x1228, 0x1228, 0x1120, 0x5210, 0x1608, 0x1218, 0x1218, 0x3820,
0x9310, 0x1418, 0x1040, 0x8A48, 0x8A48, 0xC028, 0x8148, 0x01DC, 0xC1D4, 0xC1D4,
0x0008, 0x4020, 0x83BA, 0xA3CA, 0xA3CA, 0x1408, 0x7010, 0xC058, 0xE060, 0xE060,
0x6259, 0xA059, 0x0020, 0x2128, 0x0018, 0x0018, 0x0020, 0x0010, 0x0220, 0x2120,
0x2120, 0x0018, 0x446A, 0x41B3, 0x0071, 0x0071, 0xC182, 0x00DD, 0xA071, 0x0018,
0x0018, 0x83DD, 0x8058, 0x4051, 0x0228, 0x4641, 0x4641, 0x1220, 0x0D20, 0x6051,
0xC058, 0xC058, 0x4071, 0x2049, 0x0028, 0x0020, 0x0020, 0x0120, 0x0018, 0x4020,
0x0020, 0x0020, 0x0018, 0x0008, 0x4128, 0xE150, 0x04EE, 0x04EE, 0x00AA, 0x6051,
0x8079, 0xE458, 0xE458, 0x1131, 0xEC70, 0x2F38, 0x4179, 0x4179, 0xC0AA, 0x609A,
0x6040, 0x4359, 0x4359, 0xE058, 0x4069, 0xC040, 0x0018, 0x0018, 0x0018, 0x0020,
0x0020, 0x0020, 0x2118, 0x2118, 0x2110, 0x2108, 0xC0AA, 0x22BB, 0x22BB, 0x0048,
0x40C4, 0x80DC, 0x4161, 0x4161, 0xA062, 0x40C4, 0x8068, 0xC048, 0xC048, 0x2328,
0x2E51, 0x3520, 0x1608, 0x9440, 0x9440, 0x20BB, 0xC581, 0x0128, 0x8040, 0x8040,
0x80ED, 0xE1BB, 0x2030, 0x0441, 0x0441, 0x0A40, 0x3528, 0x1328, 0x3530, 0x3530,
0x1720, 0x1120, 0xB518, 0x1708, 0x0261, 0x0261, 0x4493, 0xC0F6, 0x8E92, 0x7548,
0x7548, 0x1B10, 0x9010, 0x3510, 0x1320, 0x1320, 0x4069, 0xA0E4, 0x2DAB, 0x1318,
0x1318, 0xA282, 0x09BD, 0x1300, 0x0649, 0x80CB, 0x80CB, 0xC2AA, 0x86E5, 0xD062,
0x7200, 0x7200, 0x4F20, 0x1250, 0xCC40, 0x0018, 0x0018, 0x42A2, 0x80FD, 0x007B,
0x0618, 0x0618, 0xC068, 0x60BB, 0x8F71, 0x1728, 0x4120, 0x4120, 0xE069, 0x8168,
0xE079, 0x0010, 0x0010, 0x0210, 0x0028, 0x0328, 0x0018, 0x0018, 0x2020, 0x4018,
0x0310, 0x4010, 0x4010, 0x1618, 0xD151, 0xA2DB, 0xA069, 0x0018, 0x0018, 0xC48A,
0x20F6, 0x8082, 0x0328, 0x0328, 0x2751, 0x2F38, 0x1320, 0x1608, 0x1608, 0x3510,
0x3618, 0x1110, 0x1A20, 0x1A20, 0xB220, 0xA058, 0xC1C4, 0x80DE, 0x0C20, 0x0C20,
0xF740, 0x1618, 0x1510, 0x1410, 0x1410, 0xF05A, 0xE0EC, 0xA2BB, 0x80AA, 0x80AA,
0x6749, 0x9600, 0xAEBC, 0xA07A, 0xA07A, 0x1418, 0x8BBB, 0xC0CC, 0xA061, 0x1000,
0x1000, 0xD17A, 0xE1F6, 0x60DC, 0x2571, 0x2571, 0x6058, 0x2069, 0x4E28, 0x015A,
0x015A, 0x3558, 0x9148, 0x009A, 0x42C3, 0x42C3, 0x6058, 0x6040, 0xE150, 0x0061,
0xC069, 0xC069, 0x2020, 0x8318, 0x2128, 0x2020, 0x2020, 0x0020, 0x0018, 0x4018,
0x4010, 0x4010, 0x0910, 0x1410, 0x4B92, 0x00C3, 0x00C3, 0x2048, 0x2410, 0x00A4,
0x21FD, 0xA260, 0xA260, 0x8020, 0xAF40, 0x1350, 0x1220, 0x1220, 0x7800, 0x2984,
0xC0CC, 0xC4AA, 0xC4AA, 0xE0AA, 0xCB40, 0x1500, 0x63D6, 0x63D6, 0x0740, 0x1528,
0xA9C4, 0xC0D3, 0xA240, 0xA240, 0x7328, 0x1510, 0x5120, 0x1328, 0x1328, 0x1828,
0x5408, 0x1510, 0x1228, 0x1228, 0x1120, 0x5210, 0x1608, 0x1218, 0x1218, 0x3820,
0x9310, 0x1418, 0x1040, 0x8A48, 0x8A48, 0xC028, 0x8148, 0x01DC, 0xC1D4, 0xC1D4,
0x0008, 0x4020, 0x83BA, 0xA3CA, 0xA3CA, 0x1408, 0x7010, 0xC058, 0xE060, 0xE060,
0x6259, 0xA059, 0x0020, 0x2128, 0x0018, 0x0018, 0x0020, 0x0010, 0x0220, 0x2120,
0x2120, 0x0018, 0x446A, 0x41B3, 0x0071, 0x0071, 0xC182, 0x00DD, 0xA071, 0x0018,
0x0018, 0x83DD, 0x8058, 0x4051, 0x0228, 0x4641, 0x4641, 0x1220, 0x0D20, 0x6051,
0xC058, 0xC058, 0x4071, 0x2049, 0x0028, 0x0020, 0x0020, 0x0120, 0x0018, 0x4020,
0x0020, 0x0020, 0x0018, 0x0008, 0x4128, 0xE150, 0xC0E5, 0xC0E5, 0x80A1, 0xC350,
0xE2AA, 0xC560, 0xC560, 0xF172, 0x24ED, 0x6372, 0x6050, 0x6050, 0xC081, 0xA079,
0x2030, 0xE248, 0xE248, 0xE058, 0xA071, 0x0151, 0x0010, 0x0010, 0x0018, 0x0020,
0x0020, 0x0020, 0x0018, 0x0018, 0x0010, 0x0008, 0x0092, 0x81A2, 0x81A2, 0x2050,
0xE0BB, 0x00D4, 0x0061, 0x0061, 0x2062, 0x02C4, 0x8260, 0x6038, 0x6038, 0x0018,
0x6E38, 0x1828, 0xCE5A, 0x8A93, 0x8A93, 0x24AA, 0x6281, 0x4028, 0x8030, 0x8030,
0xE1CB, 0x80A2, 0x4020, 0x8228, 0x8228, 0x8658, 0x2441, 0x1320, 0x1120, 0x1120,
0x5059, 0x956A, 0x5520, 0x3730, 0xC048, 0xC048, 0x0172, 0xA071, 0xA258, 0xE082,
0xE082, 0x1628, 0x1620, 0x1318, 0x4318, 0x4318, 0x0082, 0x80CB, 0xC6BB, 0x8F38,
0x8F38, 0x438A, 0x66D5, 0xF641, 0xAB58, 0x60AA, 0x60AA, 0x6470, 0xE2DC, 0xED69,
0x1300, 0x1300, 0xAC38, 0x0282, 0x2130, 0x0018, 0x0018, 0x8081, 0xA0C3, 0x005A,
0x0018, 0x0018, 0x6179, 0x409A, 0x099B, 0x0D7B, 0x0018, 0x0018, 0x4059, 0xA068,
0xC071, 0x2020, 0x2020, 0x2010, 0x0028, 0x0020, 0x0020, 0x0020, 0x0018, 0x2118,
0x0018, 0x0010, 0x0010, 0xEB7A, 0x2A83, 0xE0A1, 0x8069, 0x0118, 0x0118, 0xA169,
0x40BC, 0xE069, 0x0328, 0x0328, 0x6230, 0x8059, 0x0C49, 0x7630, 0x7630, 0x7228,
0x536A, 0x5759, 0x1530, 0x1530, 0x1120, 0x8048, 0x217A, 0xA458, 0xA071, 0xA071,
0xE98A, 0x1520, 0x3728, 0x7218, 0x7218, 0xD072, 0x44F4, 0x0048, 0xC4C2, 0xC4C2,
0xA648, 0xF131, 0xE8ED, 0xA069, 0xA069, 0xD648, 0x47D4, 0xA0B3, 0xA071, 0x0700,
0x0700, 0x9082, 0x43EE, 0x20D4, 0x2061, 0x2061, 0x8089, 0x24A2, 0x1528, 0x40D6,
0x40D6, 0xA19A, 0xC048, 0xE060, 0x60A2, 0x60A2, 0x6050, 0x4040, 0x2259, 0x2061,
0x007A, 0x007A, 0x0020, 0x2110, 0x0018, 0x0018, 0x0018, 0x2020, 0x6028, 0x0018,
0x0010, 0x0010, 0x2639, 0x2D7B, 0x29A3, 0x20AA, 0x20AA, 0xA058, 0x0008, 0xE08A,
0xC0D3, 0x4048, 0x4048, 0x0010, 0xC038, 0x4269, 0xD148, 0xD148, 0x1308, 0xEDA3,
0x00C4, 0x0048, 0x0048, 0xC1B2, 0x0D30, 0x7662, 0x02D6, 0x02D6, 0x2860, 0xD071,
0x24BC, 0xA0CB, 0xE158, 0xE158, 0x2A10, 0x1318, 0x1618, 0x1218, 0x1218, 0x5541,
0xEB6A, 0x7738, 0x1118, 0x1118, 0x1628, 0x5620, 0x1718, 0x1120, 0x1120, 0x1720,
0x7318, 0x9030, 0xA758, 0xE750, 0xE750, 0x2018, 0x6040, 0x20B3, 0xE3BB, 0xE3BB,
0x0008, 0xC028, 0xA291, 0x63BA, 0x63BA, 0x6E73, 0x0842, 0x6048, 0x2161, 0x2161,
0x6161, 0x4059, 0x0018, 0x0020, 0x0018, 0x0018, 0x0020, 0x0018, 0x0120, 0x0028,
0x0028, 0x0028, 0xA159, 0x609A, 0x0071, 0x0071, 0xE18A, 0x20ED, 0xA079, 0x0020,
0x0020, 0xC2CC, 0x6060, 0xA038, 0x0018, 0xC738, 0xC738, 0x1428, 0x1128, 0x2149,
0xE058, 0xE058, 0x8079, 0x2049, 0x0020, 0x0020, 0x0020, 0x0120, 0x0018, 0x2020,
0x0020, 0x0020, 0x0020, 0x0010, 0x4028, 0xC148, 0x00EE, 0x00EE, 0x20AA, 0x8150,
0x80BB, 0x0550, 0x0550, 0x4F72, 0x80ED, 0x6069, 0x8340, 0x8340, 0x6069, 0x6069,
0x4030, 0xA240, 0xA240, 0xE050, 0xA071, 0xE048, 0x0010, 0x0010, 0x0018, 0x2020,
0x2028, 0x0020, 0x0018, 0x0018, 0x0018, 0x0020, 0x8060, 0x2079, 0x2079, 0xA258,
0xC1BB, 0x20DC, 0xE060, 0xE060, 0x2051, 0x80A2, 0x4248, 0x0020, 0x0020, 0x0010,
0x0920, 0x1530, 0xE7BD, 0x02DE, 0x02DE, 0x0068, 0x2079, 0xC028, 0x4020, 0x4020,
0x039A, 0xE070, 0x2118, 0x4010, 0x4010, 0x0169, 0x6061, 0xB228, 0x1218, 0x1218,
0xE082, 0xABAC, 0x1020, 0x0848, 0x0028, 0x0028, 0x4140, 0x0048, 0x6058, 0x009B,
0x009B, 0x0D93, 0xB07A, 0x0D20, 0x4018, 0x4018, 0x4371, 0x0379, 0x20AB, 0x4951,
0x4951, 0xA181, 0x40DD, 0x5083, 0x0550, 0x20BB, 0x20BB, 0x0092, 0x80C3, 0x4992,
0x5740, 0x5740, 0x2659, 0x8058, 0xA040, 0x0218, 0x0218, 0x2161, 0x4492, 0x4049,
0x0010, 0x0010, 0x0169, 0x8060, 0x23B4, 0x06EF, 0x0018, 0x0018, 0x4138, 0x2071,
0x0282, 0x4228, 0x4228, 0x2010, 0x0028, 0x0018, 0x2220, 0x2220, 0x0118, 0x0118,
0x2028, 0x0030, 0x0030, 0xC1EE, 0x24CD, 0x6070, 0x6159, 0x0228, 0x0228, 0xA048,
0x4082, 0xE048, 0x0220, 0x0220, 0x4030, 0xC050, 0xE448, 0x1438, 0x1438, 0x0E30,
0xA1AC, 0xCE92, 0x0C40, 0x0C40, 0x6840, 0x4338, 0xE050, 0x0350, 0x4079, 0x4079,
0x2392, 0xA8A3, 0xAF59, 0x0E10, 0x0E10, 0xCC9A, 0xA0C2, 0x809A, 0xC0BA, 0xC0BA,
0x0550, 0xB49B, 0x80ED, 0x6282, 0x6282, 0xE540, 0x22B3, 0x4071, 0x4169, 0x0910,
0x0910, 0x929A, 0x00EE, 0x40DC, 0x2051, 0x2051, 0x04A2, 0x85BA, 0x1218, 0x63E6,
0x63E6, 0x81B2, 0xE050, 0x0459, 0x6071, 0x6071, 0x8048, 0x2030, 0xE248, 0xE058,
0x017A, 0x017A, 0x0018, 0x0010, 0x0018, 0x0018, 0x0018, 0x0020, 0x4028, 0x0018,
0x0228, 0x0228, 0x0483, 0xC6EE, 0x439B, 0x8070, 0x8070, 0xC150, 0x0008, 0xC069,
0x429A, 0x6040, 0x6040, 0x0118, 0xE040, 0x6058, 0x0451, 0x0451, 0x3251, 0x8BA2,
0xA0CB, 0x409A, 0x409A, 0x80AA, 0x2C48, 0xAFC4, 0x20C5, 0x20C5, 0x0348, 0xC479,
0x608A, 0xA281, 0x8560, 0x8560, 0x0C10, 0x3528, 0x3628, 0x3110, 0x3110, 0xCE72,
0xE0C4, 0x3661, 0x3718, 0x3718, 0x1828, 0x3628, 0x3528, 0x1128, 0x1128, 0x1620,
0x5428, 0xCD48, 0x4061, 0x0451, 0x0451, 0x0018, 0x0030, 0xC081, 0x848A, 0x848A,
0x0108, 0x2039, 0xC070, 0x0079, 0x0079, 0x86E6, 0x208C, 0x0030, 0xE250, 0xE250,
0x8171, 0xC379, 0x6020, 0x0018, 0x0018, 0x0018, 0x2020, 0x0020, 0x0020, 0x0028,
0x0028, 0x4038, 0xE050, 0x2071, 0xC070, 0xC070, 0xC192, 0x00ED, 0xA081, 0x0020,
0x0020, 0x60A3, 0x2058, 0x0020, 0x0018, 0x8428, 0x8428, 0x5130, 0x0E28, 0x8038,
0xA050, 0xA050, 0x6071, 0x0049, 0x0020, 0x0020, 0x0020, 0x0120, 0x0018, 0x2020,
0x0020, 0x0020, 0x0020, 0x0028, 0x2030, 0x6038, 0x60B4, 0x60B4, 0x83A2, 0xC050,
0x20A3, 0xC760, 0xC760, 0x0F72, 0x02CC, 0x4C79, 0xC638, 0xC638, 0x2359, 0x2159,
0x6128, 0x6128, 0x6128, 0x8048, 0x4069, 0x6038, 0x0010, 0x0010, 0x0018, 0x2120,
0x0020, 0x0020, 0x0020, 0x0020, 0x2030, 0x8038, 0xE150, 0xE058, 0xE058, 0x0359,
0xE09A, 0xA0CB, 0xE158, 0xE158, 0x0141, 0xE289, 0x8140, 0x0428, 0x0428, 0x4020,
0x6428, 0x4B30, 0x84CD, 0x60DD, 0x60DD, 0x0058, 0x0061, 0x8028, 0x0118, 0x0118,
0xE160, 0x0048, 0x0110, 0xA020, 0xA020, 0xC058, 0x0269, 0x9128, 0x1610, 0x1610,
0x606A, 0x86BC, 0xA958, 0xC08A, 0xA093, 0xA093, 0x2138, 0x4040, 0xA058, 0x8560,
0x8560, 0x02CD, 0x64AC, 0x0418, 0x0108, 0x0108, 0x4059, 0x8050, 0x6082, 0x8451,
0x8451, 0x2069, 0x00C4, 0xCD7A, 0x0550, 0x80F5, 0x80F5, 0x44C4, 0xE3EC, 0x23D4,
0x1338, 0x1338, 0x8561, 0x2069, 0x0230, 0x0008, 0x0008, 0x2038, 0xE360, 0xA138,
0x0010, 0x0010, 0x0261, 0x8060, 0xA2CC, 0x80E6, 0x0018, 0x0018, 0x0028, 0x0061,
0xA271, 0x2220, 0x2220, 0x6018, 0x0028, 0x0010, 0x2220, 0x2220, 0x0120, 0x0020,
0x6038, 0x6048, 0x6048, 0xA0F6, 0x60C4, 0x6060, 0x0049, 0x2020, 0x2020, 0x8140,
0x4059, 0x0028, 0x0118, 0x0118, 0x0041, 0x6269, 0x2251, 0x1238, 0x1238, 0x0E30,
0xE0A3, 0x64A3, 0x6469, 0x6469, 0x619B, 0x8059, 0x8040, 0xA050, 0xC060, 0xC060,
0x6271, 0x40E6, 0xC561, 0x2320, 0x2320, 0x80DC, 0x62FD, 0xA0BC, 0x42ED, 0x42ED,
0x0258, 0x7092, 0x40B3, 0x0559, 0x0559, 0x005A, 0x4392, 0x2040, 0x6048, 0x0610,
0x0610, 0x0D92, 0xA0BC, 0xA1B3, 0xC040, 0xC040, 0x0082, 0x0292, 0x1038, 0x20B4,
0x20B4, 0xEFA9, 0x3540, 0xEA50, 0xC050, 0xC050, 0x8240, 0x0020, 0x2030, 0xA050,
0xA071, 0xA071, 0x0020, 0x2018, 0x2118, 0x0018, 0x0018, 0x0018, 0x0020, 0x0128,
0x8248, 0x8248, 0x209B, 0x20EE, 0xA19B, 0xA268, 0xA268, 0xA348, 0x0008, 0xC048,
0x8158, 0x0020, 0x0020, 0x0018, 0x2049, 0x2369, 0x8648, 0x8648, 0x7471, 0xE3D3,
0x00ED, 0x23C4, 0x23C4, 0xC3DC, 0x4E40, 0xA9BB, 0xE0AB, 0xE0AB, 0x4340, 0xA081,
0x007A, 0x8038, 0xC160, 0xC160, 0x0918, 0x1118, 0x9420, 0x1718, 0x1718, 0x0F7A,
0xA0B3, 0x4659, 0x3218, 0x3218, 0x1520, 0x1420, 0x1320, 0x1320, 0x1320, 0x1720,
0x1528, 0x8B40, 0xE050, 0xC140, 0xC140, 0x4020, 0x0028, 0x8050, 0x4261, 0x4261,
0x0218, 0xE038, 0x8058, 0x4071, 0x4071, 0xA1FE, 0x40A4, 0x2120, 0x4138, 0x4138,
0xA060, 0xE060, 0x0008, 0x0018, 0x2020, 0x2020, 0x2020, 0x2020, 0x0020, 0x0030,
0x0030, 0xE150, 0xA048, 0xC050, 0xE268, 0xE268, 0xA27A, 0x80D4, 0xC081, 0x6028,
0x6028, 0x6082, 0x6150, 0x0120, 0x0220, 0x6020, 0x6020, 0x8830, 0x2528, 0x0020,
0x4040, 0x4040, 0x0369, 0xE040, 0x0020, 0x0120, 0x0120, 0x0120, 0x0018, 0x2020,
0x0020, 0x0020, 0x0020, 0x8040, 0x4030, 0x0020, 0x0028, 0x0028, 0x0340, 0x0028,
0x6040, 0x0028, 0x0028, 0x0241, 0x007A, 0x8550, 0x0318, 0x0318, 0x2130, 0x4030,
0x0018, 0x0018, 0x0018, 0x6040, 0x4161, 0x6038, 0x0018, 0x0018, 0x2020, 0x2020,
0x0020, 0x0018, 0x0028, 0x0028, 0xA040, 0x2151, 0x6130, 0x0028, 0x0028, 0x2028,
0x4051, 0x208A, 0x2030, 0x2030, 0x0010, 0x4040, 0x2020, 0x0210, 0x0210, 0x0010,
0x4018, 0x0018, 0x006A, 0x208A, 0x208A, 0xC060, 0x0049, 0x0130, 0x0028, 0x0028,
0xA038, 0x0028, 0x0018, 0x6049, 0x6049, 0x0028, 0x0038, 0x0520, 0xA318, 0xA318,
0xC049, 0xA09A, 0x0061, 0x0130, 0x2348, 0x2348, 0xE159, 0x0120, 0x4038, 0x0038,
0x0038, 0xE082, 0xA07A, 0x0018, 0x0110, 0x0110, 0x0020, 0x0018, 0x0030, 0x0020,
0x0020, 0x0030, 0x007A, 0x8249, 0xE058, 0xE092, 0xE092, 0xC040, 0x608A, 0xA0A2,
0x0330, 0x0330, 0x0018, 0x0030, 0xA038, 0x8120, 0x8120, 0x6030, 0x8140, 0x6230,
0x0018, 0x0018, 0x8040, 0x6048, 0x4082, 0xA07A, 0x0020, 0x0020, 0x0020, 0x4040,
0x0051, 0x0020, 0x0020, 0xA028, 0x0020, 0x0018, 0x0018, 0x0018, 0x4128, 0x2028,
0x8040, 0xA050, 0xA050, 0x20A3, 0xE081, 0xE160, 0xC038, 0x0018, 0x0018, 0x4038,
0xA048, 0x0018, 0x0018, 0x0018, 0x8059, 0x0020, 0x0228, 0x0320, 0x0320, 0x4030,
0xC169, 0x807A, 0x0038, 0x0038, 0xA348, 0x6059, 0x2049, 0x0020, 0x6028, 0x6028,
0x2041, 0x818B, 0x6051, 0x0030, 0x0030, 0x609A, 0x449A, 0x0028, 0x0293, 0x0293,
0x6071, 0xE058, 0x8082, 0xC030, 0xC030, 0x0018, 0x0038, 0x0020, 0x2030, 0x8018,
0x8018, 0xA279, 0xE050, 0x0028, 0x2038, 0x2038, 0x6130, 0x0120, 0x0128, 0xA079,
0xA079, 0xE179, 0x0300, 0x0020, 0x4038, 0x4038, 0x4228, 0x4020, 0x0018, 0xE250,
0x2061, 0x2061, 0x0028, 0x2018, 0x0118, 0x2020, 0x2020, 0x2020, 0x0018, 0x0028,
0xA048, 0xA048, 0xE079, 0xA092, 0x005A, 0x6050, 0x6050, 0x0020, 0x0008, 0x8040,
0x2340, 0x0228, 0x0228, 0xC040, 0x6028, 0x0028, 0x0020, 0x0020, 0xA048, 0x81AA,
0xA092, 0x2030, 0x2030, 0xA0A3, 0xE338, 0x6069, 0xE059, 0xE059, 0x0020, 0x0040,
0x8040, 0x0008, 0x0338, 0x0338, 0x0928, 0x1308, 0x1710, 0xF258, 0xF258, 0x2979,
0x8092, 0xC038, 0x1228, 0x1228, 0x1410, 0x1218, 0x1218, 0x1618, 0x1618, 0x3720,
0x1120, 0x0628, 0x4030, 0x4030, 0x4030, 0x0039, 0x0020, 0x0030, 0x8038, 0x8038,
0x0220, 0x4128, 0xA048, 0x2059, 0x2059, 0x8092, 0x8059, 0x2218, 0x0228, 0x0228,
0xA060, 0xC050, 0x4118, 0x0018, 0x4020, 0x4020, 0x0018, 0x0020, 0x0020, 0x2130,
0x2130, 0x6461, 0xC050, 0x0020, 0x0130, 0x0130, 0x0039, 0x808A, 0xA050, 0x0008,
0x0008, 0xA038, 0x0028, 0x0120, 0x0120, 0x2018, 0x2018, 0x6120, 0x2020, 0x0018,
0x4038, 0x4038, 0x2361, 0xC040, 0x0020, 0x0120, 0x0120, 0x0120, 0x0018, 0x2020,
0x0020, 0x0020, 0x2028, 0x2059, 0xA040, 0x0020, 0x0028, 0x0028, 0x0340, 0x0028,
0x6040, 0x0028, 0x0028, 0x0241, 0x007A, 0x8550, 0x0318, 0x0318, 0x2130, 0x4030,
0x0018, 0x0018, 0x0018, 0x6040, 0x4161, 0x6038, 0x0018, 0x0018, 0x2020, 0x2020,
0x0020, 0x0018, 0x0028, 0x0028, 0xA040, 0x2151, 0x6130, 0x0028, 0x0028, 0x2028,
0x4051, 0x208A, 0x2030, 0x2030, 0x0010, 0x4040, 0x2020, 0x0210, 0x0210, 0x0010,
0x4018, 0x0018, 0x006A, 0x208A, 0x208A, 0xC060, 0x0049, 0x0130, 0x0028, 0x0028,
0xA038, 0x0028, 0x0018, 0x6049, 0x6049, 0x0028, 0x0038, 0x0520, 0xA318, 0xA318,
0xC049, 0xA09A, 0x0061, 0x0130, 0x2348, 0x2348, 0xE159, 0x0120, 0x4038, 0x0038,
0x0038, 0xE082, 0xA07A, 0x0018, 0x0110, 0x0110, 0x0020, 0x0018, 0x0030, 0x0020,
0x0020, 0x0030, 0x007A, 0x8249, 0xE058, 0xE092, 0xE092, 0xC040, 0x608A, 0xA0A2,
0x0330, 0x0330, 0x0018, 0x0030, 0xA038, 0x8120, 0x8120, 0x6030, 0x8140, 0x6230,
0x0018, 0x0018, 0x8040, 0x6048, 0x4082, 0xA07A, 0x0020, 0x0020, 0x0020, 0x4040,
0x0051, 0x0020, 0x0020, 0xA028, 0x0020, 0x0018, 0x0018, 0x0018, 0x4128, 0x2028,
0x8040, 0xA050, 0xA050, 0x20A3, 0xE081, 0xE160, 0xC038, 0x0018, 0x0018, 0x4038,
0xA048, 0x0018, 0x0018, 0x0018, 0x8059, 0x0020, 0x0228, 0x0320, 0x0320, 0x4030,
0xC169, 0x807A, 0x0038, 0x0038, 0xA348, 0x6059, 0x2049, 0x0020, 0x6028, 0x6028,
0x2041, 0x818B, 0x6051, 0x0030, 0x0030, 0x609A, 0x449A, 0x0028, 0x0293, 0x0293,
0x6071, 0xE058, 0x8082, 0xC030, 0xC030, 0x0018, 0x0038, 0x0020, 0x2030, 0x8018,
0x8018, 0xA279, 0xE050, 0x0028, 0x2038, 0x2038, 0x6130, 0x0120, 0x0128, 0xA079,
0xA079, 0xE179, 0x0300, 0x0020, 0x4038, 0x4038, 0x4228, 0x4020, 0x0018, 0xE250,
0x2061, 0x2061, 0x0028, 0x2018, 0x0118, 0x2020, 0x2020, 0x2020, 0x0018, 0x0028,
0xA048, 0xA048, 0xE079, 0xA092, 0x005A, 0x6050, 0x6050, 0x0020, 0x0008, 0x8040,
0x2340, 0x0228, 0x0228, 0xC040, 0x6028, 0x0028, 0x0020, 0x0020, 0xA048, 0x81AA,
0xA092, 0x2030, 0x2030, 0xA0A3, 0xE338, 0x6069, 0xE059, 0xE059, 0x0020, 0x0040,
0x8040, 0x0008, 0x0338, 0x0338, 0x0928, 0x1308, 0x1710, 0xF258, 0xF258, 0x2979,
0x8092, 0xC038, 0x1228, 0x1228, 0x1410, 0x1218, 0x1218, 0x1618, 0x1618, 0x3720,
0x1120, 0x0628, 0x4030, 0x4030, 0x4030, 0x0039, 0x0020, 0x0030, 0x8038, 0x8038,
0x0220, 0x4128, 0xA048, 0x2059, 0x2059, 0x8092, 0x8059, 0x2218, 0x0228, 0x0228,
0xA060, 0xC050, 0x4118, 0x0018, 0x4020, 0x4020, 0x0018, 0x0020, 0x0020, 0x2130,
0x2130, 0x6461, 0xC050, 0x0020, 0x0130, 0x0130, 0x0039, 0x808A, 0xA050, 0x0008,
0x0008, 0xA038, 0x0028, 0x0120, 0x0120, 0x2018, 0x2018, 0x6120, 0x2020, 0x0018,
0x4038, 0x4038, 0x2361, 0xC040, 0x0020, 0x0120, 0x0120, 0x0120, 0x0018, 0x2020,
0x0020, 0x0020, 0x2028, 0x2059, 0xA040, 0x0020, 0x0118, 0x0118, 0x8338, 0x8459,
0x8138, 0x0020, 0x0020, 0x8041, 0x416A, 0x8040, 0x0110, 0x0110, 0x0020, 0x0020,
0x0010, 0x0018, 0x0018, 0x6140, 0x2261, 0xA038, 0x0020, 0x0020, 0x0020, 0x0018,
0x0018, 0x0018, 0x2028, 0x2028, 0xC040, 0x2151, 0x8220, 0x2020, 0x2020, 0x6020,
0x2049, 0x0082, 0x8030, 0x8030, 0x0108, 0x0028, 0x0018, 0x6130, 0x6130, 0x6020,
0x6018, 0x0120, 0xC071, 0x4371, 0x4371, 0x2151, 0xA130, 0x0230, 0x0028, 0x0028,
0xA018, 0x4118, 0x0020, 0x8059, 0x8059, 0x0010, 0x2028, 0x0020, 0x2010, 0x2010,
0x0318, 0x4058, 0xA059, 0x2018, 0x2048, 0x2048, 0xA049, 0x0010, 0x0118, 0x4028,
0x4028, 0x2030, 0x4051, 0x2020, 0x8220, 0x8220, 0x0010, 0x8018, 0x0020, 0x0018,
0x0018, 0x4028, 0x0659, 0x8428, 0x8259, 0x0020, 0x0020, 0x8020, 0x0051, 0x2069,
0x8028, 0x8028, 0x0010, 0x0120, 0x6049, 0x0010, 0x0010, 0x0018, 0x2028, 0x2228,
0x0220, 0x0220, 0x4030, 0xE050, 0x4261, 0x6471, 0x4028, 0x4028, 0x0018, 0x6340,
0x6061, 0x0020, 0x0020, 0x4020, 0x0018, 0x4120, 0x0018, 0x0018, 0x4020, 0x0020,
0x6138, 0x0059, 0x0059, 0x6771, 0x2071, 0xA048, 0x8028, 0x0010, 0x0010, 0x0028,
0x0028, 0x0010, 0x4020, 0x4020, 0x0051, 0x2020, 0x6128, 0x0010, 0x0010, 0x0010,
0x0520, 0xC061, 0x6030, 0x6030, 0x2020, 0x2338, 0x2041, 0x0008, 0x0008, 0x0008,
0x4010, 0x0239, 0x2049, 0x0438, 0x0438, 0x8092, 0x4140, 0x0320, 0x4028, 0x4028,
0x8161, 0x2140, 0x8340, 0x6020, 0x6020, 0x4018, 0x0128, 0x4018, 0x0018, 0xA020,
0xA020, 0x2082, 0x0349, 0x6220, 0x2369, 0x2369, 0x8031, 0x0008, 0x0018, 0x4071,
0x4071, 0x0062, 0x0500, 0x2030, 0x0020, 0x0020, 0x0118, 0x6020, 0x0018, 0x2359,
0xE050, 0xE050, 0x0028, 0x0010, 0x0118, 0x8028, 0x8028, 0x6020, 0x0010, 0x0020,
0xE048, 0xE048, 0xA071, 0xA379, 0x6049, 0xE158, 0xE158, 0x0020, 0x2018, 0x4030,
0x0120, 0x0210, 0x0210, 0x8038, 0x6041, 0x0118, 0x0318, 0x0318, 0x6051, 0x6071,
0x0049, 0x0010, 0x0010, 0x4030, 0xA649, 0xA250, 0x4028, 0x4028, 0x4220, 0x0228,
0x0018, 0xC018, 0x4028, 0x4028, 0x0C30, 0x1918, 0x1818, 0x439B, 0x439B, 0x4081,
0x618A, 0x4130, 0x1540, 0x1540, 0x1710, 0x5330, 0x1028, 0x1918, 0x1918, 0x5618,
0x0C20, 0x0018, 0x0018, 0x0028, 0x0028, 0x4041, 0x0018, 0x0218, 0x2028, 0x2028,
0x0020, 0x0120, 0xC040, 0x6151, 0x6151, 0x0071, 0x2259, 0x8218, 0x0018, 0x0018,
0xC058, 0xC040, 0x0010, 0x2020, 0x4020, 0x4020, 0x0018, 0x0018, 0x0020, 0x2130,
0x2130, 0x4459, 0xC050, 0x2018, 0x0328, 0x0328, 0xC028, 0x8071, 0xA148, 0x2108,
0x2108, 0x4028, 0x0020, 0x0020, 0x0020, 0x0018, 0x0018, 0x0018, 0x0118, 0x0020,
0x6038, 0x6038, 0x6061, 0xA038, 0x0020, 0x0120, 0x0120, 0x0120, 0x0018, 0x0020,
0x0020, 0x0020, 0x2028, 0x4259, 0xC148, 0x4028, 0x0018, 0x0018, 0xA030, 0x4251,
0x4028, 0x0010, 0x0010, 0x8028, 0x6049, 0x0030, 0x2118, 0x2118, 0x2128, 0x0020,
0x2010, 0x2018, 0x2018, 0x6240, 0xC250, 0x8030, 0x0020, 0x0020, 0x0018, 0x0018,
0x0018, 0x0018, 0x2020, 0x2020, 0x6030, 0x8038, 0x6120, 0x2028, 0x2028, 0x0018,
0x6038, 0xE060, 0x2028, 0x2028, 0x4308, 0x2028, 0x0010, 0x6030, 0x6030, 0x4020,
0x0008, 0x0328, 0x4082, 0xE158, 0xE158, 0x0010, 0x0020, 0x0020, 0x0128, 0x0128,
0x0010, 0x0018, 0x0020, 0xC040, 0xC040, 0x0018, 0x0118, 0x2018, 0x0018, 0x0018,
0x0028, 0x6030, 0x6139, 0x2018, 0x0230, 0x0230, 0x0020, 0x6018, 0x0410, 0x0110,
0x0110, 0x0018, 0xE040, 0x0028, 0x0118, 0x0118, 0x0118, 0x8218, 0x0028, 0x2120,
0x2120, 0x0018, 0x0030, 0x0008, 0x2018, 0x4138, 0x4138, 0x4008, 0x8030, 0x4182,
0x0120, 0x0120, 0x0008, 0x0020, 0x4238, 0x2020, 0x2020, 0x6028, 0x4028, 0x0228,
0x0018, 0x0018, 0x0010, 0x0020, 0x4040, 0x0692, 0x2028, 0x2028, 0x0018, 0xA548,
0x6061, 0x0020, 0x0020, 0x0018, 0x0018, 0x4120, 0x2020, 0x2020, 0x0018, 0x0018,
0x2028, 0xC040, 0xC040, 0xA971, 0x2161, 0x0028, 0x2018, 0x2018, 0x2018, 0x0020,
0x0020, 0x2010, 0x4020, 0x4020, 0x4038, 0x0318, 0x2220, 0x0018, 0x0018, 0x2020,
0x0020, 0x2049, 0x8130, 0x8130, 0x0010, 0x6228, 0x0318, 0x2018, 0x0010, 0x0010,
0x0120, 0x0120, 0x6030, 0x6340, 0x6340, 0x0159, 0x8538, 0x0020, 0x4018, 0x4018,
0x0018, 0x0330, 0x0318, 0x2018, 0x2018, 0x0010, 0x0228, 0x6018, 0x0120, 0xA330,
0xA330, 0x0192, 0x4049, 0x0008, 0x6468, 0x6468, 0x8228, 0xA018, 0x0010, 0xC868,
0xC868, 0x0051, 0x2000, 0x0028, 0x0020, 0x0020, 0x0118, 0x4010, 0x2020, 0xE348,
0xA048, 0xA048, 0x0020, 0x0010, 0x0020, 0x4028, 0x4028, 0x2120, 0x0010, 0x0018,
0x8038, 0x8038, 0x8261, 0x0582, 0x4020, 0x0030, 0x0030, 0x0018, 0x4018, 0x0028,
0x2220, 0x0110, 0x0110, 0xA048, 0x4430, 0xC238, 0x4010, 0x4010, 0x8338, 0xA071,
0x6338, 0x6210, 0x6210, 0x0020, 0x2018, 0x0020, 0x0018, 0x0018, 0x6020, 0x0628,
0x0010, 0x8218, 0x0010, 0x0010, 0x2818, 0x7438, 0x0E38, 0x009B, 0x009B, 0xE068,
0x2161, 0x0028, 0xA848, 0xA848, 0x1818, 0x7161, 0x4A59, 0x1620, 0x1620, 0x1618,
0x0B20, 0x0018, 0x2018, 0x0028, 0x0028, 0x8030, 0x0018, 0x0110, 0x0018, 0x0018,
0x0020, 0x0020, 0x6128, 0x0020, 0x0020, 0xE160, 0x6451, 0x8118, 0x0020, 0x0020,
0x4161, 0x2241, 0x0030, 0x2120, 0x2020, 0x2020, 0x0018, 0x0018, 0x0018, 0x2128,
0x2128, 0x8138, 0x4038, 0x2010, 0x0220, 0x0220, 0xA028, 0xE060, 0x6148, 0x0108,
0x0108, 0x0020, 0x2020, 0x0018, 0x2020, 0x0018, 0x0018, 0x0018, 0x0220, 0x0228,
0x2030, 0x2030, 0x0049, 0x8038, 0x0020, 0x0128, 0x0128, 0x0120, 0x0018, 0x0018,
0x2020, 0x2020, 0x4128, 0xA138, 0x6030, 0x2028, 0x0228, 0x0228, 0xC038, 0x4140,
0x2028, 0x6128, 0x6128, 0x0020, 0xA028, 0x2440, 0x0010, 0x0010, 0x0028, 0x0018,
0x0008, 0x0010, 0x0010, 0x2238, 0x8148, 0x6028, 0x0020, 0x0020, 0x0018, 0x0018,
0x0118, 0x2118, 0x0020, 0x0020, 0x0020, 0x0020, 0x0018, 0x0028, 0x0028, 0x0020,
0x8348, 0xC268, 0x2028, 0x2028, 0x4310, 0x0028, 0x2018, 0x0028, 0x0028, 0x0018,
0x2010, 0x0220, 0xA069, 0x6038, 0x6038, 0x0200, 0x0020, 0x4018, 0x6320, 0x6320,
0x0018, 0x0018, 0x2118, 0x0018, 0x0018, 0x0030, 0x2020, 0xA418, 0x0028, 0x0028,
0x0140, 0x2010, 0x4000, 0x0318, 0x0020, 0x0020, 0x0428, 0x4020, 0x0110, 0x0110,
0x0110, 0x2028, 0x2340, 0xA148, 0x0020, 0x0020, 0x0128, 0x0108, 0x2030, 0x0028,
0x0028, 0x0218, 0x0028, 0x6320, 0x2018, 0x0020, 0x0020, 0x6010, 0x4020, 0x0330,
0x8028, 0x8028, 0x0308, 0x0020, 0x0030, 0x0120, 0x0120, 0x2018, 0x0018, 0x0018,
0x2018, 0x2018, 0x6018, 0x0010, 0x2038, 0x0071, 0x0018, 0x0018, 0x8020, 0x0230,
0x0030, 0x0020, 0x0020, 0x6128, 0x2120, 0x0010, 0x2020, 0x2020, 0x0018, 0x2020,
0x2020, 0x0018, 0x0018, 0xA261, 0x0020, 0x0018, 0x0010, 0x4120, 0x4120, 0x2228,
0x0120, 0x4010, 0x4018, 0x4018, 0x0238, 0x2028, 0x0320, 0x0210, 0x0210, 0x2020,
0x0020, 0x0120, 0x2018, 0x2018, 0x0318, 0x2008, 0x4120, 0x8030, 0x0030, 0x0030,
0x0228, 0x0028, 0x6049, 0x4018, 0x4018, 0xE040, 0x0018, 0x0028, 0x0018, 0x0018,
0x2018, 0x8028, 0x0010, 0x0220, 0x0220, 0x0310, 0x6038, 0x2010, 0x0228, 0x8030,
0x8030, 0xE099, 0x6059, 0x2110, 0x8068, 0x8068, 0x0020, 0x4020, 0x0008, 0x2148,
0x2148, 0x8058, 0x8018, 0x0020, 0x2028, 0x2028, 0x0118, 0x0008, 0x2018, 0x4038,
0x8040, 0x8040, 0x0020, 0x8020, 0x0020, 0x0018, 0x0018, 0x0118, 0x4018, 0x0018,
0x0018, 0x0018, 0x4038, 0x4059, 0x4228, 0x0020, 0x0020, 0x4020, 0x4018, 0x0020,
0x0018, 0x0008, 0x0008, 0x0038, 0x0028, 0x0018, 0x6318, 0x6318, 0x0020, 0x0148,
0x0020, 0x0000, 0x0000, 0x4338, 0x0020, 0x0520, 0x0018, 0x0018, 0x0020, 0x0428,
0x2018, 0x0010, 0x0010, 0x0010, 0x4F10, 0x9169, 0x0069, 0x4082, 0x4082, 0x2061,
0x0040, 0x0038, 0x8251, 0x8251, 0x1628, 0x8D8A, 0x6482, 0x1328, 0x1328, 0x1618,
0x0E28, 0x0020, 0x4420, 0x4028, 0x4028, 0x0120, 0x0018, 0x0010, 0x0218, 0x0218,
0x0018, 0x2028, 0x0118, 0x0118, 0x0118, 0x2059, 0x0039, 0x6018, 0x0030, 0x0030,
0xA040, 0x0018, 0x0030, 0x0120, 0x0020, 0x0020, 0x0018, 0x0018, 0x0018, 0x0020,
0x0020, 0x0020, 0x0020, 0x2010, 0x0120, 0x0120, 0xC038, 0xA060, 0x4258, 0x0010,
0x0010, 0x0020, 0x4028, 0x0320, 0x4128, 0x6128, 0x6128, 0x0018, 0x2020, 0x0328,
0x0020, 0x0020, 0x2030, 0x8038, 0x0020, 0x0128, 0x0128, 0x2120, 0x0018, 0x0018,
0x2020, 0x2020, 0x6128, 0x0018, 0x0020, 0x0020, 0x0218, 0x0218, 0x0118, 0x0020,
0x2020, 0x2020, 0x2020, 0x0020, 0x0128, 0x0128, 0x0218, 0x0218, 0x2020, 0x6020,
0x4018, 0x0018, 0x0018, 0x0118, 0x0018, 0x0018, 0x0030, 0x0030, 0x0020, 0x0018,
0x0018, 0x0020, 0x0020, 0x0020, 0x4128, 0x0018, 0x0020, 0x0020, 0x0020, 0x0020,
0x0020, 0x0020, 0x0020, 0x0020, 0x0020, 0x0020, 0x8228, 0x2028, 0x2028, 0x0010,
0x4110, 0x4118, 0xA140, 0x4030, 0x4030, 0x4018, 0x0118, 0x0020, 0x0028, 0x0028,
0x2028, 0x0018, 0x0010, 0x0020, 0x0020, 0x2028, 0x0330, 0x0020, 0x2020, 0x2020,
0x8018, 0x4028, 0x0028, 0x0028, 0x0220, 0x0220, 0x2110, 0x4118, 0x4118, 0x4120,
0x4120, 0x0018, 0x0020, 0x0020, 0x0028, 0x0028, 0x0020, 0x0020, 0x0020, 0x0020,
0x0020, 0x0020, 0x0020, 0x0020, 0x0020, 0x0020, 0x0020, 0x0020, 0x0020, 0x0020,
0x0020, 0x0020, 0x0020, 0x0020, 0x0020, 0x0018, 0x0018, 0x0018, 0x0018, 0x0120,
0x0128, 0x0128, 0x0030, 0x0020, 0x0010, 0xC148, 0x0028, 0x0028, 0x0028, 0x0018,
0x2020, 0x0018, 0x0018, 0x4020, 0x0010, 0x0010, 0x2238, 0x2238, 0x0028, 0x4008,
0x6110, 0x0430, 0x0430, 0x8348, 0x6020, 0x0018, 0x2428, 0x0010, 0x0010, 0x0118,
0x0120, 0x4028, 0x0118, 0x0118, 0x0120, 0x0218, 0x0010, 0x0020, 0x0020, 0x4020,
0x0008, 0x4018, 0x0020, 0x0020, 0x0028, 0x0038, 0x2020, 0x0018, 0x0028, 0x0028,
0x0018, 0x8008, 0x4208, 0x0220, 0x0220, 0x0118, 0x0320, 0x0220, 0x0018, 0x0018,
0x0120, 0x0018, 0x4130, 0x0018, 0x0018, 0x0118, 0x4030, 0x4038, 0x0120, 0x4020,
0x4020, 0x8020, 0x4028, 0x0020, 0x0020, 0x0020, 0x0020, 0x0020, 0x0020, 0x0020,
0x0020, 0x0020, 0x0020, 0x0020, 0x4018, 0x4018, 0x0110, 0x0018, 0x4020, 0x0118,
0x0228, 0x0228, 0x0018, 0x0020, 0x0018, 0x2120, 0x2120, 0x0010, 0x0118, 0x8330,
0x2128, 0x2128, 0x4030, 0x8040, 0x0128, 0x0020, 0x0020, 0x0020, 0x0228, 0x0028,
0x0020, 0x2020, 0x2020, 0x2020, 0x0018, 0x0018, 0x0018, 0x0018, 0x2010, 0x2018,
0x2020, 0x0020, 0x0020, 0x0028, 0x0020, 0x0020, 0x0020, 0x0020, 0x0020, 0x0020,
0x0020, 0x0020, 0x0020, 0x0020, 0x4258, 0x2082, 0xE081, 0x0038, 0x0038, 0xC050,
0x2049, 0x0018, 0x4320, 0x4320, 0x0D38, 0x6740, 0x8340, 0x6440, 0x6440, 0x0838,
0x0928, 0x0418, 0x0008, 0x0020, 0x0020, 0x0020, 0x0020, 0x0020, 0x0020, 0x0020,
0x0020, 0x0020, 0x0020, 0x0020, 0x0020, 0x2030, 0xE040, 0x0020, 0x0020, 0x0020,
0x2020, 0x0018, 0x0018, 0x0018, 0x0018, 0x0018, 0x0120, 0x0120, 0x0020, 0x0020,
0x0020, 0x0020, 0x0020, 0x0028, 0x0028, 0x0028, 0x0018, 0x8028, 0xA020, 0x0018,
0x0018, 0x0318, 0x2020, 0x0028, 0x2020, 0x0018, 0x0018, 0x0328, 0x0220, 0x0028,
0x0018, 0x0018, 0x6018, 0x0118, 0x0010, 0x0018, 0x0018, 0x0118, 0x2528, 0x0018,
0xA030, 0xA030, 0x0418, 0x0220, 0x0018, 0x4038, 0x0218, 0x0218, 0x0118, 0x0020,
0x2020, 0x2020, 0x2020, 0x0020, 0x0128, 0x0128, 0x0218, 0x0218, 0x2020, 0x6020,
0x4018, 0x0018, 0x0018, 0x0118, 0x0018, 0x0018, 0x0030, 0x0030, 0x0020, 0x0018,
0x0018, 0x0020, 0x0020, 0x0020, 0x4128, 0x0018, 0x0020, 0x0020, 0x0020, 0x0020,
0x0020, 0x0020, 0x0020, 0x0020, 0x0020, 0x0020, 0x8228, 0x2028, 0x2028, 0x0010,
0x4110, 0x4118, 0xA140, 0x4030, 0x4030, 0x4018, 0x0118, 0x0020, 0x0028, 0x0028,
0x2028, 0x0018, 0x0010, 0x0020, 0x0020, 0x2028, 0x0330, 0x0020, 0x2020, 0x2020,
0x8018, 0x4028, 0x0028, 0x0028, 0x0220, 0x0220, 0x2110, 0x4118, 0x4118, 0x4120,
0x4120, 0x0018, 0x0020, 0x0020, 0x0028, 0x0028, 0x0020, 0x0020, 0x0020, 0x0020,
0x0020, 0x0020, 0x0020, 0x0020, 0x0020, 0x0020, 0x0020, 0x0020, 0x0020, 0x0020,
0x0020, 0x0020, 0x0020, 0x0020, 0x0020, 0x0018, 0x0018, 0x0018, 0x0018, 0x0120,
0x0128, 0x0128, 0x0030, 0x0020, 0x0010, 0xC148, 0x0028, 0x0028, 0x0028, 0x0018,
0x2020, 0x0018, 0x0018, 0x4020, 0x0010, 0x0010, 0x2238, 0x2238, 0x0028, 0x4008,
0x6110, 0x0430, 0x0430, 0x8348, 0x6020, 0x0018, 0x2428, 0x0010, 0x0010, 0x0118,
0x0120, 0x4028, 0x0118, 0x0118, 0x0120, 0x0218, 0x0010, 0x0020, 0x0020, 0x4020,
0x0008, 0x4018, 0x0020, 0x0020, 0x0028, 0x0038, 0x2020, 0x0018, 0x0028, 0x0028,
0x0018, 0x8008, 0x4208, 0x0220, 0x0220, 0x0118, 0x0320, 0x0220, 0x0018, 0x0018,
0x0120, 0x0018, 0x4130, 0x0018, 0x0018, 0x0118, 0x4030, 0x4038, 0x0120, 0x4020,
0x4020, 0x8020, 0x4028, 0x0020, 0x0020, 0x0020, 0x0020, 0x0020, 0x0020, 0x0020,
0x0020, 0x0020, 0x0020, 0x0020, 0x4018, 0x4018, 0x0110, 0x0018, 0x4020, 0x0118,
0x0228, 0x0228, 0x0018, 0x0020, 0x0018, 0x2120, 0x2120, 0x0010, 0x0118, 0x8330,
0x2128, 0x2128, 0x4030, 0x8040, 0x0128, 0x0020, 0x0020, 0x0020, 0x0228, 0x0028,
0x0020, 0x2020, 0x2020, 0x2020, 0x0018, 0x0018, 0x0018, 0x0018, 0x2010, 0x2018,
0x2020, 0x0020, 0x0020, 0x0028, 0x0020, 0x0020, 0x0020, 0x0020, 0x0020, 0x0020,
0x0020, 0x0020, 0x0020, 0x0020, 0x4258, 0x2082, 0xE081, 0x0038, 0x0038, 0xC050,
0x2049, 0x0018, 0x4320, 0x4320, 0x0D38, 0x6740, 0x8340, 0x6440, 0x6440, 0x0838,
0x0928, 0x0418, 0x0008, 0x0020, 0x0020, 0x0020, 0x0020, 0x0020, 0x0020, 0x0020,
0x0020, 0x0020, 0x0020, 0x0020, 0x0020, 0x2030, 0xE040, 0x0020, 0x0020, 0x0020,
0x2020, 0x0018, 0x0018, 0x0018, 0x0018, 0x0018, 0x0120, 0x0120, 0x0020, 0x0020,
0x0020, 0x0020, 0x0020, 0x0028, 0x0028, 0x0028, 0x0018, 0x8028, 0xA020, 0x0018,
0x0018, 0x0318, 0x2020, 0x0028, 0x2020, 0x0018, 0x0018, 0x0328, 0x0220, 0x0028,
0x0018, 0x0018, 0x6018, 0x0118, 0x0010, 0x0018, 0x0018, 0x0118, 0x2528, 0x0018,
0xA030, 0xA030, 0x0418, 0x0220, 0x0018, 0x4038, 0x2120, 0x2120, 0x0020, 0x0018,
0x0018, 0x0018, 0x0018, 0x0018, 0x0018, 0x0018, 0x0020, 0x0020, 0x0020, 0x0020,
0x2020, 0x2120, 0x2120, 0x0220, 0x0020, 0x0018, 0x0020, 0x0020, 0x0020, 0x4220,
0x2120, 0x0020, 0x0020, 0x0020, 0x2020, 0x0118, 0x0020, 0x0020, 0x0020, 0x0020,
0x0020, 0x0020, 0x0020, 0x0020, 0x0020, 0x0020, 0x0110, 0x0020, 0x0020, 0x2020,
0x8218, 0x2218, 0x0028, 0x0020, 0x0020, 0x0010, 0x2120, 0x0018, 0x0018, 0x0018,
0x0020, 0x0020, 0x0020, 0x0020, 0x0020, 0x0020, 0x0020, 0x0018, 0x4018, 0x4018,
0x0008, 0x0018, 0x0018, 0x0020, 0x4020, 0x4020, 0x0018, 0x0020, 0x0020, 0x2020,
0x2020, 0x0020, 0x2020, 0x0020, 0x0020, 0x0020, 0x0020, 0x0020, 0x0020, 0x0020,
0x0020, 0x0020, 0x0020, 0x0020, 0x0020, 0x0020, 0x0020, 0x0020, 0x0020, 0x0020,
0x0020, 0x0020, 0x0020, 0x0020, 0x0020, 0x0020, 0x0020, 0x2020, 0x2120, 0x0020,
0x0020, 0x0020, 0x0020, 0x0020, 0x4220, 0x4020, 0x0010, 0x0010, 0x2018, 0x2018,
0x0010, 0x0010, 0x0010, 0x2020, 0x0018, 0x6120, 0x0020, 0x0020, 0x0020, 0x4010,
0x2010, 0x0020, 0x0020, 0x0030, 0x0308, 0xC030, 0x0018, 0xC028, 0xC028, 0x0008,
0x0010, 0x0010, 0xC338, 0xC338, 0x2020, 0x2020, 0x0020, 0x0028, 0x0028, 0x0020,
0x0018, 0x2218, 0x0110, 0x0110, 0x2128, 0x0018, 0x0008, 0x2010, 0x2130, 0x2130,
0x0020, 0x2008, 0x2010, 0x0028, 0x0028, 0x0020, 0x0020, 0x0018, 0x4018, 0x4018,
0x0010, 0x4120, 0x0010, 0x0010, 0x0010, 0x6018, 0x0110, 0x0020, 0x6028, 0x0020,
0x0020, 0x0118, 0x4028, 0x0120, 0x0020, 0x0020, 0x0020, 0x0020, 0x0020, 0x0020,
0x0020, 0x0020, 0x0020, 0x0020, 0x4028, 0x4028, 0x2328, 0x0018, 0x4020, 0x0118,
0x6228, 0x6228, 0x0018, 0x0018, 0x0018, 0x4020, 0x4020, 0x0010, 0x0010, 0x2018,
0x0010, 0x0010, 0x0020, 0x0020, 0x0118, 0x0018, 0x0018, 0x0018, 0x0220, 0x2120,
0x0018, 0x0018, 0x0018, 0x2120, 0x0020, 0x0018, 0x0018, 0x0018, 0x0018, 0x2018,
0x0020, 0x0020, 0x0020, 0x0028, 0x0020, 0x0020, 0x0020, 0x0020, 0x0020, 0x0020,
0x0020, 0x0020, 0x0020, 0x0020, 0x6340, 0x4051, 0x2159, 0x0130, 0x0130, 0xA040,
0x4028, 0x0018, 0x0010, 0x0010, 0xE338, 0xE138, 0xE038, 0xA030, 0xA030, 0x4130,
0x2128, 0x0020, 0x0018, 0x0020, 0x0020, 0x0020, 0x0020, 0x0020, 0x0020, 0x0020,
0x0020, 0x0020, 0x0020, 0x0020, 0x0020, 0x2028, 0x4020, 0x2020, 0x2020, 0x2020,
0x2020, 0x0010, 0x2020, 0x2020, 0x0020, 0x0020, 0x0020, 0x0018, 0x0018, 0x0020,
0x0020, 0x0020, 0x0020, 0x0120, 0x0128, 0x0128, 0x0218, 0x6228, 0x2018, 0x0220,
0x0220, 0x0420, 0x4028, 0x0020, 0x0220, 0x6120, 0x6120, 0x0000, 0xA018, 0x0118,
0x0118, 0x0118, 0x0020, 0xA020, 0x6320, 0x0008, 0x0008, 0x6018, 0x2018, 0x8028,
0x0018, 0x0018, 0x4238, 0x2008, 0x6118, 0x0010, 0x2020, 0x2020, 0x0020, 0x0018,
0x0018, 0x0018, 0x0018, 0x2018, 0x2018, 0x4020, 0x0020, 0x0020, 0x0020, 0x0020,
0x0020, 0x0228, 0x0228, 0x2228, 0x2020, 0x0020, 0x0010, 0x0010, 0x0010, 0x0010,
0x0010, 0x0020, 0x0020, 0x0020, 0x0020, 0x6228, 0x0020, 0x0020, 0x0020, 0x0020,
0x0020, 0x0020, 0x0020, 0x0020, 0x0020, 0x0020, 0x2218, 0x0020, 0x0020, 0x0020,
0x0010, 0x6320, 0x0028, 0x0020, 0x0020, 0x2118, 0x4020, 0x2020, 0x0020, 0x0020,
0x0018, 0x0020, 0x2020, 0x0018, 0x0018, 0x0018, 0x0010, 0x0010, 0x6218, 0x6218,
0x0118, 0x2220, 0x0018, 0x4020, 0x4018, 0x4018, 0x0028, 0x0028, 0x0020, 0x2028,
0x2028, 0x0018, 0x4128, 0x0018, 0x0120, 0x0120, 0x0020, 0x0020, 0x0020, 0x0020,
0x0020, 0x0020, 0x0020, 0x0020, 0x0020, 0x0020, 0x0020, 0x0020, 0x0020, 0x0020,
0x0020, 0x0020, 0x0020, 0x0020, 0x0020, 0x4128, 0x4128, 0x4028, 0x2020, 0x0018,
0x0018, 0x0018, 0x0010, 0x0018, 0x0120, 0x0010, 0x4110, 0x4110, 0x6218, 0x8220,
0x0010, 0x0018, 0x0018, 0x0020, 0x0020, 0x4010, 0x0020, 0x0020, 0x0020, 0x0018,
0x0018, 0x4028, 0x4028, 0x2018, 0x8410, 0x6019, 0x2011, 0xC032, 0xC032, 0x4143,
0xE03A, 0x802A, 0xA119, 0xA119, 0x8000, 0xA028, 0x0020, 0x0028, 0x0028, 0x0020,
0x2020, 0x2320, 0x0318, 0x0318, 0x2020, 0x2020, 0x2008, 0x6118, 0x2028, 0x2028,
0x0020, 0x0010, 0x0018, 0x0028, 0x0028, 0x2010, 0xA018, 0x8529, 0xA119, 0xA119,
0xA143, 0xE032, 0x2043, 0x002A, 0x002A, 0xC019, 0xE218, 0x2010, 0x0010, 0x0018,
0x0018, 0x0218, 0x4120, 0x8128, 0x0020, 0x0020, 0x0020, 0x0020, 0x0020, 0x0020,
0x0020, 0x0020, 0x0020, 0x0020, 0x0020, 0x0020, 0x0228, 0x0018, 0x0018, 0x0018,
0x4018, 0x4018, 0x2010, 0x2010, 0x0018, 0x4020, 0x4020, 0x0018, 0x0010, 0x0010,
0x0010, 0x0010, 0x0018, 0x0020, 0x0010, 0x0110, 0x0110, 0x0010, 0x0010, 0x0118,
0x0110, 0x0010, 0x0010, 0x0018, 0x0020, 0x0020, 0x0020, 0x0020, 0x0018, 0x0020,
0x0020, 0x0020, 0x0020, 0x0020, 0x0020, 0x0020, 0x0020, 0x0020, 0x0020, 0x0020,
0x0020, 0x0020, 0x0020, 0x0020, 0x6020, 0x6020, 0x6228, 0x6128, 0x6128, 0x6028,
0x0010, 0x2218, 0x2010, 0x2010, 0x6020, 0x6020, 0x4018, 0x4018, 0x4018, 0x2018,
0x0020, 0x0028, 0x0128, 0x0020, 0x0020, 0x0020, 0x0020, 0x0020, 0x0020, 0x0020,
0x0020, 0x0020, 0x0020, 0x0018, 0x0018, 0x4120, 0x0010, 0x2020, 0x4020, 0x4020,
0x4020, 0x0018, 0x8028, 0x2028, 0x2028, 0x2028, 0x0020, 0x0018, 0x0018, 0x0018,
0x0018, 0x0018, 0x0118, 0x0010, 0x0010, 0x0010, 0x0320, 0x2228, 0x0018, 0x0128,
0x0128, 0x0118, 0x2020, 0x8130, 0x0120, 0x2018, 0x2018, 0x2008, 0x8018, 0x2008,
0x8218, 0x8218, 0xC020, 0x402A, 0x013B, 0xA043, 0xA043, 0xE02A, 0xE421, 0xA210,
0x0008, 0x0008, 0x0010, 0x0020, 0x4228, 0x0018, 0x2020, 0x2020, 0x0020, 0x0018,
0x0018, 0x0010, 0x0010, 0x0010, 0x0008, 0x0008, 0x0020, 0x0020, 0x0020, 0x0020,
0x0120, 0x0220, 0x0220, 0x0220, 0x2020, 0x4018, 0xC328, 0xC328, 0x2018, 0x0010,
0x4030, 0xA071, 0x2382, 0x2382, 0xE048, 0x6030, 0x0020, 0x0020, 0x0020, 0x0020,
0x0020, 0x0020, 0x0020, 0x0020, 0x0020, 0x0020, 0x0008, 0x0028, 0x0028, 0x0030,
0x0018, 0x2120, 0x0018, 0x0020, 0x0020, 0x0008, 0x0018, 0x0020, 0x2120, 0x2120,
0x0018, 0x0028, 0x2028, 0x0020, 0x0020, 0x2120, 0x0020, 0x0010, 0x0000, 0x0000,
0x0030, 0x0028, 0x0028, 0x2018, 0x6028, 0x6028, 0x2020, 0x2120, 0x0018, 0x0020,
0x0020, 0x0018, 0x2028, 0x0018, 0x0020, 0x0020, 0x0020, 0x0020, 0x0020, 0x0020,
0x0020, 0x0020, 0x0020, 0x0020, 0x0020, 0x0020, 0x0020, 0x0020, 0x0020, 0x0020,
0x0020, 0x0020, 0x0020, 0x0020, 0x0020, 0x2120, 0x2120, 0x0018, 0x0018, 0x2018,
0x4018, 0x4018, 0x2018, 0x0020, 0x0028, 0x0018, 0x2020, 0x2020, 0x0018, 0x2020,
0x0010, 0x0020, 0x0020, 0x4128, 0x6128, 0x0008, 0x2020, 0x2020, 0x0128, 0x0020,
0x0120, 0x6328, 0x6328, 0x0019, 0xA053, 0x0113, 0x4113, 0x824D, 0x824D, 0x213D,
0x634D, 0xA013, 0x200B, 0x200B, 0x032C, 0x423A, 0x0010, 0x0218, 0x0218, 0x0028,
0x0028, 0x0120, 0x2228, 0x2228, 0x0018, 0x0020, 0x0018, 0x2018, 0x0018, 0x0018,
0x0128, 0x2228, 0x4228, 0x0018, 0x0018, 0x0022, 0x2233, 0xC312, 0x0003, 0x0003,
0x2356, 0x6035, 0xA44D, 0x400B, 0x400B, 0x8012, 0x803B, 0x002A, 0x0110, 0x0020,
0x0020, 0x4130, 0x0018, 0x0008, 0x0020, 0x0020, 0x0020, 0x0020, 0x0020, 0x0020,
0x0020, 0x0020, 0x0020, 0x0020, 0x0020, 0x0020, 0x0120, 0x0020, 0x4128, 0x0020,
0x0018, 0x0018, 0x6128, 0x0120, 0x0018, 0x0128, 0x0128, 0x2028, 0x2020, 0x2020,
0x2020, 0x2020, 0x4020, 0x2120, 0x6028, 0x2120, 0x2120, 0x2020, 0x2018, 0x0018,
0x2128, 0x6030, 0x6030, 0x2028, 0x0028, 0x0020, 0x0020, 0x0020, 0x0020, 0x0020,
0x0020, 0x0020, 0x0020, 0x0020, 0x0020, 0x0020, 0x0020, 0x0020, 0x0020, 0x0020,
0x0020, 0x0020, 0x0020, 0x0020, 0x2010, 0x0010, 0x2018, 0x0018, 0x0018, 0x0010,
0x0010, 0x0018, 0x0020, 0x0020, 0x0020, 0x0020, 0x0018, 0x0118, 0x0118, 0x0118,
0x0120, 0x0120, 0x0128, 0x0020, 0x0020, 0x0020, 0x0020, 0x0020, 0x0020, 0x0020,
0x0020, 0x0020, 0x0020, 0x0010, 0x0010, 0x4220, 0x0118, 0x0018, 0x2028, 0x2028,
0x0120, 0x0120, 0x4020, 0x0228, 0x0128, 0x0128, 0x0020, 0x0020, 0x0020, 0x0018,
0x0018, 0x2120, 0x0220, 0x0008, 0x4018, 0x4018, 0x0020, 0x2130, 0x4038, 0x2030,
0x2030, 0x0020, 0x2028, 0x0000, 0x2018, 0x2030, 0x2030, 0x0230, 0x0018, 0x234B,
0x234C, 0x234C, 0xA002, 0x4234, 0xC255, 0x2035, 0x2035, 0xE234, 0x8202, 0x422B,
0xE353, 0xE353, 0x8000, 0x0018, 0xA020, 0x655B, 0x0018, 0x0018, 0x0018, 0x0020,
0x2120, 0x2120, 0x2120, 0x0120, 0x0018, 0x0018, 0x0018, 0x0018, 0x0018, 0x0118,
0x0118, 0x0010, 0x0010, 0x0010, 0x0010, 0x4118, 0x0010, 0x0010, 0x8030, 0xA161,
0xE3A2, 0x22BB, 0xC2AA, 0xC2AA, 0x0069, 0x2259, 0x0020, 0x0020, 0x0020, 0x0020,
0x0020, 0x0020, 0x0020, 0x0020, 0x0020, 0x0020, 0x4018, 0x637A, 0x637A, 0x03A3,
0xE169, 0x2241, 0x0020, 0x6030, 0x6030, 0x6120, 0x0018, 0x0018, 0x0018, 0x0018,
0x0010, 0x0028, 0x4040, 0x0020, 0x0020, 0x0018, 0x0018, 0x0020, 0x4010, 0x4010,
0x01B3, 0xE292, 0xE079, 0x4020, 0x0028, 0x0028, 0x0110, 0x0110, 0x0008, 0x0018,
0x0018, 0x0010, 0x0020, 0x0020, 0x0028, 0x0028, 0x0020, 0x0020, 0x0020, 0x0020,
0x0020, 0x0020, 0x0020, 0x0020, 0x0020, 0x0020, 0x0020, 0x0020, 0x0020, 0x0020,
0x0020, 0x0020, 0x0020, 0x0020, 0x0020, 0x4228, 0x4228, 0x0020, 0x0018, 0x0010,
0x0008, 0x0008, 0x0008, 0x0018, 0x0030, 0xC2AA, 0xE3A2, 0xE3A2, 0xA171, 0x6259,
0x6030, 0x0020, 0x0020, 0x0018, 0x0010, 0x6020, 0x0010, 0x0010, 0x0120, 0x2238,
0x0018, 0x0000, 0x0000, 0x4022, 0xE69E, 0xE15D, 0x4024, 0x6003, 0x6003, 0x2003,
0x6103, 0xC22C, 0x8024, 0x8024, 0x004E, 0x602B, 0x6011, 0x0010, 0x0010, 0x0020,
0x0028, 0x0028, 0x2128, 0x2128, 0x2028, 0x0028, 0x0028, 0x0020, 0x0020, 0x0020,
0x0228, 0x0120, 0x0010, 0xC008, 0xC008, 0xA043, 0xC186, 0x804D, 0x803D, 0x803D,
0xA003, 0x6303, 0x0303, 0xC12C, 0xC12C, 0xE444, 0xE044, 0x202B, 0x0019, 0x0010,
0x0010, 0x0028, 0x4128, 0x8010, 0x0020, 0x0020, 0x0020, 0x0020, 0x0020, 0x0020,
0x0020, 0x0020, 0x0020, 0x0020, 0x2020, 0x2020, 0x0018, 0x0120, 0x2228, 0x0018,
0x0018, 0x0018, 0x0128, 0x0120, 0x0120, 0x0120, 0x0120, 0x0128, 0x2128, 0x0028,
0x0028, 0x0028, 0x0020, 0x0020, 0x0030, 0x0018, 0x0018, 0x0020, 0x0020, 0x0018,
0x0020, 0x2030, 0x2030, 0x0028, 0x0020, 0x0020, 0x0020, 0x0020, 0x0020, 0x0020,
0x0020, 0x0020, 0x0020, 0x0018, 0x0020, 0x0020, 0x0020, 0x0020, 0x0020, 0x0020,
0x0020, 0x0020, 0x0020, 0x0020, 0x0028, 0x2028, 0x6028, 0x0010, 0x0010, 0x0010,
0x0120, 0x0020, 0x0230, 0x0230, 0x0138, 0x0030, 0x2030, 0x4028, 0x4028, 0x2120,
0x0120, 0x0018, 0x2018, 0x0020, 0x0020, 0x0020, 0x0020, 0x0020, 0x0020, 0x0020,
0x0020, 0x0020, 0x0020, 0x0018, 0x0018, 0x0020, 0x0228, 0x0120, 0x0128, 0x0128,
0x0018, 0x0018, 0x0118, 0x0120, 0x0228, 0x0228, 0x0018, 0x0028, 0x2028, 0x0020,
0x0020, 0x4130, 0x0128, 0x2018, 0x6028, 0x6028, 0x0018, 0x0018, 0x2130, 0x0020,
0x0020, 0x0018, 0x0118, 0x2018, 0x2028, 0x0028, 0x0028, 0x0020, 0xE010, 0x003C,
0x813D, 0x813D, 0xA235, 0xE01B, 0xC002, 0xA002, 0xA002, 0x6103, 0x4245, 0x8076,
0xC096, 0xC096, 0x0001, 0x0010, 0xC018, 0x8053, 0x0018, 0x0018, 0x0018, 0x0020,
0x2120, 0x2120, 0x2120, 0x0120, 0x0018, 0x0018, 0x0018, 0x0018, 0x0018, 0x0118,
0x0118, 0x0010, 0x0010, 0x0010, 0x0010, 0x4118, 0x0010, 0x0010, 0x8030, 0xA161,
0xE3A2, 0x22BB, 0xC2AA, 0xC2AA, 0x0069, 0x2259, 0x0020, 0x0020, 0x0020, 0x0020,
0x0020, 0x0020, 0x0020, 0x0020, 0x0020, 0x0020, 0x4018, 0x637A, 0x637A, 0x03A3,
0xE169, 0x2241, 0x0020, 0x6030, 0x6030, 0x6120, 0x0018, 0x0018, 0x0018, 0x0018,
0x0010, 0x0028, 0x4040, 0x0020, 0x0020, 0x0018, 0x0018, 0x0020, 0x4010, 0x4010,
0x01B3, 0xE292, 0xE079, 0x4020, 0x0028, 0x0028, 0x0110, 0x0110, 0x0008, 0x0018,
0x0018, 0x0010, 0x0020, 0x0020, 0x0028, 0x0028, 0x0020, 0x0020, 0x0020, 0x0020,
0x0020, 0x0020, 0x0020, 0x0020, 0x0020, 0x0020, 0x0020, 0x0020, 0x0020, 0x0020,
0x0020, 0x0020, 0x0020, 0x0020, 0x0020, 0x4228, 0x4228, 0x0020, 0x0018, 0x0010,
0x0008, 0x0008, 0x0008, 0x0018, 0x0030, 0xC2AA, 0xE3A2, 0xE3A2, 0xA171, 0x6259,
0x6030, 0x0020, 0x0020, 0x0018, 0x0010, 0x6020, 0x0010, 0x0010, 0x0120, 0x2238,
0x0018, 0x0000, 0x0000, 0x4022, 0xE69E, 0xE15D, 0x4024, 0x6003, 0x6003, 0x2003,
0x6103, 0xC22C, 0x8024, 0x8024, 0x004E, 0x602B, 0x6011, 0x0010, 0x0010, 0x0020,
0x0028, 0x0028, 0x2128, 0x2128, 0x2028, 0x0028, 0x0028, 0x0020, 0x0020, 0x0020,
0x0228, 0x0120, 0x0010, 0xC008, 0xC008, 0xA043, 0xC186, 0x804D, 0x803D, 0x803D,
0xA003, 0x6303, 0x0303, 0xC12C, 0xC12C, 0xE444, 0xE044, 0x202B, 0x0019, 0x0010,
0x0010, 0x0028, 0x4128, 0x8010, 0x0020, 0x0020, 0x0020, 0x0020, 0x0020, 0x0020,
0x0020, 0x0020, 0x0020, 0x0020, 0x2020, 0x2020, 0x0018, 0x0120, 0x2228, 0x0018,
0x0018, 0x0018, 0x0128, 0x0120, 0x0120, 0x0120, 0x0120, 0x0128, 0x2128, 0x0028,
0x0028, 0x0028, 0x0020, 0x0020, 0x0030, 0x0018, 0x0018, 0x0020, 0x0020, 0x0018,
0x0020, 0x2030, 0x2030, 0x0028, 0x0020, 0x0020, 0x0020, 0x0020, 0x0020, 0x0020,
0x0020, 0x0020, 0x0020, 0x0018, 0x0020, 0x0020, 0x0020, 0x0020, 0x0020, 0x0020,
0x0020, 0x0020, 0x0020, 0x0020, 0x0028, 0x2028, 0x6028, 0x0010, 0x0010, 0x0010,
0x0120, 0x0020, 0x0230, 0x0230, 0x0138, 0x0030, 0x2030, 0x4028, 0x4028, 0x2120,
0x0120, 0x0018, 0x2018, 0x0020, 0x0020, 0x0020, 0x0020, 0x0020, 0x0020, 0x0020,
0x0020, 0x0020, 0x0020, 0x0018, 0x0018, 0x0020, 0x0228, 0x0120, 0x0128, 0x0128,
0x0018, 0x0018, 0x0118, 0x0120, 0x0228, 0x0228, 0x0018, 0x0028, 0x2028, 0x0020,
0x0020, 0x4130, 0x0128, 0x2018, 0x6028, 0x6028, 0x0018, 0x0018, 0x2130, 0x0020,
0x0020, 0x0018, 0x0118, 0x2018, 0x2028, 0x0028, 0x0028, 0x0020, 0xE010, 0x003C,
0x813D, 0x813D, 0xA235, 0xE01B, 0xC002, 0xA002, 0xA002, 0x6103, 0x4245, 0x8076,
0xC096, 0xC096, 0x0001, 0x0010, 0xC018, 0x8053, 0x0018, 0x0018, 0x0018, 0x0018,
0x0120, 0x0120, 0x0120, 0x0020, 0x0020, 0x0020, 0x0010, 0x0010, 0x0018, 0x0120,
0x2028, 0x2028, 0x2028, 0x4028, 0x4020, 0x4020, 0x0020, 0x0020, 0x4030, 0x6069,
0x41BB, 0x80D3, 0x21CB, 0x21CB, 0x8060, 0x2040, 0x0020, 0x0020, 0x0020, 0x0020,
0x0020, 0x0020, 0x0020, 0x0020, 0x0020, 0x0020, 0x0008, 0xE29A, 0xE29A, 0xA2C3,
0x4082, 0xE040, 0x0018, 0x2028, 0x2028, 0x4020, 0x0018, 0x0018, 0x2110, 0x2110,
0x2028, 0xE379, 0x26AB, 0x438A, 0x438A, 0x2472, 0x0128, 0x0020, 0x0000, 0x0000,
0x00CB, 0xE0A2, 0x2092, 0x4020, 0x0038, 0x0038, 0x4020, 0x4020, 0x4020, 0x0020,
0x0020, 0x0018, 0x0018, 0x0020, 0x2028, 0x2028, 0x0020, 0x0020, 0x0020, 0x0020,
0x0020, 0x0020, 0x0020, 0x0020, 0x0020, 0x0020, 0x0020, 0x0020, 0x0020, 0x0020,
0x0020, 0x0020, 0x0020, 0x0020, 0x0020, 0x0010, 0x0010, 0x0018, 0x0020, 0x2020,
0x4118, 0x4118, 0xA228, 0xE371, 0x45BB, 0x20CB, 0x00BB, 0x00BB, 0x8081, 0x4069,
0xA048, 0x0020, 0x0020, 0x0018, 0x4020, 0x0020, 0x4020, 0x4020, 0x2128, 0x0020,
0x4018, 0x067D, 0x067D, 0x035D, 0x6001, 0xC101, 0xE001, 0x839F, 0x839F, 0x0087,
0x628F, 0x6055, 0x6444, 0x6444, 0x800A, 0x4045, 0x8354, 0x8029, 0x8029, 0x2020,
0x0020, 0x2018, 0x0008, 0x0008, 0x4018, 0x0018, 0x0018, 0x0008, 0x6010, 0x6010,
0x2118, 0x0020, 0x0021, 0x6454, 0x6454, 0xC24B, 0x6001, 0xC609, 0xE000, 0xE000,
0xC097, 0x6087, 0x8076, 0xC265, 0xC265, 0x203D, 0x800B, 0x002C, 0x6364, 0xA020,
0xA020, 0x0120, 0x4028, 0x0008, 0x0020, 0x0020, 0x0020, 0x0020, 0x0020, 0x0020,
0x0020, 0x0020, 0x0020, 0x0020, 0x0020, 0x0020, 0x0010, 0x0120, 0x0010, 0x6020,
0x8020, 0x8020, 0x4018, 0x4018, 0xC018, 0x0000, 0x0000, 0x0010, 0x2020, 0x0020,
0x0028, 0x0028, 0x0020, 0x0020, 0x0318, 0x0018, 0x0018, 0x4018, 0x6220, 0x8018,
0x4018, 0x0018, 0x0018, 0x0018, 0x4018, 0x4020, 0x2020, 0x2020, 0x0020, 0x0020,
0x0020, 0x0018, 0x0018, 0x0018, 0x0020, 0x0020, 0x0020, 0x0020, 0x0020, 0x0020,
0x0020, 0x0020, 0x0020, 0x0020, 0x0120, 0x0220, 0x0010, 0x2018, 0x2018, 0x0008,
0x2010, 0x0010, 0x4220, 0x4220, 0x0220, 0x0020, 0x0020, 0x0020, 0x0020, 0x0220,
0x0318, 0x0018, 0x4018, 0x0020, 0x0020, 0x0020, 0x0020, 0x0020, 0x0020, 0x0020,
0x0020, 0x0020, 0x0020, 0x0028, 0x0028, 0x0020, 0x0028, 0x0220, 0x0020, 0x0020,
0xA020, 0x8010, 0x6110, 0x6010, 0x8018, 0x8018, 0x0008, 0x2018, 0x0018, 0x0018,
0x0018, 0x2028, 0x0020, 0x0220, 0x2120, 0x2120, 0x6020, 0x2010, 0x4010, 0x4010,
0x4010, 0x4010, 0x0308, 0x0020, 0x0020, 0x0020, 0x0020, 0x603A, 0x2255, 0xA003,
0x4003, 0x4003, 0x403D, 0xC165, 0x218F, 0xE097, 0xE097, 0xE086, 0x2001, 0x4401,
0xA009, 0xA009, 0x2564, 0x624D, 0x213D, 0xE00B, 0x4020, 0x4020, 0x2020, 0x0018,
0x0018, 0x0018, 0x0018, 0x0020, 0x0028, 0x0030, 0x4020, 0x4020, 0x4028, 0x8038,
0x2051, 0xA069, 0xA069, 0xC069, 0x2051, 0x8040, 0x0118, 0x0118, 0x2028, 0xA071,
0x61C3, 0x00CB, 0xC0BA, 0xC0BA, 0x8058, 0x8040, 0x0020, 0x0020, 0x0020, 0x0020,
0x0020, 0x0020, 0x0020, 0x0020, 0x0020, 0x0020, 0x0010, 0xA09A, 0xA09A, 0xA0B2,
0xE081, 0x0049, 0x2030, 0x2028, 0x2028, 0x0018, 0x4030, 0x4220, 0x4110, 0x4110,
0x2020, 0x0182, 0x43C3, 0xE089, 0xE089, 0x8069, 0x0020, 0x2118, 0x0100, 0x0100,
0x40E3, 0x41AB, 0x6092, 0xA118, 0x0038, 0x0038, 0xA079, 0x8071, 0xA171, 0xA048,
0xA048, 0x6038, 0x0018, 0x0020, 0x4120, 0x4120, 0x0020, 0x0020, 0x0020, 0x0020,
0x0020, 0x0020, 0x0020, 0x0020, 0x0020, 0x0020, 0x0020, 0x0020, 0x0020, 0x0020,
0x0020, 0x0020, 0x0020, 0x0020, 0x0020, 0x4018, 0x4018, 0x0020, 0x0028, 0x0018,
0x0108, 0x0108, 0x0010, 0x4061, 0x00C3, 0x20C3, 0x01BB, 0x01BB, 0xE089, 0xC179,
0x6161, 0x0028, 0x0028, 0x6030, 0x0041, 0x2269, 0x2041, 0x2041, 0x0018, 0x0128,
0x2008, 0x602B, 0x602B, 0x8034, 0x601B, 0xE12A, 0x0002, 0x4176, 0x4176, 0xA065,
0xE044, 0x4034, 0x0134, 0x0134, 0xE02B, 0x201C, 0xC03B, 0x0011, 0x0011, 0x2218,
0x2010, 0x204B, 0xE053, 0xE053, 0x2233, 0xA34B, 0x0364, 0x6022, 0x001A, 0x001A,
0xA008, 0x0010, 0x4000, 0x023C, 0x023C, 0xE133, 0xC02B, 0x0223, 0x8012, 0x8012,
0x607E, 0xE065, 0x2034, 0x402C, 0x402C, 0x8034, 0xC013, 0x6024, 0x814C, 0x8010,
0x8010, 0x0220, 0x0128, 0x2018, 0x0020, 0x0020, 0x0020, 0x0020, 0x0020, 0x0020,
0x0020, 0x0020, 0x0020, 0x0020, 0x2028, 0x2028, 0x2020, 0x2120, 0x0008, 0x4053,
0x205C, 0x205C, 0xC02A, 0xC143, 0x0044, 0x0012, 0x0012, 0x4009, 0xE018, 0x4018,
0x2018, 0x2018, 0x0018, 0x2020, 0x2310, 0x805B, 0x805B, 0x8053, 0x642A, 0xE04B,
0x0054, 0x222A, 0x222A, 0x6111, 0x8010, 0x6018, 0x4018, 0x4018, 0x2020, 0x0020,
0x0020, 0x0018, 0x0018, 0x0018, 0x0020, 0x0020, 0x0020, 0x0020, 0x0020, 0x0020,
0x0020, 0x0020, 0x0020, 0x0020, 0x0128, 0x0520, 0x8018, 0xE263, 0xE263, 0xA24B,
0xE02A, 0x0154, 0xE253, 0xE253, 0x6009, 0x0009, 0x6110, 0x0110, 0x0110, 0x0118,
0x0218, 0x0220, 0x4220, 0x0020, 0x0020, 0x0020, 0x0020, 0x0020, 0x0020, 0x0020,
0x0020, 0x0020, 0x0020, 0x0228, 0x0228, 0x0020, 0x2020, 0x0318, 0x2010, 0x2010,
0xC063, 0x603B, 0xA122, 0x803B, 0x403B, 0x403B, 0xE019, 0x4019, 0x8010, 0x0008,
0x0008, 0x2020, 0x0018, 0x4220, 0x6018, 0x6018, 0xE46B, 0x6043, 0xA022, 0xE04B,
0xE04B, 0x8043, 0xE221, 0xA018, 0x4118, 0x8118, 0x8118, 0x001A, 0xA034, 0x801C,
0xE01B, 0xE01B, 0x003C, 0xC044, 0x603C, 0xE06D, 0xE06D, 0x405D, 0x6012, 0x422B,
0x4023, 0x4023, 0x423C, 0x802C, 0x802C, 0xA013, 0x4018, 0x4018, 0x0018, 0x0018,
0x0020, 0x6030, 0x6030, 0x0151, 0xE369, 0x447A, 0xA138, 0xA138, 0xA038, 0x0059,
0x2082, 0x20A3, 0x20A3, 0x20A3, 0x0082, 0xE058, 0x0110, 0x0110, 0x0018, 0x6061,
0x61C3, 0x00C3, 0x01C3, 0x01C3, 0xC058, 0x8238, 0x0020, 0x0020, 0x0020, 0x0020,
0x0020, 0x0020, 0x0020, 0x0020, 0x0020, 0x0020, 0x4020, 0x23B3, 0x23B3, 0x00CB,
0xE1B2, 0x247A, 0x2351, 0x4130, 0x4130, 0x0018, 0x0020, 0x0010, 0x0110, 0x0110,
0x0020, 0x008A, 0x62CB, 0xE091, 0xE091, 0xC079, 0x0018, 0x4118, 0x2400, 0x2400,
0xC0DA, 0x03A3, 0x208A, 0x2321, 0x6038, 0x6038, 0x40D3, 0x00CB, 0x23C3, 0x8079,
0x8079, 0x0059, 0x0018, 0x2118, 0x2318, 0x2318, 0x0020, 0x0020, 0x0020, 0x0020,
0x0020, 0x0020, 0x0020, 0x0020, 0x0020, 0x0020, 0x0020, 0x0020, 0x0020, 0x0020,
0x0020, 0x0020, 0x0020, 0x0020, 0x0020, 0x4018, 0x4018, 0x0020, 0x0028, 0x2228,
0x0310, 0x0310, 0x6028, 0xC079, 0x60DB, 0x409A, 0x609A, 0x609A, 0xE081, 0x027A,
0x0372, 0x2030, 0x2030, 0x2051, 0x226A, 0xC081, 0x837A, 0x837A, 0x0018, 0x0018,
0x8110, 0x440A, 0x440A, 0x800B, 0x6055, 0x8223, 0xE002, 0x6266, 0x6266, 0x0256,
0x8345, 0x0014, 0x6003, 0x6003, 0x603D, 0xE42B, 0x801A, 0x8008, 0x8008, 0x8520,
0x2000, 0x8075, 0xA397, 0xA397, 0x802C, 0xE055, 0x438F, 0x204D, 0x002C, 0x002C,
0xE221, 0xC330, 0x0000, 0xC112, 0xC112, 0x0004, 0xC13D, 0x600B, 0x000B, 0x000B,
0xA276, 0xC04D, 0x453D, 0x0004, 0x0004, 0x421B, 0x8145, 0xE02C, 0xC012, 0x2000,
0x2000, 0x0028, 0x0220, 0x0118, 0x0020, 0x0020, 0x0020, 0x0020, 0x0020, 0x0020,
0x0020, 0x0020, 0x0020, 0x0020, 0x0028, 0x0028, 0x0028, 0x0010, 0x2000, 0x837D,
0x048F, 0x048F, 0x003D, 0xE266, 0xA48F, 0xC044, 0xC044, 0x202B, 0x0022, 0xE118,
0x0010, 0x0010, 0x0008, 0x0010, 0xE000, 0x209F, 0x209F, 0xE08E, 0x2234, 0xC06E,
0xC08F, 0x823C, 0x823C, 0x0013, 0xA010, 0x8010, 0x4018, 0x4018, 0x2018, 0x0020,
0x0020, 0x0018, 0x0018, 0x0018, 0x0020, 0x0020, 0x0020, 0x0020, 0x0020, 0x0020,
0x0020, 0x0020, 0x0020, 0x0020, 0x2020, 0x0208, 0xC000, 0x0197, 0x0197, 0xC076,
0xE03C, 0x6187, 0x207F, 0x207F, 0x8024, 0x8023, 0x001A, 0xC018, 0xC018, 0x0018,
0x0018, 0x0020, 0x2220, 0x0020, 0x0020, 0x0020, 0x0020, 0x0020, 0x0020, 0x0020,
0x0020, 0x0020, 0x0020, 0x0318, 0x0318, 0x6020, 0x6020, 0x0210, 0x6000, 0x6000,
0x22A7, 0x807E, 0xC244, 0x4187, 0x837E, 0x837E, 0x404C, 0xE132, 0x8119, 0x4008,
0x4008, 0xA120, 0x2018, 0x0010, 0x6000, 0x6000, 0xE7AE, 0xA07E, 0x003D, 0x6087,
0x6087, 0xA07E, 0xE03B, 0x6333, 0x6011, 0x6008, 0x6008, 0x8421, 0x810A, 0xC13C,
0xC244, 0xC244, 0xE01A, 0xC22C, 0x0035, 0x826E, 0x826E, 0x835D, 0x4002, 0x6024,
0x8035, 0x8035, 0xA003, 0xC002, 0xE002, 0xE244, 0x0120, 0x0120, 0x0010, 0x0118,
0x6020, 0x4010, 0x4010, 0x0061, 0x20CB, 0x229A, 0xE079, 0xE079, 0x0008, 0x6059,
0x217A, 0x20BB, 0x20BB, 0xE0AA, 0x019A, 0xE030, 0x0010, 0x0010, 0x0020, 0x8079,
0x20D3, 0xE0CA, 0x03BB, 0x03BB, 0xC050, 0x2251, 0x4118, 0x0018, 0x0018, 0x4228,
0x0010, 0x0000, 0x6030, 0x6030, 0x0200, 0x0020, 0x2100, 0xA0A2, 0xA0A2, 0x00CB,
0xE0E2, 0x8282, 0x2282, 0x0218, 0x0218, 0x0010, 0x0018, 0x4020, 0x0110, 0x0110,
0x2030, 0x8079, 0x00B3, 0x6092, 0x6092, 0xC071, 0x0108, 0x0018, 0x0038, 0x0038,
0x23AB, 0x41AB, 0x2582, 0x0030, 0x0041, 0x0041, 0x00CB, 0x00C3, 0xE1AA, 0x8071,
0x8071, 0xC048, 0x2028, 0x2020, 0x0018, 0x0018, 0x0010, 0x0020, 0x2028, 0x0020,
0x0020, 0x0018, 0x0118, 0x0018, 0x4018, 0x0630, 0x0630, 0x2230, 0x0020, 0x0018,
0x0118, 0x0118, 0x0210, 0x0218, 0x2018, 0x0018, 0x0018, 0x0038, 0x0118, 0x4028,
0x4118, 0x4118, 0x4210, 0xC079, 0x00B3, 0xE089, 0xE191, 0xE191, 0x0082, 0xA071,
0x4072, 0x4038, 0x4038, 0xC040, 0x256A, 0x4172, 0x2282, 0x2282, 0x0020, 0x8020,
0x0318, 0x6011, 0x6011, 0xE00A, 0xA144, 0x0056, 0xE076, 0x4087, 0x4087, 0xE47E,
0x0035, 0x0014, 0xE002, 0xE002, 0x020B, 0xC002, 0x021A, 0x8308, 0x8308, 0x402A,
0xC086, 0xE055, 0xE03C, 0xE03C, 0x608F, 0x0077, 0x6045, 0x6035, 0xE054, 0xE054,
0x813C, 0x4423, 0x6010, 0x4002, 0x4002, 0xA013, 0xE03C, 0xE05D, 0x608F, 0x608F,
0x608F, 0x206E, 0xE04C, 0x601B, 0x601B, 0x8003, 0xA103, 0xC11A, 0x600A, 0x4630,
0x4630, 0x8118, 0x0018, 0x4018, 0x2038, 0x2038, 0x0230, 0x0220, 0x6020, 0x4018,
0x4018, 0x0318, 0x0010, 0x6020, 0x0018, 0x0018, 0xA210, 0xE043, 0xC17E, 0xA35D,
0x815D, 0x815D, 0x0087, 0x606E, 0x6055, 0xA144, 0xA144, 0x6244, 0x204C, 0x6022,
0xE000, 0xE000, 0x8000, 0x635B, 0x2087, 0x4055, 0x4055, 0x635D, 0x0187, 0x4066,
0x6055, 0x603C, 0x603C, 0x034D, 0xA02C, 0x011A, 0x2010, 0x2010, 0x0028, 0x0028,
0x0020, 0x8020, 0x8020, 0x6018, 0x0010, 0xA020, 0x2008, 0x2008, 0x0100, 0x6208,
0x8010, 0x2018, 0x0018, 0x0018, 0x2300, 0xA064, 0x028F, 0x604D, 0x604D, 0x8055,
0x838F, 0x205E, 0x8145, 0x8145, 0xC034, 0x4035, 0xE044, 0xE031, 0xE031, 0x0018,
0x4118, 0x0008, 0x2018, 0x2018, 0x2018, 0x0010, 0x4018, 0x0018, 0x4228, 0x4228,
0x0228, 0x0028, 0x0020, 0x0020, 0x0020, 0x4018, 0xC000, 0x605D, 0xC076, 0xC076,
0x604D, 0x6066, 0x628F, 0xC145, 0x2035, 0x2035, 0x4045, 0x404D, 0xE03B, 0x0001,
0x0001, 0x2100, 0x6210, 0x0066, 0x0287, 0x0287, 0x4255, 0xA05D, 0x238F, 0x216E,
0x216E, 0xE044, 0xC24C, 0x203D, 0x6244, 0xE000, 0xE000, 0x8000, 0x8309, 0x452B,
0x601B, 0x601B, 0xC002, 0x402C, 0x0055, 0x229F, 0x229F, 0x208F, 0x407F, 0x803D,
0x8134, 0x8134, 0x600A, 0x0002, 0x6002, 0xC002, 0x0018, 0x0018, 0x0018, 0x0020,
0x0018, 0x6018, 0x6018, 0x6069, 0x60D3, 0x62A2, 0x007A, 0x007A, 0x0008, 0x6061,
0x017A, 0x00C3, 0x00C3, 0xE0B2, 0x41A2, 0x2039, 0x0118, 0x0118, 0x8038, 0xC081,
0x40D3, 0xE0CA, 0xE2B2, 0xE2B2, 0xC050, 0xA040, 0x0030, 0x0028, 0x0028, 0x0200,
0x0010, 0xC48A, 0x21C3, 0x21C3, 0x0000, 0x0110, 0x0200, 0xC0A2, 0xC0A2, 0x60DB,
0x40EB, 0xC092, 0x0082, 0x2120, 0x2120, 0x0018, 0x0018, 0x2120, 0xC238, 0xC238,
0xE092, 0x82C3, 0xA0CB, 0x0092, 0x0092, 0xC279, 0x0008, 0xA351, 0xE179, 0xE179,
0x4092, 0x8071, 0x2161, 0x2138, 0xA038, 0xA038, 0x80D3, 0xA0B2, 0x008A, 0x2061,
0x2061, 0xC048, 0x0020, 0x0018, 0x0018, 0x0018, 0x0028, 0x0149, 0x4472, 0x8159,
0x8159, 0xC148, 0x0020, 0x0020, 0x0018, 0x0028, 0x0028, 0x2020, 0x0010, 0x2018,
0x2018, 0x2018, 0x0010, 0x2018, 0x2018, 0xA272, 0xA272, 0xA069, 0x0018, 0x6028,
0x2018, 0x2018, 0x0108, 0x4058, 0xE068, 0x2082, 0xE381, 0xE381, 0x2082, 0xE179,
0x407A, 0x0028, 0x0028, 0x0018, 0x4020, 0xE069, 0x4292, 0x4292, 0x0020, 0x2010,
0x4220, 0xA011, 0xA011, 0xE002, 0x825D, 0xC27E, 0x628F, 0x8076, 0x8076, 0x216E,
0x404D, 0x614D, 0xC23C, 0xC23C, 0x0113, 0xE002, 0x000A, 0x0022, 0x0022, 0xA02A,
0xA24C, 0x6077, 0xE197, 0xE197, 0x0002, 0x821B, 0xC03C, 0x246F, 0x417E, 0x417E,
0x604D, 0x401B, 0xE318, 0xA201, 0xA201, 0x4023, 0x2255, 0xA37E, 0x418F, 0x418F,
0xC076, 0x005E, 0xA24D, 0x6445, 0x6445, 0x203C, 0x6003, 0x6002, 0x4002, 0x0520,
0x0520, 0x0010, 0xC028, 0x044C, 0xE22C, 0xE22C, 0x800B, 0xA002, 0xE21A, 0x6009,
0x6009, 0xC118, 0x6028, 0x0020, 0x4010, 0x4010, 0x816C, 0x203C, 0xA002, 0xC15D,
0x2087, 0x2087, 0xC17E, 0x426E, 0x603D, 0x4077, 0x4077, 0x206F, 0x414D, 0xE244,
0xE044, 0xE044, 0x4055, 0xC033, 0x8002, 0x668F, 0x668F, 0x207F, 0xC397, 0x0266,
0x2045, 0xA38F, 0xA38F, 0x806E, 0xE334, 0x8055, 0x6564, 0x6564, 0x4000, 0xC03A,
0x4575, 0x8012, 0x8012, 0x412B, 0x2465, 0x8133, 0x432B, 0x432B, 0xC222, 0x0122,
0xA018, 0x0018, 0x8140, 0x8140, 0xC019, 0x0044, 0xA03C, 0xE08F, 0xE08F, 0xE07E,
0xA00A, 0x823C, 0x003D, 0x003D, 0xE287, 0x616E, 0xC24C, 0xC009, 0xC009, 0x4321,
0x4218, 0x6231, 0x4011, 0xE412, 0xE412, 0xC023, 0x804D, 0x604D, 0xA03C, 0xA03C,
0x6002, 0x0102, 0x030A, 0x0008, 0x0008, 0x6142, 0xC364, 0x6223, 0x6002, 0x6002,
0xA36E, 0xE297, 0x8087, 0x6045, 0x005E, 0x005E, 0x648F, 0x2066, 0x4055, 0xC254,
0xC254, 0x6054, 0xE064, 0x811B, 0xE002, 0xE002, 0xE07E, 0x4287, 0x458F, 0x2045,
0x2045, 0x8055, 0x818F, 0xE03D, 0x8155, 0x235D, 0x235D, 0x2244, 0x8002, 0xE002,
0x2003, 0x2003, 0x4345, 0x4235, 0x2045, 0x807E, 0x807E, 0xE086, 0xC28F, 0x2166,
0x8244, 0x8244, 0x000A, 0xE001, 0x4002, 0x8002, 0x0018, 0x0018, 0x0018, 0x0020,
0x0018, 0x6018, 0x6018, 0x6069, 0x60D3, 0x62A2, 0x007A, 0x007A, 0x0008, 0x6061,
0x017A, 0x00C3, 0x00C3, 0xE0B2, 0x41A2, 0x2039, 0x0118, 0x0118, 0x8038, 0xC081,
0x40D3, 0xE0CA, 0xE2B2, 0xE2B2, 0xC050, 0xA040, 0x0030, 0x0028, 0x0028, 0x0200,
0x0010, 0xC48A, 0x21C3, 0x21C3, 0x0000, 0x0110, 0x0200, 0xC0A2, 0xC0A2, 0x60DB,
0x40EB, 0xC092, 0x0082, 0x2120, 0x2120, 0x0018, 0x0018, 0x2120, 0xC238, 0xC238,
0xE092, 0x82C3, 0xA0CB, 0x0092, 0x0092, 0xC279, 0x0008, 0xA351, 0xE179, 0xE179,
0x4092, 0x8071, 0x2161, 0x2138, 0xA038, 0xA038, 0x80D3, 0xA0B2, 0x008A, 0x2061,
0x2061, 0xC048, 0x0020, 0x0018, 0x0018, 0x0018, 0x0028, 0x0149, 0x4472, 0x8159,
0x8159, 0xC148, 0x0020, 0x0020, 0x0018, 0x0028, 0x0028, 0x2020, 0x0010, 0x2018,
0x2018, 0x2018, 0x0010, 0x2018, 0x2018, 0xA272, 0xA272, 0xA069, 0x0018, 0x6028,
0x2018, 0x2018, 0x0108, 0x4058, 0xE068, 0x2082, 0xE381, 0xE381, 0x2082, 0xE179,
0x407A, 0x0028, 0x0028, 0x0018, 0x4020, 0xE069, 0x4292, 0x4292, 0x0020, 0x2010,
0x4220, 0xA011, 0xA011, 0xE002, 0x825D, 0xC27E, 0x628F, 0x8076, 0x8076, 0x216E,
0x404D, 0x614D, 0xC23C, 0xC23C, 0x0113, 0xE002, 0x000A, 0x0022, 0x0022, 0xA02A,
0xA24C, 0x6077, 0xE197, 0xE197, 0x0002, 0x821B, 0xC03C, 0x246F, 0x417E, 0x417E,
0x604D, 0x401B, 0xE318, 0xA201, 0xA201, 0x4023, 0x2255, 0xA37E, 0x418F, 0x418F,
0xC076, 0x005E, 0xA24D, 0x6445, 0x6445, 0x203C, 0x6003, 0x6002, 0x4002, 0x0520,
0x0520, 0x0010, 0xC028, 0x044C, 0xE22C, 0xE22C, 0x800B, 0xA002, 0xE21A, 0x6009,
0x6009, 0xC118, 0x6028, 0x0020, 0x4010, 0x4010, 0x816C, 0x203C, 0xA002, 0xC15D,
0x2087, 0x2087, 0xC17E, 0x426E, 0x603D, 0x4077, 0x4077, 0x206F, 0x414D, 0xE244,
0xE044, 0xE044, 0x4055, 0xC033, 0x8002, 0x668F, 0x668F, 0x207F, 0xC397, 0x0266,
0x2045, 0xA38F, 0xA38F, 0x806E, 0xE334, 0x8055, 0x6564, 0x6564, 0x4000, 0xC03A,
0x4575, 0x8012, 0x8012, 0x412B, 0x2465, 0x8133, 0x432B, 0x432B, 0xC222, 0x0122,
0xA018, 0x0018, 0x8140, 0x8140, 0xC019, 0x0044, 0xA03C, 0xE08F, 0xE08F, 0xE07E,
0xA00A, 0x823C, 0x003D, 0x003D, 0xE287, 0x616E, 0xC24C, 0xC009, 0xC009, 0x4321,
0x4218, 0x6231, 0x4011, 0xE412, 0xE412, 0xC023, 0x804D, 0x604D, 0xA03C, 0xA03C,
0x6002, 0x0102, 0x030A, 0x0008, 0x0008, 0x6142, 0xC364, 0x6223, 0x6002, 0x6002,
0xA36E, 0xE297, 0x8087, 0x6045, 0x005E, 0x005E, 0x648F, 0x2066, 0x4055, 0xC254,
0xC254, 0x6054, 0xE064, 0x811B, 0xE002, 0xE002, 0xE07E, 0x4287, 0x458F, 0x2045,
0x2045, 0x8055, 0x818F, 0xE03D, 0x8155, 0x235D, 0x235D, 0x2244, 0x8002, 0xE002,
0x2003, 0x2003, 0x4345, 0x4235, 0x2045, 0x807E, 0x807E, 0xE086, 0xC28F, 0x2166,
0x8244, 0x8244, 0x000A, 0xE001, 0x4002, 0x8002, 0x0020, 0x0020, 0x4028, 0x0028,
0x0010, 0x2010, 0x2010, 0x4069, 0x40D3, 0x4092, 0x207A, 0x207A, 0x0008, 0x4059,
0x007A, 0x00C3, 0x00C3, 0x00BB, 0x60BA, 0x8051, 0x2010, 0x2010, 0x4151, 0x008A,
0x20C3, 0x00C3, 0xE1BA, 0xE1BA, 0x6071, 0x8040, 0x0018, 0x4030, 0x4030, 0xA130,
0xA048, 0x23B3, 0x00CB, 0x00CB, 0x0008, 0x4028, 0x0000, 0x20AB, 0x20AB, 0x00D3,
0x80D2, 0x2192, 0xA081, 0x0049, 0x0049, 0x2041, 0x0018, 0x0020, 0x4030, 0x4030,
0xC29A, 0x42CB, 0x80D3, 0xE089, 0xE089, 0xE071, 0x4010, 0xC259, 0x4282, 0x4282,
0xC081, 0x4069, 0xC050, 0x4238, 0xC038, 0xC038, 0x61CB, 0x40A2, 0xA081, 0x2061,
0x2061, 0xE048, 0x0018, 0x0018, 0x4120, 0x4120, 0x4038, 0x4059, 0x8382, 0x6061,
0x6061, 0xE050, 0x0020, 0x0028, 0x0020, 0x0018, 0x0018, 0x4020, 0x0120, 0x0118,
0x0018, 0x0018, 0x0018, 0x2020, 0x0018, 0x8082, 0x8082, 0xA069, 0x0008, 0x0039,
0xA038, 0xA038, 0x0028, 0x4258, 0xA350, 0xA159, 0x4361, 0x4361, 0xA071, 0xE179,
0x6082, 0x2030, 0x2030, 0x2020, 0x2010, 0xE079, 0xE3AA, 0xE3AA, 0xC048, 0xE028,
0x4118, 0xC011, 0xC011, 0xE002, 0x8034, 0xA15D, 0x416E, 0xA05D, 0xA05D, 0xC25D,
0xA03C, 0x6034, 0x603C, 0x603C, 0xA002, 0xE202, 0xA002, 0x2244, 0x2244, 0x4244,
0x8134, 0xE04D, 0x8476, 0x8476, 0x630A, 0x423C, 0x8055, 0xC04D, 0xC04C, 0xC04C,
0x402C, 0x8013, 0x001A, 0x4102, 0x4102, 0xE00A, 0x4134, 0xA35D, 0xE05D, 0xE05D,
0xA04D, 0x203D, 0x802C, 0x802C, 0x802C, 0xA03B, 0xC002, 0x8002, 0xE00A, 0x8110,
0x8110, 0xC008, 0xC019, 0x412C, 0x433E, 0x433E, 0x213E, 0x4025, 0xC024, 0xC002,
0xC002, 0xE001, 0x021A, 0x2419, 0x0009, 0x0009, 0x604C, 0xA03C, 0x8213, 0x0377,
0xE097, 0xE097, 0xC37E, 0x2145, 0x8245, 0x4156, 0x4156, 0xE04D, 0xE034, 0xA02C,
0x6024, 0x6024, 0x213D, 0x001C, 0xC223, 0x6287, 0x6287, 0x0077, 0x816E, 0x6355,
0xE03C, 0x205E, 0x205E, 0xE05D, 0x413D, 0xC03C, 0x8144, 0x8144, 0xC023, 0xC034,
0xC02C, 0x8124, 0x8124, 0x423D, 0xC377, 0xC245, 0x401C, 0x401C, 0xA002, 0xE01A,
0x0443, 0x2021, 0x0029, 0x0029, 0xA154, 0xA044, 0xA034, 0xA066, 0xA066, 0x404D,
0x2002, 0x034D, 0xC055, 0xC055, 0x0035, 0x8044, 0x403C, 0x0003, 0x0003, 0x0002,
0x2000, 0xA35B, 0x207E, 0xE423, 0xE423, 0x0224, 0x812C, 0x6024, 0x4024, 0x4024,
0x201C, 0xC034, 0x6045, 0x8400, 0x8400, 0x0012, 0x403C, 0x002C, 0x402C, 0x402C,
0xC48F, 0xC176, 0xE065, 0x2055, 0x004D, 0x004D, 0xC265, 0x604D, 0x404D, 0xC13C,
0xC13C, 0x8034, 0x003D, 0xC323, 0x0024, 0x0024, 0xE097, 0xC06E, 0x2166, 0x404D,
0x404D, 0x0666, 0x005E, 0x6045, 0x003D, 0x813C, 0x813C, 0xE123, 0xA002, 0x6003,
0x0003, 0x0003, 0x0224, 0x0035, 0x802C, 0x8055, 0x8055, 0x005E, 0x4166, 0x003D,
0xC023, 0xC023, 0x2002, 0xC002, 0x0003, 0x4003, 0xE050, 0xE050, 0xC159, 0xE248,
0x0018, 0x4118, 0x4118, 0x6271, 0x60D3, 0x6092, 0x407A, 0x407A, 0x0108, 0x4059,
0xE079, 0x00CB, 0x00CB, 0x20C3, 0xA0CA, 0xE069, 0x0008, 0x0008, 0xC269, 0xC089,
0xA0AA, 0xE0BA, 0x00C3, 0x00C3, 0x619A, 0x4059, 0x6218, 0x0020, 0x0020, 0x0049,
0xA079, 0x02B3, 0x41D3, 0x41D3, 0x0008, 0x0018, 0x0008, 0x02AB, 0x02AB, 0x21DB,
0x02D3, 0xC3AA, 0x0092, 0x207A, 0x207A, 0x206A, 0x2018, 0x6020, 0x0028, 0x0028,
0xE081, 0x20AA, 0x60D3, 0x2092, 0x2092, 0x006A, 0x2010, 0x4049, 0xC071, 0xC071,
0x008A, 0x0082, 0x2159, 0x4238, 0xA038, 0xA038, 0xA0B2, 0x2092, 0x0182, 0x8269,
0x8269, 0x0249, 0x0018, 0x0018, 0x6228, 0x6228, 0x6061, 0xC071, 0x2082, 0x6071,
0x6071, 0x6069, 0x6048, 0xA140, 0x0020, 0x0018, 0x0018, 0x6228, 0x0320, 0x0320,
0x0220, 0x0220, 0x0028, 0xE248, 0x2251, 0x4071, 0x4071, 0xE060, 0x0008, 0xC159,
0xA069, 0xA069, 0x8048, 0xA058, 0x8138, 0x6028, 0x2130, 0x2130, 0xC050, 0x6071,
0xE079, 0x0028, 0x0028, 0x2018, 0x0000, 0x809A, 0x01C3, 0x01C3, 0x0282, 0xC051,
0x0010, 0x8011, 0x8011, 0xC20A, 0x8002, 0x601B, 0x0024, 0xA02C, 0xA02C, 0x023D,
0x202C, 0x402C, 0x8134, 0x8134, 0x2003, 0xE102, 0x6002, 0x6134, 0x6134, 0x6034,
0x602C, 0x2324, 0x801B, 0x801B, 0xA165, 0x4076, 0x2287, 0xA06E, 0x0376, 0x0376,
0x200B, 0x601C, 0x2034, 0x801A, 0x801A, 0x8002, 0xC002, 0xE01B, 0x201C, 0x201C,
0xE03C, 0xC034, 0x0024, 0x4034, 0x4034, 0x6324, 0xC002, 0x4002, 0xA00A, 0xE001,
0xE001, 0x0013, 0x403C, 0xA465, 0x2076, 0x2076, 0xA17E, 0x214D, 0xE123, 0x2113,
0x2113, 0xE102, 0xA002, 0x8013, 0x002B, 0x002B, 0x0013, 0x0124, 0xC02C, 0xC055,
0x4045, 0x4045, 0x4045, 0xA034, 0x002C, 0xA00A, 0xA00A, 0xC22B, 0x6255, 0x202C,
0xC40A, 0xC40A, 0x4202, 0x232C, 0x203D, 0xE03C, 0xE03C, 0x824D, 0x602C, 0x802C,
0x013D, 0x0003, 0x0003, 0x0003, 0xA055, 0x2523, 0x2023, 0x2023, 0xA097, 0xE055,
0xC002, 0x0445, 0x0445, 0x604D, 0x4066, 0xC14D, 0xE034, 0xE034, 0x2035, 0x013D,
0x6013, 0x600A, 0x400A, 0x400A, 0x823C, 0x001C, 0x6024, 0x2224, 0x2224, 0x212C,
0xC265, 0x0087, 0xE07E, 0xE07E, 0x6276, 0x6244, 0x8002, 0x0014, 0x0014, 0x602C,
0xC033, 0x2044, 0xE24C, 0x001B, 0x001B, 0xA04C, 0x8165, 0xE065, 0x404D, 0x404D,
0x4055, 0x803C, 0xE033, 0x402B, 0x402B, 0xC02B, 0xC00A, 0x001C, 0xA04D, 0xA04D,
0x614D, 0xC03C, 0x2055, 0x243C, 0x6123, 0x6123, 0xC002, 0xA034, 0x233D, 0xC002,
0xC002, 0xE102, 0xA002, 0xA034, 0x4045, 0x4045, 0xC034, 0x8045, 0xE155, 0x0024,
0x0024, 0x8013, 0x4002, 0xC044, 0xE254, 0xE012, 0xE012, 0xC20A, 0x4102, 0xC102,
0x601B, 0x601B, 0x2034, 0x803C, 0x002C, 0xC03C, 0xC03C, 0xE03C, 0x4024, 0x600B,
0x0003, 0x0003, 0xC002, 0xC00A, 0xE002, 0x0003, 0x8169, 0x8169, 0x837A, 0x6261,
0x0020, 0x0010, 0x0010, 0x2269, 0x40CB, 0x6092, 0x407A, 0x407A, 0x0108, 0x4059,
0xE079, 0x00CB, 0x00CB, 0x20CB, 0xC1D2, 0x0072, 0x0000, 0x0000, 0x227A, 0xA081,
0x2092, 0xC0B2, 0x20D3, 0x20D3, 0x22C3, 0xE171, 0x0010, 0x0010, 0x0010, 0x6339,
0xA38A, 0xA0BA, 0xC0E2, 0xC0E2, 0x4010, 0x2100, 0x0120, 0x649A, 0x649A, 0x00CB,
0x40B3, 0x00A3, 0xE081, 0x218A, 0x218A, 0xE671, 0x0008, 0x4018, 0x6130, 0x6130,
0x6082, 0x20A2, 0x60C3, 0x0082, 0x0082, 0x8159, 0x0008, 0xC059, 0x408A, 0x408A,
0x2192, 0x8071, 0x6161, 0x4130, 0x0020, 0x0020, 0x0092, 0xE089, 0xE279, 0x2159,
0x2159, 0xA140, 0x0020, 0x2020, 0x4120, 0x4120, 0x2082, 0x408A, 0x008A, 0x4092,
0x4092, 0x0182, 0x2059, 0x8130, 0x0010, 0x2220, 0x2220, 0x0018, 0x0010, 0x2018,
0x0020, 0x0020, 0x0020, 0x6051, 0x0083, 0x0169, 0x0169, 0x8158, 0x0010, 0xE061,
0x408A, 0x408A, 0x4061, 0xA058, 0x0018, 0x0010, 0x4130, 0x4130, 0x2059, 0x028A,
0x608A, 0x0030, 0x0030, 0x6120, 0x2000, 0xE0AA, 0x00C3, 0x00C3, 0x2082, 0xC059,
0x0018, 0xE010, 0xE010, 0xE409, 0x8009, 0x800A, 0xE002, 0xE013, 0xE013, 0x2003,
0x200B, 0xA33C, 0x632C, 0x632C, 0xA002, 0xE001, 0xE002, 0x2345, 0x2345, 0x4024,
0x0003, 0x4124, 0xA034, 0xA034, 0xA197, 0x4097, 0x4387, 0x207F, 0xE17E, 0xE17E,
0xA002, 0xC024, 0x824D, 0x2111, 0x2111, 0xE009, 0xA001, 0x8002, 0xA002, 0xA002,
0xE11B, 0xC013, 0xA00B, 0xA234, 0xA234, 0xE11C, 0xE002, 0x6002, 0x830A, 0x410B,
0x410B, 0xE01B, 0x6045, 0xE17E, 0xE086, 0xE086, 0x0055, 0x8023, 0xE00A, 0xC00A,
0xC00A, 0xE21A, 0x2002, 0x0034, 0x2155, 0x2155, 0xC102, 0x4124, 0x803D, 0x4003,
0x601B, 0x601B, 0x0245, 0xE01B, 0xE012, 0x6002, 0x6002, 0xC023, 0x044D, 0xC023,
0x200B, 0x200B, 0xE002, 0x612C, 0x4245, 0x0003, 0x0003, 0x8013, 0xC13C, 0x802C,
0x0003, 0xC002, 0xC002, 0x412C, 0x203D, 0x801B, 0xA002, 0xA002, 0x823C, 0x8013,
0x8102, 0xE11A, 0xE11A, 0x404C, 0xE154, 0x4155, 0xC03C, 0xC03C, 0xC234, 0x6024,
0x4003, 0x2003, 0x8413, 0x8413, 0xE33C, 0x4024, 0xC002, 0x6024, 0x6024, 0x604D,
0xE086, 0xA097, 0xA497, 0xA497, 0x219F, 0xA04D, 0xC003, 0xC434, 0xC434, 0x434D,
0xA14D, 0x6013, 0xE001, 0x2002, 0x2002, 0x803C, 0xE276, 0x2077, 0x8066, 0x8066,
0x6145, 0x2124, 0x0003, 0x604D, 0x604D, 0x6034, 0xA102, 0x612C, 0xA355, 0xA355,
0xE002, 0x8013, 0x4055, 0x8113, 0x8113, 0x8113, 0x2003, 0xA034, 0xE23C, 0xE002,
0xE002, 0x6213, 0x2003, 0xA034, 0x2245, 0x2245, 0xC002, 0x6334, 0xE33C, 0x400B,
0x400B, 0xE002, 0x8002, 0x803C, 0x2345, 0x2003, 0x2003, 0x2103, 0xC002, 0x4002,
0x000B, 0x000B, 0x6155, 0x0124, 0x600B, 0xC013, 0xC013, 0xA11B, 0x8002, 0x2002,
0x8001, 0x8001, 0xC101, 0xC021, 0xE011, 0x0002, 0x0069, 0x0069, 0x4182, 0x6069,
0x4030, 0x0008, 0x0008, 0xE160, 0x00C3, 0x6092, 0x407A, 0x407A, 0x0108, 0x4059,
0xE079, 0x00CB, 0x00CB, 0x20C3, 0xC1CA, 0xE069, 0x2008, 0x2008, 0x6382, 0xC089,
0xE079, 0xC0A2, 0x00D3, 0x00D3, 0x41D3, 0xE079, 0x0108, 0x6028, 0x6028, 0xE040,
0x2082, 0xC2AA, 0xA1BA, 0xA1BA, 0x2000, 0xA028, 0xE058, 0x0392, 0x0392, 0x00BB,
0x4293, 0x029B, 0xA069, 0xE081, 0xE081, 0x4261, 0xC130, 0x6020, 0x2020, 0x2020,
0x417A, 0x60A2, 0x40C3, 0x4092, 0x4092, 0x0172, 0x0008, 0x0062, 0x608A, 0x608A,
0x0192, 0x4069, 0x6159, 0x4130, 0x0020, 0x0020, 0xC081, 0x8071, 0x2061, 0x0030,
0x0030, 0x0028, 0x0020, 0x4120, 0x0018, 0x0018, 0xE079, 0x208A, 0xA081, 0x6192,
0x6192, 0xC071, 0xA038, 0xC328, 0xC620, 0x8A20, 0x8A20, 0x4831, 0x4529, 0x2529,
0xE728, 0xE728, 0x0731, 0xE551, 0x2052, 0x2059, 0x2059, 0xC060, 0xA038, 0x8069,
0xE079, 0xE079, 0xE248, 0x8148, 0x2118, 0x6028, 0xA140, 0xA140, 0xE058, 0xA079,
0x007A, 0x0020, 0x0020, 0x0010, 0x0000, 0xA0AA, 0x20C3, 0x20C3, 0xC081, 0xC061,
0x0138, 0x6028, 0x6028, 0x0000, 0xE120, 0xA111, 0xC001, 0x421B, 0x421B, 0x4002,
0x0002, 0xE122, 0x8002, 0x8002, 0xE001, 0xE11A, 0xC00A, 0xA002, 0xA002, 0x821B,
0xE03C, 0xE376, 0x017F, 0x017F, 0xC076, 0xE06D, 0x6045, 0x0045, 0x8055, 0x8055,
0xA244, 0x6124, 0x820B, 0x0010, 0x0010, 0x8028, 0x8020, 0x4019, 0x6001, 0x6001,
0xE11A, 0x6002, 0x6002, 0x4103, 0x4103, 0xE002, 0x6002, 0x2003, 0xC30A, 0x634D,
0x634D, 0xE264, 0x003D, 0x4035, 0xE23C, 0xE23C, 0xE002, 0x444D, 0x227F, 0xA04D,
0xA04D, 0x4234, 0xE10A, 0x022C, 0x0045, 0x0045, 0x4345, 0xE02C, 0xC02C, 0x0245,
0x453C, 0x453C, 0xE00A, 0x6113, 0xC402, 0x6103, 0x6103, 0x6003, 0xE002, 0x2003,
0x8003, 0x8003, 0x4035, 0x202D, 0x2245, 0xC13C, 0xC13C, 0xA234, 0x8013, 0xA002,
0xC102, 0xA51B, 0xA51B, 0x010B, 0x0103, 0x6003, 0xC013, 0xC013, 0xC534, 0x6024,
0x6213, 0x6001, 0x6001, 0x0002, 0x4013, 0x402C, 0xC03C, 0xC03C, 0x200B, 0xC01B,
0x434D, 0x4013, 0xA001, 0xA001, 0x4013, 0xC234, 0x6024, 0x617F, 0x617F, 0xC08F,
0x408F, 0xC05D, 0xE344, 0xE344, 0xA05C, 0x803D, 0x4025, 0x4013, 0x4013, 0x2202,
0x0103, 0xA02C, 0x615D, 0x4302, 0x4302, 0xA01B, 0x025E, 0x203D, 0x8634, 0x8634,
0xC202, 0x4224, 0x403D, 0x2013, 0x2013, 0xE223, 0x2045, 0xC03C, 0xC03C, 0xC03C,
0x0145, 0x853C, 0xE002, 0x6003, 0xA002, 0xA002, 0x2103, 0x2003, 0x4013, 0x000B,
0x000B, 0xC023, 0x2045, 0x2045, 0x444D, 0x444D, 0xE13C, 0xE223, 0xE102, 0xE002,
0xE002, 0x2413, 0xE002, 0x0003, 0xA203, 0x4003, 0x4003, 0x0003, 0x0003, 0x200B,
0xE001, 0xE001, 0xA21B, 0xE002, 0x8002, 0xE102, 0xE102, 0xC212, 0x4009, 0x2121,
0x2018, 0x2018, 0x4020, 0xE019, 0x4012, 0x8002, 0x0069, 0x0069, 0x4182, 0x6069,
0x4030, 0x0008, 0x0008, 0xE160, 0x00C3, 0x6092, 0x407A, 0x407A, 0x0108, 0x4059,
0xE079, 0x00CB, 0x00CB, 0x20C3, 0xC1CA, 0xE069, 0x2008, 0x2008, 0x6382, 0xC089,
0xE079, 0xC0A2, 0x00D3, 0x00D3, 0x41D3, 0xE079, 0x0108, 0x6028, 0x6028, 0xE040,
0x2082, 0xC2AA, 0xA1BA, 0xA1BA, 0x2000, 0xA028, 0xE058, 0x0392, 0x0392, 0x00BB,
0x4293, 0x029B, 0xA069, 0xE081, 0xE081, 0x4261, 0xC130, 0x6020, 0x2020, 0x2020,
0x417A, 0x60A2, 0x40C3, 0x4092, 0x4092, 0x0172, 0x0008, 0x0062, 0x608A, 0x608A,
0x0192, 0x4069, 0x6159, 0x4130, 0x0020, 0x0020, 0xC081, 0x8071, 0x2061, 0x0030,
0x0030, 0x0028, 0x0020, 0x4120, 0x0018, 0x0018, 0xE079, 0x208A, 0xA081, 0x6192,
0x6192, 0xC071, 0xA038, 0xC328, 0xC620, 0x8A20, 0x8A20, 0x4831, 0x4529, 0x2529,
0xE728, 0xE728, 0x0731, 0xE551, 0x2052, 0x2059, 0x2059, 0xC060, 0xA038, 0x8069,
0xE079, 0xE079, 0xE248, 0x8148, 0x2118, 0x6028, 0xA140, 0xA140, 0xE058, 0xA079,
0x007A, 0x0020, 0x0020, 0x0010, 0x0000, 0xA0AA, 0x20C3, 0x20C3, 0xC081, 0xC061,
0x0138, 0x6028, 0x6028, 0x0000, 0xE120, 0xA111, 0xC001, 0x421B, 0x421B, 0x4002,
0x0002, 0xE122, 0x8002, 0x8002, 0xE001, 0xE11A, 0xC00A, 0xA002, 0xA002, 0x821B,
0xE03C, 0xE376, 0x017F, 0x017F, 0xC076, 0xE06D, 0x6045, 0x0045, 0x8055, 0x8055,
0xA244, 0x6124, 0x820B, 0x0010, 0x0010, 0x8028, 0x8020, 0x4019, 0x6001, 0x6001,
0xE11A, 0x6002, 0x6002, 0x4103, 0x4103, 0xE002, 0x6002, 0x2003, 0xC30A, 0x634D,
0x634D, 0xE264, 0x003D, 0x4035, 0xE23C, 0xE23C, 0xE002, 0x444D, 0x227F, 0xA04D,
0xA04D, 0x4234, 0xE10A, 0x022C, 0x0045, 0x0045, 0x4345, 0xE02C, 0xC02C, 0x0245,
0x453C, 0x453C, 0xE00A, 0x6113, 0xC402, 0x6103, 0x6103, 0x6003, 0xE002, 0x2003,
0x8003, 0x8003, 0x4035, 0x202D, 0x2245, 0xC13C, 0xC13C, 0xA234, 0x8013, 0xA002,
0xC102, 0xA51B, 0xA51B, 0x010B, 0x0103, 0x6003, 0xC013, 0xC013, 0xC534, 0x6024,
0x6213, 0x6001, 0x6001, 0x0002, 0x4013, 0x402C, 0xC03C, 0xC03C, 0x200B, 0xC01B,
0x434D, 0x4013, 0xA001, 0xA001, 0x4013, 0xC234, 0x6024, 0x617F, 0x617F, 0xC08F,
0x408F, 0xC05D, 0xE344, 0xE344, 0xA05C, 0x803D, 0x4025, 0x4013, 0x4013, 0x2202,
0x0103, 0xA02C, 0x615D, 0x4302, 0x4302, 0xA01B, 0x025E, 0x203D, 0x8634, 0x8634,
0xC202, 0x4224, 0x403D, 0x2013, 0x2013, 0xE223, 0x2045, 0xC03C, 0xC03C, 0xC03C,
0x0145, 0x853C, 0xE002, 0x6003, 0xA002, 0xA002, 0x2103, 0x2003, 0x4013, 0x000B,
0x000B, 0xC023, 0x2045, 0x2045, 0x444D, 0x444D, 0xE13C, 0xE223, 0xE102, 0xE002,
0xE002, 0x2413, 0xE002, 0x0003, 0xA203, 0x4003, 0x4003, 0x0003, 0x0003, 0x200B,
0xE001, 0xE001, 0xA21B, 0xE002, 0x8002, 0xE102, 0xE102, 0xC212, 0x4009, 0x2121,
0x2018, 0x2018, 0x4020, 0xE019, 0x4012, 0x8002, 0xC068, 0xC068, 0x618A, 0x0082,
0xA059, 0x0010, 0x0010, 0x6371, 0x40CB, 0xA19A, 0x407A, 0x407A, 0x0108, 0x6059,
0xE079, 0x00CB, 0x00CB, 0x20C3, 0xA1C2, 0xC061, 0x2008, 0x2008, 0x628A, 0xE091,
0xE079, 0xE2A2, 0x00DB, 0x00DB, 0x00D3, 0xC079, 0x0300, 0x227A, 0x227A, 0x60AA,
0x00BB, 0x227A, 0x0059, 0x0059, 0x0000, 0x428A, 0x40B3, 0x6079, 0x6079, 0xA068,
0x0008, 0x0018, 0x0018, 0xA079, 0xA079, 0x207A, 0xA282, 0xE040, 0x0020, 0x0020,
0xC271, 0x85AA, 0xA0D3, 0x20C3, 0x20C3, 0x00AB, 0x0110, 0xA059, 0x4082, 0x4082,
0xC089, 0xC079, 0x4059, 0x8130, 0x2020, 0x2020, 0x4071, 0x4069, 0xE050, 0x0020,
0x0020, 0x0020, 0x0018, 0x2020, 0x0010, 0x0010, 0x0082, 0xE081, 0xA079, 0x0182,
0x0182, 0x8061, 0x6020, 0x6B4A, 0xF573, 0x5C84, 0x5C84, 0x3D95, 0x1B8D, 0xFA84,
0xFC8C, 0xFC8C, 0x1D95, 0xB98C, 0x7263, 0xA059, 0xA059, 0x6071, 0xE379, 0x4069,
0x2059, 0x2059, 0x0218, 0x0128, 0x0118, 0x2172, 0x057A, 0x057A, 0x4069, 0x8071,
0x207A, 0x0020, 0x0020, 0x0018, 0x0008, 0x409A, 0x01C3, 0x01C3, 0x008A, 0x207A,
0xC260, 0x2059, 0x2059, 0x0020, 0xA048, 0x6030, 0xA018, 0x412A, 0x412A, 0xC221,
0x8129, 0x6021, 0xE019, 0xE019, 0x6312, 0x0022, 0x8001, 0x0102, 0x0102, 0x611B,
0xA04D, 0x406E, 0xE386, 0xE386, 0xC076, 0x0066, 0x0135, 0x4034, 0x602C, 0x602C,
0x4344, 0x8013, 0x6003, 0x4369, 0x4369, 0x0030, 0x4138, 0xA030, 0x8010, 0x8010,
0x433A, 0x8019, 0x8119, 0x6111, 0x6111, 0x8211, 0xC019, 0xA00A, 0xA009, 0x8076,
0x8076, 0x048E, 0xA14D, 0x0035, 0x4034, 0x4034, 0x000B, 0x8355, 0xE47E, 0xC02C,
0xC02C, 0x201C, 0x401C, 0x4135, 0x604D, 0x604D, 0x802C, 0x612C, 0x802C, 0x6055,
0xC044, 0xC044, 0x801B, 0x600B, 0xA002, 0x2203, 0x2203, 0xA002, 0x8002, 0x220B,
0x410B, 0x410B, 0xC33C, 0xE03C, 0x003D, 0x2045, 0x2045, 0x4045, 0x8013, 0x000B,
0x000B, 0xE002, 0xE002, 0x2002, 0xE302, 0x8102, 0x000B, 0x000B, 0x6034, 0x4024,
0x0003, 0x6113, 0x6113, 0x401B, 0xE03C, 0xE034, 0x2145, 0x2145, 0x001C, 0x202C,
0xA13C, 0xE012, 0x810A, 0x810A, 0x0002, 0x602C, 0x403D, 0x2077, 0x2077, 0xC076,
0x8076, 0x604D, 0x043D, 0x043D, 0x2034, 0xA034, 0xA134, 0x821B, 0x821B, 0x4323,
0x800A, 0x8034, 0xE03C, 0xA044, 0xA044, 0xA05D, 0x408F, 0x0066, 0x803C, 0x803C,
0x4002, 0xA02B, 0x2255, 0xA10A, 0xA10A, 0xC112, 0x603C, 0xC34C, 0x2034, 0x2034,
0x604D, 0x8134, 0xA013, 0x4003, 0x4002, 0x4002, 0xE102, 0x8002, 0x8002, 0xA002,
0xA002, 0x2013, 0x0045, 0xC034, 0x2024, 0x2024, 0xE055, 0x0045, 0x6013, 0x000B,
0x000B, 0xA102, 0xC002, 0x4002, 0x2203, 0x6203, 0x6203, 0xC102, 0xE009, 0xA52A,
0x6101, 0x6101, 0xC201, 0x4019, 0x8011, 0x2222, 0x2222, 0x2232, 0x6018, 0x0249,
0x0038, 0x0038, 0x4140, 0xE121, 0x4112, 0xC10A, 0x8068, 0x8068, 0x608A, 0x408A,
0x6072, 0x2018, 0x2018, 0x6371, 0x00C3, 0x6092, 0x207A, 0x207A, 0x0008, 0x6059,
0x007A, 0x20C3, 0x20C3, 0x20BB, 0x81BA, 0xA051, 0x0000, 0x0000, 0x0182, 0x0092,
0xE179, 0x24AB, 0x40E3, 0x40E3, 0xE0D2, 0xC079, 0x0008, 0xE079, 0xE079, 0x609A,
0x61C3, 0xE081, 0xA060, 0xA060, 0x0000, 0xA071, 0xC0D3, 0x0071, 0x0071, 0xE068,
0x4300, 0x0420, 0x0018, 0xE081, 0xE081, 0x217A, 0xE181, 0x8040, 0x2030, 0x2030,
0xC071, 0x80AA, 0x40CB, 0xE0CA, 0xE0CA, 0x60B2, 0x0108, 0xC059, 0xE09A, 0xE09A,
0xA081, 0xE181, 0x2051, 0x8038, 0x0010, 0x0010, 0xC058, 0x2161, 0x2259, 0x4030,
0x4030, 0x0020, 0x0018, 0x2020, 0x0018, 0x0018, 0x408A, 0xE081, 0xC181, 0xC179,
0xC179, 0xA159, 0x4010, 0x9163, 0xFFA5, 0xDC95, 0xDC95, 0x1A75, 0x785C, 0x7B7D,
0x1D8E, 0x1D8E, 0x9C85, 0xDC74, 0x1B64, 0xA351, 0xA351, 0x4071, 0x2492, 0xE068,
0x0051, 0x0051, 0x4310, 0x0020, 0x0010, 0xC071, 0xA279, 0xA279, 0xE060, 0x4069,
0x8182, 0x0030, 0x0030, 0x6128, 0x4018, 0x2092, 0x81BA, 0x81BA, 0x2192, 0x4082,
0x8068, 0x4292, 0x4292, 0xE271, 0x6079, 0xA268, 0xC048, 0xC028, 0xC028, 0x0010,
0xA038, 0x2049, 0xE141, 0xE141, 0x6111, 0x4229, 0x4000, 0xE13B, 0xE13B, 0xA023,
0x2034, 0x0066, 0xE197, 0xE197, 0x426E, 0x005E, 0x8424, 0x4355, 0xE055, 0xE055,
0x4023, 0xA23C, 0x8045, 0xC068, 0xC068, 0x0128, 0x2451, 0xE138, 0x0018, 0x0018,
0xE040, 0x0028, 0x0140, 0x0038, 0x0038, 0xC129, 0x4041, 0x6029, 0x2010, 0x2066,
0x2066, 0xE04C, 0xE02C, 0x805D, 0x8255, 0x8255, 0x404D, 0xE05D, 0x416E, 0x6055,
0x6055, 0x805D, 0xE04C, 0x4034, 0x402C, 0x402C, 0x2002, 0x4413, 0x402C, 0xC065,
0x6076, 0x6076, 0x8376, 0xA04D, 0x002C, 0xA023, 0xA023, 0x4023, 0xC01A, 0x200A,
0x4212, 0x4212, 0x8001, 0xA022, 0xA01B, 0x0466, 0x0466, 0xA155, 0x2024, 0x202C,
0x202C, 0x8155, 0x8155, 0x4045, 0xC233, 0xC01A, 0x601A, 0x601A, 0x8001, 0x0223,
0x423C, 0x216E, 0x216E, 0x0066, 0x8055, 0x6155, 0x0045, 0x0045, 0xC055, 0xE15D,
0x412C, 0x000B, 0xA002, 0xA002, 0xA012, 0x202C, 0xC034, 0x6187, 0x6187, 0xA27E,
0xE34C, 0x005E, 0xC066, 0xC066, 0x644D, 0xA244, 0xA023, 0x0024, 0x0024, 0xA123,
0x2001, 0x833B, 0xE134, 0xA397, 0xA397, 0xA276, 0x2045, 0x4045, 0x4045, 0x4045,
0xA055, 0xA03C, 0x202C, 0xE101, 0xE101, 0x610A, 0x4001, 0x201B, 0x6034, 0x6034,
0x8276, 0x8045, 0x622C, 0x402C, 0xC244, 0xC244, 0x635D, 0xC044, 0xE02B, 0xA002,
0xA002, 0xA002, 0xC002, 0xC323, 0x6034, 0x6034, 0xA25D, 0x005E, 0x4045, 0x8255,
0x8255, 0x804D, 0xA255, 0x2044, 0xC02B, 0x4002, 0x4002, 0x412A, 0xC018, 0x0031,
0x6031, 0x6031, 0x0009, 0x0048, 0x0038, 0x8030, 0x8030, 0xC030, 0x0020, 0xE150,
0x2030, 0x2030, 0x8130, 0x4038, 0xC030, 0x4021, 0x0071, 0x0071, 0x218A, 0xC071,
0x609A, 0x2008, 0x2008, 0x4151, 0xC3A2, 0x80A2, 0x206A, 0x206A, 0x0010, 0x2061,
0xE081, 0x20BB, 0x20BB, 0xC0C2, 0xE079, 0x6051, 0x0010, 0x0010, 0x6092, 0x0082,
0x8089, 0xC0AA, 0x80CB, 0x80CB, 0xE1CA, 0x007A, 0x2300, 0x209A, 0x209A, 0xA0A2,
0xE0BA, 0x6089, 0xC060, 0xC060, 0x4108, 0xC071, 0x60C3, 0xA079, 0xA079, 0xA058,
0x0210, 0x0018, 0x8018, 0x4182, 0x4182, 0x008A, 0x406A, 0x8048, 0x0030, 0x0030,
0x227A, 0x809A, 0xA0DB, 0x41DB, 0x41DB, 0x60A2, 0x0000, 0xA0AA, 0x00D3, 0x00D3,
0x218A, 0xC461, 0x2069, 0x0038, 0x2220, 0x2220, 0xC550, 0x0059, 0x2059, 0x0028,
0x0028, 0x2110, 0x4008, 0x4020, 0x0138, 0x0138, 0x057A, 0xE179, 0x6092, 0x8071,
0x8071, 0xE150, 0x0108, 0x3253, 0x1D9E, 0x986C, 0x986C, 0xF97C, 0x1EA6, 0xDB63,
0xBCAE, 0xBCAE, 0x576C, 0x3C85, 0x9D95, 0x6571, 0x6571, 0x2069, 0x208A, 0xE071,
0x8249, 0x8249, 0x0010, 0x2020, 0x0128, 0x6069, 0xE079, 0xE079, 0x4069, 0x0182,
0xE279, 0x2030, 0x2030, 0x0018, 0x0110, 0x0062, 0x2292, 0x2292, 0x00C3, 0x41A2,
0x8060, 0x00C3, 0x00C3, 0xE0BA, 0xE089, 0xA079, 0xE050, 0x0020, 0x0020, 0x6130,
0x2261, 0xE058, 0xE140, 0xE140, 0x2010, 0x0010, 0x0020, 0xE53C, 0xE53C, 0x8344,
0xA002, 0xE065, 0xE08F, 0xE08F, 0xE076, 0x615E, 0x403D, 0xA57E, 0x2577, 0x2577,
0x404D, 0x6055, 0x8655, 0x4039, 0x4039, 0x2028, 0x2028, 0x0020, 0x0028, 0x0028,
0x0128, 0x4053, 0x4076, 0x202D, 0x202D, 0xA233, 0x0011, 0xA238, 0x0038, 0x8003,
0x8003, 0x6003, 0x0145, 0xC07E, 0x407F, 0x407F, 0x404D, 0x006E, 0x8297, 0xE28F,
0xE28F, 0xA05E, 0xC02C, 0x422C, 0x8312, 0x8312, 0xA001, 0x010C, 0x423D, 0xE076,
0xA187, 0xA187, 0x605D, 0xA04D, 0x215D, 0xE34C, 0xE34C, 0x612C, 0x2103, 0x4003,
0xA002, 0xA002, 0x2044, 0xA064, 0xE03C, 0x007F, 0x007F, 0xC176, 0xE002, 0x2634,
0xC13C, 0xE05D, 0xE05D, 0x604D, 0xC045, 0xE00A, 0x4402, 0x4402, 0x4544, 0xE04C,
0x214D, 0x2787, 0x2787, 0xA066, 0x8002, 0x6134, 0x414D, 0x414D, 0x8255, 0x614D,
0x404D, 0x000B, 0xA001, 0xA001, 0x8003, 0x2324, 0xE03C, 0x2087, 0x2087, 0xC07E,
0xC044, 0x246E, 0x828F, 0x828F, 0xA08F, 0x206F, 0xE02C, 0xE012, 0xE012, 0x6023,
0x802C, 0xE03C, 0x814C, 0xA08F, 0xA08F, 0xE05D, 0x6002, 0xA33C, 0x804D, 0x804D,
0xC055, 0xC055, 0x2345, 0x0502, 0x0502, 0x401B, 0x633C, 0xC044, 0x0045, 0x0045,
0xE08F, 0xE15D, 0x8002, 0xA044, 0xE03C, 0xE03C, 0x014E, 0xC04D, 0xA355, 0x8002,
0x8002, 0xE001, 0xC012, 0x2434, 0x4045, 0x4045, 0xA287, 0x6056, 0x403D, 0x257F,
0x257F, 0x828F, 0x6087, 0xE36D, 0xE02C, 0x8003, 0x8003, 0x4222, 0xC440, 0x0030,
0x8021, 0x8021, 0xA034, 0xC05D, 0xE18D, 0x2029, 0x2029, 0x0028, 0x2030, 0x6030,
0x0218, 0x0218, 0x8120, 0xE040, 0x2028, 0x0020, 0x2069, 0x2069, 0x6292, 0xE19A,
0x42BB, 0x0008, 0x0008, 0x4038, 0xA079, 0xE089, 0x6282, 0x6282, 0x0018, 0x0159,
0xE079, 0xC0A2, 0xC0A2, 0xA0BA, 0x437A, 0x2049, 0x0110, 0x0110, 0x618A, 0x2182,
0xE089, 0xE0B2, 0x60CB, 0x60CB, 0xC0CA, 0x0082, 0x2200, 0x60AA, 0x60AA, 0xE0B2,
0x00C3, 0x8091, 0xC060, 0xC060, 0x4208, 0xC071, 0xC2D3, 0xA079, 0xA079, 0x8058,
0x2318, 0x0020, 0x0010, 0x017A, 0x017A, 0xA081, 0x607A, 0x0059, 0x4040, 0x4040,
0xA361, 0x808A, 0x00C3, 0x40D3, 0x40D3, 0xA0AA, 0x0000, 0x609A, 0x00D3, 0x00D3,
0xE081, 0xC261, 0x2069, 0x4048, 0x2020, 0x2020, 0x0020, 0x2030, 0x0030, 0x0030,
0x0030, 0x0020, 0x0018, 0x0018, 0x0018, 0x0018, 0x2038, 0x2061, 0x408A, 0x0061,
0x0061, 0xA040, 0xE728, 0x5353, 0xFA74, 0x1A64, 0x1A64, 0x9974, 0xF97C, 0x1DA6,
0xB95B, 0xB95B, 0x1A64, 0x796C, 0x5B8D, 0x0A5A, 0x0A5A, 0xC261, 0x0082, 0x8179,
0x0059, 0x0059, 0x0020, 0x2020, 0x0010, 0xE079, 0x2182, 0x2182, 0xC050, 0xC050,
0x4038, 0x0018, 0x0018, 0x0020, 0x4220, 0x006A, 0xA081, 0xA081, 0x00BB, 0x429A,
0x6060, 0x00BB, 0x00BB, 0xE0B2, 0xE189, 0x8071, 0xE058, 0x4030, 0x4030, 0x6138,
0x2030, 0x0028, 0x0028, 0x0028, 0x4020, 0x4128, 0x2030, 0x400B, 0x400B, 0x6013,
0x2045, 0xA27E, 0xC355, 0xC355, 0xA055, 0x2045, 0xA034, 0x801B, 0xC00B, 0xC00B,
0x004D, 0x2034, 0xA002, 0x4149, 0x4149, 0x0228, 0x0010, 0x8118, 0xC010, 0xC010,
0x8019, 0xC36C, 0xC58E, 0x204D, 0x204D, 0xE033, 0xC022, 0xC121, 0x8020, 0xC434,
0xC434, 0xE56D, 0xA37E, 0xA076, 0x0577, 0x0577, 0x636E, 0xE165, 0x204D, 0xA034,
0xA034, 0x013D, 0x8123, 0xA001, 0x6002, 0x6002, 0x8002, 0xE002, 0x6013, 0xC03C,
0x403D, 0x403D, 0x405D, 0xC03C, 0x0025, 0xC013, 0xC013, 0xE00A, 0x6002, 0xE00A,
0x4002, 0x4002, 0xA003, 0xC014, 0x003D, 0x802C, 0x802C, 0xA03C, 0x6013, 0x2166,
0xC18F, 0x604D, 0x604D, 0x4234, 0x8002, 0x4013, 0x200B, 0x200B, 0x4013, 0x202C,
0x813C, 0x8355, 0x8355, 0xC034, 0x8002, 0xA25D, 0x4187, 0x4187, 0x0056, 0x802C,
0x400B, 0xA323, 0x2113, 0x2113, 0x604D, 0x416E, 0x2187, 0x8197, 0x8197, 0x418F,
0xA176, 0x205E, 0x8045, 0x8045, 0x025D, 0xA034, 0x400B, 0xE001, 0xE001, 0xE201,
0xC21B, 0x201C, 0x4155, 0x404D, 0x404D, 0x443C, 0x2013, 0x2166, 0xA06E, 0xA06E,
0x2045, 0x022C, 0x6113, 0x2013, 0x2013, 0x6013, 0x000B, 0x8034, 0xA23C, 0xA23C,
0xA034, 0xE03C, 0x2013, 0xC176, 0xA06E, 0xA06E, 0x804D, 0x0024, 0xA002, 0x000B,
0x000B, 0x002C, 0xC03C, 0xE17E, 0x405E, 0x405E, 0xE076, 0x8387, 0x816E, 0x804D,
0x804D, 0x404D, 0x404D, 0x801B, 0x6013, 0x6002, 0x6002, 0x6001, 0x6021, 0xA029,
0xE02A, 0xE02A, 0x003D, 0x6066, 0xE796, 0x4022, 0x4022, 0xE008, 0xE010, 0x0008,
0x0118, 0x0118, 0xA038, 0xA130, 0x4020, 0x6028, 0x2069, 0x2069, 0x6292, 0xE19A,
0x42BB, 0x0008, 0x0008, 0x4038, 0xA079, 0xE089, 0x6282, 0x6282, 0x0018, 0x0159,
0xE079, 0xC0A2, 0xC0A2, 0xA0BA, 0x437A, 0x2049, 0x0110, 0x0110, 0x618A, 0x2182,
0xE089, 0xE0B2, 0x60CB, 0x60CB, 0xC0CA, 0x0082, 0x2200, 0x60AA, 0x60AA, 0xE0B2,
0x00C3, 0x8091, 0xC060, 0xC060, 0x4208, 0xC071, 0xC2D3, 0xA079, 0xA079, 0x8058,
0x2318, 0x0020, 0x0010, 0x017A, 0x017A, 0xA081, 0x607A, 0x0059, 0x4040, 0x4040,
0xA361, 0x808A, 0x00C3, 0x40D3, 0x40D3, 0xA0AA, 0x0000, 0x609A, 0x00D3, 0x00D3,
0xE081, 0xC261, 0x2069, 0x4048, 0x2020, 0x2020, 0x0020, 0x2030, 0x0030, 0x0030,
0x0030, 0x0020, 0x0018, 0x0018, 0x0018, 0x0018, 0x2038, 0x2061, 0x408A, 0x0061,
0x0061, 0xA040, 0xE728, 0x5353, 0xFA74, 0x1A64, 0x1A64, 0x9974, 0xF97C, 0x1DA6,
0xB95B, 0xB95B, 0x1A64, 0x796C, 0x5B8D, 0x0A5A, 0x0A5A, 0xC261, 0x0082, 0x8179,
0x0059, 0x0059, 0x0020, 0x2020, 0x0010, 0xE079, 0x2182, 0x2182, 0xC050, 0xC050,
0x4038, 0x0018, 0x0018, 0x0020, 0x4220, 0x006A, 0xA081, 0xA081, 0x00BB, 0x429A,
0x6060, 0x00BB, 0x00BB, 0xE0B2, 0xE189, 0x8071, 0xE058, 0x4030, 0x4030, 0x6138,
0x2030, 0x0028, 0x0028, 0x0028, 0x4020, 0x4128, 0x2030, 0x400B, 0x400B, 0x6013,
0x2045, 0xA27E, 0xC355, 0xC355, 0xA055, 0x2045, 0xA034, 0x801B, 0xC00B, 0xC00B,
0x004D, 0x2034, 0xA002, 0x4149, 0x4149, 0x0228, 0x0010, 0x8118, 0xC010, 0xC010,
0x8019, 0xC36C, 0xC58E, 0x204D, 0x204D, 0xE033, 0xC022, 0xC121, 0x8020, 0xC434,
0xC434, 0xE56D, 0xA37E, 0xA076, 0x0577, 0x0577, 0x636E, 0xE165, 0x204D, 0xA034,
0xA034, 0x013D, 0x8123, 0xA001, 0x6002, 0x6002, 0x8002, 0xE002, 0x6013, 0xC03C,
0x403D, 0x403D, 0x405D, 0xC03C, 0x0025, 0xC013, 0xC013, 0xE00A, 0x6002, 0xE00A,
0x4002, 0x4002, 0xA003, 0xC014, 0x003D, 0x802C, 0x802C, 0xA03C, 0x6013, 0x2166,
0xC18F, 0x604D, 0x604D, 0x4234, 0x8002, 0x4013, 0x200B, 0x200B, 0x4013, 0x202C,
0x813C, 0x8355, 0x8355, 0xC034, 0x8002, 0xA25D, 0x4187, 0x4187, 0x0056, 0x802C,
0x400B, 0xA323, 0x2113, 0x2113, 0x604D, 0x416E, 0x2187, 0x8197, 0x8197, 0x418F,
0xA176, 0x205E, 0x8045, 0x8045, 0x025D, 0xA034, 0x400B, 0xE001, 0xE001, 0xE201,
0xC21B, 0x201C, 0x4155, 0x404D, 0x404D, 0x443C, 0x2013, 0x2166, 0xA06E, 0xA06E,
0x2045, 0x022C, 0x6113, 0x2013, 0x2013, 0x6013, 0x000B, 0x8034, 0xA23C, 0xA23C,
0xA034, 0xE03C, 0x2013, 0xC176, 0xA06E, 0xA06E, 0x804D, 0x0024, 0xA002, 0x000B,
0x000B, 0x002C, 0xC03C, 0xE17E, 0x405E, 0x405E, 0xE076, 0x8387, 0x816E, 0x804D,
0x804D, 0x404D, 0x404D, 0x801B, 0x6013, 0x6002, 0x6002, 0x6001, 0x6021, 0xA029,
0xE02A, 0xE02A, 0x003D, 0x6066, 0xE796, 0x4022, 0x4022, 0xE008, 0xE010, 0x0008,
0x0118, 0x0118, 0xA038, 0xA130, 0x4020, 0x6028, 0x2069, 0x2069, 0x2082, 0xE1A2,
0x41C3, 0x0010, 0x0010, 0x2038, 0x4069, 0x0082, 0x408A, 0x408A, 0x0020, 0x8040,
0x4049, 0xC079, 0xC079, 0xE091, 0x036A, 0xA040, 0x0000, 0x0000, 0xA069, 0x2272,
0x418A, 0x20B3, 0x41BB, 0x41BB, 0xC0CA, 0xE081, 0x0008, 0xA0BA, 0xA0BA, 0x40C3,
0x40CB, 0xA091, 0xE058, 0xE058, 0x4108, 0xC071, 0x21CB, 0x2079, 0x2079, 0x4058,
0x0120, 0x0028, 0x0008, 0x428A, 0x428A, 0xE081, 0x6082, 0x4069, 0x8248, 0x8248,
0x2028, 0x8059, 0xC089, 0x00C3, 0x00C3, 0xE0AA, 0x0000, 0x2082, 0x41CB, 0x41CB,
0x2082, 0xC169, 0xE060, 0xE060, 0xC140, 0xC140, 0x0210, 0x2220, 0x2028, 0x2172,
0x2172, 0x007A, 0x4061, 0x6238, 0x2318, 0x2318, 0x0020, 0x4040, 0x2069, 0x2059,
0x2059, 0xCA7A, 0x38A5, 0x1B8D, 0x7864, 0x3FA6, 0x3FA6, 0x7B74, 0xDA5B, 0x5985,
0x3E6C, 0x3E6C, 0x9C95, 0x1B85, 0x9853, 0xFD9D, 0xFD9D, 0x0C6B, 0xE058, 0x4181,
0xC491, 0xC491, 0x2059, 0xC030, 0x0000, 0x8071, 0x0282, 0x0282, 0xC050, 0xA140,
0x0020, 0x0018, 0x0018, 0x0018, 0x2020, 0x006A, 0xE089, 0xE089, 0x80C3, 0x2292,
0x6058, 0x80BB, 0x80BB, 0x40B3, 0xC179, 0x6071, 0x4069, 0x0159, 0x0159, 0xE348,
0x0010, 0x0010, 0x6038, 0x6038, 0x4482, 0xC071, 0x4069, 0x811B, 0x811B, 0x4013,
0x003D, 0x002C, 0xE002, 0xE002, 0x0045, 0xE023, 0x6013, 0xC002, 0xC013, 0xC013,
0x6555, 0x0134, 0x0002, 0x2030, 0x2030, 0x0028, 0x6010, 0xC343, 0xC265, 0xC265,
0x007F, 0x406E, 0x205D, 0xA04C, 0xA04C, 0xE34C, 0x8002, 0x602C, 0xA275, 0x033D,
0x033D, 0x0055, 0x208F, 0x8355, 0x423D, 0x423D, 0x4045, 0xE044, 0x014D, 0x200B,
0x200B, 0x2002, 0x0002, 0x6312, 0xE001, 0xE001, 0x0212, 0xC101, 0xC011, 0xE212,
0x6003, 0x6003, 0x8034, 0xE01B, 0x4023, 0x0255, 0x0255, 0xC044, 0xA202, 0x6002,
0x000B, 0x000B, 0x4034, 0x433C, 0xE30A, 0xE223, 0xE223, 0x402C, 0x4487, 0x407F,
0x2077, 0xE097, 0xE097, 0x205E, 0xA30A, 0x823C, 0x804D, 0x804D, 0x804D, 0xC134,
0xA002, 0x6013, 0x6013, 0x8034, 0x8097, 0xA397, 0x838F, 0x838F, 0x6387, 0xC455,
0x000B, 0x6434, 0x404D, 0x404D, 0xC24C, 0x8055, 0x8076, 0x4155, 0x4155, 0xC03C,
0x804D, 0x0035, 0x223D, 0x223D, 0x6212, 0x4002, 0xC001, 0xA001, 0xA001, 0xE01A,
0xE655, 0xE00B, 0xA002, 0x801B, 0x801B, 0x2045, 0xC08F, 0x207F, 0x6087, 0x6087,
0xE09F, 0x203D, 0xE00A, 0x8255, 0x8255, 0x4045, 0x2145, 0xE023, 0xA302, 0xA302,
0x200B, 0x0045, 0x207F, 0x607F, 0xE08F, 0xE08F, 0x007F, 0x4255, 0x4013, 0xE444,
0xE444, 0x854D, 0x822C, 0xE076, 0xC076, 0xC076, 0x0045, 0xA044, 0x004D, 0x6055,
0x6055, 0x224D, 0x8002, 0xE00A, 0x2002, 0x0002, 0x0002, 0x8433, 0x854C, 0x4013,
0x4003, 0x4003, 0x834D, 0x4045, 0x404D, 0x4487, 0x4487, 0x6066, 0xA044, 0xE032,
0x0008, 0x0008, 0x0030, 0xA060, 0xE068, 0xA079, 0x6069, 0x6069, 0xE079, 0xE0A2,
0x20CB, 0x0018, 0x0018, 0x2040, 0xE058, 0xE179, 0x208A, 0x208A, 0x4040, 0xA240,
0xC028, 0xA069, 0xA069, 0x8081, 0xA459, 0x2059, 0x2020, 0x2020, 0x6071, 0xE171,
0x017A, 0x8192, 0x6092, 0x6092, 0x60B2, 0xA071, 0x0008, 0xE0CA, 0xE0CA, 0x81CB,
0x41CB, 0xA091, 0xE058, 0xE058, 0x2108, 0xE079, 0x61DB, 0x009A, 0x009A, 0x6089,
0x6138, 0x4038, 0x0010, 0x628A, 0x628A, 0xE079, 0x2082, 0x8171, 0x0351, 0x0351,
0x0008, 0x6049, 0xA079, 0xC0B2, 0xC0B2, 0xE0AA, 0x0000, 0x2059, 0x2092, 0x2092,
0x0182, 0x8069, 0x0069, 0x0069, 0x0151, 0x0151, 0x4018, 0x4318, 0x0010, 0x027A,
0x027A, 0xA089, 0xC068, 0x2030, 0x4010, 0x4010, 0x0020, 0x2038, 0x0061, 0x0159,
0x0159, 0x4A62, 0x3A95, 0x996C, 0x5864, 0x197D, 0x197D, 0x5E8D, 0x9E74, 0x786C,
0x7B74, 0x7B74, 0x9B8D, 0xFA7C, 0x7C74, 0x5E7D, 0x5E7D, 0x705B, 0xA138, 0x6381,
0xA289, 0xA289, 0x2061, 0xC030, 0x0008, 0x6069, 0x8169, 0x8169, 0x6038, 0x8330,
0x0218, 0x2118, 0x2118, 0x0018, 0x0018, 0xA061, 0x0192, 0x0192, 0xE0AA, 0x0182,
0xA150, 0xA092, 0xA092, 0x809A, 0xA069, 0x2061, 0xC060, 0x6050, 0x6050, 0xE248,
0x0110, 0x6220, 0x6038, 0x6038, 0x018A, 0x4071, 0x2050, 0xE023, 0xE023, 0x602C,
0x603D, 0x8034, 0x2424, 0x2424, 0x613C, 0xE123, 0xE002, 0x210B, 0xA10B, 0xA10B,
0xA01B, 0xA11B, 0x2313, 0x0020, 0x0020, 0x8029, 0x6043, 0x0434, 0x800B, 0x800B,
0x805E, 0x205E, 0xA044, 0x004D, 0x004D, 0x8234, 0x8024, 0x201C, 0xC223, 0xC013,
0xC013, 0xE03C, 0xE05D, 0x201C, 0x6024, 0x6024, 0x2045, 0xE03C, 0x604D, 0x800B,
0x800B, 0x0103, 0x8002, 0xE001, 0xE001, 0xE001, 0x6018, 0xE028, 0x0029, 0xE411,
0xA002, 0xA002, 0x8013, 0x2103, 0x4002, 0x4224, 0x4224, 0xC01B, 0xA001, 0xE001,
0x2123, 0x2123, 0x603C, 0xE223, 0x022C, 0xC15D, 0xC15D, 0x6066, 0xC08F, 0x227F,
0x446E, 0xC25D, 0xC25D, 0x4066, 0x803C, 0x4234, 0x2424, 0x2424, 0xE013, 0x401C,
0x2024, 0xE365, 0xE365, 0x206E, 0xE07E, 0x8076, 0xC05D, 0xC05D, 0x826E, 0x003D,
0xE01B, 0x4234, 0xA23C, 0xA23C, 0x4534, 0x602C, 0x003D, 0x0124, 0x0124, 0x222C,
0x814D, 0x0035, 0xE03C, 0xE03C, 0x4002, 0x0103, 0xA102, 0xC001, 0xC001, 0x0002,
0xC034, 0x601C, 0xE32B, 0x0266, 0x0266, 0xC17E, 0x4087, 0xC076, 0xA16E, 0xA16E,
0x005E, 0x8155, 0x8034, 0x602C, 0x602C, 0xC023, 0xE62B, 0xA01B, 0x202C, 0x202C,
0x8176, 0x606E, 0x4087, 0xC26E, 0x236E, 0x236E, 0xC26D, 0x004D, 0xE023, 0x001C,
0x001C, 0x8024, 0x2014, 0xA02C, 0x424D, 0x424D, 0x2134, 0x0234, 0xA044, 0x2045,
0x2045, 0x023D, 0xE202, 0x6002, 0x2102, 0x0102, 0x0102, 0xC00A, 0x4024, 0xC02C,
0x6024, 0x6024, 0x4124, 0x4245, 0xA02C, 0xA066, 0xA066, 0x6056, 0xE01B, 0x612B,
0x4153, 0x4153, 0x0010, 0x8050, 0x0061, 0x0282, 0xC058, 0xC058, 0xE079, 0x00AB,
0x40D3, 0x2020, 0x2020, 0x4040, 0xA050, 0xC271, 0xC081, 0xC081, 0xC058, 0xC240,
0x4008, 0xC069, 0xC069, 0x6071, 0xC130, 0xE079, 0x208A, 0x208A, 0x40AA, 0x0082,
0x4061, 0x2059, 0x0051, 0x0051, 0x008A, 0x8151, 0x0008, 0x00CB, 0x00CB, 0x81CB,
0x20C3, 0xA089, 0xE058, 0xE058, 0x2100, 0xC079, 0x80DB, 0x21C3, 0x21C3, 0xC1BA,
0x2151, 0xA048, 0x0010, 0xA38A, 0xA38A, 0x407A, 0x2069, 0x2169, 0x0251, 0x0251,
0x6018, 0xC051, 0x0082, 0x219A, 0x219A, 0x008A, 0x0110, 0x2028, 0x2040, 0x2040,
0xA071, 0x8071, 0xC181, 0xC060, 0x8048, 0x8048, 0x0010, 0x2218, 0x0010, 0x4382,
0x4382, 0x0092, 0x0071, 0x8040, 0xA018, 0xA018, 0x0010, 0x4038, 0x4269, 0xA248,
0xA248, 0x6839, 0xD984, 0x1C7D, 0x1F9E, 0x9753, 0x9753, 0x5B8D, 0x5CA6, 0x3964,
0x3A85, 0x3A85, 0x1A64, 0x5D8D, 0x5DA6, 0x1C64, 0x1C64, 0x3674, 0xE328, 0xC048,
0xA050, 0xA050, 0xE079, 0xE269, 0x2028, 0x0059, 0xA048, 0xA048, 0x0028, 0x4128,
0x0120, 0x0018, 0x0018, 0x0010, 0x0010, 0x6051, 0x0371, 0x0371, 0x4071, 0xC071,
0x2259, 0x6050, 0x6050, 0xA058, 0xA069, 0xE179, 0xC081, 0x0069, 0x0069, 0x2259,
0x0010, 0x0010, 0x8038, 0x8038, 0x218A, 0x6179, 0xA060, 0x214D, 0x214D, 0x2145,
0x023D, 0x804D, 0x4245, 0x4245, 0xA002, 0x4003, 0x0003, 0x2213, 0x2003, 0x2003,
0x400B, 0x600B, 0x0103, 0x6010, 0x6010, 0xE022, 0xE04C, 0xE01B, 0xE002, 0xE002,
0x6266, 0x405E, 0xA02C, 0x6003, 0x6003, 0xC013, 0x4555, 0x4134, 0x0003, 0xA002,
0xA002, 0x401C, 0xE02C, 0x8013, 0x8013, 0x8013, 0x214D, 0x404D, 0x834D, 0x6003,
0x6003, 0x2103, 0x0003, 0x4002, 0x6322, 0x6322, 0x2120, 0x6028, 0xC040, 0xE118,
0xA001, 0xA001, 0x812A, 0x8109, 0x400A, 0x0402, 0x0402, 0x6102, 0xE102, 0x6013,
0x0102, 0x0102, 0x2003, 0xA01C, 0x2045, 0x806E, 0x806E, 0xA38F, 0x6287, 0x804D,
0xE044, 0x0245, 0x0245, 0xE144, 0x8055, 0x6013, 0x8102, 0x8102, 0xC002, 0x812C,
0x003D, 0xE176, 0xE176, 0xA18F, 0x238F, 0x0066, 0x0045, 0x0045, 0x424D, 0xE23C,
0x2145, 0x0024, 0xA002, 0xA002, 0xC002, 0xE02C, 0x813D, 0xA003, 0xA003, 0x4003,
0x003D, 0xA15D, 0xE044, 0xE044, 0x6003, 0x8003, 0x0003, 0x2312, 0x2312, 0xE309,
0x000B, 0x6024, 0x004D, 0x818F, 0x818F, 0xE07E, 0x628F, 0x2045, 0x0045, 0x0045,
0x8655, 0xE344, 0x0045, 0xE20A, 0xE20A, 0x6113, 0xA002, 0xA034, 0x404D, 0x404D,
0x6187, 0x638F, 0x618F, 0xA045, 0xA03C, 0xA03C, 0xC04C, 0x8065, 0x0045, 0x600B,
0x600B, 0x8002, 0xC002, 0x2345, 0x802C, 0x802C, 0xA013, 0x002C, 0x224D, 0xA04D,
0xA04D, 0xA024, 0x2003, 0xC00A, 0xC202, 0x6102, 0x6102, 0x2002, 0x400B, 0x224D,
0xC33C, 0xC33C, 0x8002, 0xE023, 0xC03C, 0x8076, 0x8076, 0x204D, 0x200B, 0x2034,
0x646D, 0x646D, 0xA000, 0x8048, 0x2059, 0x017A, 0x0069, 0x0069, 0x6092, 0x809A,
0xA0BA, 0x4020, 0x4020, 0x8140, 0xC058, 0xE179, 0x8071, 0x8071, 0xE060, 0xC240,
0x0000, 0x4082, 0x4082, 0x6079, 0x0008, 0x618A, 0x40C3, 0x40C3, 0xC0D2, 0x619A,
0x2059, 0x8040, 0x8038, 0x8038, 0x2082, 0x8349, 0x0000, 0x00C3, 0x00C3, 0x41BB,
0xC0B2, 0x8081, 0xE058, 0xE058, 0x2100, 0xC079, 0xE0CA, 0x20C3, 0x20C3, 0x00C3,
0x0051, 0x8048, 0x0018, 0xE169, 0xE169, 0x006A, 0x0069, 0xE060, 0xC048, 0xC048,
0x2018, 0x4049, 0xC079, 0xA081, 0xA081, 0xA071, 0x2218, 0x2028, 0x0030, 0x0030,
0xE279, 0xC079, 0x6392, 0x0061, 0x0159, 0x0159, 0x0028, 0x2028, 0x4030, 0x8061,
0x8061, 0x8069, 0x8050, 0x8040, 0x6130, 0x6130, 0x2018, 0xA040, 0xE168, 0x0030,
0x0030, 0xA618, 0x786C, 0x395C, 0x1964, 0x7D8D, 0x7D8D, 0x976C, 0x9A8D, 0xFB63,
0x5AA6, 0x5AA6, 0x7A74, 0x9E95, 0x197D, 0x1F8D, 0x1F8D, 0xB784, 0x0000, 0x0010,
0x0030, 0x0030, 0x2082, 0xC169, 0x0020, 0x8261, 0xA048, 0xA048, 0x2030, 0x0028,
0x0028, 0x2028, 0x2028, 0x8130, 0x6028, 0xC038, 0xA558, 0xA558, 0x0069, 0xA061,
0xE248, 0x0038, 0x0038, 0x4050, 0xC069, 0xC079, 0x218A, 0x6071, 0x6071, 0x2061,
0x0020, 0x0018, 0xA040, 0xA040, 0xC069, 0xA171, 0xA058, 0xA01B, 0xA01B, 0x2013,
0x410B, 0x202C, 0x6045, 0x6045, 0xE34C, 0x2224, 0x2103, 0x2002, 0xE001, 0xE001,
0x4002, 0xC002, 0x4003, 0xC121, 0xC121, 0x241B, 0x003D, 0x405E, 0xE276, 0xE276,
0xA397, 0x6066, 0x6145, 0x6303, 0x6303, 0x0203, 0x8023, 0xA001, 0x6102, 0x605C,
0x605C, 0x8134, 0x4513, 0x653C, 0x0434, 0x0434, 0xC00A, 0x0002, 0x811B, 0x420B,
0x420B, 0xE202, 0x4102, 0x0002, 0xA311, 0xA311, 0x2239, 0x2018, 0xE048, 0x6030,
0x4008, 0x4008, 0x6149, 0x2018, 0x8050, 0x6028, 0x6028, 0xA119, 0x2212, 0x8012,
0xC000, 0xC000, 0x8012, 0xC02B, 0x203D, 0x007F, 0x007F, 0x4287, 0x2045, 0x604D,
0x414D, 0x200B, 0x200B, 0x601B, 0x6002, 0xE03C, 0xC344, 0xC344, 0xC001, 0x8223,
0x6055, 0x207F, 0x207F, 0xE276, 0x4355, 0x0045, 0x2045, 0x2045, 0x8013, 0xC102,
0xE002, 0x202C, 0x024D, 0x024D, 0x655D, 0xC023, 0xE002, 0x8124, 0x8124, 0x832C,
0xA002, 0x8002, 0x6023, 0x6023, 0xE002, 0x2003, 0xA102, 0xA411, 0xA411, 0x4209,
0x4002, 0x412C, 0xE44C, 0x4087, 0x4087, 0x626E, 0x404D, 0x804D, 0x2045, 0x2045,
0xC002, 0xE20A, 0x6002, 0xA034, 0xA034, 0x0024, 0x8102, 0x002C, 0xA03C, 0xA03C,
0xE097, 0x606E, 0x6055, 0x4035, 0xC03C, 0xC03C, 0x2023, 0xC41A, 0xA202, 0x602C,
0x602C, 0xC044, 0x0065, 0x211B, 0xE02B, 0xE02B, 0xA03C, 0x6013, 0x8002, 0x2003,
0x2003, 0x2003, 0xE002, 0x8012, 0xC001, 0xC001, 0xC001, 0x4002, 0x600A, 0xC012,
0x0013, 0x0013, 0xC002, 0x0124, 0x805D, 0x609F, 0x609F, 0xA086, 0x637E, 0x2266,
0xA03C, 0xA03C, 0x0102, 0xC050, 0x0059, 0x8071, 0x0069, 0x0069, 0x6092, 0x809A,
0xA0BA, 0x4020, 0x4020, 0x8140, 0xC058, 0xE179, 0x8071, 0x8071, 0xE060, 0xC240,
0x0000, 0x4082, 0x4082, 0x6079, 0x0008, 0x618A, 0x40C3, 0x40C3, 0xC0D2, 0x619A,
0x2059, 0x8040, 0x8038, 0x8038, 0x2082, 0x8349, 0x0000, 0x00C3, 0x00C3, 0x41BB,
0xC0B2, 0x8081, 0xE058, 0xE058, 0x2100, 0xC079, 0xE0CA, 0x20C3, 0x20C3, 0x00C3,
0x0051, 0x8048, 0x0018, 0xE169, 0xE169, 0x006A, 0x0069, 0xE060, 0xC048, 0xC048,
0x2018, 0x4049, 0xC079, 0xA081, 0xA081, 0xA071, 0x2218, 0x2028, 0x0030, 0x0030,
0xE279, 0xC079, 0x6392, 0x0061, 0x0159, 0x0159, 0x0028, 0x2028, 0x4030, 0x8061,
0x8061, 0x8069, 0x8050, 0x8040, 0x6130, 0x6130, 0x2018, 0xA040, 0xE168, 0x0030,
0x0030, 0xA618, 0x786C, 0x395C, 0x1964, 0x7D8D, 0x7D8D, 0x976C, 0x9A8D, 0xFB63,
0x5AA6, 0x5AA6, 0x7A74, 0x9E95, 0x197D, 0x1F8D, 0x1F8D, 0xB784, 0x0000, 0x0010,
0x0030, 0x0030, 0x2082, 0xC169, 0x0020, 0x8261, 0xA048, 0xA048, 0x2030, 0x0028,
0x0028, 0x2028, 0x2028, 0x8130, 0x6028, 0xC038, 0xA558, 0xA558, 0x0069, 0xA061,
0xE248, 0x0038, 0x0038, 0x4050, 0xC069, 0xC079, 0x218A, 0x6071, 0x6071, 0x2061,
0x0020, 0x0018, 0xA040, 0xA040, 0xC069, 0xA171, 0xA058, 0xA01B, 0xA01B, 0x2013,
0x410B, 0x202C, 0x6045, 0x6045, 0xE34C, 0x2224, 0x2103, 0x2002, 0xE001, 0xE001,
0x4002, 0xC002, 0x4003, 0xC121, 0xC121, 0x241B, 0x003D, 0x405E, 0xE276, 0xE276,
0xA397, 0x6066, 0x6145, 0x6303, 0x6303, 0x0203, 0x8023, 0xA001, 0x6102, 0x605C,
0x605C, 0x8134, 0x4513, 0x653C, 0x0434, 0x0434, 0xC00A, 0x0002, 0x811B, 0x420B,
0x420B, 0xE202, 0x4102, 0x0002, 0xA311, 0xA311, 0x2239, 0x2018, 0xE048, 0x6030,
0x4008, 0x4008, 0x6149, 0x2018, 0x8050, 0x6028, 0x6028, 0xA119, 0x2212, 0x8012,
0xC000, 0xC000, 0x8012, 0xC02B, 0x203D, 0x007F, 0x007F, 0x4287, 0x2045, 0x604D,
0x414D, 0x200B, 0x200B, 0x601B, 0x6002, 0xE03C, 0xC344, 0xC344, 0xC001, 0x8223,
0x6055, 0x207F, 0x207F, 0xE276, 0x4355, 0x0045, 0x2045, 0x2045, 0x8013, 0xC102,
0xE002, 0x202C, 0x024D, 0x024D, 0x655D, 0xC023, 0xE002, 0x8124, 0x8124, 0x832C,
0xA002, 0x8002, 0x6023, 0x6023, 0xE002, 0x2003, 0xA102, 0xA411, 0xA411, 0x4209,
0x4002, 0x412C, 0xE44C, 0x4087, 0x4087, 0x626E, 0x404D, 0x804D, 0x2045, 0x2045,
0xC002, 0xE20A, 0x6002, 0xA034, 0xA034, 0x0024, 0x8102, 0x002C, 0xA03C, 0xA03C,
0xE097, 0x606E, 0x6055, 0x4035, 0xC03C, 0xC03C, 0x2023, 0xC41A, 0xA202, 0x602C,
0x602C, 0xC044, 0x0065, 0x211B, 0xE02B, 0xE02B, 0xA03C, 0x6013, 0x8002, 0x2003,
0x2003, 0x2003, 0xE002, 0x8012, 0xC001, 0xC001, 0xC001, 0x4002, 0x600A, 0xC012,
0x0013, 0x0013, 0xC002, 0x0124, 0x805D, 0x609F, 0x609F, 0xA086, 0x637E, 0x2266,
0xA03C, 0xA03C, 0x0102, 0xC050, 0x0059, 0x8071, 0xA089, 0xA089, 0x65BB, 0x4092,
0x209A, 0x4110, 0x4110, 0x6038, 0xC058, 0xA079, 0x4182, 0x4182, 0xE068, 0x0349,
0x0008, 0x01AB, 0x01AB, 0x40A2, 0x0008, 0xE3A2, 0x20C3, 0x20C3, 0xA0D2, 0xA2A2,
0x4059, 0x8238, 0x8038, 0x8038, 0x408A, 0x4249, 0x0000, 0xE0BA, 0xE0BA, 0xE0A2,
0x409A, 0x4079, 0x0159, 0x0159, 0x2108, 0xC079, 0xE0CA, 0x20CB, 0x20CB, 0xE0C2,
0xC050, 0x6048, 0x0110, 0x2028, 0x2028, 0xE038, 0x4182, 0x6171, 0x0159, 0x0159,
0x0020, 0xC040, 0x4171, 0xE081, 0xE081, 0x6072, 0x0018, 0xE238, 0x4051, 0x4051,
0x628A, 0x0082, 0x418A, 0x4061, 0x6169, 0x6169, 0x818A, 0x007A, 0xA169, 0x0028,
0x0028, 0x0120, 0x0018, 0xC048, 0x2061, 0x2061, 0x0008, 0xA040, 0xE168, 0x0030,
0x0030, 0x2821, 0xDA74, 0xFD74, 0x3A6C, 0x9B8D, 0x9B8D, 0x9A74, 0x3A6C, 0x3E8D,
0xD774, 0xD774, 0x197D, 0x796C, 0x3A6C, 0x7C95, 0x7C95, 0x378D, 0x0000, 0x4449,
0x0061, 0x0061, 0x408A, 0x8059, 0x0018, 0x0018, 0x4030, 0x4030, 0xE271, 0x0182,
0x2282, 0x4159, 0x4159, 0xA140, 0x0018, 0x2018, 0x4348, 0x4348, 0x4182, 0x6051,
0x2028, 0xA250, 0xA250, 0x2169, 0x0072, 0x2082, 0x2182, 0xE050, 0xE050, 0xA171,
0x438A, 0x2282, 0xE269, 0xE269, 0x6028, 0x0020, 0x0020, 0x8002, 0x8002, 0xC023,
0xE244, 0x002C, 0xC002, 0xC002, 0xC002, 0x000B, 0xA001, 0xA111, 0x2112, 0x2112,
0x201A, 0x6002, 0x2003, 0x2001, 0x2001, 0xA001, 0x4013, 0xC03C, 0x2024, 0x2024,
0xE00A, 0xA023, 0x424D, 0xE33C, 0xE33C, 0xA034, 0x8002, 0x8212, 0x8202, 0x0020,
0x0020, 0xC008, 0x601A, 0xC002, 0xE00A, 0xE00A, 0x0002, 0x0002, 0x2102, 0xC001,
0xC001, 0xE001, 0xA019, 0xA129, 0x4010, 0x4010, 0x4149, 0x2010, 0xA240, 0x2030,
0x0010, 0x0010, 0x6030, 0xC041, 0x2063, 0x0042, 0x0042, 0xC041, 0x0030, 0xC260,
0x4149, 0x4149, 0x225C, 0xE013, 0x8002, 0xE67E, 0xE67E, 0x017F, 0x2487, 0x025E,
0x4045, 0x6187, 0x6187, 0xA06E, 0xA434, 0x8155, 0xC04C, 0xC04C, 0x8001, 0x6112,
0x2013, 0xA034, 0xA034, 0xE034, 0x8002, 0x6134, 0xA04D, 0xA04D, 0xC034, 0x202C,
0x0013, 0x4002, 0x2001, 0x2001, 0x6000, 0x2009, 0xC009, 0xA00A, 0xA00A, 0xA102,
0x0302, 0x2402, 0x2102, 0x2102, 0xA009, 0xA001, 0x8109, 0x8129, 0x8129, 0x803A,
0xC154, 0x2124, 0x4102, 0x6087, 0x6087, 0xC08F, 0xC08F, 0x8055, 0xA055, 0xA055,
0x217F, 0xA16E, 0x434D, 0xC155, 0xC155, 0x6045, 0x0345, 0x811B, 0xA002, 0xA002,
0x8597, 0x2087, 0x8097, 0x6445, 0x446E, 0x446E, 0xC386, 0x216E, 0x403D, 0x814D,
0x814D, 0x8343, 0x2208, 0x6109, 0xC001, 0xC001, 0x001B, 0x0313, 0x2202, 0x0102,
0x0102, 0xC001, 0x6001, 0xE009, 0x202A, 0x8031, 0x8031, 0x0019, 0xA001, 0x8002,
0xE123, 0xE123, 0x2355, 0x403D, 0x424D, 0x8002, 0x8002, 0x6023, 0x054D, 0x6013,
0x021B, 0x021B, 0xC001, 0xE210, 0x6008, 0x6018, 0xA070, 0xA070, 0x85C3, 0x8092,
0x409A, 0x6210, 0x6210, 0x6038, 0x0061, 0x4192, 0x8282, 0x8282, 0x6058, 0xE248,
0x0008, 0x41BB, 0x41BB, 0xA0B2, 0x0008, 0xC29A, 0x60C3, 0x60C3, 0xC0D2, 0xC39A,
0x0051, 0x0030, 0x0030, 0x0030, 0x2092, 0xC050, 0x0100, 0xC0B2, 0xC0B2, 0xA09A,
0xE089, 0x2071, 0x0159, 0x0159, 0x2108, 0xC079, 0x00CB, 0x01C3, 0x01C3, 0xA0C2,
0xC050, 0xC358, 0x4620, 0x0018, 0x0018, 0xE038, 0x8082, 0x4071, 0x0261, 0x0261,
0x0020, 0x4240, 0x8060, 0xA071, 0xA071, 0x6062, 0x0018, 0x0141, 0xA151, 0xA151,
0x007A, 0xE079, 0xE079, 0x2059, 0xE050, 0xE050, 0x028A, 0xE081, 0x608A, 0x0020,
0x0020, 0x6318, 0x0008, 0x4151, 0x2279, 0x2279, 0xA141, 0x6059, 0xC060, 0x0030,
0x0030, 0xEB39, 0x9D85, 0xDF95, 0xBC84, 0x3964, 0x3964, 0xFD84, 0x7E95, 0xBA95,
0x9F7C, 0x9F7C, 0x9A74, 0xDB7C, 0x9E95, 0xB66C, 0xB66C, 0xD47C, 0x0000, 0x2459,
0xC068, 0xC068, 0x6192, 0xA059, 0x2008, 0x0010, 0x8038, 0x8038, 0x6282, 0xA079,
0xA081, 0x0061, 0x0061, 0x2359, 0x0128, 0x0010, 0x0020, 0x0020, 0xA08A, 0x8049,
0x0018, 0x0159, 0x0159, 0x8071, 0x4082, 0x0082, 0x217A, 0x6038, 0x6038, 0xE058,
0xC089, 0xC081, 0x4372, 0x4372, 0x6018, 0x0008, 0x6030, 0x6002, 0x6002, 0xE112,
0xC02B, 0x612B, 0x6402, 0x6402, 0xE002, 0x6002, 0xA001, 0x6229, 0x8121, 0x8121,
0xC029, 0x4012, 0x2103, 0xE011, 0xE011, 0x4122, 0x400A, 0x001C, 0xC02C, 0xC02C,
0x0424, 0xC22B, 0x202C, 0x6055, 0x6055, 0xA03C, 0x8002, 0xA202, 0x2002, 0x0048,
0x0048, 0x6038, 0xA021, 0x6002, 0xA002, 0xA002, 0xE001, 0xA412, 0xA31A, 0x601A,
0x601A, 0x202A, 0xC041, 0xC161, 0x0038, 0x0038, 0xA058, 0x0018, 0x0428, 0x0020,
0x0000, 0x0000, 0x0000, 0x0575, 0xE687, 0x4035, 0x4035, 0x002C, 0x4019, 0x0039,
0x0010, 0x0010, 0xE243, 0xC124, 0xC123, 0x0077, 0x0077, 0x407F, 0xA06E, 0x404D,
0x4045, 0x804D, 0x804D, 0x434D, 0xA145, 0x402C, 0x2244, 0x2244, 0xE011, 0x0112,
0x400A, 0x6334, 0x6334, 0x822C, 0x2024, 0x8334, 0x001C, 0x001C, 0x824D, 0xA03C,
0x6002, 0xC001, 0x6312, 0x6312, 0x4238, 0xE138, 0xC029, 0x4012, 0x4012, 0x4002,
0x6002, 0xC002, 0x2013, 0x2013, 0xA341, 0xA029, 0xC039, 0x8041, 0x8041, 0x4029,
0x2044, 0x401C, 0x4024, 0x608F, 0x608F, 0x2287, 0x8476, 0x204D, 0x0045, 0x0045,
0xC055, 0x804D, 0xE03C, 0xE31B, 0xE31B, 0x802C, 0x4024, 0x202C, 0x002C, 0x002C,
0x818F, 0x8197, 0xC065, 0x004E, 0xA034, 0xA034, 0xC265, 0xA04D, 0x4035, 0x2024,
0x2024, 0x634B, 0x8020, 0x6021, 0xC019, 0xC019, 0x801A, 0x6002, 0x0002, 0xE01A,
0xE01A, 0x0033, 0x8011, 0x6001, 0x0252, 0xC058, 0xC058, 0x4028, 0xC409, 0xC202,
0x6003, 0x6003, 0xE04C, 0x002D, 0xA02C, 0x031C, 0x031C, 0x2014, 0xC024, 0x8013,
0xE209, 0xE209, 0xE019, 0x2021, 0x4008, 0x0010, 0xA0BA, 0xA0BA, 0x41C3, 0x60AA,
0x407A, 0x2118, 0x2118, 0x6038, 0x0079, 0x2482, 0x2182, 0x2182, 0xE060, 0xA130,
0x0010, 0x42BB, 0x42BB, 0x60BA, 0x4048, 0x6651, 0xC339, 0xC339, 0xE2AA, 0x8079,
0xE060, 0x6038, 0x8130, 0x8130, 0xE181, 0x0051, 0x2000, 0x0072, 0x0072, 0x0082,
0x0082, 0x6079, 0x0259, 0x0259, 0x0018, 0xC471, 0x61D3, 0x609A, 0x609A, 0x408A,
0x2069, 0xA140, 0x0010, 0x0018, 0x0018, 0x8048, 0x2092, 0x6061, 0x0241, 0x0241,
0x2028, 0x6040, 0x2069, 0x2182, 0x2182, 0xE071, 0x0018, 0x8028, 0x4028, 0x4028,
0x607A, 0xC081, 0x2082, 0xE040, 0x8018, 0x8018, 0x029A, 0xE089, 0xA08A, 0x0020,
0x0020, 0x0010, 0x0018, 0x8061, 0x228A, 0x228A, 0x839A, 0x4251, 0x2020, 0x0018,
0x0018, 0xC841, 0xBB9D, 0x387D, 0xB995, 0x1C85, 0x1C85, 0xBA74, 0x7B8D, 0x7553,
0xBE95, 0xBE95, 0x7A74, 0xD87C, 0x187D, 0x5974, 0x5974, 0xAE63, 0x0000, 0x6040,
0xE068, 0xE068, 0x6492, 0x2051, 0x4120, 0x2000, 0x6038, 0x6038, 0x018A, 0x207A,
0x4072, 0x0059, 0x0059, 0xE058, 0x0520, 0x0110, 0x0020, 0x0020, 0x2272, 0x0262,
0x0018, 0x4020, 0x4020, 0xC040, 0x2082, 0x208A, 0xE079, 0x2010, 0x2010, 0x4151,
0x2092, 0x208A, 0xE179, 0xE179, 0x0000, 0x0030, 0x0118, 0xE002, 0xE002, 0x6012,
0x2202, 0x6002, 0x0103, 0x0103, 0x0049, 0x8039, 0x4152, 0x4010, 0xA378, 0xA378,
0x4050, 0xA001, 0x4209, 0x0528, 0x0528, 0x0161, 0x4038, 0x2139, 0x4232, 0x4232,
0x4023, 0x400B, 0x4002, 0x4023, 0x4023, 0xA002, 0xA019, 0x4049, 0x4021, 0x0051,
0x0051, 0xC040, 0xC079, 0x8059, 0x0021, 0x0021, 0x6051, 0x452A, 0x8012, 0x0049,
0x0049, 0x0230, 0x0052, 0x8079, 0x0028, 0x0028, 0x8028, 0x0210, 0x0038, 0x602B,
0xE13B, 0xE13B, 0x606D, 0x4095, 0x034E, 0x8045, 0x8045, 0x833C, 0xC00A, 0x4024,
0x4024, 0x4024, 0xC102, 0xE21B, 0x424D, 0x2024, 0x2024, 0x0245, 0xC23C, 0x2024,
0x0024, 0x400B, 0x400B, 0x6013, 0xE04C, 0xA00B, 0xA002, 0xA002, 0x0048, 0x4050,
0x2049, 0x8019, 0x8019, 0xA051, 0xA003, 0x2012, 0x2012, 0x2012, 0xE403, 0x2203,
0x6119, 0x2341, 0xA018, 0xA018, 0xA160, 0xE058, 0xE069, 0xE048, 0xE048, 0xC040,
0x8341, 0xA332, 0xA002, 0xA002, 0xC038, 0x0038, 0x41A1, 0x8380, 0x8380, 0x0009,
0xA012, 0x603C, 0x4035, 0xC154, 0xC154, 0xC054, 0xA044, 0x202C, 0x811B, 0x811B,
0x6002, 0x222C, 0x4045, 0xC002, 0xC002, 0xE002, 0x2003, 0xA034, 0x2145, 0x2145,
0x802C, 0x213D, 0x8045, 0x2124, 0x0014, 0x0014, 0xC002, 0x0034, 0xE455, 0x4003,
0x4003, 0xA02A, 0x0040, 0x8061, 0x8281, 0x8281, 0x4031, 0xE029, 0x4041, 0xA019,
0xA019, 0x201A, 0x4060, 0x0041, 0xE071, 0xC058, 0xC058, 0xE010, 0xA030, 0x4012,
0x000A, 0x000A, 0xA02A, 0xE00A, 0x6002, 0xE022, 0xE022, 0x243B, 0xC329, 0xE138,
0xC058, 0xC058, 0x2068, 0x0210, 0x0120, 0x0028, 0x80BA, 0x80BA, 0x40C3, 0x60AA,
0x207A, 0x0110, 0x0110, 0x6038, 0x0071, 0x6269, 0xE171, 0xE171, 0x2071, 0x6038,
0x0018, 0x22B3, 0x22B3, 0x00BB, 0xA050, 0x4030, 0x4010, 0x4010, 0x208A, 0x8079,
0xE060, 0x4030, 0x4028, 0x4028, 0xE181, 0x6061, 0x4108, 0x227A, 0x227A, 0x208A,
0xE079, 0x4071, 0xE050, 0xE050, 0x0018, 0xA169, 0x20CB, 0x4092, 0x4092, 0x0082,
0xE060, 0x6140, 0x0010, 0x2018, 0x2018, 0xA050, 0x2092, 0x4061, 0xE240, 0xE240,
0x2028, 0x6040, 0x2069, 0x2182, 0x2182, 0xC069, 0x0010, 0x8028, 0x4028, 0x4028,
0x407A, 0x8079, 0xE079, 0xC040, 0x8020, 0x8020, 0xE191, 0x008A, 0xA08A, 0x0020,
0x0020, 0x0018, 0x0020, 0xA069, 0x028A, 0x028A, 0xC079, 0x6051, 0x4020, 0x0018,
0x0018, 0x4831, 0x7974, 0x1954, 0x3864, 0x9A8D, 0x9A8D, 0xFD84, 0xFB7C, 0xDD7C,
0x946C, 0x946C, 0xFD9D, 0x9A8D, 0xBC74, 0xFFA5, 0xFFA5, 0x714B, 0x6320, 0xC050,
0x8058, 0x8058, 0x027A, 0xA051, 0x0028, 0x4118, 0xA040, 0xA040, 0xE281, 0x0182,
0xE079, 0xE050, 0xE050, 0xA048, 0x0228, 0x0120, 0x6038, 0x6038, 0xE269, 0xA259,
0x0010, 0x0018, 0x0018, 0xC040, 0x418A, 0x6092, 0xE179, 0x0008, 0x0008, 0xC040,
0xE081, 0x2082, 0x0182, 0x0182, 0x2010, 0x6028, 0x2118, 0x6002, 0x6002, 0xC009,
0x8001, 0x001A, 0x811A, 0x811A, 0x8048, 0xC160, 0x6259, 0x4018, 0x0071, 0x0071,
0x6058, 0x2020, 0x0028, 0xC028, 0xC028, 0xE075, 0x816B, 0x4038, 0x4049, 0x4049,
0x0009, 0xA301, 0x2102, 0xE011, 0xE011, 0x8002, 0x2002, 0xE049, 0x2449, 0x025A,
0x025A, 0x4030, 0x0089, 0x0269, 0x0028, 0x0028, 0xC071, 0xA029, 0x2001, 0x4161,
0x4161, 0x0038, 0x8059, 0x0199, 0x2018, 0x2018, 0x0018, 0x2010, 0xC000, 0x833C,
0x824D, 0x824D, 0xE077, 0xE05E, 0x6024, 0xA155, 0xA155, 0x843C, 0x0013, 0xE03C,
0xA034, 0xA034, 0x400B, 0xE01B, 0x214D, 0x200B, 0x200B, 0x8013, 0xA23C, 0x8234,
0x000B, 0x6002, 0x6002, 0xE223, 0x8225, 0x8023, 0xC212, 0xC212, 0x804B, 0x2875,
0xE272, 0x4028, 0x4028, 0x6051, 0x0012, 0xC019, 0x8009, 0x8009, 0x000A, 0xE009,
0x8011, 0xC041, 0xC259, 0xC259, 0x2051, 0xE050, 0xC279, 0xE058, 0xE058, 0x4038,
0xA251, 0xA031, 0x6019, 0x6019, 0xC658, 0x8040, 0x8081, 0xC259, 0xC259, 0x6001,
0x6003, 0x4024, 0x0245, 0xC002, 0xC002, 0xA00B, 0x8245, 0xE213, 0xE102, 0xE102,
0x0003, 0x0014, 0xC355, 0x8013, 0x8013, 0xC002, 0x200B, 0xE03C, 0x0045, 0x0045,
0x0003, 0xA01B, 0x003D, 0x210B, 0x6003, 0x6003, 0xC102, 0x0124, 0xC12C, 0x4003,
0x4003, 0xE042, 0xE170, 0x0061, 0xA2A1, 0xA2A1, 0x0059, 0xA151, 0x2261, 0xA229,
0xA229, 0x210A, 0xC038, 0x0050, 0xE179, 0x0058, 0x0058, 0x0230, 0x0149, 0x2303,
0x6402, 0x6402, 0x6319, 0x2112, 0xC001, 0x4002, 0x4002, 0xA011, 0x6030, 0x6059,
0x646C, 0x646C, 0x8456, 0x0021, 0x0010, 0x0020, 0x80BA, 0x80BA, 0x40C3, 0x60AA,
0x207A, 0x0110, 0x0110, 0x6038, 0x0071, 0x6269, 0xE171, 0xE171, 0x2071, 0x6038,
0x0018, 0x22B3, 0x22B3, 0x00BB, 0xA050, 0x4030, 0x4010, 0x4010, 0x208A, 0x8079,
0xE060, 0x4030, 0x4028, 0x4028, 0xE181, 0x6061, 0x4108, 0x227A, 0x227A, 0x208A,
0xE079, 0x4071, 0xE050, 0xE050, 0x0018, 0xA169, 0x20CB, 0x4092, 0x4092, 0x0082,
0xE060, 0x6140, 0x0010, 0x2018, 0x2018, 0xA050, 0x2092, 0x4061, 0xE240, 0xE240,
0x2028, 0x6040, 0x2069, 0x2182, 0x2182, 0xC069, 0x0010, 0x8028, 0x4028, 0x4028,
0x407A, 0x8079, 0xE079, 0xC040, 0x8020, 0x8020, 0xE191, 0x008A, 0xA08A, 0x0020,
0x0020, 0x0018, 0x0020, 0xA069, 0x028A, 0x028A, 0xC079, 0x6051, 0x4020, 0x0018,
0x0018, 0x4831, 0x7974, 0x1954, 0x3864, 0x9A8D, 0x9A8D, 0xFD84, 0xFB7C, 0xDD7C,
0x946C, 0x946C, 0xFD9D, 0x9A8D, 0xBC74, 0xFFA5, 0xFFA5, 0x714B, 0x6320, 0xC050,
0x8058, 0x8058, 0x027A, 0xA051, 0x0028, 0x4118, 0xA040, 0xA040, 0xE281, 0x0182,
0xE079, 0xE050, 0xE050, 0xA048, 0x0228, 0x0120, 0x6038, 0x6038, 0xE269, 0xA259,
0x0010, 0x0018, 0x0018, 0xC040, 0x418A, 0x6092, 0xE179, 0x0008, 0x0008, 0xC040,
0xE081, 0x2082, 0x0182, 0x0182, 0x2010, 0x6028, 0x2118, 0x6002, 0x6002, 0xC009,
0x8001, 0x001A, 0x811A, 0x811A, 0x8048, 0xC160, 0x6259, 0x4018, 0x0071, 0x0071,
0x6058, 0x2020, 0x0028, 0xC028, 0xC028, 0xE075, 0x816B, 0x4038, 0x4049, 0x4049,
0x0009, 0xA301, 0x2102, 0xE011, 0xE011, 0x8002, 0x2002, 0xE049, 0x2449, 0x025A,
0x025A, 0x4030, 0x0089, 0x0269, 0x0028, 0x0028, 0xC071, 0xA029, 0x2001, 0x4161,
0x4161, 0x0038, 0x8059, 0x0199, 0x2018, 0x2018, 0x0018, 0x2010, 0xC000, 0x833C,
0x824D, 0x824D, 0xE077, 0xE05E, 0x6024, 0xA155, 0xA155, 0x843C, 0x0013, 0xE03C,
0xA034, 0xA034, 0x400B, 0xE01B, 0x214D, 0x200B, 0x200B, 0x8013, 0xA23C, 0x8234,
0x000B, 0x6002, 0x6002, 0xE223, 0x8225, 0x8023, 0xC212, 0xC212, 0x804B, 0x2875,
0xE272, 0x4028, 0x4028, 0x6051, 0x0012, 0xC019, 0x8009, 0x8009, 0x000A, 0xE009,
0x8011, 0xC041, 0xC259, 0xC259, 0x2051, 0xE050, 0xC279, 0xE058, 0xE058, 0x4038,
0xA251, 0xA031, 0x6019, 0x6019, 0xC658, 0x8040, 0x8081, 0xC259, 0xC259, 0x6001,
0x6003, 0x4024, 0x0245, 0xC002, 0xC002, 0xA00B, 0x8245, 0xE213, 0xE102, 0xE102,
0x0003, 0x0014, 0xC355, 0x8013, 0x8013, 0xC002, 0x200B, 0xE03C, 0x0045, 0x0045,
0x0003, 0xA01B, 0x003D, 0x210B, 0x6003, 0x6003, 0xC102, 0x0124, 0xC12C, 0x4003,
0x4003, 0xE042, 0xE170, 0x0061, 0xA2A1, 0xA2A1, 0x0059, 0xA151, 0x2261, 0xA229,
0xA229, 0x210A, 0xC038, 0x0050, 0xE179, 0x0058, 0x0058, 0x0230, 0x0149, 0x2303,
0x6402, 0x6402, 0x6319, 0x2112, 0xC001, 0x4002, 0x4002, 0xA011, 0x6030, 0x6059,
0x646C, 0x646C, 0x8456, 0x0021, 0x0010, 0x0020, 0xA0C2, 0xA0C2, 0x20C3, 0x80B2,
0x007A, 0x0008, 0x0008, 0x8038, 0x0069, 0xA040, 0x8038, 0x8038, 0xE2B2, 0x05AB,
0xC269, 0xC079, 0xC079, 0x6079, 0xA048, 0x8050, 0x0008, 0x0008, 0x008A, 0xA081,
0x2069, 0xA138, 0xE238, 0xE238, 0x428A, 0x6069, 0x0008, 0xA179, 0xA179, 0x008A,
0x0182, 0xA079, 0x6151, 0x6151, 0x4020, 0xC071, 0x00C3, 0x4092, 0x4092, 0xE079,
0xC058, 0x6038, 0x0010, 0x6028, 0x6028, 0x0061, 0x008A, 0x2059, 0xA130, 0xA130,
0x0020, 0x6040, 0x0069, 0x0082, 0x0082, 0xC069, 0x0110, 0x4020, 0x0018, 0x0018,
0xA069, 0x6071, 0xE079, 0xC048, 0x6028, 0x6028, 0x008A, 0x208A, 0x8082, 0x0028,
0x0028, 0x0018, 0x0020, 0x6061, 0x6079, 0x6079, 0x2092, 0x0272, 0xA030, 0x0020,
0x0020, 0x8A39, 0xFC7C, 0xDD64, 0x395C, 0x5A6C, 0x5A6C, 0xF87C, 0xDB7C, 0xFA9D,
0x9B74, 0x9B74, 0x5985, 0x5B6C, 0x3C85, 0x9974, 0x9974, 0xF65B, 0x6340, 0x017A,
0xA08A, 0xA08A, 0x0182, 0x6562, 0xA068, 0x0128, 0x6038, 0x6038, 0xE058, 0xC068,
0xA058, 0x0030, 0x0030, 0x4030, 0xA048, 0xC040, 0x8048, 0x8048, 0x2040, 0x4038,
0x0018, 0x0220, 0x0220, 0x8040, 0x4069, 0xC081, 0xA171, 0x0008, 0x0008, 0x0049,
0x2082, 0x618A, 0xC079, 0xC079, 0x0018, 0x8008, 0x0008, 0xC011, 0xC011, 0x2019,
0xC018, 0xA049, 0x4252, 0x4252, 0xC060, 0x0038, 0xA06A, 0x679E, 0xC044, 0xC044,
0xA13C, 0x8049, 0x4079, 0xE086, 0xE086, 0xA045, 0x0664, 0xA048, 0xC079, 0xC079,
0xA069, 0xC330, 0x0220, 0x0120, 0x0120, 0x0030, 0x6069, 0x8062, 0xC240, 0xC158,
0xC158, 0x0038, 0x215A, 0x4479, 0x0010, 0x0010, 0xC079, 0xE169, 0xE038, 0xA168,
0xA168, 0x0039, 0x8265, 0x436D, 0x602B, 0x602B, 0xA008, 0x601A, 0xE145, 0xC022,
0x4023, 0x4023, 0x6045, 0xE234, 0x6055, 0x4002, 0x4002, 0xE023, 0xA355, 0x641B,
0x200B, 0x200B, 0x005E, 0x054D, 0x414D, 0x414D, 0x414D, 0xA03C, 0x8013, 0x200B,
0x400B, 0x2003, 0x2003, 0x2003, 0xE002, 0x000B, 0x230B, 0x230B, 0xA07E, 0x623D,
0x0054, 0x2008, 0x2008, 0x038A, 0x4369, 0x0020, 0x0010, 0x0010, 0x0038, 0x8030,
0x2042, 0xA06A, 0x2060, 0x2060, 0x2029, 0x6030, 0x4471, 0x0271, 0x0271, 0x6040,
0x426A, 0x0049, 0x6040, 0x6040, 0x0048, 0x8052, 0xC284, 0x0255, 0x0255, 0x204B,
0x822D, 0x623D, 0x2455, 0xE34D, 0xE34D, 0x6024, 0x0003, 0xC002, 0x2103, 0x2103,
0xC002, 0xC002, 0xA002, 0xE202, 0xE202, 0x422C, 0x4145, 0xC03C, 0x0045, 0x0045,
0x2045, 0x813C, 0x8002, 0xE002, 0xC002, 0xC002, 0x8002, 0x601B, 0x4003, 0x2203,
0x2203, 0x4022, 0x4030, 0xA030, 0x4171, 0x4171, 0x8048, 0x4040, 0x6489, 0xE048,
0xE048, 0xC239, 0xA158, 0xE069, 0xE86E, 0x832C, 0x832C, 0x0352, 0x0081, 0x4041,
0x8149, 0x8149, 0xA040, 0x0028, 0x0028, 0x0059, 0x0059, 0x6281, 0x6070, 0x207A,
0x2054, 0x2054, 0x413E, 0x446C, 0xE018, 0x0018, 0xE0CA, 0xE0CA, 0x20C3, 0x80B2,
0x2082, 0x0108, 0x0108, 0x8038, 0xE060, 0x2028, 0xA030, 0xA030, 0x43C3, 0xA0B2,
0x017A, 0xE079, 0xE079, 0x2282, 0x8261, 0x0048, 0x0008, 0x0008, 0xE089, 0xC081,
0x0061, 0x4030, 0xA030, 0xA030, 0xE089, 0x2061, 0x0020, 0xA081, 0xA081, 0x008A,
0xE179, 0xA171, 0x4251, 0x4251, 0x6020, 0xE071, 0xE1BA, 0x8092, 0x8092, 0x007A,
0xE060, 0x8140, 0x4020, 0x0041, 0x0041, 0x8271, 0x008A, 0xE050, 0x6028, 0x6028,
0x0020, 0x6040, 0x0061, 0xE079, 0xE079, 0xA069, 0x0208, 0x6120, 0x0028, 0x0028,
0x8069, 0xC060, 0xE058, 0x2038, 0x2028, 0x2028, 0x2082, 0xE081, 0x007A, 0x2030,
0x2030, 0x0020, 0x0018, 0xC048, 0xE060, 0xE060, 0x6060, 0x8048, 0x2128, 0x0128,
0x0128, 0x6839, 0x5B8D, 0xFF8D, 0x7FA6, 0xDE7C, 0xDE7C, 0xF87C, 0x9D95, 0xD68D,
0x9F95, 0x9F95, 0x5764, 0x3C6C, 0x1B85, 0xDA6C, 0xDA6C, 0xBA84, 0x2068, 0x8069,
0xA072, 0xA072, 0xA089, 0xC259, 0x4089, 0x2138, 0x6138, 0x6138, 0x2059, 0xC068,
0xE268, 0x0228, 0x0228, 0xE238, 0x4082, 0xC069, 0x017A, 0x017A, 0xC058, 0x8148,
0x0218, 0x0010, 0x0010, 0x2030, 0x0061, 0x0069, 0x6169, 0x0010, 0x0010, 0x4049,
0x007A, 0x417A, 0x8071, 0x8071, 0x2028, 0x6008, 0x0018, 0xC049, 0xC049, 0x2039,
0x4030, 0x2061, 0xC371, 0xC371, 0xE058, 0x0018, 0x005E, 0x803D, 0x405B, 0x405B,
0x846C, 0xA364, 0x805B, 0xC056, 0xC056, 0x411C, 0xE323, 0xE119, 0xC020, 0xC020,
0xC061, 0x6048, 0x0130, 0xE250, 0xE250, 0x6269, 0xA474, 0x6045, 0x213A, 0x2019,
0x2019, 0x0020, 0x0039, 0xC048, 0x0128, 0x0128, 0x8160, 0x4361, 0x2249, 0xE148,
0xE148, 0xC14A, 0x235E, 0x8024, 0x0262, 0x0262, 0x6018, 0x0143, 0xC135, 0x6054,
0xA05D, 0xA05D, 0x818F, 0xC55E, 0xE044, 0xE002, 0xE002, 0xE013, 0x822C, 0xE102,
0x6002, 0x6002, 0x8034, 0xE02B, 0x802C, 0x2145, 0x2145, 0xE23C, 0x0024, 0x2003,
0xE002, 0xE002, 0xE002, 0x2002, 0xC001, 0xC002, 0xC303, 0xC303, 0x2176, 0xA013,
0x614C, 0x2009, 0x2009, 0x8048, 0x6361, 0x8018, 0x8118, 0x8118, 0x2349, 0x605A,
0xE26C, 0xA474, 0x2049, 0x2049, 0x8021, 0x2020, 0x6058, 0x4058, 0x4058, 0x0028,
0x6049, 0x2059, 0xA068, 0xA068, 0x4058, 0xE04B, 0xA155, 0xC01C, 0xC01C, 0xE059,
0x4034, 0x6034, 0x003C, 0xC044, 0xC044, 0xA144, 0x8123, 0x801B, 0x2013, 0x2013,
0x0002, 0xA312, 0x6102, 0xE60A, 0xE60A, 0x600B, 0x201C, 0x612C, 0xA034, 0xA034,
0x804D, 0xA03C, 0x431B, 0x410B, 0x4002, 0x4002, 0x400A, 0x600A, 0x4002, 0x620B,
0x620B, 0xE212, 0x4009, 0x0110, 0x4361, 0x4361, 0x6030, 0x0030, 0x4781, 0xE060,
0xE060, 0xE048, 0x0050, 0x215D, 0x2025, 0x6053, 0x6053, 0xC050, 0x2053, 0x6666,
0x005B, 0x005B, 0xC080, 0xC120, 0x2028, 0x0038, 0x0038, 0x4151, 0xE010, 0x602B,
0xC013, 0xC013, 0x0135, 0xA66C, 0xA008, 0x0018, 0x21D3, 0x21D3, 0x20C3, 0x60B2,
0x408A, 0x0218, 0x0218, 0xA038, 0xE060, 0x2028, 0x2020, 0x2020, 0x22C3, 0xA0BA,
0x2082, 0x2061, 0x2061, 0x4061, 0x6359, 0x6050, 0x0008, 0x0008, 0x218A, 0x238A,
0x2061, 0x0020, 0x4028, 0x4028, 0xE089, 0xE079, 0x007A, 0xC0B2, 0xC0B2, 0x609A,
0x6061, 0xC050, 0x6128, 0x6128, 0x0010, 0x6061, 0xA0AA, 0x8092, 0x8092, 0x007A,
0xE060, 0x8040, 0x4020, 0x4149, 0x4149, 0xA281, 0x008A, 0xC048, 0x4020, 0x4020,
0x0020, 0x6040, 0x0061, 0xE079, 0xE079, 0xA069, 0x0100, 0x0018, 0x0020, 0x0020,
0xE058, 0xE160, 0x4059, 0x8140, 0x2028, 0x2028, 0x4082, 0xA071, 0x8069, 0xA148,
0xA148, 0xA038, 0x0020, 0x8040, 0x0061, 0x0061, 0xC070, 0x0038, 0x0020, 0x0020,
0x0020, 0x8841, 0x3A8D, 0xFA74, 0x1885, 0x1D9E, 0x1D9E, 0x7B74, 0x3A85, 0x5C74,
0x1475, 0x1475, 0x596C, 0x9C8D, 0xFC63, 0x3F9E, 0x3F9E, 0x7794, 0x2080, 0x0049,
0x2039, 0x2039, 0xE0A9, 0x4061, 0x0079, 0x0028, 0x0020, 0x0020, 0x2051, 0x0069,
0x6471, 0x0018, 0x0018, 0xE038, 0x808A, 0xE079, 0x6092, 0x6092, 0x0061, 0xE250,
0x6228, 0x0010, 0x0010, 0x6030, 0x2061, 0x4069, 0xC279, 0x0010, 0x0010, 0xA038,
0xE050, 0xA061, 0x8071, 0x8071, 0x4259, 0xE038, 0x2128, 0x017A, 0x017A, 0x8069,
0x4048, 0xE058, 0x0161, 0x0161, 0x6030, 0x2450, 0x215C, 0x016C, 0x0048, 0x0048,
0x2141, 0xA03A, 0x8059, 0xC052, 0xC052, 0x8019, 0x0032, 0xA241, 0x0228, 0x0228,
0x4148, 0x2048, 0x2030, 0x2020, 0x2020, 0xE049, 0xC03A, 0x2023, 0x2249, 0xE341,
0xE341, 0x2028, 0x0029, 0xA038, 0xC118, 0xC118, 0x6038, 0x8048, 0x6050, 0x0040,
0x0040, 0xC048, 0xC129, 0x002A, 0x0058, 0x0058, 0xC321, 0xA01A, 0xA00B, 0xC465,
0x4056, 0x4056, 0x4044, 0x2045, 0x204D, 0x213D, 0x213D, 0x2014, 0x8002, 0xE102,
0x8002, 0x8002, 0x8002, 0xA013, 0xE034, 0x201C, 0x201C, 0x001C, 0x2224, 0x000B,
0x4002, 0x6002, 0x6002, 0xE001, 0x4212, 0x8002, 0xE10B, 0xE10B, 0x201A, 0xA019,
0x4062, 0xE049, 0xE049, 0x4028, 0x0018, 0x6149, 0x6251, 0x6251, 0xC140, 0x415A,
0x2053, 0xE029, 0x2329, 0x2329, 0x4329, 0x8030, 0xE060, 0x0161, 0x0161, 0xA038,
0x8020, 0x8051, 0x6069, 0x6069, 0xA281, 0xA042, 0xA03A, 0xC001, 0xC001, 0x4050,
0x2002, 0xC002, 0xC00A, 0xC054, 0xC054, 0x425D, 0x465D, 0x4113, 0x0003, 0x0003,
0xA02C, 0xA013, 0x8002, 0xC002, 0xC002, 0x6002, 0x4002, 0xA102, 0xA002, 0xA002,
0x013D, 0x6045, 0xA055, 0xA313, 0x2213, 0x2213, 0x643C, 0xA113, 0xC002, 0xC002,
0xC002, 0x2012, 0x6011, 0x0030, 0x2369, 0x2369, 0x0018, 0x4008, 0x8028, 0xC038,
0xC038, 0x4028, 0x2038, 0x0152, 0x602A, 0xA031, 0xA031, 0xE050, 0x6021, 0x2043,
0x0063, 0x0063, 0x8041, 0x0040, 0x0020, 0x0018, 0x0018, 0x4241, 0xA059, 0x8172,
0xA041, 0xA041, 0x8021, 0xE221, 0x0008, 0xE140, 0x01C3, 0x01C3, 0x40C3, 0x60AA,
0x2082, 0x0218, 0x0218, 0xA038, 0xC060, 0x6030, 0xA030, 0xA030, 0x42CB, 0x80B2,
0x0082, 0x2069, 0x2069, 0x0059, 0x2251, 0x4040, 0x4110, 0x4110, 0xE189, 0xE281,
0x0059, 0x6028, 0xC030, 0xC030, 0x409A, 0xA19A, 0x41B3, 0x80D3, 0x80D3, 0xC0AA,
0x2059, 0x6040, 0x0118, 0x0118, 0x0008, 0xE050, 0x209A, 0x4082, 0x4082, 0xE071,
0xC058, 0x4038, 0x2018, 0x2049, 0x2049, 0x6079, 0x208A, 0xA040, 0x2020, 0x2020,
0x0018, 0x8048, 0x0069, 0xE079, 0xE079, 0xC071, 0x0008, 0x0020, 0x0030, 0x0030,
0x0061, 0x2261, 0x4051, 0x8238, 0x2028, 0x2028, 0x4082, 0x4071, 0x0061, 0x0259,
0x0259, 0x4051, 0x2128, 0xC148, 0x6261, 0x6261, 0xE058, 0xE238, 0x4118, 0x0010,
0x0010, 0x6939, 0x1FAE, 0xFF9D, 0x5974, 0x986C, 0x986C, 0x7B74, 0x3564, 0x9D74,
0x345C, 0x345C, 0x9C74, 0x3A85, 0x5E8D, 0xDC74, 0xDC74, 0xF6A4, 0x0058, 0xA038,
0x6028, 0x6028, 0x6191, 0xC271, 0x0059, 0x4030, 0x4028, 0x4028, 0x0049, 0xE050,
0x2259, 0x0020, 0x0020, 0x0049, 0x4082, 0x007A, 0xE081, 0xE081, 0x8050, 0xA040,
0xA128, 0x6018, 0x6018, 0x6030, 0xC058, 0x8071, 0x0382, 0x0018, 0x0018, 0x0028,
0x0028, 0x0049, 0x4071, 0x4071, 0x037A, 0x0159, 0x2020, 0x008A, 0x008A, 0xA081,
0xA168, 0x6051, 0xC150, 0xC150, 0x0010, 0xA068, 0x25AA, 0xA068, 0x8251, 0x8251,
0x8000, 0xA149, 0xA5C1, 0x4060, 0x4060, 0x2000, 0x4018, 0x0030, 0x0128, 0x0128,
0x4008, 0x0044, 0xE376, 0x243D, 0x243D, 0x804B, 0x8040, 0x4150, 0x0048, 0xC178,
0xC178, 0x0030, 0x8000, 0x0118, 0x0020, 0x0020, 0x4128, 0xE263, 0xA58E, 0x603C,
0x603C, 0x413B, 0xC120, 0xE048, 0x0010, 0x0010, 0x2002, 0x8002, 0x6123, 0xC33C,
0xE034, 0xE034, 0x0012, 0x2354, 0x4255, 0x233D, 0x233D, 0xC22C, 0xA002, 0xC001,
0x010A, 0x010A, 0x0113, 0x2424, 0xA334, 0x8013, 0x8013, 0x000B, 0x800A, 0x0002,
0x201A, 0x2122, 0x2122, 0x8011, 0x6109, 0x2003, 0x8003, 0x8003, 0x2020, 0x6058,
0x0079, 0x2049, 0x2049, 0xE558, 0x0028, 0xA189, 0xC2A1, 0xC2A1, 0x8068, 0xE060,
0xE058, 0x0028, 0x0228, 0x0228, 0x4218, 0x8030, 0x2051, 0x6159, 0x6159, 0x0339,
0x2018, 0xC159, 0x407A, 0x407A, 0xE181, 0xA061, 0xE070, 0x2130, 0x2130, 0x8340,
0x4002, 0xE002, 0x6002, 0x4045, 0x4045, 0x624D, 0xA234, 0xC013, 0xA00B, 0xA00B,
0xE134, 0x6124, 0x810B, 0x401A, 0x401A, 0x2001, 0x8101, 0x6402, 0xC002, 0xC002,
0x4345, 0x203D, 0x614D, 0xC00B, 0xA01B, 0xA01B, 0x003D, 0x410C, 0x2103, 0x0012,
0x0012, 0xA028, 0x0049, 0xE020, 0x2129, 0x2129, 0x8353, 0x805D, 0xE285, 0xA139,
0xA139, 0x0320, 0x0320, 0x4018, 0x0008, 0xA120, 0xA120, 0xA340, 0x0018, 0xE078,
0xC091, 0xC091, 0x2171, 0xE048, 0x0008, 0x6008, 0x6008, 0x6028, 0x038A, 0x4081,
0x2159, 0x2159, 0x0008, 0x2010, 0x0018, 0x0159, 0xA0AA, 0xA0AA, 0x41BB, 0x60AA,
0xA071, 0x0110, 0x0110, 0xA040, 0xE060, 0x8038, 0x4030, 0x4030, 0x21C3, 0xC0AA,
0x207A, 0x6071, 0x6071, 0xE060, 0x2349, 0xE240, 0x2110, 0x2110, 0x0069, 0x0061,
0xA048, 0x6028, 0xC030, 0xC030, 0x0092, 0x809A, 0x20BB, 0x40DB, 0x40DB, 0xA0B2,
0x2059, 0x8038, 0x0110, 0x0110, 0x0008, 0x0059, 0xE089, 0x4082, 0x4082, 0xE071,
0xC058, 0x4038, 0x0018, 0x2049, 0x2049, 0x2071, 0x418A, 0xA040, 0x0018, 0x0018,
0x0020, 0xA048, 0x2069, 0xE081, 0xE081, 0xC071, 0x2010, 0x6051, 0xE381, 0xE381,
0x418A, 0xA050, 0x0018, 0x0018, 0x6030, 0x6030, 0x2082, 0x4171, 0xC060, 0x0261,
0x0261, 0x4051, 0x0128, 0xA138, 0xE048, 0xE048, 0x485A, 0x2E63, 0x2B3A, 0x0B42,
0x0B42, 0x0D3A, 0x9A74, 0xBF8D, 0x7A74, 0xF95B, 0xF95B, 0x7B8D, 0x586C, 0x5A8D,
0x7F74, 0x7F74, 0xDC7C, 0x9A74, 0x7CAE, 0x5B74, 0x5B74, 0x9895, 0x2A52, 0xC338,
0x0020, 0x0020, 0x6961, 0x065A, 0xC138, 0x6018, 0x0028, 0x0028, 0x0028, 0x0020,
0x0018, 0x8038, 0x8038, 0x0059, 0x6061, 0x017A, 0xE281, 0xE281, 0x0161, 0xE140,
0x2010, 0x0008, 0x0008, 0x2028, 0xC158, 0x8069, 0x228A, 0x0018, 0x0018, 0x0128,
0x0028, 0x0149, 0x0069, 0x0069, 0x0182, 0x0061, 0x2000, 0x007A, 0x007A, 0xC089,
0xA170, 0x8041, 0xA148, 0xA148, 0x0018, 0xA020, 0x6050, 0x6071, 0x0069, 0x0069,
0x0018, 0xC041, 0xA092, 0x8048, 0x8048, 0x0018, 0x0018, 0xA138, 0x8241, 0x8241,
0x202A, 0x4055, 0x006F, 0x803D, 0x803D, 0x4025, 0xE102, 0x6432, 0x0029, 0x0031,
0x0031, 0x2328, 0x0030, 0x8121, 0x8021, 0x8021, 0x0022, 0x804C, 0xE376, 0xE035,
0xE035, 0x4025, 0xA002, 0x600A, 0xA029, 0xA029, 0x2008, 0x6242, 0xA018, 0x400A,
0x801B, 0x801B, 0x8124, 0xE00B, 0x4002, 0xC03C, 0xC03C, 0x6434, 0xE001, 0xA011,
0xA019, 0xA019, 0x0412, 0x6002, 0x8002, 0xE001, 0xE001, 0xE001, 0xE011, 0x2132,
0xA139, 0xA028, 0xA028, 0x4149, 0xC220, 0x811A, 0x400A, 0x400A, 0x8281, 0xA599,
0x819A, 0x0018, 0x0018, 0x0038, 0x6218, 0x6059, 0x0082, 0x0082, 0xE060, 0xA150,
0x4059, 0x8038, 0x0110, 0x0110, 0x0018, 0x2020, 0x0018, 0x0018, 0x0018, 0x0028,
0x4038, 0x8061, 0x407A, 0x407A, 0xC081, 0xE071, 0xC070, 0x0038, 0x0038, 0x0010,
0xC001, 0x6012, 0x0002, 0x0035, 0x0035, 0x612C, 0xC002, 0x202C, 0xE133, 0xE133,
0xA21A, 0x221A, 0xA009, 0x2029, 0x2029, 0xE018, 0x232A, 0x6001, 0x6002, 0x6002,
0x234D, 0x2134, 0x0002, 0x2045, 0x014C, 0x014C, 0x403B, 0x8012, 0xC011, 0x0021,
0x0021, 0x0010, 0xA039, 0x2413, 0xE001, 0xE001, 0x824D, 0x6056, 0x2087, 0xA042,
0xA042, 0x6031, 0x4011, 0xE028, 0x0040, 0x0028, 0x0028, 0xC248, 0x2020, 0x8068,
0x608A, 0x608A, 0xE068, 0x0029, 0x2010, 0x0018, 0x0018, 0x8040, 0xA392, 0x6069,
0x6159, 0x6159, 0x0010, 0x8259, 0x037A, 0x0282, 0xA0AA, 0xA0AA, 0x41BB, 0x60AA,
0xA071, 0x0110, 0x0110, 0xA040, 0xE060, 0x8038, 0x4030, 0x4030, 0x21C3, 0xC0AA,
0x207A, 0x6071, 0x6071, 0xE060, 0x2349, 0xE240, 0x2110, 0x2110, 0x0069, 0x0061,
0xA048, 0x6028, 0xC030, 0xC030, 0x0092, 0x809A, 0x20BB, 0x40DB, 0x40DB, 0xA0B2,
0x2059, 0x8038, 0x0110, 0x0110, 0x0008, 0x0059, 0xE089, 0x4082, 0x4082, 0xE071,
0xC058, 0x4038, 0x0018, 0x2049, 0x2049, 0x2071, 0x418A, 0xA040, 0x0018, 0x0018,
0x0020, 0xA048, 0x2069, 0xE081, 0xE081, 0xC071, 0x2010, 0x6051, 0xE381, 0xE381,
0x418A, 0xA050, 0x0018, 0x0018, 0x6030, 0x6030, 0x2082, 0x4171, 0xC060, 0x0261,
0x0261, 0x4051, 0x0128, 0xA138, 0xE048, 0xE048, 0x485A, 0x2E63, 0x2B3A, 0x0B42,
0x0B42, 0x0D3A, 0x9A74, 0xBF8D, 0x7A74, 0xF95B, 0xF95B, 0x7B8D, 0x586C, 0x5A8D,
0x7F74, 0x7F74, 0xDC7C, 0x9A74, 0x7CAE, 0x5B74, 0x5B74, 0x9895, 0x2A52, 0xC338,
0x0020, 0x0020, 0x6961, 0x065A, 0xC138, 0x6018, 0x0028, 0x0028, 0x0028, 0x0020,
0x0018, 0x8038, 0x8038, 0x0059, 0x6061, 0x017A, 0xE281, 0xE281, 0x0161, 0xE140,
0x2010, 0x0008, 0x0008, 0x2028, 0xC158, 0x8069, 0x228A, 0x0018, 0x0018, 0x0128,
0x0028, 0x0149, 0x0069, 0x0069, 0x0182, 0x0061, 0x2000, 0x007A, 0x007A, 0xC089,
0xA170, 0x8041, 0xA148, 0xA148, 0x0018, 0xA020, 0x6050, 0x6071, 0x0069, 0x0069,
0x0018, 0xC041, 0xA092, 0x8048, 0x8048, 0x0018, 0x0018, 0xA138, 0x8241, 0x8241,
0x202A, 0x4055, 0x006F, 0x803D, 0x803D, 0x4025, 0xE102, 0x6432, 0x0029, 0x0031,
0x0031, 0x2328, 0x0030, 0x8121, 0x8021, 0x8021, 0x0022, 0x804C, 0xE376, 0xE035,
0xE035, 0x4025, 0xA002, 0x600A, 0xA029, 0xA029, 0x2008, 0x6242, 0xA018, 0x400A,
0x801B, 0x801B, 0x8124, 0xE00B, 0x4002, 0xC03C, 0xC03C, 0x6434, 0xE001, 0xA011,
0xA019, 0xA019, 0x0412, 0x6002, 0x8002, 0xE001, 0xE001, 0xE001, 0xE011, 0x2132,
0xA139, 0xA028, 0xA028, 0x4149, 0xC220, 0x811A, 0x400A, 0x400A, 0x8281, 0xA599,
0x819A, 0x0018, 0x0018, 0x0038, 0x6218, 0x6059, 0x0082, 0x0082, 0xE060, 0xA150,
0x4059, 0x8038, 0x0110, 0x0110, 0x0018, 0x2020, 0x0018, 0x0018, 0x0018, 0x0028,
0x4038, 0x8061, 0x407A, 0x407A, 0xC081, 0xE071, 0xC070, 0x0038, 0x0038, 0x0010,
0xC001, 0x6012, 0x0002, 0x0035, 0x0035, 0x612C, 0xC002, 0x202C, 0xE133, 0xE133,
0xA21A, 0x221A, 0xA009, 0x2029, 0x2029, 0xE018, 0x232A, 0x6001, 0x6002, 0x6002,
0x234D, 0x2134, 0x0002, 0x2045, 0x014C, 0x014C, 0x403B, 0x8012, 0xC011, 0x0021,
0x0021, 0x0010, 0xA039, 0x2413, 0xE001, 0xE001, 0x824D, 0x6056, 0x2087, 0xA042,
0xA042, 0x6031, 0x4011, 0xE028, 0x0040, 0x0028, 0x0028, 0xC248, 0x2020, 0x8068,
0x608A, 0x608A, 0xE068, 0x0029, 0x2010, 0x0018, 0x0018, 0x8040, 0xA392, 0x6069,
0x6159, 0x6159, 0x0010, 0x8259, 0x037A, 0x0282, 0x209A, 0x209A, 0x62BB, 0x60AA,
0x4069, 0x0010, 0x0010, 0xA040, 0xE068, 0x8038, 0x4038, 0x4038, 0x21BB, 0xC0A2,
0xC069, 0x2071, 0x2071, 0x8058, 0x6030, 0x0010, 0x0110, 0x0110, 0x0069, 0x4069,
0x0059, 0x6028, 0x8030, 0x8030, 0xE089, 0xC1A2, 0x41CB, 0x20DB, 0x20DB, 0x80AA,
0xE050, 0x4030, 0x0110, 0x0110, 0x4010, 0x8061, 0xE089, 0x618A, 0x618A, 0x017A,
0x0061, 0x8040, 0x2020, 0x4051, 0x4051, 0x2079, 0x418A, 0xA040, 0x0018, 0x0018,
0x0020, 0xC148, 0x2069, 0xE081, 0xE081, 0xE071, 0x6018, 0x8051, 0x0282, 0x0282,
0x8192, 0x2261, 0x4028, 0x4120, 0xA130, 0xA130, 0x2082, 0x6279, 0xA068, 0xE060,
0xE060, 0xE048, 0x0018, 0x0020, 0x0020, 0x0020, 0xD99C, 0xB65B, 0xEF19, 0x1995,
0x1995, 0x5A8D, 0x785C, 0x5C75, 0xF974, 0xFC9D, 0xFC9D, 0xBE95, 0x7D74, 0x1B64,
0x7B74, 0x7B74, 0x1A7D, 0x1A85, 0xF55B, 0x5FA5, 0x5FA5, 0x134C, 0xBFA6, 0x0E83,
0x4648, 0x4648, 0xBDA4, 0xAC4A, 0x6120, 0x8210, 0x4130, 0x4130, 0x0020, 0x4320,
0x0010, 0x0172, 0x0172, 0xC079, 0x4261, 0x4161, 0x6050, 0x6050, 0x0030, 0x0020,
0x0008, 0xA120, 0xA120, 0x8138, 0xC360, 0xC069, 0x218A, 0x0018, 0x0018, 0x0220,
0x0020, 0x0349, 0xE068, 0xE068, 0xE081, 0x2069, 0x8000, 0x8072, 0x8072, 0x0092,
0x4068, 0x0021, 0x2038, 0x2038, 0x0020, 0x8110, 0xE480, 0x0071, 0xC150, 0xC150,
0x0728, 0x8059, 0xE079, 0x2128, 0x2128, 0x0330, 0x8000, 0xA244, 0x603D, 0x603D,
0x4087, 0x8086, 0x804C, 0x0555, 0x0555, 0x204C, 0x000B, 0xA01C, 0xA21D, 0xE018,
0xE018, 0x0428, 0x0010, 0xE044, 0x6055, 0x6055, 0x438F, 0x206E, 0xE04C, 0x243D,
0x243D, 0xE034, 0xC012, 0xE143, 0xE034, 0xE034, 0xE140, 0xE182, 0x007A, 0xC130,
0x2039, 0x2039, 0x2002, 0xE109, 0xE001, 0x0002, 0x0002, 0xA001, 0x201A, 0xE341,
0x0021, 0x0021, 0x6122, 0x4002, 0xA001, 0xA222, 0xA222, 0xC33A, 0x4021, 0xA249,
0x6259, 0x0038, 0x0038, 0x0269, 0x4230, 0x0038, 0x4040, 0x4040, 0xC071, 0x2262,
0x408A, 0x2020, 0x2020, 0x4008, 0x2410, 0xE059, 0x4082, 0x4082, 0xA068, 0xA360,
0x0159, 0x2030, 0x2128, 0x2128, 0x0020, 0x4020, 0x0010, 0x0020, 0x0020, 0xC150,
0xE389, 0xE068, 0xC060, 0xC060, 0xA170, 0xE038, 0x2010, 0x0120, 0x0120, 0x2008,
0xE040, 0x4249, 0xC309, 0xE001, 0xE001, 0x8001, 0xE001, 0x622A, 0x6021, 0x6021,
0x4031, 0xE038, 0x837A, 0x6293, 0x6293, 0x0018, 0x2531, 0xA019, 0x601A, 0x601A,
0x0002, 0xC001, 0x600A, 0xE101, 0x4329, 0x4329, 0x2030, 0x4159, 0x056A, 0xC172,
0xC172, 0x402A, 0x8045, 0xA313, 0x600B, 0x600B, 0x2045, 0xE234, 0x2145, 0x22A7,
0x22A7, 0xA086, 0x002E, 0x822A, 0x0028, 0x6018, 0x6018, 0x0010, 0x0008, 0x2372,
0x2052, 0x2052, 0x0379, 0x8048, 0x8240, 0x0020, 0x0020, 0x2151, 0x007A, 0x4061,
0xE058, 0xE058, 0x0020, 0x2061, 0x6092, 0x008A, 0x809A, 0x809A, 0xA19A, 0xC179,
0x0259, 0x0018, 0x0018, 0x6130, 0x8028, 0xA028, 0x0030, 0x0030, 0xA092, 0xA079,
0x6379, 0x0159, 0x0159, 0x4038, 0x0020, 0x0020, 0x0028, 0x0028, 0x4059, 0x2069,
0x4058, 0x0138, 0x0128, 0x0128, 0x6069, 0x80BA, 0x61DB, 0x609A, 0x609A, 0x8482,
0x2249, 0xA338, 0x0028, 0x0028, 0x0020, 0xE040, 0xE279, 0x007A, 0x007A, 0xE081,
0xC068, 0x4238, 0x0210, 0xA140, 0xA140, 0x0079, 0x608A, 0xE060, 0x0008, 0x0008,
0x0000, 0xA050, 0x0059, 0x0062, 0x0062, 0x4061, 0x8500, 0x8060, 0x6081, 0x6081,
0x215A, 0x6139, 0x0028, 0x0118, 0x0128, 0x0128, 0x8279, 0x0059, 0x0051, 0x2030,
0x2030, 0x0128, 0x2528, 0x0F3A, 0x132B, 0x132B, 0x0000, 0xCE4A, 0xB26B, 0xD85B,
0xD85B, 0xDC84, 0xFF74, 0x1974, 0xBB8C, 0xDA9C, 0xDA9C, 0x5FAE, 0x9D95, 0x5874,
0x3F8D, 0x3F8D, 0xBFAD, 0xFB94, 0x7B6C, 0x5A74, 0x5A74, 0xBD84, 0x7A8C, 0x349C,
0xCF8B, 0xCF8B, 0xAB4A, 0x0809, 0x134B, 0xE628, 0x4410, 0x4410, 0x0308, 0x0118,
0x0030, 0x0049, 0x0049, 0xA151, 0x2039, 0x6048, 0x8040, 0x8040, 0x0028, 0x0030,
0x0010, 0x6018, 0x6018, 0x2030, 0xE268, 0x006A, 0x019A, 0x0020, 0x0020, 0x0110,
0x2010, 0x4041, 0xE068, 0xE068, 0xA169, 0x0059, 0x0030, 0x2061, 0x2061, 0x8369,
0x8040, 0x0028, 0x0018, 0x0018, 0x2220, 0x0041, 0x0461, 0x6048, 0x4020, 0x4020,
0x0120, 0xA058, 0xE081, 0x0130, 0x0130, 0xC029, 0xA143, 0xE12B, 0x402C, 0x402C,
0x016E, 0x8065, 0xE244, 0x801C, 0x801C, 0x0244, 0x202C, 0x201C, 0xA114, 0x2018,
0x2018, 0xA021, 0x2333, 0x613C, 0x402C, 0x402C, 0x0156, 0x8035, 0xA245, 0x0124,
0x0124, 0x811B, 0x6134, 0x4024, 0xA01B, 0xA01B, 0x005E, 0xA16D, 0x8063, 0x6148,
0xC381, 0xC381, 0x4051, 0x8039, 0x0011, 0x8001, 0x8001, 0xA130, 0x0351, 0xC340,
0x0060, 0x0060, 0xC112, 0xE001, 0x6701, 0xA029, 0xA029, 0x005A, 0x8150, 0x4060,
0x0051, 0x0075, 0x0075, 0x803C, 0x8129, 0x0048, 0xE460, 0xE460, 0x8069, 0xA069,
0x6189, 0x0038, 0x0038, 0xC000, 0x0010, 0x4041, 0x6061, 0x6061, 0xE070, 0x4060,
0x0038, 0x2020, 0x4018, 0x4018, 0x0120, 0x4418, 0x0110, 0x0028, 0x0028, 0x0048,
0x6171, 0x6161, 0x0059, 0x0059, 0x4018, 0x8140, 0x0118, 0x0220, 0x0220, 0x0048,
0xA050, 0xC128, 0x6259, 0xC218, 0xC218, 0xE018, 0xE008, 0xA021, 0xE261, 0xE261,
0x8068, 0x6051, 0x425C, 0x6056, 0x6056, 0x8074, 0x4160, 0x8430, 0x4322, 0x4322,
0xA208, 0xA011, 0xC018, 0x8051, 0xE250, 0xE250, 0x2561, 0x2049, 0x006C, 0x638E,
0x638E, 0xA044, 0x4234, 0x401C, 0x6024, 0x6024, 0x2224, 0x612C, 0xE03C, 0xC055,
0xC055, 0xE155, 0x0014, 0x002C, 0xC023, 0x8008, 0x8008, 0x4218, 0x0328, 0xA071,
0xC059, 0xC059, 0x0151, 0xE250, 0x0110, 0x2220, 0x2220, 0xE060, 0xA189, 0xA369,
0x0549, 0x0549, 0x0020, 0x2061, 0x4069, 0x2069, 0x4071, 0x4071, 0xE179, 0xC171,
0x4059, 0x0028, 0x0028, 0x4038, 0x0038, 0x0030, 0x6230, 0x6230, 0x6659, 0x0059,
0x0051, 0x0020, 0x0020, 0x0018, 0x6028, 0x0118, 0x4210, 0x4210, 0x0351, 0xC040,
0x8010, 0x8010, 0x0028, 0x0028, 0xC150, 0x0262, 0x2072, 0x2092, 0x2092, 0x8089,
0x0038, 0x0028, 0x6028, 0x6028, 0x0020, 0x2240, 0xE050, 0xC078, 0xC078, 0xE070,
0xA018, 0xE000, 0xA018, 0xC050, 0xC050, 0xA058, 0x2061, 0x6248, 0x0418, 0x0418,
0x0408, 0x0328, 0x0030, 0xE150, 0xE150, 0xA060, 0x0008, 0x0320, 0x0240, 0x0240,
0x2030, 0x6010, 0x2020, 0x0030, 0x4018, 0x4018, 0x3983, 0xF86A, 0x566B, 0x526B,
0x526B, 0x505B, 0x9253, 0xF884, 0xFBC5, 0xFBC5, 0x7B8D, 0xDCA5, 0xBF8D, 0xB994,
0xB994, 0xDD74, 0xB98C, 0x5E75, 0xDF8D, 0xB353, 0xB353, 0x1695, 0xDC85, 0xDA54,
0xDB9D, 0xDB9D, 0xB874, 0xDA64, 0x798D, 0x964C, 0x964C, 0x3E9E, 0x3E85, 0x1F6D,
0x7F7D, 0x7F7D, 0xB984, 0x7BA5, 0x1FA6, 0x917B, 0xAF4B, 0xAF4B, 0x904B, 0x146B,
0x3863, 0xD843, 0xD843, 0x703A, 0x0448, 0x0118, 0x2418, 0x2418, 0x8308, 0x2000,
0x2020, 0x0010, 0x0010, 0x2218, 0x0148, 0xE040, 0x6471, 0x2018, 0x2018, 0x0110,
0x0010, 0x6028, 0x0058, 0x0058, 0x8058, 0xA228, 0x0018, 0xA130, 0xA130, 0x6030,
0x0020, 0x4028, 0x0020, 0x0020, 0x0018, 0x6038, 0xA150, 0x6038, 0x4218, 0x4218,
0x0018, 0x6048, 0xA261, 0x4110, 0x4110, 0xA002, 0x254D, 0x6433, 0x800A, 0x800A,
0x2066, 0xA05E, 0x8024, 0xC113, 0xC113, 0xC002, 0x853D, 0xE523, 0x2003, 0x2008,
0x2008, 0x203B, 0x2565, 0xA003, 0x200B, 0x200B, 0x6566, 0x605E, 0x404D, 0x0023,
0x0023, 0x2023, 0xE23C, 0xE01C, 0xC012, 0xC012, 0x617F, 0x6214, 0xA034, 0x2011,
0xC040, 0xC040, 0x4082, 0x4048, 0x0100, 0x2028, 0x2028, 0x6068, 0xC27C, 0xA03D,
0x004A, 0x004A, 0x8009, 0x4031, 0x0038, 0x4072, 0x4072, 0x4081, 0x0358, 0x4108,
0xC36D, 0xA06D, 0xA06D, 0x402C, 0x6275, 0xA06B, 0xA14B, 0xA14B, 0x2238, 0x0040,
0x0018, 0x0028, 0x0028, 0x2408, 0x0720, 0x7262, 0x776B, 0x776B, 0x5853, 0x175C,
0xB04B, 0x905B, 0x5363, 0x5363, 0x6D4B, 0xD23B, 0xF543, 0xF763, 0xF763, 0xD853,
0x7723, 0xAA09, 0x0020, 0x0020, 0xE040, 0x0020, 0xA000, 0x2008, 0x2008, 0x0040,
0xE052, 0x8065, 0xA072, 0xA050, 0xA050, 0xC140, 0x4020, 0x4349, 0x8069, 0x8069,
0xE050, 0x603A, 0xC21B, 0xE054, 0xE054, 0xA095, 0xE062, 0x006D, 0x003A, 0x003A,
0x6078, 0xA040, 0xA100, 0xC048, 0x016A, 0x016A, 0x8018, 0x6143, 0xC01B, 0xC04D,
0xC04D, 0x2376, 0xE019, 0x4045, 0x8034, 0x8034, 0x200B, 0xE023, 0x4045, 0x007F,
0x007F, 0xC465, 0xC312, 0x603C, 0xE15C, 0x0008, 0x0008, 0xE320, 0x0208, 0xA050,
0x2161, 0x2161, 0x0250, 0x0018, 0x2018, 0x2020, 0x2020, 0x4040, 0x6171, 0xE050,
0x4020, 0x4020, 0x2018, 0x0020, 0x2028, 0x2030, 0x6749, 0x6749, 0x8B7A, 0xA771,
0xC358, 0x0451, 0x0451, 0x0539, 0xA408, 0x6811, 0xA130, 0xA130, 0x2651, 0xC761,
0xC759, 0xC928, 0xC928, 0x0919, 0x2619, 0xE718, 0x0158, 0x0158, 0x096A, 0xC841,
0xC610, 0x8518, 0x6330, 0x6330, 0xE358, 0x8481, 0xC8AA, 0x6782, 0x6782, 0x285A,
0xE518, 0x4300, 0x6308, 0x6308, 0x6631, 0xA641, 0x6969, 0x2651, 0x2651, 0x2539,
0xA528, 0xA728, 0x4618, 0xA420, 0xA420, 0xC120, 0x8541, 0xC220, 0xA438, 0xA438,
0x0551, 0x2439, 0x8030, 0x4361, 0x4361, 0x6261, 0x2429, 0x3303, 0x5C04, 0x5C04,
0xDC53, 0x3D53, 0x7D23, 0x3D14, 0xDF14, 0xDF14, 0x7E04, 0x9E6D, 0x1DAE, 0x3CA6,
0x3CA6, 0xFA8D, 0xB995, 0x1B8D, 0xDF7C, 0xDF7C, 0x5A95, 0xBB64, 0x7E54, 0x7F4C,
0x7F4C, 0x1B5C, 0x9A6C, 0xF86C, 0x964C, 0x9864, 0x9864, 0xF964, 0x196D, 0x9664,
0xFD8D, 0xFD8D, 0xD86C, 0x364C, 0x7744, 0x986C, 0x986C, 0xD55B, 0xD45B, 0x355C,
0xFC95, 0xFC95, 0xDB9D, 0x1C95, 0xFF8C, 0xBD6C, 0x3E74, 0x3E74, 0x1E64, 0x3A34,
0x3644, 0x3874, 0x3874, 0x3A5C, 0xD903, 0x9D0C, 0xD92B, 0xD92B, 0x1D5C, 0x3E34,
0x1D25, 0xCB11, 0xCB11, 0x8530, 0x0619, 0x8361, 0x4761, 0x0739, 0x0739, 0x6438,
0x4751, 0x2629, 0xE640, 0xE640, 0x8851, 0x4639, 0x0531, 0x8741, 0x8741, 0x2531,
0xE528, 0x0629, 0xC610, 0xC610, 0x0719, 0x2969, 0x0472, 0xE428, 0x8600, 0x8600,
0xE128, 0xA260, 0x8951, 0x6502, 0x6502, 0xA93B, 0x454D, 0xA45E, 0x0167, 0x0167,
0x407F, 0x026E, 0xC65C, 0x622B, 0x622B, 0x8103, 0x2404, 0x641A, 0xA31A, 0xE822,
0xE822, 0x031C, 0x233C, 0x8676, 0x8676, 0x8676, 0x279F, 0xA27D, 0x045D, 0x0724,
0x0724, 0x6803, 0x6813, 0x6212, 0x2A12, 0x2A12, 0xC644, 0x851B, 0xC54C, 0x0522,
0x4500, 0x4500, 0x6921, 0x0E19, 0x0531, 0xA969, 0xA969, 0x8572, 0x4645, 0xE303,
0x266A, 0x266A, 0x675A, 0x0949, 0xA620, 0x6749, 0x6749, 0x4641, 0x6849, 0x0220,
0x2696, 0xCA53, 0xCA53, 0xC860, 0x6033, 0x0404, 0xC859, 0xC859, 0x9804, 0xF92B,
0x1E74, 0xF823, 0xF823, 0x7A0B, 0x3924, 0xBD1C, 0x7B2C, 0x7B2C, 0x5EA6, 0xD99D,
0xBF96, 0x9E7D, 0xBC8C, 0xBC8C, 0x3E64, 0xFD6B, 0xFA63, 0xF543, 0xF543, 0x354C,
0x1954, 0x1B4C, 0xDB23, 0xDB23, 0x3904, 0xFA72, 0xFF7C, 0x9C0C, 0x9C0C, 0x384B,
0x6752, 0xE43C, 0xC92C, 0x8259, 0x8259, 0x6341, 0x6420, 0xCB48, 0x0730, 0x0730,
0x2308, 0x872B, 0x220C, 0x8D13, 0x8D13, 0xE63B, 0x2122, 0x2245, 0x886C, 0x886C,
0xC581, 0x4551, 0x2411, 0xC228, 0x0408, 0x0408, 0xC710, 0x6B3B, 0x2934, 0xA813,
0xA813, 0xEE3C, 0x8102, 0x0813, 0x281B, 0x281B, 0x0613, 0xA94C, 0xC34C, 0x457E,
0x457E, 0xC48E, 0xE48E, 0x474D, 0x054D, 0x6632, 0x6632, 0x6601, 0xA818, 0x2269,
0x8449, 0x8449, 0xA410, 0x4941, 0x0741, 0xC630, 0xC630, 0xE528, 0xA649, 0xA138,
0x0228, 0x0228, 0x4820, 0x9302, 0x7723, 0x5B4C, 0x6749, 0x6749, 0x8B7A, 0xA771,
0xC358, 0x0451, 0x0451, 0x0539, 0xA408, 0x6811, 0xA130, 0xA130, 0x2651, 0xC761,
0xC759, 0xC928, 0xC928, 0x0919, 0x2619, 0xE718, 0x0158, 0x0158, 0x096A, 0xC841,
0xC610, 0x8518, 0x6330, 0x6330, 0xE358, 0x8481, 0xC8AA, 0x6782, 0x6782, 0x285A,
0xE518, 0x4300, 0x6308, 0x6308, 0x6631, 0xA641, 0x6969, 0x2651, 0x2651, 0x2539,
0xA528, 0xA728, 0x4618, 0xA420, 0xA420, 0xC120, 0x8541, 0xC220, 0xA438, 0xA438,
0x0551, 0x2439, 0x8030, 0x4361, 0x4361, 0x6261, 0x2429, 0x3303, 0x5C04, 0x5C04,
0xDC53, 0x3D53, 0x7D23, 0x3D14, 0xDF14, 0xDF14, 0x7E04, 0x9E6D, 0x1DAE, 0x3CA6,
0x3CA6, 0xFA8D, 0xB995, 0x1B8D, 0xDF7C, 0xDF7C, 0x5A95, 0xBB64, 0x7E54, 0x7F4C,
0x7F4C, 0x1B5C, 0x9A6C, 0xF86C, 0x964C, 0x9864, 0x9864, 0xF964, 0x196D, 0x9664,
0xFD8D, 0xFD8D, 0xD86C, 0x364C, 0x7744, 0x986C, 0x986C, 0xD55B, 0xD45B, 0x355C,
0xFC95, 0xFC95, 0xDB9D, 0x1C95, 0xFF8C, 0xBD6C, 0x3E74, 0x3E74, 0x1E64, 0x3A34,
0x3644, 0x3874, 0x3874, 0x3A5C, 0xD903, 0x9D0C, 0xD92B, 0xD92B, 0x1D5C, 0x3E34,
0x1D25, 0xCB11, 0xCB11, 0x8530, 0x0619, 0x8361, 0x4761, 0x0739, 0x0739, 0x6438,
0x4751, 0x2629, 0xE640, 0xE640, 0x8851, 0x4639, 0x0531, 0x8741, 0x8741, 0x2531,
0xE528, 0x0629, 0xC610, 0xC610, 0x0719, 0x2969, 0x0472, 0xE428, 0x8600, 0x8600,
0xE128, 0xA260, 0x8951, 0x6502, 0x6502, 0xA93B, 0x454D, 0xA45E, 0x0167, 0x0167,
0x407F, 0x026E, 0xC65C, 0x622B, 0x622B, 0x8103, 0x2404, 0x641A, 0xA31A, 0xE822,
0xE822, 0x031C, 0x233C, 0x8676, 0x8676, 0x8676, 0x279F, 0xA27D, 0x045D, 0x0724,
0x0724, 0x6803, 0x6813, 0x6212, 0x2A12, 0x2A12, 0xC644, 0x851B, 0xC54C, 0x0522,
0x4500, 0x4500, 0x6921, 0x0E19, 0x0531, 0xA969, 0xA969, 0x8572, 0x4645, 0xE303,
0x266A, 0x266A, 0x675A, 0x0949, 0xA620, 0x6749, 0x6749, 0x4641, 0x6849, 0x0220,
0x2696, 0xCA53, 0xCA53, 0xC860, 0x6033, 0x0404, 0xC859, 0xC859, 0x9804, 0xF92B,
0x1E74, 0xF823, 0xF823, 0x7A0B, 0x3924, 0xBD1C, 0x7B2C, 0x7B2C, 0x5EA6, 0xD99D,
0xBF96, 0x9E7D, 0xBC8C, 0xBC8C, 0x3E64, 0xFD6B, 0xFA63, 0xF543, 0xF543, 0x354C,
0x1954, 0x1B4C, 0xDB23, 0xDB23, 0x3904, 0xFA72, 0xFF7C, 0x9C0C, 0x9C0C, 0x384B,
0x6752, 0xE43C, 0xC92C, 0x8259, 0x8259, 0x6341, 0x6420, 0xCB48, 0x0730, 0x0730,
0x2308, 0x872B, 0x220C, 0x8D13, 0x8D13, 0xE63B, 0x2122, 0x2245, 0x886C, 0x886C,
0xC581, 0x4551, 0x2411, 0xC228, 0x0408, 0x0408, 0xC710, 0x6B3B, 0x2934, 0xA813,
0xA813, 0xEE3C, 0x8102, 0x0813, 0x281B, 0x281B, 0x0613, 0xA94C, 0xC34C, 0x457E,
0x457E, 0xC48E, 0xE48E, 0x474D, 0x054D, 0x6632, 0x6632, 0x6601, 0xA818, 0x2269,
0x8449, 0x8449, 0xA410, 0x4941, 0x0741, 0xC630, 0xC630, 0xE528, 0xA649, 0xA138,
0x0228, 0x0228, 0x4820, 0x9302, 0x7723, 0x5B4C, 0x9C14, 0x9C14, 0xFA13, 0x1B3C,
0x7C64, 0xBE74, 0xBE74, 0x5F7D, 0x1F5D, 0xBA1B, 0xDF13, 0xDF13, 0x7F3C, 0x1D5C,
0xDB5B, 0x9A5C, 0x9A5C, 0x7A34, 0x7803, 0xD904, 0x9733, 0x9733, 0xFF55, 0x7F4D,
0x1A54, 0x7A74, 0xFA64, 0xFA64, 0xDA3C, 0x3A24, 0x5E75, 0x3E4D, 0x3E4D, 0x1A04,
0x3C04, 0x5F4D, 0x9D5C, 0x9D5C, 0x3A6C, 0x3C95, 0xDC4C, 0x3D0C, 0x3D0C, 0xFF03,
0xFF23, 0xBF54, 0xDB3C, 0x5E35, 0x5E35, 0x7F3D, 0x7F04, 0x3B04, 0xDC4C, 0xDC4C,
0x3E75, 0x5D45, 0xDC34, 0x1E5D, 0x1E5D, 0x1B45, 0xBD64, 0xDB3B, 0xBE03, 0xBE03,
0x7F04, 0x9E0C, 0x7F04, 0x9F04, 0xBD44, 0xBD44, 0xDD6D, 0x3E45, 0xFB2B, 0x3954,
0x3954, 0xF73B, 0x1824, 0x783C, 0x5BA6, 0x5BA6, 0x3F85, 0x1D34, 0x781B, 0xB90B,
0xB90B, 0xD343, 0xFA5C, 0x3C75, 0x5C3C, 0x7D5C, 0x7D5C, 0x3D3C, 0xDB64, 0x3B8D,
0x5A5C, 0x5A5C, 0x3E75, 0x3D75, 0xFB1B, 0x5A03, 0x5A03, 0x576C, 0x1DB6, 0xFF4C,
0x5D34, 0x5D34, 0x3664, 0xD543, 0x5F04, 0xB964, 0x5C8D, 0x5C8D, 0xBE85, 0x5C3D,
0x7B0C, 0x1B24, 0x1B24, 0xFA3B, 0xD72B, 0x9713, 0x3D54, 0x3D54, 0xBF75, 0xBB54,
0xBD84, 0xFA53, 0xFA53, 0x3C35, 0x1A2D, 0xDB1C, 0xFD03, 0x5E04, 0x5E04, 0x9C4C,
0x7D7D, 0xDA34, 0x593C, 0x593C, 0xBB65, 0xDC5C, 0x7B4C, 0xBC54, 0xBC54, 0xFE54,
0x1F4D, 0x5C34, 0x9A13, 0x9A13, 0x7E2C, 0xDD63, 0x3C76, 0xDC4C, 0xDE53, 0xDE53,
0x7C7D, 0xDA44, 0xFC1B, 0xDA44, 0xDA44, 0x3C9D, 0x7954, 0x9C0B, 0x9F0B, 0x9F0B,
0xDE4C, 0x3A5C, 0x9D74, 0xFF95, 0xFF95, 0xF90B, 0xFB03, 0xDF33, 0x9D5B, 0x1C6C,
0x1C6C, 0xDD95, 0x5F5C, 0xBF03, 0x5C04, 0x5C04, 0x7C2C, 0xB84B, 0x1B7D, 0x9D5D,
0x9D5D, 0x5B0C, 0x1E04, 0xDF03, 0xFB5C, 0xFB5C, 0x5974, 0x3B9D, 0xFB53, 0x1F14,
0x3C0C, 0x3C0C, 0xFC3B, 0x9673, 0x3F75, 0xDE6D, 0xDE6D, 0x1C14, 0x3F04, 0x7D0C,
0x9F73, 0x9F73, 0xFF43, 0x9C3C, 0xFB4C, 0xBF04, 0xBF04, 0xDF03, 0xFC33, 0x9B44,
0x7C4E, 0x1B14, 0x1B14, 0xFE54, 0xF874, 0x5B64, 0x9E04, 0x9E04, 0x3C1C, 0x9F04,
0xDD03, 0xFF03, 0xFF03, 0x3E04, 0x3C2C, 0x7D85, 0x3C85, 0x3C85, 0x5823, 0x5F44,
0xDB4B, 0x7B4C, 0x190C, 0x190C, 0x7985, 0xB89D, 0x9C75, 0x5E04, 0x5E04, 0x1D0C,
0xF843, 0x5B54, 0xFF0B, 0xFF0B, 0x1F44, 0xFE6C, 0x5D55, 0x1B44, 0x1B44, 0xBFA5,
0x9734, 0x1A04, 0xFF1B, 0xFD34, 0xFD34, 0x7F7E, 0x5A6C, 0xFA6B, 0x1F4D, 0x1F4D,
0x3A04, 0x3904, 0xFD64, 0x5B9D, 0x5B9D, 0x3A54, 0x7E54, 0xDF03, 0xFD03, 0xFD03,
0xFF2B, 0x3F86, 0xFB7B, 0x978C, 0x1A34, 0x1A34, 0x1F04, 0x1F04, 0x5B54, 0xBAAD,
0xBAAD, 0xD55B, 0xBB33, 0x7E04, 0x5D0C, 0x5D0C, 0x3C3C, 0x3E7D, 0x5964, 0x7A4C,
0x7A4C, 0x5D1C, 0x7F04, 0x5B14, 0xBA4C, 0x9FA5, 0x9FA5, 0x794C, 0xF944, 0xB76C,
0xFB64, 0xFB64, 0x7F64, 0xBF5D, 0xFC4C, 0xBF34, 0xBF34, 0x3F04, 0xFE03, 0x7A3C,
0x5D65, 0x5D65, 0xFF3C, 0x5B04, 0x5B04, 0xBD0C, 0x3943, 0x3943, 0x1C4C, 0xDF4C,
0xBE2C, 0x3B14, 0x3B14, 0xD913, 0xF823, 0xF82B, 0x3D24, 0x3D24, 0x382C, 0x5934,
0xBC3C, 0x1F5E, 0x1F5E, 0x7F45, 0xBF1B, 0xBF3C, 0x5C45, 0x5C45, 0x3F5D, 0xDB3B,
0xD833, 0x3B75, 0x7C8D, 0x7C8D, 0xDC54, 0x5C04, 0x1C3C, 0xDC4B, 0xDC4B, 0xFA4B,
0x7B4C, 0x592C, 0x7924, 0x7924, 0x7B2C, 0xB92B, 0x7B2C, 0x1A44, 0x1A44, 0x3A44,
0x391C, 0xBB24, 0x7B44, 0xDD7C, 0xDD7C, 0xFC84, 0xFB33, 0x7B2C, 0x3F65, 0x3F65,
0x7F54, 0x5D14, 0x7D2C, 0x1E7D, 0x1E7D, 0xD974, 0xDF5C, 0x993C, 0x7A2C, 0x7A2C,
0x1D44, 0xD84B, 0x1414, 0x3704, 0xD843, 0xD843, 0xFB3B, 0x1A4C, 0x7A2B, 0xDF23,
0xDF23, 0xDF33, 0x1D5C, 0x1A4C, 0xFF44, 0xFF44, 0x9B75, 0xBB4C, 0x9F1C, 0xBF44,
0xBF44, 0x1F45, 0x9A64, 0x3A3C, 0xB72B, 0x1F85, 0x1F85, 0x9F95, 0xDB2B, 0x9D0B,
0xBE54, 0xBE54, 0x9F7D, 0x3B44, 0xB553, 0xBF1C, 0xBF1C, 0x3F4D, 0x5A44, 0xBC4C,
0x1A3C, 0x1A3C, 0xD73B, 0x7A3C, 0x3B14, 0x383C, 0xDB6C, 0xDB6C, 0xFC64, 0xBA24,
0x590C, 0x3B34, 0x3B34, 0x9C5C, 0x3C65, 0x7D2C, 0xBE1C, 0xBE1C, 0xDF54, 0xDE74,
0x9D4D, 0x5714, 0x5714, 0x1954, 0x3D95, 0x797C, 0xFB4B, 0x9C1C, 0x9C1C, 0x3C55,
0xFB54, 0x3B1C, 0x9B2B, 0x9B2B, 0x1F5D, 0x3D65, 0xBC54, 0x9C4C, 0x9C4C, 0x3F5D,
0x9F5D, 0xBD34, 0xFB1B, 0xFB1B, 0xFF3C, 0xDE64, 0x3D55, 0x5924, 0x9A3C, 0x9A3C,
0x9F8D, 0xDF84, 0xFC3B, 0x7914, 0x7914, 0xDE3C, 0x3A34, 0x1C34, 0x5D34, 0x5D34,
0x5A3D, 0x9924, 0xDB13, 0x9A13, 0x9A13, 0x3A44, 0x3D3D, 0xBC1B, 0x1C34, 0xBF24,
0xBF24, 0x5B34, 0xFC4B, 0xF93B, 0xB853, 0xB853, 0x7E4C, 0x1E24, 0x3D24, 0x7B4C,
0x7B4C, 0xF73B, 0x3A34, 0x9E1C, 0xD833, 0xD833, 0xBE1B, 0xFF34, 0xBF23, 0x1D4C,
0xD753, 0xD753, 0xFC64, 0x943C, 0x3914, 0x7C23, 0x7C23, 0xDB2B, 0x5B3C, 0x1D1C,
0xFB53, 0xFB53, 0x9A5D, 0x5C5D, 0x5C85, 0x7B14, 0x7B14, 0x1F1D, 0x7E65, 0x585D,
0x1B2C, 0x3844, 0x3844, 0xB76B, 0x5D6D, 0x1F65, 0x7D0B, 0x7D0B, 0xDB5B, 0xBB2B,
0x3B54, 0x7B2C, 0x7B2C, 0x3634, 0xD72B, 0x5833, 0x9C64, 0x9C64, 0x184C, 0x3B4C,
0x1C33, 0xBF54, 0xF513, 0xF513, 0xBF6C, 0x3A75, 0x1965, 0xBC23, 0xBC23, 0x3F1C,
0xFA2C, 0x3855, 0x1854, 0x1854, 0x1A04, 0xFB24, 0x7F45, 0x7D4C, 0x7D4C, 0x7A54,
0xB93B, 0x1E34, 0xBF2C, 0x774B, 0x774B, 0x1924, 0x390C, 0x7B34, 0x7A54, 0x7A54,
0xF833, 0x1C3C, 0x7F5C, 0x3B45, 0x3B45, 0x5A04, 0x7A1C, 0x7D2C, 0x573C, 0x573C,
0xF94B, 0xD703, 0x5D14, 0xFD33, 0xDC5C, 0xDC5C, 0x1744, 0xFA33, 0x5E2C, 0xBE2C,
0xBE2C, 0x770B, 0x593C, 0xFF43, 0x3D3C, 0x3D3C, 0x7B34, 0x1A1C, 0xBB1B, 0x7E44,
0x7E44, 0x7C54, 0x9643, 0x992B, 0xBC3C, 0x1A44, 0x1A44, 0x9E34, 0x1E4D, 0xFD74,
0x9C45, 0x9C45, 0x7804, 0x5A2C, 0x1C65, 0x9F7D, 0x9F7D, 0x3A44, 0xB63B, 0xB774,
0xBD7D, 0xBD7D, 0xBE2C, 0x3E3C, 0xBC2B, 0xDD33, 0xFE7D, 0xFE7D, 0xF733, 0x3934,
0xDC44, 0xF933, 0xF933, 0x3D6D, 0x1F9E, 0x787C, 0xBB04, 0xBB04, 0xDB03, 0x9C04,
0x5B04, 0xFF03, 0xFF03, 0xBC23, 0xD84B, 0x1A7C, 0x7C64, 0x7C64, 0x1C4C, 0x7B23,
0x1C24, 0x9C3C, 0x1A3C, 0x1A3C, 0x1B44, 0x3E44, 0xD864, 0x1D96, 0x1D96, 0x7B7D,
0x785C, 0x594C, 0x7B4C, 0x7B4C, 0x5C4C, 0x7F7D, 0xDF85, 0x7D3C, 0x7D3C, 0xFC03,
0xFB13, 0x9E64, 0x1C7C, 0xDB5B, 0xDB5B, 0x7A2B, 0x3E0C, 0x990B, 0x5A54, 0x5A54,
0x9874, 0x775C, 0xD633, 0xB91B, 0xB91B, 0xBB03, 0x5E04, 0x1D04, 0xDA03, 0xDA03,
0x7B14, 0x5F6D, 0x7BBD, 0xD88C, 0x7C0C, 0x7C0C, 0x7F8C, 0x1C54, 0x3A44, 0x7B85,
0x7B85, 0x7D8D, 0x5D3C, 0xBD03, 0x5E04, 0x5E04, 0x5A04, 0xF813, 0x1A34, 0xBC6C,
0xBC6C, 0xDE6C, 0xBA3B, 0x9A1B, 0x7D24, 0x3D2C, 0x3D2C, 0x5B3C, 0x5D65, 0x3B75,
0x3764, 0x3764, 0xD64B, 0x3A3C, 0xF923, 0x5C03, 0x5C03, 0xFB5C, 0xF85C, 0x9B24,
0x5B2C, 0x5B2C, 0xBDA5, 0x7CA5, 0x1C4C, 0xFE0B, 0x7F04, 0x7F04, 0x3E04, 0xDA33,
0x386C, 0x997C, 0x997C, 0x9C7C, 0x9F7C, 0x9944, 0x9844, 0x9844, 0x1704, 0x9C03,
0xDF1B, 0x9F3C, 0x9F3C, 0xBE3C, 0x3F54, 0xD903, 0x1D1C, 0x3E1C, 0x3E1C, 0x9F6C,
0x1C74, 0x7C5C, 0xD933, 0xD933, 0x991C, 0x9D03, 0xFE03, 0x3E0C, 0x3E0C, 0x1C14,
0x1B24, 0xB82B, 0xF743, 0xF743, 0xFA6C, 0xFE44, 0xBC1B, 0x1814, 0xD82C, 0xD82C,
0xDB43, 0x9E5B, 0x7E4C, 0x9C04, 0x9C04, 0x1E85, 0x7B85, 0xBA64, 0x7943, 0x7943,
0x7C64, 0x3D5C, 0x9B5C, 0x7A8E, 0x7A8E, 0x3EA5, 0x1A3C, 0xFE03, 0x5B04, 0x1A04,
0x1A04, 0xFC85, 0x5F8E, 0x9844, 0x3844, 0x3844, 0xDD4C, 0x7C3C, 0x7A54, 0xBB95,
0xBB95, 0x3A85, 0xBE4C, 0x1F14, 0x9B14, 0x9B14, 0x3D2C, 0x3E75, 0x7D85, 0xF75C,
0x1B34, 0x1B34, 0xBD3C, 0xBF34, 0x963C, 0xDCA5, 0xDCA5, 0x9F95, 0xFB33, 0x9904,
0xBB0B, 0xBB0B, 0xBE03, 0xFC03, 0xFF13, 0x3B44, 0x3B44, 0xD95B, 0xFE7B, 0x5B84,
0x9D0B, 0x1705, 0x1705, 0xBF34, 0x7663, 0x195C, 0x3D5D, 0x3D5D, 0x3E04, 0x7C44,
0x3504, 0x5AA5, 0x5AA5, 0xDC85, 0x9E1C, 0x1F75, 0xDA53, 0xDA53, 0x7924, 0x5935,
0x7D96, 0x5C65, 0xFA03, 0xFA03, 0x1F04, 0x9F03, 0x9A1B, 0x1734, 0x1734, 0xD964,
0xBC74, 0x7E7C, 0x3D74, 0x3D74, 0x346C, 0x391C, 0x7C0C, 0x3D14, 0x3D14, 0xDE03,
0xFD03, 0x1C2C, 0xDD2B, 0x3A9E, 0x3A9E, 0x7B8D, 0x5C6C, 0x3D5C, 0xBE4C, 0xBE4C,
0xBB34, 0xFA5C, 0xBDA5, 0x1D6D, 0x1D6D, 0x5A13, 0xBF1B, 0x5D04, 0xFB1B, 0xFB1B,
0x3DAE, 0xFF85, 0xB844, 0x3E65, 0x1E3C, 0x1E3C, 0x1D3C, 0xF95C, 0x3B96, 0x1C5D,
0x1C5D, 0x3C14, 0x1B04, 0xBF23, 0xDA4C, 0xDA4C, 0x387E, 0x376D, 0x1B54, 0x3F54,
0x3F54, 0x9F4C, 0x3834, 0xFD94, 0x1F75, 0x1F75, 0x1F75, 0x9E0B, 0xBB03, 0x5C03,
0x1B1C, 0x1B1C, 0xBD5B, 0xB963, 0x5D64, 0x3E3C, 0x3E3C, 0x9C03, 0x3C1C, 0x193C,
0xF953, 0xF953, 0x1D5C, 0xDE2C, 0x5C1C, 0x5C24, 0x7D24, 0x7D24, 0x1C1C, 0xDC23,
0x5E44, 0xDC2B, 0xDC2B, 0x7E2C, 0x9D1C, 0x7C04, 0xF663, 0xF663, 0x7B84, 0xBDAD,
0x1B8D, 0xBD5C, 0xBD5C, 0x7B2C, 0xB814, 0x1804, 0xBB1B, 0xBB1B, 0x9B2C, 0x3B5D,
0x9B8D, 0xF864, 0x3614, 0x3614, 0x7B14, 0x5F2C, 0xBF85, 0xDD44, 0xDD44, 0x5C14,
0x1D04, 0xBD0B, 0x5F2C, 0x5F2C, 0xDC0B, 0x7C0C, 0xBB0C, 0x371C, 0x371C, 0x785C,
0x7B74, 0x7E3C, 0xDA03, 0x5A0C, 0x5A0C, 0xDB6C, 0x5C96, 0x3944, 0x3C14, 0x3C14,
0x7F04, 0xDF24, 0x5B1C, 0x391C, 0x391C, 0x7B3C, 0xFAA4, 0x5E95, 0xFB7C, 0xFB7C,
0x1644, 0x3804, 0xBA0C, 0x7B2C, 0xBF1B, 0xBF1B, 0x7A1C, 0x781C, 0xB924, 0xDC1C,
0xDC1C, 0x3D45, 0x3C7D, 0x5B95, 0xDA84, 0xDA84, 0xFC4B, 0xDA2B, 0xB52B, 0x5C04,
0x5C04, 0x1904, 0x5F04, 0xDD74, 0xDFC5, 0xB35B, 0xB35B, 0xB813, 0xB903, 0xFC03,
0x5F04, 0x5F04, 0x7D34, 0x388D, 0xFB9D, 0x7A24, 0x7A24, 0x3A14, 0x7D24, 0x7B0B,
0x7D13, 0x7D13, 0xBF3C, 0x7D3C, 0x9D65, 0xBF7D, 0x9E8C, 0x9E8C, 0x7963, 0xDB23,
0x7F0C, 0x3F14, 0x3F14, 0xFC13, 0x7A14, 0x7A1C, 0x1A04, 0x1A04, 0x992B, 0x397C,
0xBD85, 0x3E4D, 0x3E4D, 0xDA33, 0x573B, 0xDC95, 0xBC85, 0xB704, 0xB704, 0x9904,
0xF703, 0x981C, 0x593C, 0x593C, 0x3914, 0xF78C, 0xDB9D, 0xBD85, 0xBD85, 0xDB54,
0x1B2C, 0xFC1B, 0x1E1C, 0x1E1C, 0x5F1C, 0x9623, 0x3B24, 0x9E8D, 0x1BC5, 0x1BC5,
0x774B, 0x3904, 0xFC0C, 0xFC7B, 0xFC7B, 0x7F6D, 0x1A14, 0x7F0C, 0x5F14, 0x5F14,
0x3E2C, 0xFB3B, 0x3D34, 0x7924, 0x7924, 0xFF13, 0x9B3B, 0x3D65, 0x3885, 0x7B4C,
0x7B4C, 0xBF75, 0x3D14, 0x5C24, 0x1B1C, 0x1B1C, 0x7E2C, 0x3D24, 0xFB0B, 0x1D1D,
0x1D1D, 0x780C, 0x762C, 0xB754, 0xFB84, 0xFB84, 0xBE5C, 0x3F6E, 0xBD2C, 0xB813,
0xFF33, 0xFF33, 0x3F3C, 0xFA33, 0x9C1C, 0xDC23, 0xDC23, 0xD913, 0xD94B, 0x9C5C,
0x1D9D, 0x1D9D, 0x1A8D, 0xBA84, 0x3A1C, 0x7604, 0x7604, 0x181C, 0x5F34, 0x1E04,
0x5B14, 0xDD8D, 0xDD8D, 0x7E9D, 0xDA23, 0x3A14, 0xBA1C, 0xBA1C, 0xDF7B, 0x3D7C,
0x9A24, 0xD70C, 0xD70C, 0x9B14, 0x9B3C, 0xDC03, 0x5F0C, 0x5F0C, 0xDD13, 0x7D34,
0x3D34, 0x9F85, 0x3F84, 0x3F84, 0xF785, 0xDD5C, 0x1F24, 0x7F0C, 0x7F0C, 0x3D04,
0xBE0B, 0x1E04, 0x3D05, 0x3D05, 0x9C13, 0xFD13, 0x7C44, 0xDD8C, 0xDD8C, 0x5FA5,
0x7B8D, 0xB75C, 0xFA33, 0x1F24, 0x1F24, 0xBB23, 0xB823, 0x7A2C, 0xDB13, 0xDB13,
0x7C03, 0x7F1C, 0x3C04, 0x3E9E, 0x3E9E, 0xDD7C, 0x7D94, 0xF743, 0x7B34, 0x7B34,
0x342C, 0x7D14, 0x5B1C, 0x1C24, 0x7A24, 0x7A24, 0x9A1C, 0x7D24, 0xD91B, 0x1F7E,
0x1F7E, 0xBF7C, 0x9F94, 0xF42C, 0x9824, 0x9824, 0xBE2C, 0x5E24, 0xD90B, 0x9A24,
0x9A24, 0x5B1C, 0x3C14, 0x9D44, 0x7904, 0xDE86, 0xDE86, 0x7A74, 0x5A95, 0x9E5C,
0x3904, 0x3904, 0xDC0B, 0x3A14, 0xDB0B, 0xFC23, 0xFC23, 0xFD6C, 0x3F96, 0x1B55,
0x3A0C, 0x3A0C, 0x9D04, 0xBA5C, 0xB964, 0x585C, 0x7D24, 0x7D24, 0x1C1C, 0xDC23,
0x5E44, 0xDC2B, 0xDC2B, 0x7E2C, 0x9D1C, 0x7C04, 0xF663, 0xF663, 0x7B84, 0xBDAD,
0x1B8D, 0xBD5C, 0xBD5C, 0x7B2C, 0xB814, 0x1804, 0xBB1B, 0xBB1B, 0x9B2C, 0x3B5D,
0x9B8D, 0xF864, 0x3614, 0x3614, 0x7B14, 0x5F2C, 0xBF85, 0xDD44, 0xDD44, 0x5C14,
0x1D04, 0xBD0B, 0x5F2C, 0x5F2C, 0xDC0B, 0x7C0C, 0xBB0C, 0x371C, 0x371C, 0x785C,
0x7B74, 0x7E3C, 0xDA03, 0x5A0C, 0x5A0C, 0xDB6C, 0x5C96, 0x3944, 0x3C14, 0x3C14,
0x7F04, 0xDF24, 0x5B1C, 0x391C, 0x391C, 0x7B3C, 0xFAA4, 0x5E95, 0xFB7C, 0xFB7C,
0x1644, 0x3804, 0xBA0C, 0x7B2C, 0xBF1B, 0xBF1B, 0x7A1C, 0x781C, 0xB924, 0xDC1C,
0xDC1C, 0x3D45, 0x3C7D, 0x5B95, 0xDA84, 0xDA84, 0xFC4B, 0xDA2B, 0xB52B, 0x5C04,
0x5C04, 0x1904, 0x5F04, 0xDD74, 0xDFC5, 0xB35B, 0xB35B, 0xB813, 0xB903, 0xFC03,
0x5F04, 0x5F04, 0x7D34, 0x388D, 0xFB9D, 0x7A24, 0x7A24, 0x3A14, 0x7D24, 0x7B0B,
0x7D13, 0x7D13, 0xBF3C, 0x7D3C, 0x9D65, 0xBF7D, 0x9E8C, 0x9E8C, 0x7963, 0xDB23,
0x7F0C, 0x3F14, 0x3F14, 0xFC13, 0x7A14, 0x7A1C, 0x1A04, 0x1A04, 0x992B, 0x397C,
0xBD85, 0x3E4D, 0x3E4D, 0xDA33, 0x573B, 0xDC95, 0xBC85, 0xB704, 0xB704, 0x9904,
0xF703, 0x981C, 0x593C, 0x593C, 0x3914, 0xF78C, 0xDB9D, 0xBD85, 0xBD85, 0xDB54,
0x1B2C, 0xFC1B, 0x1E1C, 0x1E1C, 0x5F1C, 0x9623, 0x3B24, 0x9E8D, 0x1BC5, 0x1BC5,
0x774B, 0x3904, 0xFC0C, 0xFC7B, 0xFC7B, 0x7F6D, 0x1A14, 0x7F0C, 0x5F14, 0x5F14,
0x3E2C, 0xFB3B, 0x3D34, 0x7924, 0x7924, 0xFF13, 0x9B3B, 0x3D65, 0x3885, 0x7B4C,
0x7B4C, 0xBF75, 0x3D14, 0x5C24, 0x1B1C, 0x1B1C, 0x7E2C, 0x3D24, 0xFB0B, 0x1D1D,
0x1D1D, 0x780C, 0x762C, 0xB754, 0xFB84, 0xFB84, 0xBE5C, 0x3F6E, 0xBD2C, 0xB813,
0xFF33, 0xFF33, 0x3F3C, 0xFA33, 0x9C1C, 0xDC23, 0xDC23, 0xD913, 0xD94B, 0x9C5C,
0x1D9D, 0x1D9D, 0x1A8D, 0xBA84, 0x3A1C, 0x7604, 0x7604, 0x181C, 0x5F34, 0x1E04,
0x5B14, 0xDD8D, 0xDD8D, 0x7E9D, 0xDA23, 0x3A14, 0xBA1C, 0xBA1C, 0xDF7B, 0x3D7C,
0x9A24, 0xD70C, 0xD70C, 0x9B14, 0x9B3C, 0xDC03, 0x5F0C, 0x5F0C, 0xDD13, 0x7D34,
0x3D34, 0x9F85, 0x3F84, 0x3F84, 0xF785, 0xDD5C, 0x1F24, 0x7F0C, 0x7F0C, 0x3D04,
0xBE0B, 0x1E04, 0x3D05, 0x3D05, 0x9C13, 0xFD13, 0x7C44, 0xDD8C, 0xDD8C, 0x5FA5,
0x7B8D, 0xB75C, 0xFA33, 0x1F24, 0x1F24, 0xBB23, 0xB823, 0x7A2C, 0xDB13, 0xDB13,
0x7C03, 0x7F1C, 0x3C04, 0x3E9E, 0x3E9E, 0xDD7C, 0x7D94, 0xF743, 0x7B34, 0x7B34,
0x342C, 0x7D14, 0x5B1C, 0x1C24, 0x7A24, 0x7A24, 0x9A1C, 0x7D24, 0xD91B, 0x1F7E,
0x1F7E, 0xBF7C, 0x9F94, 0xF42C, 0x9824, 0x9824, 0xBE2C, 0x5E24, 0xD90B, 0x9A24,
0x9A24, 0x5B1C, 0x3C14, 0x9D44, 0x7904, 0xDE86, 0xDE86, 0x7A74, 0x5A95, 0x9E5C,
0x3904, 0x3904, 0xDC0B, 0x3A14, 0xDB0B, 0xFC23, 0xFC23, 0xFD6C, 0x3F96, 0x1B55,
0x3A0C, 0x3A0C, 0x9D04, 0xBA5C, 0xB964, 0x585C, 0x1B44, 0x1B44, 0x1D65, 0xBE85,
0x3E96, 0x375C, 0x375C, 0x3854, 0x5C54, 0xFF64, 0xDB84, 0xDB84, 0x3E96, 0x5F55,
0x5B03, 0x7D0C, 0x7D0C, 0x9F34, 0x5E5C, 0xF873, 0x5D04, 0x5D04, 0x3D34, 0x7E64,
0xFF6C, 0xBD3C, 0x3D24, 0x3D24, 0x5F1C, 0xBC03, 0x5D04, 0x3C14, 0x3C14, 0x7C44,
0xBB6C, 0x5C85, 0xFE95, 0xFE95, 0x3854, 0x9A64, 0x3B5C, 0x9B7C, 0x9B7C, 0xBC9D,
0xDE75, 0x5F45, 0xDC23, 0x1B3C, 0x1B3C, 0xDB54, 0x5C85, 0x3D6C, 0x7F44, 0x7F44,
0xDC23, 0x1B64, 0xBD64, 0x7E2C, 0x7E2C, 0xBF23, 0x9A04, 0x1B65, 0x9E9D, 0x9E9D,
0x3E95, 0x5D7C, 0x1F54, 0x7F44, 0xB54C, 0xB54C, 0x7F96, 0x5E7D, 0xBF74, 0xBC3B,
0xBC3B, 0xDC13, 0x1D04, 0x9F04, 0xFB03, 0xFB03, 0xDF0C, 0x9C3C, 0x9B64, 0x1864,
0x1864, 0xDC23, 0x9E3C, 0x5F55, 0xB764, 0xBE3C, 0xBE3C, 0xDE3C, 0x9C03, 0x1F04,
0xDC1B, 0xDC1B, 0xBF44, 0x5D44, 0x5D75, 0xFE4B, 0xFE4B, 0x1E75, 0xBC8D, 0xDC8D,
0x7D75, 0x7D75, 0x781B, 0xDB0B, 0x5C04, 0x9803, 0x7A04, 0x7A04, 0x9B0C, 0x7C54,
0x9D74, 0x7A2C, 0x7A2C, 0xD90B, 0x9C2B, 0x1E54, 0x1E64, 0x1E64, 0x5E44, 0x5E04,
0x9E04, 0xBA03, 0xBA03, 0xFA1B, 0xDE2C, 0xBC64, 0xDC7C, 0x1B34, 0x1B34, 0x7F3C,
0xFF4B, 0xFB53, 0x5C6C, 0x5C6C, 0x7D1C, 0x1D04, 0x5E04, 0x1D04, 0x1D04, 0x1D0C,
0x5D2C, 0xBD4C, 0x7B54, 0x7B54, 0xB743, 0x3D24, 0x9F44, 0xFF64, 0x1B5D, 0x1B5D,
0xBC3C, 0xFF0B, 0xBD03, 0x7B04, 0x7B04, 0xFF0B, 0xDB34, 0x195D, 0xD86C, 0xD86C,
0x1B9E, 0xFC74, 0xBB43, 0xFD64, 0xFD64, 0x973C, 0xF98C, 0x9D75, 0xDE7D, 0x5B0B,
0x5B0B, 0x7A1B, 0x3C0C, 0xBD64, 0x1F75, 0x1F75, 0xFE95, 0x7A7D, 0x3854, 0x7E64,
0x7E64, 0xBE5B, 0x3D7C, 0xFC9C, 0xBD85, 0xBD85, 0x3F13, 0x7804, 0x1E0C, 0x5A5D,
0x1A85, 0x1A85, 0xBF95, 0x5665, 0x1F64, 0xFD5C, 0xFD5C, 0xDA34, 0xBDA4, 0x7D8D,
0x1F56, 0x1F56, 0x9C04, 0x1E0C, 0x193C, 0x3C54, 0x3C54, 0x9D4C, 0x7B3C, 0x9D43,
0x1754, 0x1F75, 0x1F75, 0x775C, 0x7F34, 0x3D04, 0xFD23, 0xFD23, 0x5C86, 0xFD85,
0xBB84, 0x1D3C, 0x1D3C, 0x7F74, 0xFA63, 0x3A5D, 0x7D96, 0x7D96, 0x1C9D, 0x7D7C,
0x9803, 0xBB04, 0xD903, 0xD903, 0x3C03, 0x3C04, 0x7B34, 0x7B7C, 0x7B7C, 0xD963,
0x3B34, 0xF92B, 0xDA5B, 0xDA5B, 0x3F5C, 0x5A64, 0x7C34, 0xFE03, 0xFE03, 0xBC24,
0xBB75, 0xFD95, 0x7A74, 0x3B1C, 0x3B1C, 0x9F65, 0x5A4C, 0x3B65, 0x3E9E, 0x3E9E,
0xBB84, 0x7C4C, 0x7C04, 0x1904, 0x1904, 0x1F15, 0xDC85, 0x1F9D, 0xBC7C, 0xBC7C,
0x5A4C, 0x3F4D, 0x9853, 0xFB85, 0xDF9D, 0xDF9D, 0xDF84, 0x1D44, 0x1C14, 0x1B04,
0x1B04, 0xBA34, 0xFA7D, 0xFB94, 0xBD7C, 0xBD7C, 0x5F64, 0x5D54, 0x5944, 0x7F8E,
0x7F8E, 0x9E85, 0xBD7C, 0xFA43, 0x5C04, 0x7B04, 0x7B04, 0xBF0B, 0x1B14, 0x7F14,
0xD91C, 0xD91C, 0x587C, 0x5B5C, 0xBC23, 0x7F34, 0x7F34, 0xDC64, 0xFA6C, 0xBB44,
0x9E34, 0x9E34, 0x9A2B, 0x7B64, 0x5E85, 0x7E8D, 0x3954, 0x3954, 0x3A3C, 0xDB2B,
0xFA0B, 0xDD44, 0xDD44, 0x9E55, 0x7B4C, 0x5B44, 0xB83B, 0xB83B, 0xFB13, 0xFF34,
0xFF2B, 0x7B13, 0x7B13, 0xBE54, 0x9E54, 0x3C1C, 0x1A3D, 0x1A3D, 0x3724, 0x392C,
0x5A3C, 0xFD54, 0x3E65, 0x3E65, 0xBA4C, 0xBA54, 0xBA5C, 0xDD5C, 0xDD5C, 0xFB2B,
0x7D34, 0x3B2C, 0xB823, 0xB823, 0xDE4C, 0xFF54, 0xBC6C, 0x3B54, 0x3B54, 0xD903,
0x3A0B, 0x3F65, 0x9844, 0x5E75, 0x5E75, 0x9F34, 0x1A34, 0xFB33, 0xFA0B, 0xFA0B,
0x9E4C, 0xFB43, 0x1E45, 0x9F4C, 0x9F4C, 0x3F2C, 0xB743, 0xDF3C, 0x9B1B, 0x9B1B,
0x773B, 0x3864, 0xBC54, 0x1F5D, 0xDB4B, 0xDB4B, 0x380C, 0xDB23, 0x3F44, 0x1E3C,
0x1E3C, 0x3F6D, 0x3954, 0x1934, 0x3B14, 0x3B14, 0x3A34, 0x7C4C, 0x7E44, 0x1E14,
0x1E14, 0xBE2C, 0x192C, 0x3C3C, 0x3F24, 0xBF64, 0xBF64, 0x5A8C, 0x175C, 0x3E4D,
0x9E54, 0x9E54, 0x1D75, 0x5854, 0xB94B, 0x1734, 0x1734, 0x1B24, 0xFC1B, 0x3C4C,
0x3A4C, 0x3A4C, 0xD943, 0x3D65, 0xB964, 0xDB2C, 0xFB23, 0xFB23, 0x5E3C, 0xFF4C,
0x5B34, 0xB933, 0xB933, 0x7C54, 0x1A4C, 0xF90C, 0x5F54, 0x5F54, 0xDD54, 0x1B0C,
0x5A2C, 0xBB65, 0xBB65, 0xF93B, 0x3974, 0xFB53, 0x3C34, 0x9D2C, 0x9D2C, 0x7C3C,
0x5B2C, 0x1B04, 0xFF3C, 0xFF3C, 0x5D5C, 0x3C04, 0xFF3C, 0x3D3D, 0x3D3D, 0xBB0B,
0x7E4C, 0xB944, 0xD913, 0xD913, 0xFF4B, 0xFC34, 0xF94B, 0xF943, 0x5B4C, 0x5B4C,
0xDF74, 0x5C4C, 0x5D4D, 0x384C, 0x384C, 0x3C6D, 0x1954, 0xFB3B, 0x9E2C, 0x9E2C,
0x1B0C, 0x181C, 0xBB4C, 0x3F65, 0x3F65, 0x9C3C, 0x1A2C, 0xB823, 0xF933, 0x9C4C,
0x9C4C, 0xDD5C, 0x9D54, 0x5C4C, 0x3B4C, 0x3B4C, 0xB81B, 0x7C2C, 0x5D54, 0x3F7D,
0x3F7D, 0x5944, 0x5824, 0xF70B, 0xDB23, 0xDB23, 0x9C44, 0x3D65, 0xBA54, 0xB823,
0x3B24, 0x3B24, 0xDA13, 0x5C2C, 0x9E3C, 0x9D6C, 0x9D6C, 0xF853, 0xBA34, 0x3B04,
0x9F24, 0x9F24, 0x7F3C, 0x9A1B, 0xFD3C, 0x7E44, 0x7E44, 0x9C33, 0xBF4C, 0x3A2C,
0xF71B, 0x7B34, 0x7B34, 0xBB2B, 0xD97C, 0x5C54, 0x7F55, 0x7F55, 0xDB1B, 0xBE2B,
0x3844, 0x3E4C, 0x3E4C, 0x3C55, 0xBB44, 0xBB3B, 0x9A1B, 0x9A1B, 0x7C44, 0xD933,
0x9C44, 0xDE5C, 0xBA2C, 0xBA2C, 0x9E3C, 0xDA0B, 0xDE34, 0xBD44, 0xBD44, 0x1A34,
0x9D4C, 0x7D4C, 0xBC34, 0xBC34, 0x7934, 0xBB4C, 0x3A34, 0xDA1B, 0xDA1B, 0x7F34,
0xBB13, 0xF81B, 0x773C, 0x5D34, 0x5D34, 0x5E75, 0x594C, 0x9D24, 0x3D04, 0x3D04,
0x7D24, 0xD833, 0xDC5C, 0x5D75, 0x5D75, 0x192C, 0x190C, 0x5B1C, 0x1A34, 0x1A34,
0x5C54, 0xBE64, 0x1C4C, 0x3634, 0xDD1B, 0xDD1B, 0xDF53, 0xDA43, 0x7A64, 0x1955,
0x1955, 0x3A44, 0xDF03, 0x1944, 0xFB43, 0xFB43, 0x7D34, 0x3F55, 0x5B5C, 0x593C,
0x593C, 0x1B1C, 0xDF53, 0x3934, 0x9B4C, 0xDD6C, 0xDD6C, 0x3C64, 0x7C44, 0xB703,
0x9F4D, 0x9F4D, 0x9D5C, 0x5E34, 0xBD34, 0x3814, 0x3814, 0xF943, 0x5B44, 0x9C44,
0x5D7C, 0x5D7C, 0x3934, 0xDF44, 0xBA23, 0xF933, 0xDC04, 0xDC04, 0x1C35, 0x9C5D,
0xD97B, 0x9A4B, 0x9A4B, 0xFE63, 0x5C24, 0xF90B, 0xFC04, 0xFC04, 0xB903, 0xFE34,
0x1E2D, 0x1914, 0x1914, 0x7A0C, 0x7B04, 0x3C0C, 0x1F2C, 0x1F2C, 0xDE1B, 0x5F24,
0x5D24, 0x5C2C, 0x3B3C, 0x3B3C, 0xDA43, 0x3B5C, 0x5554, 0x9B3C, 0x9B3C, 0xFF03,
0x1F04, 0xBC13, 0x7B3C, 0x7B3C, 0x9B44, 0xBD44, 0x5E0C, 0xFE33, 0xFE33, 0xB82B,
0x576C, 0xF97C, 0x1A3C, 0xBA3B, 0xBA3B, 0x1924, 0xDFA4, 0xBD7C, 0x7964, 0x7964,
0x5A4C, 0x7B1C, 0xFA03, 0x5A0C, 0x5A0C, 0xDC5C, 0x3775, 0x5D65, 0x3E1C, 0x3E1C,
0x1D04, 0x3C04, 0x1B1C, 0xFD4C, 0x7E6D, 0x7E6D, 0x163C, 0x1C6C, 0x9D53, 0xD92B,
0xD92B, 0xD85C, 0x5AA5, 0xFC7C, 0xDD14, 0xDD14, 0xFB13, 0x5D2C, 0xFF54, 0x3D75,
0x3D75, 0xF974, 0xB443, 0x973B, 0x3C4C, 0x3C04, 0x3C04, 0x9D6D, 0xBBB5, 0x3C95,
0xFB2B, 0xFB2B, 0x5F14, 0x5F14, 0x9F24, 0x3B5C, 0x3B5C, 0x3E5D, 0x3C3C, 0x9D24,
0x7D44, 0x7D44, 0x982B, 0x1C5C, 0x3F7D, 0xD884, 0x198D, 0x198D, 0xFC64, 0x5E14,
0xDC03, 0x7B2C, 0x7B2C, 0x5E75, 0x5E64, 0x1D6D, 0x5E2C, 0x5E2C, 0xF703, 0x7D0C,
0x5D4C, 0xFF85, 0xFF85, 0xBC1B, 0xBF24, 0x1A0C, 0x1C2C, 0x3D54, 0x3D54, 0xBC6C,
0xBC64, 0x3D4C, 0x5E44, 0x5E44, 0x991B, 0x7763, 0x5B9D, 0xFE4C, 0xFE4C, 0x9904,
0x1D0C, 0xBF13, 0x7F55, 0x7F55, 0x9D84, 0x3A64, 0x5B3C, 0x3C14, 0x3C14, 0x3C14,
0x5B3C, 0x1B7D, 0x5AA5, 0x547C, 0x547C, 0xDC4C, 0xFE13, 0xFF13, 0x9D64, 0x9D64,
0xF98C, 0x3754, 0x5A3C, 0x3F5D, 0x3F5D, 0xBB03, 0xFC0B, 0xFB13, 0x1C24, 0x9E34,
0x9E34, 0xDF3C, 0x3E24, 0x7B03, 0x1B04, 0x1B04, 0x1D1C, 0x5E34, 0x1C24, 0x3E45,
0x3E45, 0x1A2C, 0x1C44, 0x3F5C, 0x765C, 0x765C, 0x9854, 0xBC3C, 0x9F1C, 0x3F04,
0x9D03, 0x9D03, 0xDC23, 0x1B44, 0xFD64, 0x9D44, 0x9D44, 0xD91B, 0xDA3C, 0x385C,
0xD973, 0xD973, 0x1C3C, 0x9F04, 0xBA03, 0x1B04, 0x1B04, 0x5C14, 0x1A2C, 0x9A64,
0xDF9D, 0xDF64, 0xDF64, 0x3E34, 0x9804, 0xBB3B, 0xD89C, 0xD89C, 0xDB5B, 0x3704,
0x1804, 0x9B34, 0x9B34, 0xFF9D, 0x7E74, 0x1B5C, 0xDD1C, 0xDD1C, 0x3D04, 0xBD0C,
0x3955, 0x9BBD, 0xD683, 0xD683, 0xFF6C, 0xBC23, 0x9E04, 0x1C04, 0x1C04, 0x7C43,
0xFF7C, 0x3E65, 0x575C, 0x575C, 0x1F34, 0x5F0C, 0x3F2C, 0xBB5B, 0xBB5B, 0xFEAD,
0x9894, 0x9D74, 0x9F14, 0x1B14, 0x1B14, 0xBD4C, 0xF853, 0x5974, 0xBC74, 0xBC74,
0x1E65, 0x3A34, 0x7A3C, 0x7B54, 0x7B54, 0x5A6C, 0x9B84, 0xDD64, 0x3B14, 0x3B14,
0x1E15, 0xFA2C, 0x974C, 0xFE5B, 0xB754, 0xB754, 0xBB3D, 0xFD04, 0xDC4B, 0x5E5C,
0x5E5C, 0xBE64, 0xF95C, 0x7B04, 0x1C1C, 0x1C1C, 0x5E34, 0xBE44, 0x9C54, 0x3944,
0x3944, 0x3A34, 0x5C44, 0x9A2C, 0x3A6C, 0xBBA4, 0xBBA4, 0x9C7D, 0x5704, 0x5B04,
0x9B0B, 0x9B0B, 0x5F4C, 0x1F9D, 0x5B8C, 0xF643, 0xF643, 0x3924, 0x5D0C, 0xFC03,
0xDB54, 0xDB54, 0x7CAE, 0x1E55, 0x7C34, 0x5D1C, 0xFB53, 0xFB53, 0xBB3B, 0x7F3C,
0x5D0C, 0x7803, 0x7803, 0x1804, 0x3C65, 0x3FB6, 0xBF9D, 0xBF9D, 0x9363, 0xF15B,
0x5564, 0xDA6B, 0xDA6B, 0x1F54, 0x1D0C, 0x1C04, 0x5E0C, 0x5E0C, 0xDD03, 0xDE0B,
0xBE13, 0xBD0B, 0xDB0B, 0xDB0B, 0xF903, 0x9A0C, 0x9A54, 0xDD95, 0xDD95, 0x1C9E,
0x7C65, 0xFA03, 0xBE04, 0xBE04, 0x3B24, 0x7A5C, 0xFAA5, 0x5D95, 0x5D95, 0x5B2C,
0xFB0B, 0xFC03, 0x3E14, 0xBA43, 0xBA43, 0x355C, 0xB714, 0xBC24, 0xBE2B, 0xBE2B,
0x1C04, 0xFE24, 0x3E8C, 0x1D54, 0x1D54, 0x3D2C, 0x5E24, 0x5B14, 0xF90B, 0xF90B,
0x3B2C, 0xFD54, 0x1C4D, 0x9B2C, 0xFD13, 0xFD13, 0x1C04, 0x5C04, 0xBC14, 0x5D4D,
0x5D4D, 0x5B55, 0x992C, 0xDB0B, 0x1F14, 0x1F14, 0x155C, 0x1944, 0x3B44, 0x3A44,
0x3A44, 0xFB1B, 0x5F0C, 0x7F24, 0x7C5C, 0x1664, 0x1664, 0x1A25, 0xBB04, 0xF803,
0x380C, 0x380C, 0xDC4C, 0x5C64, 0x183C, 0x1F04, 0x1F04, 0x7D3C, 0x9803, 0x3F24,
0x5C14, 0x5C14, 0x5C85, 0x3B65, 0x3C1C, 0x7C1C, 0x9F14, 0x9F14, 0x1D2C, 0xFB6B,
0xF94B, 0x5B04, 0x5B04, 0x7D14, 0xDB4B, 0xBF44, 0xDC34, 0xDC34, 0x1755, 0xB74B,
0xDD2B, 0x9F1C, 0x9F1C, 0xBD13, 0x394C, 0x7C6D, 0x5D3C, 0xDD1B, 0xDD1B, 0xDC34,
0x1914, 0x9903, 0x7C3C, 0x7C3C, 0x7B7D, 0xFF54, 0xDF2B, 0x7D24, 0x7D24, 0x762C,
0x3364, 0x5764, 0xFC34, 0xFC34, 0x7904, 0xBC24, 0x5B0C, 0xBB3B, 0x5E74, 0x5E74,
0x3944, 0x3934, 0x9923, 0x7D04, 0x7D04, 0x9A2C, 0xD964, 0x986C, 0xBA23, 0xBA23,
0x9F1C, 0x3C14, 0xFA0B, 0xFB03, 0xFB03, 0x9CA6, 0xFB95, 0xB874, 0xB553, 0xF563,
0xF563, 0x1985, 0xFCA5, 0x5CA6, 0x7D04, 0x7D04, 0x7D0C, 0x7A0C, 0x570C, 0xFE75,
0xFE75, 0xFD84, 0x3D54, 0x3D0C, 0x9823, 0x9823, 0xF843, 0xB87C, 0xFCA5, 0x3F96,
0x5A34, 0x5A34, 0x3D0C, 0xBC03, 0x5A04, 0x7E75, 0x7E75, 0x1E95, 0x5B5C, 0x780B,
0xB81B, 0xB81B, 0x565C, 0xD394, 0x3D9E, 0x5F9E, 0x5F9E, 0x9A2B, 0x9C13, 0x3D14,
0x3C1C, 0x7D34, 0x7D34, 0xDA33, 0x5F5C, 0x1F14, 0x3E05, 0x3E05, 0x5904, 0xBA34,
0x764C, 0x3D4C, 0x3D4C, 0x3D3C, 0xF833, 0xFD0B, 0x1E04, 0x1E04, 0xBF84, 0x9773,
0x5A2C, 0x5D14, 0x5D0C, 0x5D0C, 0x190C, 0x3C04, 0xFF64, 0x7B74, 0x7B74, 0x571C,
0xBD04, 0x1E0C, 0xBC1B, 0xBC1B, 0x3B04, 0x5B64, 0x1C85, 0x1934, 0x1934, 0x7F1C,
0xFE03, 0x3F25, 0x7A6C, 0x5A5C, 0x5A5C, 0x9F34, 0xFE0B, 0x9B13, 0x7C3C, 0x7C3C,
0xBE4C, 0x1A44, 0xF66B, 0xBB1B, 0xBB1B, 0xFC13, 0xFB0B, 0x392C, 0xB643, 0xB643,
0xDC7C, 0xDC4B, 0x7F2B, 0x9A14, 0xFD14, 0xFD14, 0xDD64, 0x3564, 0xF663, 0x791C,
0x791C, 0x5A14, 0x590C, 0x7B04, 0xDC34, 0xDC34, 0xFD54, 0x5A1C, 0x9B04, 0xDB03,
0xDB03, 0xFB23, 0xFA03, 0x1D7D, 0xBD64, 0xFB23, 0xFB23, 0xBD14, 0x3A0C, 0x3A44,
0x5A64, 0x5A64, 0x5954, 0xFA0C, 0x7B14, 0x3C0C, 0x3C0C, 0x1B1C, 0x1D6C, 0x3D7C,
0x1B2C, 0x1B2C, 0xDC3B, 0xBA03, 0x1A24, 0xF733, 0xFB53, 0xFB53, 0xBB3B, 0x7F3C,
0x5D0C, 0x7803, 0x7803, 0x1804, 0x3C65, 0x3FB6, 0xBF9D, 0xBF9D, 0x9363, 0xF15B,
0x5564, 0xDA6B, 0xDA6B, 0x1F54, 0x1D0C, 0x1C04, 0x5E0C, 0x5E0C, 0xDD03, 0xDE0B,
0xBE13, 0xBD0B, 0xDB0B, 0xDB0B, 0xF903, 0x9A0C, 0x9A54, 0xDD95, 0xDD95, 0x1C9E,
0x7C65, 0xFA03, 0xBE04, 0xBE04, 0x3B24, 0x7A5C, 0xFAA5, 0x5D95, 0x5D95, 0x5B2C,
0xFB0B, 0xFC03, 0x3E14, 0xBA43, 0xBA43, 0x355C, 0xB714, 0xBC24, 0xBE2B, 0xBE2B,
0x1C04, 0xFE24, 0x3E8C, 0x1D54, 0x1D54, 0x3D2C, 0x5E24, 0x5B14, 0xF90B, 0xF90B,
0x3B2C, 0xFD54, 0x1C4D, 0x9B2C, 0xFD13, 0xFD13, 0x1C04, 0x5C04, 0xBC14, 0x5D4D,
0x5D4D, 0x5B55, 0x992C, 0xDB0B, 0x1F14, 0x1F14, 0x155C, 0x1944, 0x3B44, 0x3A44,
0x3A44, 0xFB1B, 0x5F0C, 0x7F24, 0x7C5C, 0x1664, 0x1664, 0x1A25, 0xBB04, 0xF803,
0x380C, 0x380C, 0xDC4C, 0x5C64, 0x183C, 0x1F04, 0x1F04, 0x7D3C, 0x9803, 0x3F24,
0x5C14, 0x5C14, 0x5C85, 0x3B65, 0x3C1C, 0x7C1C, 0x9F14, 0x9F14, 0x1D2C, 0xFB6B,
0xF94B, 0x5B04, 0x5B04, 0x7D14, 0xDB4B, 0xBF44, 0xDC34, 0xDC34, 0x1755, 0xB74B,
0xDD2B, 0x9F1C, 0x9F1C, 0xBD13, 0x394C, 0x7C6D, 0x5D3C, 0xDD1B, 0xDD1B, 0xDC34,
0x1914, 0x9903, 0x7C3C, 0x7C3C, 0x7B7D, 0xFF54, 0xDF2B, 0x7D24, 0x7D24, 0x762C,
0x3364, 0x5764, 0xFC34, 0xFC34, 0x7904, 0xBC24, 0x5B0C, 0xBB3B, 0x5E74, 0x5E74,
0x3944, 0x3934, 0x9923, 0x7D04, 0x7D04, 0x9A2C, 0xD964, 0x986C, 0xBA23, 0xBA23,
0x9F1C, 0x3C14, 0xFA0B, 0xFB03, 0xFB03, 0x9CA6, 0xFB95, 0xB874, 0xB553, 0xF563,
0xF563, 0x1985, 0xFCA5, 0x5CA6, 0x7D04, 0x7D04, 0x7D0C, 0x7A0C, 0x570C, 0xFE75,
0xFE75, 0xFD84, 0x3D54, 0x3D0C, 0x9823, 0x9823, 0xF843, 0xB87C, 0xFCA5, 0x3F96,
0x5A34, 0x5A34, 0x3D0C, 0xBC03, 0x5A04, 0x7E75, 0x7E75, 0x1E95, 0x5B5C, 0x780B,
0xB81B, 0xB81B, 0x565C, 0xD394, 0x3D9E, 0x5F9E, 0x5F9E, 0x9A2B, 0x9C13, 0x3D14,
0x3C1C, 0x7D34, 0x7D34, 0xDA33, 0x5F5C, 0x1F14, 0x3E05, 0x3E05, 0x5904, 0xBA34,
0x764C, 0x3D4C, 0x3D4C, 0x3D3C, 0xF833, 0xFD0B, 0x1E04, 0x1E04, 0xBF84, 0x9773,
0x5A2C, 0x5D14, 0x5D0C, 0x5D0C, 0x190C, 0x3C04, 0xFF64, 0x7B74, 0x7B74, 0x571C,
0xBD04, 0x1E0C, 0xBC1B, 0xBC1B, 0x3B04, 0x5B64, 0x1C85, 0x1934, 0x1934, 0x7F1C,
0xFE03, 0x3F25, 0x7A6C, 0x5A5C, 0x5A5C, 0x9F34, 0xFE0B, 0x9B13, 0x7C3C, 0x7C3C,
0xBE4C, 0x1A44, 0xF66B, 0xBB1B, 0xBB1B, 0xFC13, 0xFB0B, 0x392C, 0xB643, 0xB643,
0xDC7C, 0xDC4B, 0x7F2B, 0x9A14, 0xFD14, 0xFD14, 0xDD64, 0x3564, 0xF663, 0x791C,
0x791C, 0x5A14, 0x590C, 0x7B04, 0xDC34, 0xDC34, 0xFD54, 0x5A1C, 0x9B04, 0xDB03,
0xDB03, 0xFB23, 0xFA03, 0x1D7D, 0xBD64, 0xFB23, 0xFB23, 0xBD14, 0x3A0C, 0x3A44,
0x5A64, 0x5A64, 0x5954, 0xFA0C, 0x7B14, 0x3C0C, 0x3C0C, 0x1B1C, 0x1D6C, 0x3D7C,
0x1B2C, 0x1B2C, 0xDC3B, 0xBA03, 0x1A24, 0xF733, 0xFE74, 0xFE74, 0x1A1C, 0x5C0C,
0x3D15, 0x7B54, 0x7B54, 0x9B54, 0x3C5C, 0xFF4C, 0x9D5D, 0x9D5D, 0x3B0C, 0x1F1C,
0x9E4C, 0x9B6D, 0x9B6D, 0xFB85, 0xBB54, 0xFD03, 0xBC44, 0xBC44, 0x7A3C, 0x9A3C,
0xDB3C, 0xDC34, 0x7B1C, 0x7B1C, 0x1B04, 0x1C04, 0x9703, 0xDC44, 0xDC44, 0x1C75,
0xBC74, 0x1A3C, 0x9D2C, 0x9D2C, 0x5C14, 0xF90B, 0xDC23, 0xBA13, 0xBA13, 0x3B04,
0x1C1C, 0xBF75, 0x3C86, 0x3C85, 0x3C85, 0xBF54, 0xBD44, 0xDC5C, 0x7673, 0x7673,
0x3B9D, 0x3C85, 0xBB5C, 0x7804, 0x7804, 0x9904, 0xDF34, 0x5D54, 0x3D44, 0x3D44,
0x5E0C, 0x7E24, 0x3B64, 0x9853, 0xB91B, 0xB91B, 0x7B6C, 0xDC94, 0x5D9D, 0xFA33,
0xFA33, 0x3E04, 0x1E0C, 0x9F75, 0x5CAE, 0x5CAE, 0x5B85, 0xFD54, 0x9D3C, 0x795C,
0x795C, 0x7674, 0xFDA5, 0xBF85, 0xFD5C, 0xFD0B, 0xFD0B, 0x3F14, 0x3F4C, 0x1C74,
0x7C4C, 0x7C4C, 0x3F24, 0xFE3B, 0xFB63, 0x5A7C, 0x5A7C, 0x7B23, 0x3F5C, 0x1C85,
0xFDA4, 0xFDA4, 0x7A03, 0x3F0C, 0xDA03, 0xDA23, 0x9B34, 0x9B34, 0x192C, 0x5D54,
0xBF84, 0x5E95, 0x5E95, 0x5A75, 0xF74C, 0xBC64, 0xF723, 0xF723, 0xFA6C, 0x1D95,
0x3F86, 0xBA44, 0xBA44, 0x9A3B, 0x3B3C, 0x5F2B, 0x986B, 0x7563, 0x7563, 0xFD33,
0x5D2C, 0xDB85, 0x5A7D, 0x5A7D, 0xBE1B, 0x7804, 0xDB23, 0x1E9E, 0x1E9E, 0xBEA5,
0x9B7C, 0x1A54, 0xBF53, 0xBF53, 0x1C6C, 0x5A64, 0xBB85, 0xDA8D, 0xB964, 0xB964,
0xBA13, 0xFD1B, 0xFA3B, 0xFD7D, 0xFD7D, 0x5EAD, 0xFF74, 0xBF34, 0xFB03, 0xFB03,
0xFD2C, 0x9C34, 0x7D64, 0xFC73, 0xFC73, 0xDC84, 0xDD64, 0xBE2C, 0x7E04, 0x7E04,
0x7E04, 0x9D2C, 0xBD64, 0x9C84, 0x9F44, 0x9F44, 0x1F4C, 0x9F3B, 0x1C13, 0x3E24,
0x3E24, 0x1C1C, 0x3C0C, 0x5B04, 0xDF04, 0xDF04, 0x9C04, 0xBA3C, 0x3C6D, 0x3D75,
0xFA43, 0xFA43, 0x3D4C, 0x7F4C, 0x1C04, 0x3D14, 0x3D14, 0xDC0B, 0xFD13, 0x5F14,
0x3E14, 0x3E14, 0x3C0C, 0xDD1C, 0x7E75, 0xFE74, 0xFE74, 0x3D5C, 0x5D44, 0x7C24,
0xBC24, 0xF913, 0xF913, 0x7C3C, 0x5B8C, 0xBC8D, 0xDE95, 0xDE95, 0x7FBE, 0xBF7C,
0x9D55, 0x3E34, 0x3E34, 0x5D64, 0x9954, 0xF97C, 0xFD95, 0xFD95, 0xFE84, 0x3D54,
0xB90B, 0x7B44, 0x3834, 0x3834, 0xBE44, 0xBE13, 0x3F1C, 0x3B3C, 0x3B3C, 0xB943,
0x1D3C, 0x3C3C, 0x3974, 0x3974, 0xBAAD, 0x3B5D, 0x3C1C, 0xFB0B, 0xFB0B, 0x390C,
0x7A2C, 0x7D2C, 0xBC03, 0xDC7C, 0xDC7C, 0x7C8D, 0x7A95, 0x766C, 0xFC4C, 0xFC4C,
0xFF3C, 0xBF4C, 0xBB7C, 0xFD9D, 0xFD9D, 0xDE7D, 0x7A34, 0x5D24, 0x1D24, 0x1D24,
0xFE4C, 0x7A65, 0x7986, 0xB77B, 0x1B4C, 0x1B4C, 0xFD5B, 0x1D54, 0x3F85, 0x5C8E,
0x5C8E, 0x7B95, 0x3F4C, 0x1F14, 0x7F2C, 0x7F2C, 0x3D5C, 0xBA4B, 0x5C2C, 0xDB43,
0xDB43, 0x1C84, 0x5C95, 0x5F4C, 0xBF0C, 0x5D04, 0x5D04, 0x3F4D, 0x9FB5, 0xD9A4,
0x3A75, 0x3A75, 0x5824, 0x5D5C, 0x3A5C, 0x3DA5, 0x3DA5, 0xBD85, 0xDB6C, 0x1A4C,
0x3704, 0x3704, 0xDB44, 0x5A8D, 0x1E9E, 0x7B85, 0x581C, 0x581C, 0x1B75, 0x9D8D,
0xFA6B, 0x1B14, 0x1B14, 0xDD0B, 0xBC03, 0x9C23, 0xFC03, 0xFC03, 0xDC03, 0xFF03,
0xDF03, 0x3E04, 0x3E04, 0x7E04, 0xDB13, 0x990B, 0xBD44, 0xBD44, 0xDC5C, 0x1A7D,
0x7A9D, 0x3A8D, 0x7B54, 0x7B54, 0xFE23, 0xDF03, 0x3F14, 0x7F24, 0x7F24, 0xDD0B,
0x7C03, 0x1E04, 0x3D0C, 0x3D0C, 0x7F65, 0x1D85, 0x9A6D, 0x373C, 0x373C, 0xFB03,
0xBF13, 0xBF4C, 0x9B34, 0xF92B, 0xF92B, 0xBF1C, 0xBF65, 0x1D45, 0x9703, 0x9703,
0xDF44, 0x1D2C, 0x3C04, 0x1F55, 0x1F55, 0x5F85, 0x3F85, 0x3C6D, 0x1B5D, 0x1B5D,
0x3C3C, 0xDD33, 0x5C3C, 0x7D34, 0x7F24, 0x7F24, 0x7C04, 0x1B3D, 0x7A85, 0xD553,
0xD553, 0x1B3C, 0x5E34, 0xDE4C, 0xD63B, 0xD63B, 0x9F1C, 0x7D34, 0xFD54, 0xFF4C,
0xFF4C, 0xDB1B, 0x3C34, 0xFA2B, 0x1B24, 0x9D8D, 0x9D8D, 0x1D6D, 0x3C55, 0x1A65,
0x9B6C, 0x9B6C, 0x3D34, 0x7D04, 0xBB1C, 0xDD23, 0xDD23, 0x1D34, 0x1904, 0xDC44,
0xFC45, 0xFC45, 0xDA64, 0x783C, 0xDD54, 0x9D34, 0xBF85, 0xBF85, 0x3F75, 0xFF3C,
0x7E0C, 0x5E1C, 0x5E1C, 0x1C24, 0x1C1C, 0x7E7D, 0x3D4D, 0x3D4D, 0xBA2B, 0xB83B,
0x7844, 0x7E8D, 0x7E8D, 0xBD6C, 0x9E14, 0xBB3C, 0x7934, 0xFA2B, 0xFA2B, 0xFE2B,
0x1D24, 0xBE4D, 0x7A55, 0x7A55, 0x5844, 0x3D3C, 0x3A55, 0x7B4C, 0x7B4C, 0x5A2C,
0xFC14, 0xFE1C, 0xDD55, 0xDD55, 0x3D4C, 0xDB34, 0xBF34, 0x1F04, 0xDC03, 0xDC03,
0x3D55, 0xFE75, 0x9B3C, 0xBF54, 0xBF54, 0x5904, 0xFA03, 0x1F4D, 0x1D7D, 0x1D7D,
0x3D8D, 0x3A44, 0xBD1C, 0x9B04, 0x9B04, 0x1B04, 0x9C04, 0xBC04, 0x3904, 0x1904,
0x1904, 0x5A04, 0x5B04, 0xFA03, 0x1704, 0x1704, 0x5904, 0x7E4D, 0x7E85, 0xFB7C,
0xFB7C, 0x794C, 0x7A34, 0xBA23, 0x1F04, 0x1F04, 0xDD03, 0xDD0B, 0xFD13, 0x9C03,
0xFD03, 0xFD03, 0x1C14, 0x3F3D, 0x7C95, 0x5B85, 0x5B85, 0xD964, 0x392C, 0x3C04,
0xBC03, 0xBC03, 0x9C03, 0x5F1C, 0xDC1B, 0xDA03, 0xDA03, 0x1A04, 0xDA0B, 0xFB3B,
0x9F95, 0xFC84, 0xFC84, 0xF65B, 0xB803, 0xDC2B, 0x5E64, 0x5E64, 0x5F6C, 0x7D3C,
0xBC0B, 0x793C, 0x793C, 0xDD84, 0x3C2C, 0xFD3B, 0x9F1C, 0x9F1C, 0x1D04, 0xFE34,
0x5D65, 0xBF95, 0x9E3C, 0x9E3C, 0xDE7D, 0xFD3C, 0xDC1C, 0x7A24, 0x7A24, 0xDA2B,
0xFD13, 0x3D04, 0x3B0C, 0x3B0C, 0x1F9D, 0x9B54, 0xF823, 0x9C44, 0x9C44, 0x9E4C,
0xBF74, 0x3E95, 0x5A7D, 0xFA03, 0xFA03, 0x3B1C, 0xBE34, 0xBB23, 0x9D54, 0x9D54,
0xFC6C, 0x9A4C, 0x3B14, 0xDF33, 0xDF33, 0xBF6C, 0x7D74, 0xBF8D, 0xDF65, 0xDF65,
0x3A14, 0x3C1C, 0x5F34, 0x5804, 0x3E5D, 0x3E5D, 0x9F6D, 0xFA04, 0x7523, 0x9C4B,
0x9C4B, 0xDF7C, 0xBD6D, 0x5D4C, 0x5924, 0x5924, 0x7523, 0x1A4C, 0xBE24, 0x3D0C,
0x3D0C, 0xFC2B, 0xBF65, 0xDB64, 0x1734, 0x393C, 0x393C, 0xDE6C, 0x1B5C, 0x7C44,
0xB90B, 0xB90B, 0xBF45, 0xDC4C, 0x1804, 0x7E4C, 0x7E4C, 0x9F34, 0x3D0C, 0xBF4C,
0x5F55, 0x5F55, 0xFF85, 0x1854, 0xDC64, 0x1944, 0x796B, 0x796B, 0x3F7D, 0x7F4D,
0xDA03, 0x1C0C, 0x1C0C, 0x1F4D, 0x5E65, 0x9D75, 0x987D, 0x987D, 0xB95C, 0x7B1C,
0x5D04, 0xFD03, 0xFD03, 0x3D04, 0x9D04, 0x7E14, 0x590C, 0x590C, 0x391C, 0x1A24,
0x5D44, 0x7E44, 0x1C34, 0x1C34, 0x1C2C, 0x1B1C, 0x1E35, 0x7E75, 0x7E75, 0x1B9D,
0x7B84, 0x9F54, 0xBC0B, 0xBC0B, 0x5F45, 0x1C55, 0x1D3C, 0x1F3C, 0x1F3C, 0x3D04,
0x9B04, 0x9B04, 0x3C0C, 0x9A53, 0x9A53, 0x9A84, 0x5885, 0xDB6C, 0x5B14, 0x5B14,
0x5E2C, 0xDA33, 0xD633, 0x3C95, 0x3C95, 0xFA64, 0x7F14, 0x9B0B, 0x9903, 0x9903,
0x5C04, 0x1B0C, 0xB843, 0x987C, 0xB97D, 0xB97D, 0x1F75, 0x5D2C, 0xDB23, 0xFE6B,
0xFE6B, 0xFE6B, 0x3C2C, 0x3B0C, 0x1B24, 0x1B24, 0x194C, 0x5574, 0x188D, 0xBD44,
0xBD44, 0x1F0C, 0x7F2C, 0x1A34, 0x9944, 0xFA8C, 0xFA8C, 0x7F6C, 0x5F1C, 0x7F04,
0xFB13, 0xFB13, 0x7B1C, 0x9B14, 0xDC33, 0xDA6C, 0xDA6C, 0x3C5D, 0xFD64, 0xBA3C,
0xF95B, 0xF95B, 0xB833, 0x9B53, 0x1E54, 0xB903, 0xDF64, 0xDF64, 0x5A7C, 0x967C,
0x1544, 0x5C2C, 0x5C2C, 0x3D2C, 0xBB54, 0x7B65, 0xB86C, 0xB86C, 0x7953, 0x3A3C,
0x9C0C, 0x1F04, 0x1F04, 0xBD03, 0x3F04, 0xF903, 0x1A34, 0x1E75, 0x1E75, 0x7F6D,
0x7C54, 0x1A6C, 0xB963, 0xB963, 0xBB43, 0x5B43, 0x7B1C, 0x7E0C, 0x7E0C, 0xFF1B,
0xBF54, 0xDA84, 0xFA8C, 0xFA8C, 0x9D5C, 0x7D0C, 0x1A3C, 0xF53B, 0x7764, 0x7764,
0x1DA5, 0xDD7C, 0x391C, 0xDC34, 0xDC34, 0x3D44, 0x955B, 0xB684, 0xFB54, 0xFB54,
0x5E2C, 0x7B1B, 0x3D44, 0x7F44, 0x7F44, 0xFA8C, 0x7E8D, 0xFF64, 0xBE2B, 0x9E2B,
0x9E2B, 0xBF5C, 0x3E85, 0xD984, 0x3F84, 0x3F84, 0x1D3C, 0xDE3C, 0xDD5C, 0xF953,
0xF953, 0x3934, 0xBD1C, 0xFC03, 0x3B04, 0x3B04, 0x9B24, 0x7C65, 0xBD8D, 0xFC74,
0x1F65, 0x1F65, 0xFC33, 0x5E34, 0x785C, 0xBC54, 0xBC54, 0xDF44, 0xDD0B, 0x5C04,
0xDB04, 0xDB04, 0xDD34, 0x7F74, 0xFC7C, 0xDF7D, 0xDF7D, 0x1D4D, 0x7D24, 0x5A0B,
0x7E3C, 0xDF7D, 0xDF7D, 0xFA64, 0x9934, 0x3B3C, 0x3F24, 0x3F24, 0xB903, 0xB934,
0x976B, 0x179D, 0x179D, 0xD64C, 0xB83C, 0x7F44, 0x1D24, 0x1D24, 0xD653, 0x1384,
0xFA84, 0xBE64, 0xFB03, 0xFB03, 0x3D33, 0xFA03, 0xF80B, 0xD733, 0xD733, 0x5A6C,
0xDFA4, 0xBF74, 0x9C04, 0x9C04, 0xB52B, 0xB853, 0x5B54, 0x1A2C, 0x1A2C, 0xFB3B,
0x7B3C, 0x9E65, 0x597C, 0x1734, 0x1734, 0x192C, 0xFF24, 0x3E04, 0xDC4C, 0xDC4C,
0x1795, 0x9584, 0x1744, 0x3504, 0x3504, 0xB904, 0x5A1C, 0x1D5D, 0xFB84, 0xFB84,
0x545B, 0xD853, 0x5D4C, 0xFF1B, 0x9B4C, 0x9B4C, 0x798C, 0x5B74, 0xFC63, 0x1904,
0x1904, 0x7A04, 0x3A04, 0x1B0C, 0xBB0C, 0xBB0C, 0xD923, 0x5E7C, 0x1F8D, 0x7F65,
0x7F65, 0x5924, 0x9724, 0xDB2B, 0xF94B, 0x794C, 0x794C, 0x9B1C, 0x3E04, 0xFE23,
0x974B, 0x974B, 0xD684, 0x196D, 0x7924, 0x5E4C, 0x5E4C, 0x7A4B, 0xB643, 0x1A85,
0xDB6C, 0xDB6C, 0x5A24, 0xDF03, 0x5F14, 0x5E24, 0xFA03, 0xFA03, 0x7D04, 0x7F3C,
0x5A34, 0xB663, 0xB663, 0x7664, 0x1974, 0xBE6C, 0x5D7C, 0x5D7C, 0x1A5C, 0x372C,
0x592C, 0xFD6B, 0xFD6B, 0xDD73, 0xF85B, 0xB453, 0x364C, 0x364C, 0x382C, 0xFA03,
0x7E04, 0x7F04, 0x1C04, 0x1C04, 0x3B1C, 0x1834, 0x557C, 0x7874, 0x7874, 0x9A6C,
0x576C, 0x9674, 0xD443, 0xD443, 0x5C2C, 0xFF03, 0x9A1C, 0x9F6D, 0x9F6D, 0x3F65,
0x195C, 0xB94B, 0xDC23, 0x1D2C, 0x1D2C, 0x3904, 0xDE03, 0xDA13, 0x5844, 0x5844,
0xBB8C, 0x9C74, 0x1A14, 0x5B0C, 0x5B0C, 0x7C2C, 0xDF5C, 0x7D55, 0xFB6D, 0xFB6D,
0x3C9E, 0x1A7D, 0xFA23, 0x9F0C, 0x9E04, 0x9E04, 0x1B14, 0xD90B, 0xBB34, 0xFE7D,
0xFE7D, 0x9C95, 0xBA84, 0x1A44, 0xBB0B, 0xBB0B, 0x1C2C, 0xBC0B, 0x1D04, 0x990B,
0x990B, 0x395C, 0xFB84, 0x5A44, 0x5D0C, 0x7E04, 0x7E04, 0xDC34, 0xBA4C, 0x3D6D,
0x3E7D, 0x3E7D, 0x1F96, 0x5B55, 0x7714, 0xBD1C, 0xBD1C, 0xDB4C, 0x5A2C, 0xFD1B,
0xBA0B, 0xBA0B, 0x5FA6, 0x7F96, 0x9D34, 0xFF23, 0xFE44, 0xFE44, 0x170C, 0x1B04,
0x9E2B, 0x9F84, 0x9F84, 0x7A64, 0x560C, 0xDB03, 0x9F1C, 0x9F1C, 0xDF0B, 0x9B03,
0x9944, 0xFA6C, 0xFA6C, 0xF98D, 0x9D9D, 0x7A6D, 0xDA13, 0x3E14, 0x3E14, 0xFC34,
0x9A24, 0xDC03, 0x3D3C, 0x3D3C, 0xBDA5, 0xDFA5, 0x3A4C, 0x364C, 0x364C, 0x3B23,
0xFF03, 0x5C0C, 0x990B, 0x990B, 0x940C, 0xBC54, 0xDC64, 0xF933, 0x3B1C, 0x3B1C,
0xFB03, 0xFF24, 0xBF3C, 0xDD4B, 0xDD4B, 0x3D6D, 0x3C14, 0x3C04, 0xBB2C, 0xBB2C,
0xDB54, 0x3A44, 0x394C, 0x5664, 0x5664, 0x1F7C, 0x7D7C, 0x9A64, 0x7654, 0x7654,
0x7654, 0xBA6C, 0x9D74, 0x1E74, 0x1374, 0x1374, 0x1754, 0x5D34, 0x7F0C, 0x5D04,
0x5D04, 0x3D1D, 0xBC6D, 0x3A95, 0xD73B, 0xD73B, 0x174C, 0x786C, 0xB974, 0xBA64,
0x9A54, 0x9A54, 0x583C, 0x573C, 0x3F04, 0xDA03, 0xDA03, 0xF964, 0x1A8D, 0x1C65,
0x5A24, 0x5A24, 0x373C, 0x978C, 0x1F6D, 0x9753, 0x9753, 0xD76B, 0xB65B, 0x5A3C,
0xBF45, 0x1C04, 0x1C04, 0x1C04, 0x570C, 0x786D, 0xBB63, 0xBB63, 0xB854, 0x9D03,
0x5F0C, 0x5D0C, 0x5D0C, 0xF903, 0x7A13, 0x186C, 0x9B7D, 0x9B7D, 0xB913, 0x9F0C,
0xDC03, 0xDF5C, 0x1B3C, 0x1B3C, 0xBD45, 0xBD9D, 0xBE85, 0xBE24, 0xBE24, 0xDC0B,
0x3924, 0x9A2C, 0xFD23, 0xFD23, 0x570C, 0x1F56, 0x3F9E, 0xDD7C, 0xDD7C, 0xB82C,
0x9914, 0xDE34, 0xFD03, 0x1B34, 0x1B34, 0x174C, 0x1875, 0x783C, 0x5C14, 0x5C14,
0x3F04, 0xBE03, 0xFF23, 0xFA3B, 0xFA3B, 0x9B44, 0xBB34, 0x9D2C, 0x1E24, 0x1E24,
0xFF3B, 0xFB53, 0xBA74, 0x9954, 0xFC04, 0xFC04, 0x5804, 0x571C, 0x1D2C, 0xBA03,
0xBA03, 0x5A54, 0x1E85, 0x3CA5, 0x9D7D, 0x9D7D, 0x990C, 0xF603, 0x7A0C, 0xDD24,
0xDD24, 0x5C1C, 0x1D24, 0x3D8D, 0xDDA5, 0xF874, 0xF874, 0x5734, 0x5C2C, 0xFF2B,
0x5F24, 0x5F24, 0x3D04, 0xFE2B, 0x9B33, 0xBC54, 0xBC54, 0xDC54, 0x9A24, 0x190C,
0xBA2B, 0xBA2B, 0x3F6D, 0xDA33, 0xBA23, 0x1D14, 0xFA03, 0xFA03, 0x7D04, 0x7F3C,
0x5A34, 0xB663, 0xB663, 0x7664, 0x1974, 0xBE6C, 0x5D7C, 0x5D7C, 0x1A5C, 0x372C,
0x592C, 0xFD6B, 0xFD6B, 0xDD73, 0xF85B, 0xB453, 0x364C, 0x364C, 0x382C, 0xFA03,
0x7E04, 0x7F04, 0x1C04, 0x1C04, 0x3B1C, 0x1834, 0x557C, 0x7874, 0x7874, 0x9A6C,
0x576C, 0x9674, 0xD443, 0xD443, 0x5C2C, 0xFF03, 0x9A1C, 0x9F6D, 0x9F6D, 0x3F65,
0x195C, 0xB94B, 0xDC23, 0x1D2C, 0x1D2C, 0x3904, 0xDE03, 0xDA13, 0x5844, 0x5844,
0xBB8C, 0x9C74, 0x1A14, 0x5B0C, 0x5B0C, 0x7C2C, 0xDF5C, 0x7D55, 0xFB6D, 0xFB6D,
0x3C9E, 0x1A7D, 0xFA23, 0x9F0C, 0x9E04, 0x9E04, 0x1B14, 0xD90B, 0xBB34, 0xFE7D,
0xFE7D, 0x9C95, 0xBA84, 0x1A44, 0xBB0B, 0xBB0B, 0x1C2C, 0xBC0B, 0x1D04, 0x990B,
0x990B, 0x395C, 0xFB84, 0x5A44, 0x5D0C, 0x7E04, 0x7E04, 0xDC34, 0xBA4C, 0x3D6D,
0x3E7D, 0x3E7D, 0x1F96, 0x5B55, 0x7714, 0xBD1C, 0xBD1C, 0xDB4C, 0x5A2C, 0xFD1B,
0xBA0B, 0xBA0B, 0x5FA6, 0x7F96, 0x9D34, 0xFF23, 0xFE44, 0xFE44, 0x170C, 0x1B04,
0x9E2B, 0x9F84, 0x9F84, 0x7A64, 0x560C, 0xDB03, 0x9F1C, 0x9F1C, 0xDF0B, 0x9B03,
0x9944, 0xFA6C, 0xFA6C, 0xF98D, 0x9D9D, 0x7A6D, 0xDA13, 0x3E14, 0x3E14, 0xFC34,
0x9A24, 0xDC03, 0x3D3C, 0x3D3C, 0xBDA5, 0xDFA5, 0x3A4C, 0x364C, 0x364C, 0x3B23,
0xFF03, 0x5C0C, 0x990B, 0x990B, 0x940C, 0xBC54, 0xDC64, 0xF933, 0x3B1C, 0x3B1C,
0xFB03, 0xFF24, 0xBF3C, 0xDD4B, 0xDD4B, 0x3D6D, 0x3C14, 0x3C04, 0xBB2C, 0xBB2C,
0xDB54, 0x3A44, 0x394C, 0x5664, 0x5664, 0x1F7C, 0x7D7C, 0x9A64, 0x7654, 0x7654,
0x7654, 0xBA6C, 0x9D74, 0x1E74, 0x1374, 0x1374, 0x1754, 0x5D34, 0x7F0C, 0x5D04,
0x5D04, 0x3D1D, 0xBC6D, 0x3A95, 0xD73B, 0xD73B, 0x174C, 0x786C, 0xB974, 0xBA64,
0x9A54, 0x9A54, 0x583C, 0x573C, 0x3F04, 0xDA03, 0xDA03, 0xF964, 0x1A8D, 0x1C65,
0x5A24, 0x5A24, 0x373C, 0x978C, 0x1F6D, 0x9753, 0x9753, 0xD76B, 0xB65B, 0x5A3C,
0xBF45, 0x1C04, 0x1C04, 0x1C04, 0x570C, 0x786D, 0xBB63, 0xBB63, 0xB854, 0x9D03,
0x5F0C, 0x5D0C, 0x5D0C, 0xF903, 0x7A13, 0x186C, 0x9B7D, 0x9B7D, 0xB913, 0x9F0C,
0xDC03, 0xDF5C, 0x1B3C, 0x1B3C, 0xBD45, 0xBD9D, 0xBE85, 0xBE24, 0xBE24, 0xDC0B,
0x3924, 0x9A2C, 0xFD23, 0xFD23, 0x570C, 0x1F56, 0x3F9E, 0xDD7C, 0xDD7C, 0xB82C,
0x9914, 0xDE34, 0xFD03, 0x1B34, 0x1B34, 0x174C, 0x1875, 0x783C, 0x5C14, 0x5C14,
0x3F04, 0xBE03, 0xFF23, 0xFA3B, 0xFA3B, 0x9B44, 0xBB34, 0x9D2C, 0x1E24, 0x1E24,
0xFF3B, 0xFB53, 0xBA74, 0x9954, 0xFC04, 0xFC04, 0x5804, 0x571C, 0x1D2C, 0xBA03,
0xBA03, 0x5A54, 0x1E85, 0x3CA5, 0x9D7D, 0x9D7D, 0x990C, 0xF603, 0x7A0C, 0xDD24,
0xDD24, 0x5C1C, 0x1D24, 0x3D8D, 0xDDA5, 0xF874, 0xF874, 0x5734, 0x5C2C, 0xFF2B,
0x5F24, 0x5F24, 0x3D04, 0xFE2B, 0x9B33, 0xBC54, 0xBC54, 0xDC54, 0x9A24, 0x190C,
0xBA2B, 0xBA2B, 0x3F6D, 0xDA33, 0xBA23, 0x1D14, 0xDC95, 0xDC95, 0x376C, 0x585C,
0x3B64, 0x7E3C, 0x7E3C, 0x9F3C, 0x9D1C, 0x1A14, 0xBA03, 0xBA03, 0x5F04, 0x1F0C,
0xDE13, 0x5A04, 0x5A04, 0x790C, 0x3C1C, 0x1F0C, 0xBD95, 0xBD95, 0xDD9D, 0x5C8D,
0x1C7D, 0x3B4C, 0x790B, 0x790B, 0x3D04, 0xBF04, 0x7E04, 0x1F04, 0x1F04, 0x1F0C,
0x1F1C, 0xBE3C, 0xFD3C, 0xFD3C, 0x7A24, 0xD903, 0x5843, 0x5C54, 0x5C54, 0xBC24,
0x5913, 0x9B5C, 0x5544, 0x7E85, 0x7E85, 0xDF4C, 0x7C8D, 0x5E6D, 0x3D3C, 0x3D3C,
0x5B04, 0x7B04, 0x3F7D, 0xF85B, 0xF85B, 0x3974, 0xFB5B, 0xFC33, 0x981B, 0x981B,
0x3844, 0x5B5C, 0x7E64, 0x9F85, 0xB57C, 0xB57C, 0xFE53, 0xD903, 0xBC04, 0x3C0C,
0x3C0C, 0x5E24, 0xFB03, 0x9C34, 0xF95B, 0xF95B, 0xBF85, 0x3C6D, 0xDD85, 0xBA64,
0xBA64, 0x5D44, 0x9D03, 0xB913, 0x9A7D, 0x3453, 0x3453, 0x585C, 0xFB4B, 0x3F3C,
0xBA23, 0xBA23, 0x596C, 0xD973, 0x5F3C, 0x1EBD, 0x1EBD, 0xBF6C, 0x5F34, 0xB90B,
0x9B24, 0x9B24, 0x3B04, 0x1B0C, 0x3A2C, 0xFD53, 0x7B4C, 0x7B4C, 0x1544, 0x5A7D,
0xBA3C, 0x9E04, 0x9E04, 0x1D14, 0x7F6C, 0xBA84, 0x19A6, 0x19A6, 0xB754, 0x5A65,
0xFB5B, 0x3F44, 0x3F44, 0x341C, 0x7664, 0x3B54, 0xBD5C, 0xDF85, 0xDF85, 0x5E64,
0xBA33, 0x3A14, 0x9A14, 0x9A14, 0x391C, 0x7F0C, 0x1C04, 0x9B3B, 0x9B3B, 0x767C,
0x977D, 0x1C75, 0x5F8D, 0x5F8D, 0x7E44, 0xDC13, 0xFB03, 0xDA23, 0xBF8D, 0xBF8D,
0xF74B, 0x7A64, 0x7C64, 0x1B24, 0x1B24, 0xBC13, 0x3C5D, 0xF974, 0x1754, 0x1754,
0x3B54, 0xDF64, 0x7C44, 0xF923, 0xF923, 0x9C14, 0xDA03, 0xDA03, 0x5C14, 0x7D1C,
0x7D1C, 0x1B0C, 0x1A04, 0x9C0C, 0x780C, 0x780C, 0xBC2C, 0x7D24, 0x1C1C, 0xDB33,
0xDB33, 0x3D64, 0x1C54, 0x1B24, 0x5F04, 0x5F04, 0x3E04, 0xDC0B, 0x1D1C, 0x9F34,
0xFB23, 0xFB23, 0x7B3C, 0x173C, 0x5B04, 0xDA03, 0xDA03, 0x7F44, 0xDE53, 0x1C34,
0x7B04, 0x7B04, 0x7C04, 0xBD1B, 0x9E03, 0x7E1C, 0x7E1C, 0xBB24, 0xFC44, 0x7C5C,
0xFA63, 0xD663, 0xD663, 0x3885, 0xBF54, 0x1B14, 0xDB13, 0xDB13, 0xD94B, 0x1D96,
0x9B4C, 0x1B86, 0x1B86, 0x7E94, 0xBE64, 0xDC1B, 0x1B04, 0x1B04, 0x9B44, 0x7B8D,
0x964C, 0x5B5C, 0x3E54, 0x3E54, 0xBD0B, 0x584C, 0x7764, 0xDD4C, 0xDD4C, 0x5F55,
0x3B85, 0xBB6C, 0x5F04, 0x5F04, 0x1A3C, 0x5C34, 0xFC03, 0x5F14, 0x5F14, 0x7E33,
0xBC53, 0x1754, 0x1454, 0xDD75, 0xDD75, 0x7E14, 0x5F04, 0x1D2C, 0xBB74, 0xBB74,
0x9D95, 0x1C75, 0x5D75, 0x1B3C, 0x1B3C, 0x3B54, 0x5C6C, 0xF85B, 0xF643, 0xF643,
0xFE65, 0x7A0C, 0x3B04, 0x9E2C, 0x7B7C, 0x7B7C, 0x5CA4, 0x7E75, 0x5E85, 0x9C54,
0x9C54, 0x5C4C, 0xB71B, 0x7554, 0x3974, 0x3974, 0xBE5C, 0x3F5D, 0x9FAD, 0x3C84,
0x3C84, 0xFA1B, 0x9D04, 0x3924, 0x3D0C, 0xBF03, 0xBF03, 0x7F44, 0xB84B, 0xBB85,
0x5554, 0x5554, 0x3F9E, 0x3A55, 0x5D64, 0x5D14, 0x5D14, 0x1C1C, 0xFE64, 0x3A55,
0xD74B, 0xD74B, 0x3B64, 0x7964, 0x365C, 0x7A8D, 0x3B24, 0x3B24, 0x3A2C, 0x7B4C,
0x3C7D, 0x9C95, 0x9C95, 0x5B7D, 0xFC54, 0xBD34, 0x1B04, 0x1B04, 0x3C04, 0xBA03,
0x7B2C, 0xDB64, 0xDB64, 0x3C75, 0x3C3C, 0x1F14, 0xDA03, 0xDA03, 0x5C14, 0x5C24,
0xDA2B, 0x1B3C, 0x5B34, 0x5B34, 0xD82B, 0x5A4C, 0xFF03, 0xDD0B, 0xDD0B, 0x7C2C,
0x1B55, 0x3B7D, 0x7C95, 0x7C95, 0x7C75, 0xB724, 0xFD23, 0x5F34, 0x5F34, 0x5F3C,
0x9B1B, 0x9D3C, 0xFC5C, 0xFB7C, 0xFB7C, 0x988C, 0xFA1B, 0x9F65, 0x9E5D, 0x9E5D,
0x9B2C, 0x1B04, 0x9A03, 0x3E4D, 0x3E4D, 0xB95C, 0x3D34, 0x9C5C, 0xF74B, 0xF74B,
0x3B6D, 0x7B54, 0x1F75, 0xFE4B, 0xFD2B, 0xFD2B, 0x1D34, 0x9D3C, 0x3D55, 0x1844,
0x1844, 0x596C, 0x1964, 0xDD64, 0x7B34, 0x7B34, 0x977C, 0x9854, 0xB613, 0xDF5D,
0xDF5D, 0xFC64, 0xFA43, 0xDB1B, 0x7F04, 0x3D5D, 0x3D5D, 0xBD4C, 0x3C34, 0x1C6C,
0x9A54, 0x9A54, 0xFB64, 0x1C45, 0xFE54, 0x174C, 0x174C, 0x993B, 0xBD3B, 0xFC3B,
0xDF75, 0xDF75, 0x163C, 0x5954, 0x7D64, 0xDA23, 0xBC44, 0xBC44, 0x9F5D, 0xDC2C,
0x3B04, 0xDA03, 0xDA03, 0xBD3C, 0x5F7D, 0x3E54, 0x1B4C, 0x1B4C, 0x1E8D, 0x1A6D,
0x154C, 0xF76B, 0xF76B, 0xB944, 0xBD45, 0xDF6C, 0x9C74, 0x7C4C, 0x7C4C, 0x1944,
0x7B3C, 0x3B24, 0x9C75, 0x9C75, 0x1744, 0x1D64, 0xDA54, 0xDB5C, 0xDB5C, 0x9964,
0x178D, 0x7654, 0x1804, 0x1804, 0xDF6D, 0xDE5C, 0x3B14, 0x9A0C, 0xD513, 0xD513,
0x5D65, 0xFF4C, 0x3D14, 0x3C0C, 0x3C0C, 0x791C, 0x1C24, 0xFF3B, 0xBC43, 0xBC43,
0x9864, 0xD98D, 0x9A85, 0xDC74, 0xDC74, 0xDF54, 0xDA13, 0x1A04, 0x5C04, 0x1E04,
0x1E04, 0xDE13, 0xDC1B, 0x3F45, 0x1B75, 0x1B75, 0xDD8D, 0xBC85, 0x985C, 0xF643,
0xF643, 0x3A3C, 0x3C34, 0xDC23, 0x3E04, 0x3E04, 0x1B04, 0xF90B, 0xFA1B, 0x5D44,
0xDD6C, 0xDD6C, 0x7A8D, 0xD6A5, 0x7754, 0x3B44, 0x3B44, 0x5F34, 0xFF1B, 0xFA13,
0x180C, 0x180C, 0xFA03, 0x3E04, 0x3E0C, 0xBD3C, 0xBD3C, 0x3C7D, 0xBD9D, 0x9D95,
0x9A54, 0xF923, 0xF923, 0xBC2C, 0x3B24, 0x9A0B, 0x5F14, 0x5F14, 0xDF2C, 0xDA64,
0x378D, 0x373C, 0x373C, 0x5F15, 0x9E75, 0x3D3C, 0xFC13, 0xFC13, 0x3604, 0x372D,
0x7E65, 0x7E44, 0x3D0C, 0x3D0C, 0x596C, 0x7D6D, 0xBA2C, 0x7F4D, 0x7F4D, 0xBF5C,
0x7B43, 0xDB33, 0xDE34, 0xDE34, 0xFF44, 0x1C5D, 0xF74B, 0x9F64, 0x9F64, 0xFF33,
0xFD1B, 0x3F55, 0xBD64, 0x1F04, 0x1F04, 0x5C0C, 0x5934, 0x7C5C, 0x9F65, 0x9F65,
0xBA0B, 0xB95C, 0xD5A4, 0x3F54, 0x3F54, 0xBE24, 0x9D2C, 0x5E6C, 0xFF7C, 0xFF7C,
0x3914, 0x3904, 0xDA1B, 0x7A54, 0x3F6D, 0x3F6D, 0x1A2C, 0xB964, 0x9D7D, 0xBC34,
0xBC34, 0x7C4C, 0x5754, 0x5E65, 0x1934, 0x1934, 0x7F4D, 0xDF44, 0x5E44, 0x3D44,
0x3D44, 0xBC44, 0xFB3C, 0x334D, 0x5A34, 0x9F54, 0x9F54, 0x5E54, 0x7D54, 0xBA8C,
0x3A85, 0x3A85, 0x390C, 0xD75C, 0x9F65, 0x5F3C, 0x5F3C, 0xFD03, 0xFA03, 0x9B64,
0xDA4C, 0xDA4C, 0xBA3C, 0x1A24, 0xBB44, 0x5C6D, 0xBC53, 0xBC53, 0xDB43, 0x1B2C,
0x5A2C, 0x5924, 0x5924, 0xF813, 0xFB03, 0x1E04, 0xFF03, 0xFF03, 0x3E04, 0x1A04,
0x9C34, 0x9D5C, 0x9D5C, 0xBF5C, 0x3D1C, 0x3C04, 0xD70B, 0xD70B, 0xD743, 0x7874,
0xB674, 0x3985, 0x9D9D, 0x9D9D, 0xDC6C, 0x181C, 0x7C04, 0xFB03, 0xFB03, 0x1C04,
0x1D1C, 0x9A1B, 0x7923, 0x7923, 0xDA43, 0xFA5B, 0x3844, 0x1A3C, 0x1A3C, 0xDB2B,
0xBB1B, 0xDD34, 0x1C3D, 0xDC44, 0xDC44, 0xBD4C, 0xFC03, 0xBF4C, 0x9D6C, 0x9D6C,
0xDC74, 0x7A3C, 0x5924, 0xFD64, 0xFD64, 0x1F8D, 0x9B34, 0x9C0C, 0xDB03, 0xDB03,
0x3D44, 0xD943, 0x7834, 0xF613, 0xB71B, 0xB71B, 0x794C, 0x5A4C, 0x3B4C, 0xDA33,
0xDA33, 0x3C2C, 0x7C2C, 0xBD44, 0x7C4C, 0x7C4C, 0x3F65, 0xFF44, 0x3C14, 0x1F35,
0x1F35, 0xFE54, 0x1D65, 0x5944, 0x172C, 0xDF8C, 0xDF8C, 0xDE7C, 0x9B24, 0x3B04,
0x3D04, 0x3D04, 0x3F4C, 0x7B4C, 0x563C, 0x1F04, 0x1F04, 0x5D1C, 0x9B34, 0x9A4C,
0x7633, 0x7633, 0xD943, 0xBD54, 0xFA3B, 0xBF03, 0xFF3C, 0xFF3C, 0x1B6D, 0x7A6C,
0x1D5C, 0xFE4B, 0xFE4B, 0x1E6D, 0xD864, 0xDD04, 0xBC04, 0xBC04, 0x3F5D, 0x9E64,
0xFB43, 0x3B3C, 0x3B3C, 0x3B1C, 0xFD53, 0x3734, 0x372C, 0x9D0C, 0x9D0C, 0x391C,
0xFC5C, 0xFB43, 0x594B, 0x594B, 0x5F54, 0xBD34, 0x7A14, 0x5B4C, 0x5B4C, 0x7E54,
0x3F3D, 0xFF24, 0x1C14, 0x1C14, 0x7E6C, 0x9E35, 0x5F5D, 0xDC53, 0x9C53, 0x9C53,
0x5F85, 0xB96C, 0x7B34, 0xBE03, 0xBE03, 0x7E2C, 0xFC2B, 0xFC3B, 0xD93B, 0xD93B,
0x183C, 0x5A2C, 0x3B04, 0x5E04, 0x5E04, 0x5804, 0xDB03, 0xFF03, 0xFF03, 0x7D04,
0x7D04, 0xDD04, 0x1B04, 0xBD0B, 0x5B0C, 0x5B0C, 0x1A14, 0xDA23, 0xFB3B, 0x3C44,
0x3C44, 0x5D34, 0x7D24, 0x7E14, 0x3F04, 0x3F04, 0x5E04, 0x7C04, 0x5B04, 0x1B04,
0x1B04, 0x1B04, 0x3C0C, 0x7D2C, 0x3834, 0xFA3B, 0xFA3B, 0x3E54, 0xFD3B, 0x1B1C,
0x5B04, 0x5B04, 0x3A04, 0x7D04, 0xFC03, 0x5C14, 0x5C14, 0x3A14, 0xFA13, 0x3B24,
0xFA33, 0xB94B, 0xB94B, 0xF963, 0x1E34, 0xFC23, 0x7C2C, 0x7C2C, 0xDA3C, 0xFA44,
0x7D5D, 0x3A34, 0x3A34, 0xDA2B, 0xFE64, 0x3E5D, 0x1C3C, 0x1C3C, 0xBD4B, 0x1C6C,
0xBE85, 0x5D4D, 0x1C04, 0x1C04, 0xF923, 0x1B44, 0x9A43, 0x7C54, 0x7C54, 0x192C,
0x7513, 0x5944, 0xBB74, 0xBB74, 0x3754, 0xB833, 0x183C, 0xD744, 0xD744, 0x3714,
0x5E14, 0xBE44, 0x9A9D, 0x5954, 0x5954, 0xF623, 0xDA4C, 0xDD74, 0x7D5C, 0x7D5C,
0x1B0C, 0x7F35, 0x5F55, 0x9B64, 0x9B64, 0xDB34, 0xFC24, 0x3E5D, 0x5D7D, 0x5D7D,
0x5744, 0x5A3C, 0xBF6C, 0xDB64, 0xFD44, 0xFD44, 0x9A04, 0xBB3C, 0xDD74, 0xFA53,
0xFA53, 0xBB4B, 0x3B2C, 0x9F54, 0x5733, 0x5733, 0x564C, 0x3534, 0x3924, 0xBE3C,
0xBE3C, 0x5C4C, 0x974B, 0x7D4B, 0x1D54, 0xBB4C, 0xBB4C, 0x3824, 0x9B3C, 0xFF5C,
0x1F45, 0x1F45, 0x1C0C, 0x3F44, 0x5F64, 0x3E55, 0x3E55, 0x3844, 0xB743, 0x1D6D,
0x5F95, 0x5F95, 0x5B4C, 0x3D3C, 0x7D4C, 0xDD5C, 0x5E04, 0x5E04, 0x1D04, 0xFD03,
0x1C14, 0xF933, 0xF933, 0xD843, 0x1954, 0x7B64, 0x1C8C, 0x1C8C, 0x3B54, 0x3914,
0x3A04, 0xB903, 0xB903, 0x5B3C, 0x1B6D, 0xBB85, 0x1F76, 0x1F76, 0x9D14, 0x7E0C,
0x9F3C, 0x9F44, 0xDE24, 0xDE24, 0x7E04, 0xDF03, 0x3D54, 0x1B4C, 0x1B4C, 0xFA6B,
0xD983, 0xF743, 0x9704, 0x9704, 0xBA04, 0x1C2C, 0xBD03, 0x9E04, 0x9E04, 0x9C04,
0x5C04, 0x1D04, 0x1D04, 0x1A0C, 0x1A0C, 0xB914, 0xB44B, 0x9A64, 0x9E5C, 0x9E5C,
0x7E44, 0xDA0B, 0x5A24, 0xF93B, 0xF93B, 0xB953, 0xFD8B, 0x3D3C, 0x5C04, 0x5C04,
0x5B0C, 0x9C74, 0x3FB5, 0x5D85, 0x3A25, 0x3A25, 0xDF54, 0xD933, 0x183C, 0xDE7D,
0xDE7D, 0xDF8D, 0x7C4C, 0x9B0B, 0x1F04, 0x1F04, 0x380C, 0xF61B, 0x3754, 0x7B7C,
0x7B7C, 0x7E74, 0x3F44, 0xDE03, 0x3F04, 0x970C, 0x970C, 0x395C, 0x3B6C, 0x5D54,
0x3B04, 0x3B04, 0xFB23, 0x9B64, 0x9EC5, 0x997D, 0x997D, 0x583C, 0xFE44, 0x7B3C,
0xD633, 0xD633, 0x7F96, 0x9F75, 0x7F44, 0xB974, 0x7A74, 0x7A74, 0x994B, 0xBD23,
0x3F04, 0x9C03, 0x9C03, 0xBE54, 0x9B8C, 0x798C, 0xD52B, 0xD52B, 0xF81B, 0x3C04,
0x3E04, 0x3F0C, 0x3F0C, 0xFE03, 0xDF33, 0xFA85, 0x1B9E, 0x5F65, 0x5F65, 0xDB43,
0x1E44, 0xDD2B, 0xD74B, 0xD74B, 0xFE8D, 0x1DA5, 0x9D14, 0x7D04, 0x7D04, 0xF903,
0x9803, 0xF74B, 0x3454, 0x3454, 0xBB5C, 0x3E8C, 0xDA43, 0xF903, 0x7B04, 0x7B04,
0xD82B, 0xD763, 0x1F6D, 0xFF03, 0xFF03, 0x5D14, 0x1B04, 0x3C04, 0xFC03, 0xFC03,
0xFD0B, 0xFD23, 0x9833, 0xD64B, 0xD64B, 0xD85B, 0x3A54, 0x9C44, 0x1C2C, 0xFC23,
0xFC23, 0x5D44, 0x3B54, 0x195C, 0x194C, 0x194C, 0xD833, 0x191C, 0x7C0C, 0x7E04,
0x7E04, 0x1D04, 0xDE03, 0xDF13, 0x9E04, 0x9E04, 0x7E1C, 0x5E54, 0x5B6C, 0x586C,
0x1654, 0x1654, 0xF73B, 0xB82B, 0x9E04, 0x1B04, 0x1B04, 0x1B0C, 0xFA03, 0x1C04,
0x5F04, 0x5F04, 0xFF23, 0xFF53, 0xBA5B, 0x1A5C, 0x1A5C, 0x174C, 0xF623, 0x5914,
0x5C04, 0x3D04, 0x3D04, 0x7F14, 0x9B0C, 0x3C04, 0xDB03, 0xDB03, 0x3C14, 0x9C03,
0x9E03, 0xBC2B, 0xBC2B, 0x3A74, 0x1A8C, 0xDB4C, 0xB903, 0xB903, 0x5F14, 0x9B13,
0x3834, 0x7A64, 0x3F9C, 0x3F9C, 0x3E04, 0xDC03, 0x3B3C, 0x9E7D, 0x9E7D, 0x9E7D,
0xDC54, 0x3F5D, 0x1F44, 0x1F44, 0x3F14, 0x1C95, 0x9CC5, 0xDD5C, 0xDD5C, 0xDB2B,
0xDC84, 0x5A74, 0xBA13, 0xFB1B, 0xFB1B, 0xDB13, 0x9E34, 0xFC5C, 0xB874, 0xB874,
0xB55B, 0x581B, 0x3F04, 0x7C03, 0x7C03, 0x9B44, 0x367C, 0x186C, 0xFD23, 0xFD23,
0x3F04, 0x9D04, 0x3A2D, 0xDB6B, 0x3A7C, 0x3A7C, 0xB854, 0xF92B, 0xBC1B, 0x3E0C,
0x3E0C, 0x1D14, 0x3B04, 0xBE1C, 0xBB44, 0xBB44, 0xBD8D, 0x3C8D, 0xFA5B, 0x7E4C,
0x7E4C, 0x3C34, 0x192C, 0x5D95, 0xDBAD, 0x3C65, 0x3C65, 0xDB03, 0x3C04, 0x5C04,
0x3914, 0x3914, 0xB16B, 0xB97C, 0x7A74, 0xDC44, 0xDC44, 0xDB13, 0x3E04, 0x5C04,
0x3B44, 0x3B44, 0x5A74, 0xFE2C, 0x9D1C, 0x3B0C, 0xDE2C, 0xDE2C, 0x7D1C, 0x3D1C,
0x9E3C, 0x3E65, 0x3E65, 0x9D7D, 0xFC8D, 0x5D8E, 0x3A04, 0x3A04, 0x3D04, 0xBF04,
0xBE04, 0xF80B, 0xF80B, 0xF73B, 0xDB63, 0x7D63, 0x5E14, 0x5E14, 0xB923, 0x1A44,
0x7D34, 0x5F0C, 0x7F0C, 0x7F0C, 0x1C14, 0x181C, 0xBB04, 0xDD44, 0xDD44, 0xBE75,
0x3D6E, 0xBD7D, 0xBE94, 0xBE94, 0x5E64, 0x9D0C, 0xDD53, 0x7F2C, 0x7F2C, 0x3F04,
0x9F24, 0x1F75, 0x7F9D, 0x3C5C, 0x3C5C, 0x9A13, 0xFA2B, 0xFB0B, 0x1C04, 0x1C04,
0x3B1C, 0xFB64, 0x1E9E, 0xDA64, 0xDA64, 0xB71B, 0x7C04, 0xDE6C, 0xDC9C, 0xDC9C,
0x9854, 0x770C, 0xFB0C, 0x3C24, 0x7923, 0x7923, 0x3E34, 0x5D1C, 0x5C0C, 0x5B24,
0x5B24, 0xBD5C, 0x1E85, 0x7D7D, 0x9C6D, 0x9C6D, 0xFF3B, 0xDD33, 0x1C2C, 0xFB0B,
0xFB0B, 0xFB03, 0xDA13, 0xFB74, 0x1CC6, 0xBB4B, 0xBB4B, 0xDB23, 0x9C0C, 0x3F75,
0xDD74, 0xDD74, 0xF95B, 0xF80B, 0x9D04, 0x5C0C, 0x5C0C, 0x7E2C, 0x9E3C, 0x5E2C,
0x9D14, 0x9D14, 0x3B14, 0x5E5D, 0xFD7C, 0x1F04, 0xDC03, 0xDC03, 0x5824, 0x9A75,
0x1B96, 0x785C, 0x785C, 0x1C24, 0xBE03, 0xBC0B, 0x9903, 0x9903, 0x3A34, 0x3B3D,
0xBD75, 0x5FA5, 0x5FA5, 0x7A6C, 0xB83B, 0xFD03, 0x9C34, 0xDA23, 0xDA23, 0xF93B,
0x3B24, 0x7D04, 0x3B15, 0x3B15, 0xD804, 0x1D6D, 0x1E65, 0x5FBD, 0x5FBD, 0xFE94,
0x7E44, 0x5D2C, 0xFA13, 0xFA13, 0xDC2B, 0xF903, 0xB903, 0x5F86, 0x7FAE, 0x7FAE,
0xD94B, 0xDB13, 0x9D04, 0x9904, 0x9904, 0x7E0C, 0xFE1C, 0x1D25, 0x591C, 0x591C,
0x9B34, 0x5F6D, 0x5E85, 0xBF9D, 0xBF9D, 0x1F8E, 0x5C65, 0x9934, 0xF803, 0xFA03,
0xFA03, 0x7C1C, 0x3D5D, 0x1E9E, 0xBB7D, 0xBB7D, 0xBC75, 0x3D55, 0x7C34, 0x3C24,
0x3C24, 0x7E24, 0x9D2C, 0x5C24, 0xBB0B, 0xBB0B, 0xDD13, 0x5F2C, 0x1F5D, 0xBD85,
0xDC95, 0xDC95, 0x7D85, 0x1F75, 0x9F1C, 0x7E24, 0x7E24, 0xBD3C, 0x9B24, 0x7B0C,
0x7D0C, 0x7D0C, 0xFD13, 0xFE2B, 0xDF85, 0xDD8D, 0xDD8D, 0xBB85, 0x9B6D, 0x1C4D,
0x1B1C, 0xDD13, 0xDD13, 0xBF2C, 0x3C2C, 0x5E2C, 0x7E3C, 0x7E3C, 0x9F7D, 0xFD64,
0x5C2C, 0x3C0C, 0x3C0C, 0x1B04, 0xDC1B, 0x1D14, 0x7C2C, 0x7C2C, 0x7F8E, 0x9A85,
0x393C, 0xBB13, 0xBF2C, 0xBF2C, 0x3C95, 0x5A64, 0xFA33, 0x1B24, 0x1B24, 0x3D24,
0xBA13, 0x7B2C, 0xF723, 0xF723, 0x3B2C, 0x3D04, 0xDB0B, 0x1E75, 0x1E75, 0xBD54,
0x5E04, 0xBE04, 0x583C, 0xDCC5, 0xDCC5, 0xDF65, 0x5F04, 0xBF03, 0xBC2B, 0xBC2B,
0x192C, 0x761B, 0xFB43, 0xBB75, 0xBB75, 0xDF65, 0x3C1C, 0x191C, 0xB764, 0xB764,
0x9AB5, 0xFC7C, 0xFC1B, 0xFD03, 0xFD2B, 0xFD2B, 0x5E1C, 0xFE13, 0x5C34, 0xBB7D,
0xBB7D, 0xBDA5, 0x3F65, 0x5B44, 0x1C24, 0x1C24, 0x5F0C, 0x7F0C, 0x9C03, 0x9F3C,
0x9F3C, 0x3D2C, 0x3E2C, 0x9B03, 0x5B2C, 0xDD64, 0xDD64, 0xFF94, 0xBFA5, 0x1F45,
0x3E0C, 0x3E0C, 0xDE33, 0x3F24, 0x7D04, 0x1B04, 0x1B04, 0xDB5C, 0x1EC6, 0x3B95,
0x7A14, 0x7A14, 0x1D04, 0xBB6C, 0xDC6C, 0xDE64, 0xDE2C, 0xDE2C, 0x7D1C, 0x3D1C,
0x9E3C, 0x3E65, 0x3E65, 0x9D7D, 0xFC8D, 0x5D8E, 0x3A04, 0x3A04, 0x3D04, 0xBF04,
0xBE04, 0xF80B, 0xF80B, 0xF73B, 0xDB63, 0x7D63, 0x5E14, 0x5E14, 0xB923, 0x1A44,
0x7D34, 0x5F0C, 0x7F0C, 0x7F0C, 0x1C14, 0x181C, 0xBB04, 0xDD44, 0xDD44, 0xBE75,
0x3D6E, 0xBD7D, 0xBE94, 0xBE94, 0x5E64, 0x9D0C, 0xDD53, 0x7F2C, 0x7F2C, 0x3F04,
0x9F24, 0x1F75, 0x7F9D, 0x3C5C, 0x3C5C, 0x9A13, 0xFA2B, 0xFB0B, 0x1C04, 0x1C04,
0x3B1C, 0xFB64, 0x1E9E, 0xDA64, 0xDA64, 0xB71B, 0x7C04, 0xDE6C, 0xDC9C, 0xDC9C,
0x9854, 0x770C, 0xFB0C, 0x3C24, 0x7923, 0x7923, 0x3E34, 0x5D1C, 0x5C0C, 0x5B24,
0x5B24, 0xBD5C, 0x1E85, 0x7D7D, 0x9C6D, 0x9C6D, 0xFF3B, 0xDD33, 0x1C2C, 0xFB0B,
0xFB0B, 0xFB03, 0xDA13, 0xFB74, 0x1CC6, 0xBB4B, 0xBB4B, 0xDB23, 0x9C0C, 0x3F75,
0xDD74, 0xDD74, 0xF95B, 0xF80B, 0x9D04, 0x5C0C, 0x5C0C, 0x7E2C, 0x9E3C, 0x5E2C,
0x9D14, 0x9D14, 0x3B14, 0x5E5D, 0xFD7C, 0x1F04, 0xDC03, 0xDC03, 0x5824, 0x9A75,
0x1B96, 0x785C, 0x785C, 0x1C24, 0xBE03, 0xBC0B, 0x9903, 0x9903, 0x3A34, 0x3B3D,
0xBD75, 0x5FA5, 0x5FA5, 0x7A6C, 0xB83B, 0xFD03, 0x9C34, 0xDA23, 0xDA23, 0xF93B,
0x3B24, 0x7D04, 0x3B15, 0x3B15, 0xD804, 0x1D6D, 0x1E65, 0x5FBD, 0x5FBD, 0xFE94,
0x7E44, 0x5D2C, 0xFA13, 0xFA13, 0xDC2B, 0xF903, 0xB903, 0x5F86, 0x7FAE, 0x7FAE,
0xD94B, 0xDB13, 0x9D04, 0x9904, 0x9904, 0x7E0C, 0xFE1C, 0x1D25, 0x591C, 0x591C,
0x9B34, 0x5F6D, 0x5E85, 0xBF9D, 0xBF9D, 0x1F8E, 0x5C65, 0x9934, 0xF803, 0xFA03,
0xFA03, 0x7C1C, 0x3D5D, 0x1E9E, 0xBB7D, 0xBB7D, 0xBC75, 0x3D55, 0x7C34, 0x3C24,
0x3C24, 0x7E24, 0x9D2C, 0x5C24, 0xBB0B, 0xBB0B, 0xDD13, 0x5F2C, 0x1F5D, 0xBD85,
0xDC95, 0xDC95, 0x7D85, 0x1F75, 0x9F1C, 0x7E24, 0x7E24, 0xBD3C, 0x9B24, 0x7B0C,
0x7D0C, 0x7D0C, 0xFD13, 0xFE2B, 0xDF85, 0xDD8D, 0xDD8D, 0xBB85, 0x9B6D, 0x1C4D,
0x1B1C, 0xDD13, 0xDD13, 0xBF2C, 0x3C2C, 0x5E2C, 0x7E3C, 0x7E3C, 0x9F7D, 0xFD64,
0x5C2C, 0x3C0C, 0x3C0C, 0x1B04, 0xDC1B, 0x1D14, 0x7C2C, 0x7C2C, 0x7F8E, 0x9A85,
0x393C, 0xBB13, 0xBF2C, 0xBF2C, 0x3C95, 0x5A64, 0xFA33, 0x1B24, 0x1B24, 0x3D24,
0xBA13, 0x7B2C, 0xF723, 0xF723, 0x3B2C, 0x3D04, 0xDB0B, 0x1E75, 0x1E75, 0xBD54,
0x5E04, 0xBE04, 0x583C, 0xDCC5, 0xDCC5, 0xDF65, 0x5F04, 0xBF03, 0xBC2B, 0xBC2B,
0x192C, 0x761B, 0xFB43, 0xBB75, 0xBB75, 0xDF65, 0x3C1C, 0x191C, 0xB764, 0xB764,
0x9AB5, 0xFC7C, 0xFC1B, 0xFD03, 0xFD2B, 0xFD2B, 0x5E1C, 0xFE13, 0x5C34, 0xBB7D,
0xBB7D, 0xBDA5, 0x3F65, 0x5B44, 0x1C24, 0x1C24, 0x5F0C, 0x7F0C, 0x9C03, 0x9F3C,
0x9F3C, 0x3D2C, 0x3E2C, 0x9B03, 0x5B2C, 0xDD64, 0xDD64, 0xFF94, 0xBFA5, 0x1F45,
0x3E0C, 0x3E0C, 0xDE33, 0x3F24, 0x7D04, 0x1B04, 0x1B04, 0xDB5C, 0x1EC6, 0x3B95,
0x7A14, 0x7A14, 0x1D04, 0xBB6C, 0xDC6C, 0xDE64, 0x5C95, 0x5C95, 0xBB64, 0x5A24,
0x5B04, 0x3B04, 0x3B04, 0xFA0B, 0xD91B, 0xBA23, 0x5704, 0x5704, 0xDC03, 0xDF03,
0xDF03, 0xFF13, 0xFF13, 0xBD3C, 0x3C4D, 0x9A34, 0x3B1C, 0x3B1C, 0x3B34, 0x9C5C,
0x3B75, 0xDC9D, 0x7B8D, 0x7B8D, 0x3844, 0x191C, 0x9C03, 0x5E04, 0x5E04, 0x7F04,
0x1E04, 0xDC03, 0x1C04, 0x1C04, 0x3C04, 0x3B04, 0xFE5D, 0xFE95, 0xFE95, 0xFA94,
0x5864, 0xB70B, 0xFA03, 0xFA13, 0xFA13, 0xBE64, 0x1C7D, 0x5A3C, 0xBD24, 0xBD24,
0x7B2C, 0xFD64, 0x1D75, 0x9D3C, 0x9D3C, 0xDF14, 0xDA03, 0x3D3D, 0x7C75, 0x7C75,
0x3D9D, 0x3A64, 0xBD34, 0xBE2C, 0xFF4C, 0xFF4C, 0x9A95, 0x9C95, 0x5C7D, 0x972B,
0x972B, 0xD913, 0x1C0C, 0x9F1C, 0xBD03, 0xBD03, 0x7F1C, 0x1F45, 0xDA54, 0x373C,
0x373C, 0x7A34, 0x3C34, 0x3F7D, 0x9F84, 0x9B4C, 0x9B4C, 0x392C, 0x3814, 0xDB6C,
0xBB75, 0xBB75, 0x9C85, 0x9B5C, 0x9C6B, 0x3B6C, 0x3B6C, 0xD753, 0xBC8D, 0x5A7D,
0x3D7D, 0x3D7D, 0x9933, 0x9A13, 0xFA03, 0x5F04, 0x3B14, 0x3B14, 0x1B5D, 0xDA6C,
0xDD64, 0x7D3C, 0x7D3C, 0x3B24, 0xBA2C, 0xBC5B, 0x3F64, 0x3F64, 0xFE5B, 0xD903,
0x9804, 0xBC65, 0xBC65, 0xFB85, 0x3795, 0x5E5C, 0xBD64, 0xFA23, 0xFA23, 0xF964,
0xBA8D, 0x3B7D, 0x9A84, 0x9A84, 0x5B3B, 0xBD03, 0x1A04, 0x9B04, 0x9B04, 0x9B04,
0x9B24, 0x7E5C, 0xFB33, 0xFB33, 0xF95B, 0x7D3C, 0x7D2C, 0x1C45, 0xDA4C, 0xDA4C,
0x9B3C, 0x9E24, 0xDA03, 0x582C, 0x582C, 0xBB84, 0x7F8D, 0x7F6D, 0x5B24, 0x5B24,
0x1904, 0x3904, 0xD903, 0x3C04, 0x3C04, 0x391C, 0x1C04, 0x3F04, 0x7F04, 0x3E04,
0x3E04, 0xBB03, 0xDB03, 0x5D04, 0x3A14, 0x3A14, 0x5C14, 0x1B14, 0xBA0B, 0x7C34,
0x7C34, 0x9E6D, 0xDD85, 0x597D, 0x3744, 0x3744, 0x5A1C, 0x9D04, 0x7D04, 0x3B0C,
0x3A14, 0x3A14, 0x5B04, 0x7D04, 0x590C, 0x9B34, 0x9B34, 0x5F75, 0x1D8D, 0xBA7C,
0x7954, 0x7954, 0x180C, 0x5A04, 0xF90B, 0xFA13, 0xFA13, 0xDA13, 0xFC13, 0x1D1C,
0xFB1B, 0x7A44, 0x7A44, 0xBC7D, 0x5B95, 0x3B7D, 0x182C, 0x182C, 0x1B0C, 0xDA03,
0x7A4C, 0xFB84, 0xFB84, 0xB763, 0x7A34, 0xDC3B, 0x3F54, 0x3F54, 0xFD5C, 0x1C55,
0x9C44, 0x190C, 0xD704, 0xD704, 0x1A96, 0xBB8D, 0xFA6C, 0x5A44, 0x5A44, 0xBC54,
0x7A54, 0x3D85, 0xDEAD, 0xDEAD, 0xBF6C, 0xDC4C, 0x3B0C, 0x9F04, 0x9F04, 0x1E04,
0x3B04, 0x9B3C, 0xF94B, 0x5D55, 0x5D55, 0x5C54, 0x792B, 0x1E35, 0xBC34, 0xBC34,
0x9D54, 0xFF5C, 0x5D14, 0x9B03, 0x9B03, 0x1E1C, 0xBC13, 0x7C14, 0xBC2C, 0xBC2C,
0x9E64, 0x5E5C, 0x9E3C, 0x3C0C, 0x1954, 0x1954, 0x7964, 0xDF4C, 0x1D04, 0xB803,
0xB803, 0xBC5C, 0x3F75, 0x789D, 0xB874, 0xB874, 0xF84B, 0xBB5C, 0x385C, 0x5B8D,
0x5B8D, 0x1A85, 0x5D85, 0x7C54, 0x7B04, 0x5904, 0x5904, 0xD803, 0x3E0C, 0xFC03,
0x5C2C, 0x5C2C, 0xBF44, 0x175C, 0x192C, 0xDD53, 0xDD53, 0x7F74, 0xFB5B, 0x7B4C,
0xBD24, 0xBD24, 0x9F23, 0x5804, 0x5904, 0x5B04, 0x3924, 0x3924, 0x1A0C, 0x1C04,
0x3E04, 0x1E04, 0x1E04, 0xFD03, 0x1F14, 0x5F1C, 0x7E04, 0x7E04, 0x7C04, 0x7B3C,
0xD84B, 0xFA5B, 0xFA5B, 0x7C5C, 0x1E4D, 0xDC2C, 0xFC1B, 0xFC1B, 0x1D04, 0x3E04,
0x5E44, 0xFD7C, 0xB854, 0xB854, 0xF71B, 0x9D34, 0xDF04, 0x7F04, 0x7F04, 0xFC03,
0xFB0B, 0x5C0C, 0x3B04, 0x3B04, 0x3B04, 0x9D04, 0xB713, 0xFA2B, 0xFA2B, 0x1D34,
0xDE44, 0xDC34, 0x7A1C, 0x1C14, 0x1C14, 0xDF3C, 0x1B3C, 0xFD33, 0xBF44, 0xBF44,
0xDE23, 0xDC2B, 0xB93B, 0x395C, 0x395C, 0xFC84, 0xDE5C, 0xBE3C, 0xFC13, 0xFC13,
0xFC33, 0xDA5B, 0xBD8C, 0x5B6C, 0xDA53, 0xDA53, 0xFC13, 0xBA13, 0x9B34, 0xBB4C,
0xBB4C, 0xBE75, 0xBB4C, 0x7C34, 0xDA13, 0xDA13, 0x9B24, 0xDD4C, 0x1C4C, 0x1D4C,
0x1D4C, 0x7F3C, 0xDA13, 0xDB34, 0x1624, 0xBD4C, 0xBD4C, 0x9D74, 0xDC64, 0xFD4C,
0x7A04, 0x7A04, 0xBA23, 0x7A3C, 0x9D75, 0xFF64, 0xFF64, 0x3F2C, 0xBC0B, 0xBE34,
0x5B4C, 0x5B4C, 0xB83B, 0xFF6D, 0xBD2C, 0x3B65, 0xF853, 0xF853, 0x5C74, 0xFB5B,
0x5D3C, 0x5D24, 0x5D24, 0xFC23, 0x9F54, 0xB834, 0x3B2D, 0x3B2D, 0x5D44, 0x9D43,
0xBE43, 0x1E3C, 0x1E3C, 0x7B14, 0x1A2C, 0xBA4B, 0xFD74, 0xFF44, 0xFF44, 0xB823,
0x5C3C, 0x9F44, 0x9C4B, 0x9C4B, 0x3F5C, 0x3965, 0xB964, 0xFE4B, 0xFE4B, 0xDF0B,
0xBD44, 0xDF64, 0x1E14, 0x1E14, 0x5F3C, 0x5D2C, 0x5C4C, 0x9A4B, 0xDC43, 0xDC43,
0x9D54, 0xBB5C, 0x5E6D, 0x9E3C, 0x9E3C, 0x9553, 0xFA43, 0x3F1C, 0x1F04, 0x1F04,
0xBF04, 0x9E04, 0xB903, 0x3B0C, 0x3B0C, 0xFA03, 0x7D14, 0x5F1C, 0xDE23, 0x5C1B,
0x5C1B, 0x5B0B, 0x1C04, 0x9D04, 0xFD03, 0xFD03, 0x3E04, 0x5E04, 0x5D04, 0x7D04,
0x7D04, 0x7C1C, 0x3934, 0x973B, 0x382C, 0x382C, 0x3A0C, 0x1C04, 0xFD03, 0xDE13,
0x1D1C, 0x1D1C, 0x7C04, 0xBC04, 0x3A04, 0x1B04, 0x1B04, 0x5E1C, 0x1D44, 0xFB53,
0x1B44, 0x1B44, 0xFB03, 0x3D04, 0xFE03, 0x3F0C, 0x3F0C, 0xFF0B, 0xBE03, 0x1F04,
0x3D04, 0x3A04, 0x3A04, 0xB904, 0x5E1B, 0xFB53, 0x5964, 0x5964, 0x1E4D, 0x7D14,
0xDD24, 0x3E25, 0x3E25, 0x3D04, 0xDF3C, 0x1B44, 0x7C54, 0x7C54, 0x1B2C, 0x5C44,
0x9B6C, 0x5B6C, 0xBE5C, 0xBE5C, 0x9E1B, 0x1D2C, 0x1A34, 0x3844, 0x3844, 0xFB6C,
0x7B4C, 0x1A14, 0x3C04, 0x3C04, 0x3C4C, 0x9953, 0xBC74, 0x1C65, 0x1C65, 0x794C,
0xDC74, 0x3B64, 0xDF5C, 0xB92B, 0xB92B, 0x7B44, 0xB823, 0xBD3C, 0x7D2C, 0x7D2C,
0x9D24, 0xDD3C, 0xB73B, 0x3D04, 0x3D04, 0xDF64, 0x7C7C, 0xBC74, 0xBD54, 0xBD54,
0x3C4C, 0xF933, 0x1614, 0xBD64, 0x3C54, 0x3C54, 0x1C0C, 0xBF2C, 0x7C34, 0x5834,
0x5834, 0xFC5C, 0xDC24, 0xBB23, 0x1B3C, 0x1B3C, 0x7B4C, 0x9E65, 0x9B2C, 0x9C24,
0x9C24, 0xDB1B, 0x1E3C, 0x9B5B, 0x1C44, 0xDA6C, 0xDA6C, 0x985C, 0x9D24, 0x7D1C,
0x7B54, 0x7B54, 0xFA53, 0x9F34, 0x5F2C, 0x7B0C, 0x7B0C, 0x9C3C, 0x1B4C, 0xDD4C,
0x7B5C, 0x7B5C, 0xBB5C, 0x5F55, 0xBE34, 0xFC13, 0x1E0C, 0x1E0C, 0xFE03, 0xFF03,
0x1F04, 0x1E04, 0x1E04, 0x1C04, 0x3C04, 0xBD04, 0xBE0B, 0xBE0B, 0x3E24, 0x7D2C,
0xB913, 0x5B1C, 0x5B1C, 0x5C14, 0x3C14, 0xBA03, 0x5E04, 0x5E04, 0xFE54, 0x9E85,
0xBC44, 0x1D04, 0xDE13, 0xDE13, 0x9833, 0xF343, 0x1B23, 0x5A04, 0x5A04, 0xF804,
0xD95C, 0xFC9C, 0xBC64, 0xBC64, 0x3B14, 0x3C04, 0xFF03, 0x3D04, 0x3D04, 0x1A04,
0x1904, 0x9D24, 0x5D24, 0x1C14, 0x1C14, 0x1A0C, 0xFD0B, 0xFC23, 0x3B3C, 0x3B3C,
0xDA3B, 0x3C34, 0x9F34, 0x3E1C, 0x3E1C, 0xBC0B, 0xBB34, 0x3C34, 0xDB0B, 0xDB0B,
0xD903, 0x3804, 0x9A3C, 0x7B4C, 0x1B2C, 0x1B2C, 0xFB3B, 0x5C1C, 0xBE04, 0x3D04,
0x3D04, 0x9F2C, 0x7F44, 0x7C3C, 0xD613, 0xD613, 0x1D04, 0xFD03, 0xFC0B, 0xBD24,
0xBD24, 0xFC34, 0xF81B, 0x1B34, 0x1D3C, 0x1D04, 0x1D04, 0x3E1C, 0x9E1C, 0x7F24,
0xFE03, 0xFE03, 0x9F1B, 0xFD13, 0xBD1C, 0x5B34, 0x5B34, 0x384C, 0x5C85, 0x3D65,
0x1C0C, 0x1C0C, 0x3E0C, 0x7C44, 0x376C, 0x3F95, 0xBA23, 0xBA23, 0x1D04, 0x9E24,
0x7F7D, 0xDC94, 0xDC94, 0xF963, 0x1A4C, 0xBF0B, 0x5E04, 0x5E04, 0x7B2C, 0x5C6D,
0x7D95, 0x3A5C, 0x3A5C, 0xDA03, 0xDE03, 0xF903, 0xBC65, 0x7F86, 0x7F86, 0x154C,
0x1824, 0x1B04, 0x3804, 0x3804, 0xDB04, 0x3E3C, 0x5C3C, 0x5C44, 0x5C44, 0x7B04,
0xBE04, 0x3F0C, 0xDB03, 0xDB03, 0xFC24, 0x5F44, 0x9823, 0xD81B, 0x1C34, 0x1C34,
0xBC63, 0xBA83, 0x1D75, 0xB703, 0xB703, 0xFC03, 0x3C04, 0x1A0C, 0x9903, 0x9903,
0x1D1C, 0xFE23, 0x9B13, 0x9D34, 0x9D34, 0x5A04, 0x9B3C, 0xF863, 0xB743, 0x180C,
0x180C, 0x5A04, 0x9A14, 0xB72B, 0x1A04, 0x1A04, 0x5C04, 0x9E14, 0x5F14, 0x1E0C,
0x1E0C, 0x1E04, 0x5E04, 0x9F04, 0xBF0B, 0xBF0B, 0xDF0B, 0xFE03, 0x3F04, 0x7F04,
0x1F04, 0x1F04, 0x9D03, 0x3A03, 0xFF0B, 0xDE0B, 0xDE0B, 0x1D14, 0xDB03, 0xDC03,
0x1D04, 0x1D04, 0x1C04, 0x5C04, 0x5D04, 0xBE0C, 0xBE0C, 0x7D0C, 0x3C04, 0x5E04,
0x1E04, 0xDD03, 0xDD03, 0xFD0B, 0x9D0C, 0x3C0C, 0x1D14, 0x1D14, 0x7F24, 0x5B03,
0x9B0B, 0x3D14, 0x3D14, 0x3D04, 0x7B1C, 0x1814, 0xB81B, 0xB81B, 0x1E2C, 0xDE33,
0xDA4B, 0xF86B, 0x9B8C, 0x9B8C, 0x9B13, 0xFC03, 0x3C04, 0x7E0C, 0x7E0C, 0x9F2C,
0x9F3C, 0x3E24, 0x1C04, 0x1C04, 0x5A0C, 0xD91B, 0xDB64, 0xD774, 0xD774, 0x3464,
0xBB64, 0xFA23, 0x7D04, 0xDB44, 0xDB44, 0x5E8D, 0x5874, 0x773C, 0x9B24, 0x9B24,
0xFD23, 0xBD13, 0x5E04, 0x3A1C, 0x3A1C, 0xBC3C, 0x5A34, 0x181C, 0x5B24, 0x5B24,
0x1D2C, 0x3F44, 0xFE33, 0x791C, 0x3A24, 0x3A24, 0x590C, 0xFA13, 0xDC0B, 0x5F04,
0x5F04, 0xFF33, 0xBA33, 0x5C04, 0x3C1C, 0x3C1C, 0xBA3B, 0x3C5C, 0xFB33, 0x9E1C,
0x9E1C, 0x7E04, 0x9F04, 0x7F04, 0x7F1C, 0xDF54, 0xDF54, 0x5B3C, 0x3A0C, 0x1B04,
0x7D0C, 0x7D0C, 0x1D04, 0xBD04, 0x9D3C, 0x5A1C, 0x5A1C, 0x191C, 0xBB1C, 0x7A04,
0x9A1B, 0x9A1B, 0xBD34, 0x3A7C, 0x1974, 0xD86B, 0xFE4C, 0xFE4C, 0x7D2C, 0x1C04,
0x3C04, 0x5C04, 0x5C04, 0x3C0C, 0x1D04, 0x1E0C, 0x5A04, 0x5A04, 0x3B0C, 0xFA3B,
0xD55B, 0xB995, 0xB995, 0x1C96, 0x1E65, 0x7E2B, 0x1A1C, 0x1A1C, 0xB903, 0x3B1C,
0x1A44, 0x1854, 0xDB5C, 0xDB5C, 0xDE3C, 0x7F14, 0xDB14, 0x9D5C, 0x9D5C, 0xDD63,
0xDB2B, 0x7C04, 0x3C04, 0x3C04, 0x9B03, 0xBC03, 0x3B95, 0x3FAE, 0x3FAE, 0xDD9D,
0xB55B, 0x9563, 0xF863, 0x7C64, 0x7C64, 0x5D4C, 0x7F04, 0x7C04, 0x3904, 0x3904,
0x9D04, 0xDE03, 0xDD03, 0xFA03, 0xFA03, 0xB80C, 0x3B14, 0xD833, 0x3974, 0x3974,
0x1974, 0xBC44, 0x5C04, 0x9E04, 0x5F14, 0x5F14, 0xDC03, 0xBB03, 0xDB03, 0x3D0C,
0x3D0C, 0xDB03, 0x9B03, 0xFD03, 0xBF14, 0xBF14, 0x191C, 0xDB0B, 0xFE03, 0xFD03,
0xFD03, 0x3B04, 0x5B04, 0x1C04, 0xDF0B, 0xF873, 0xF873, 0xDB7C, 0x9754, 0x726B,
0x926C, 0x926C, 0x9BB6, 0x5E86, 0x5B64, 0x9F14, 0x9F14, 0x7C04, 0x3804, 0x7503,
0x7B54, 0x7B54, 0x9D6C, 0xFB43, 0xF92B, 0x9924, 0x793C, 0x793C, 0x5A54, 0x1A4C,
0x5B3C, 0x1B24, 0x1B24, 0x5C1C, 0x3B1C, 0x3A5C, 0x7B5C, 0x7B5C, 0xD943, 0x5904,
0xBA04, 0x1A2C, 0x1A2C, 0x3C3C, 0x7F6C, 0x385C, 0xF94B, 0xFF0B, 0xFF0B, 0xBE0B,
0xFD1B, 0xFB23, 0x5F9E, 0x5F9E, 0x1E8E, 0x7975, 0x574C, 0xB47B, 0xB47B, 0xB474,
0x5D8E, 0x1FB6, 0x595C, 0x595C, 0xFD0B, 0x5C04, 0x1B14, 0xFF7D, 0x7D7D, 0x7D7D,
0xFE4C, 0x3D0C, 0x1A1C, 0xF44B, 0xF44B, 0xBA7C, 0x3D96, 0x5D7E, 0x7B34, 0x7B34,
0xBF13, 0xDF13, 0x5D1C, 0xFD55, 0xFD55, 0x5F94, 0xDF64, 0x7B14, 0x990C, 0xB93C,
0xB93C, 0xBC5C, 0xBF5C, 0xDE2B, 0x1C04, 0x1C04, 0x5D04, 0x5C04, 0xFB03, 0xDA03,
0xDA03, 0xFB03, 0xFB03, 0xDB03, 0x390C, 0x390C, 0x584C, 0x777C, 0x586C, 0x5A2C,
0x5C04, 0x5C04, 0x5D04, 0x5D0C, 0xD903, 0xDA34, 0xDA34, 0xFC7D, 0x9C75, 0x9C44,
0x1C34, 0x1C34, 0x184C, 0xD87C, 0x5C54, 0x5C3C, 0x5C3C, 0x3C14, 0x3D04, 0x5D04,
0x1A04, 0x993C, 0x993C, 0xFC95, 0x7A8D, 0x5B2C, 0xFB03, 0xFB03, 0xB844, 0x1585,
0x5DB6, 0xBF75, 0xBF75, 0x9B1B, 0x3E14, 0x7F24, 0xFB33, 0xFB33, 0x9D8D, 0x5C75,
0x1D35, 0x9A04, 0x5704, 0x5704, 0x555C, 0xD984, 0xBFAD, 0xFF8D, 0xFF8D, 0x5A24,
0x3A0C, 0x1A14, 0x1C34, 0x1C34, 0x9FA5, 0x3E6D, 0x5C24, 0x1D14, 0x1D14, 0x7A0B,
0x3C2C, 0x9D54, 0x1D6C, 0x5A2C, 0x5A2C, 0xDA2B, 0x1C24, 0x1C04, 0x3B04, 0x3B04,
0x3E5D, 0xFE9D, 0x1B9E, 0x1454, 0x1454, 0x1654, 0x1854, 0x7A54, 0xFC5C, 0xFC5C,
0xB81B, 0xFB03, 0x7F04, 0xBD04, 0xDF03, 0xDF03, 0x7F04, 0x1D1C, 0x3A04, 0xBC04,
0xBC04, 0xBA1B, 0x195C, 0x5964, 0x9E4C, 0x9E4C, 0x1F0C, 0x3F04, 0xFA03, 0x5A14,
0x5A14, 0x1B0C, 0xDE03, 0x590C, 0xD91B, 0x1E04, 0x1E04, 0x3C04, 0x576C, 0xB683,
0x3D4C, 0x3D4C, 0xBE1C, 0xF80B, 0x9A03, 0x7E13, 0x7E13, 0xFD0B, 0x1E5D, 0x7FAD,
0xBF7D, 0xBF7D, 0x191C, 0xFC03, 0x1C04, 0x5C04, 0xFE4C, 0xFE4C, 0x7D2C, 0x1C04,
0x3C04, 0x5C04, 0x5C04, 0x3C0C, 0x1D04, 0x1E0C, 0x5A04, 0x5A04, 0x3B0C, 0xFA3B,
0xD55B, 0xB995, 0xB995, 0x1C96, 0x1E65, 0x7E2B, 0x1A1C, 0x1A1C, 0xB903, 0x3B1C,
0x1A44, 0x1854, 0xDB5C, 0xDB5C, 0xDE3C, 0x7F14, 0xDB14, 0x9D5C, 0x9D5C, 0xDD63,
0xDB2B, 0x7C04, 0x3C04, 0x3C04, 0x9B03, 0xBC03, 0x3B95, 0x3FAE, 0x3FAE, 0xDD9D,
0xB55B, 0x9563, 0xF863, 0x7C64, 0x7C64, 0x5D4C, 0x7F04, 0x7C04, 0x3904, 0x3904,
0x9D04, 0xDE03, 0xDD03, 0xFA03, 0xFA03, 0xB80C, 0x3B14, 0xD833, 0x3974, 0x3974,
0x1974, 0xBC44, 0x5C04, 0x9E04, 0x5F14, 0x5F14, 0xDC03, 0xBB03, 0xDB03, 0x3D0C,
0x3D0C, 0xDB03, 0x9B03, 0xFD03, 0xBF14, 0xBF14, 0x191C, 0xDB0B, 0xFE03, 0xFD03,
0xFD03, 0x3B04, 0x5B04, 0x1C04, 0xDF0B, 0xF873, 0xF873, 0xDB7C, 0x9754, 0x726B,
0x926C, 0x926C, 0x9BB6, 0x5E86, 0x5B64, 0x9F14, 0x9F14, 0x7C04, 0x3804, 0x7503,
0x7B54, 0x7B54, 0x9D6C, 0xFB43, 0xF92B, 0x9924, 0x793C, 0x793C, 0x5A54, 0x1A4C,
0x5B3C, 0x1B24, 0x1B24, 0x5C1C, 0x3B1C, 0x3A5C, 0x7B5C, 0x7B5C, 0xD943, 0x5904,
0xBA04, 0x1A2C, 0x1A2C, 0x3C3C, 0x7F6C, 0x385C, 0xF94B, 0xFF0B, 0xFF0B, 0xBE0B,
0xFD1B, 0xFB23, 0x5F9E, 0x5F9E, 0x1E8E, 0x7975, 0x574C, 0xB47B, 0xB47B, 0xB474,
0x5D8E, 0x1FB6, 0x595C, 0x595C, 0xFD0B, 0x5C04, 0x1B14, 0xFF7D, 0x7D7D, 0x7D7D,
0xFE4C, 0x3D0C, 0x1A1C, 0xF44B, 0xF44B, 0xBA7C, 0x3D96, 0x5D7E, 0x7B34, 0x7B34,
0xBF13, 0xDF13, 0x5D1C, 0xFD55, 0xFD55, 0x5F94, 0xDF64, 0x7B14, 0x990C, 0xB93C,
0xB93C, 0xBC5C, 0xBF5C, 0xDE2B, 0x1C04, 0x1C04, 0x5D04, 0x5C04, 0xFB03, 0xDA03,
0xDA03, 0xFB03, 0xFB03, 0xDB03, 0x390C, 0x390C, 0x584C, 0x777C, 0x586C, 0x5A2C,
0x5C04, 0x5C04, 0x5D04, 0x5D0C, 0xD903, 0xDA34, 0xDA34, 0xFC7D, 0x9C75, 0x9C44,
0x1C34, 0x1C34, 0x184C, 0xD87C, 0x5C54, 0x5C3C, 0x5C3C, 0x3C14, 0x3D04, 0x5D04,
0x1A04, 0x993C, 0x993C, 0xFC95, 0x7A8D, 0x5B2C, 0xFB03, 0xFB03, 0xB844, 0x1585,
0x5DB6, 0xBF75, 0xBF75, 0x9B1B, 0x3E14, 0x7F24, 0xFB33, 0xFB33, 0x9D8D, 0x5C75,
0x1D35, 0x9A04, 0x5704, 0x5704, 0x555C, 0xD984, 0xBFAD, 0xFF8D, 0xFF8D, 0x5A24,
0x3A0C, 0x1A14, 0x1C34, 0x1C34, 0x9FA5, 0x3E6D, 0x5C24, 0x1D14, 0x1D14, 0x7A0B,
0x3C2C, 0x9D54, 0x1D6C, 0x5A2C, 0x5A2C, 0xDA2B, 0x1C24, 0x1C04, 0x3B04, 0x3B04,
0x3E5D, 0xFE9D, 0x1B9E, 0x1454, 0x1454, 0x1654, 0x1854, 0x7A54, 0xFC5C, 0xFC5C,
0xB81B, 0xFB03, 0x7F04, 0xBD04, 0xDF03, 0xDF03, 0x7F04, 0x1D1C, 0x3A04, 0xBC04,
0xBC04, 0xBA1B, 0x195C, 0x5964, 0x9E4C, 0x9E4C, 0x1F0C, 0x3F04, 0xFA03, 0x5A14,
0x5A14, 0x1B0C, 0xDE03, 0x590C, 0xD91B, 0x1E04, 0x1E04, 0x3C04, 0x576C, 0xB683,
0x3D4C, 0x3D4C, 0xBE1C, 0xF80B, 0x9A03, 0x7E13, 0x7E13, 0xFD0B, 0x1E5D, 0x7FAD,
0xBF7D, 0xBF7D, 0x191C, 0xFC03, 0x1C04, 0x5C04, 0x9D9D, 0x9D9D, 0x9F55, 0x3B04,
0xDC2C, 0xBE4C, 0xBE4C, 0x7F4C, 0x5E44, 0xFD5C, 0x1C0C, 0x1C0C, 0x1F0C, 0x1F14,
0x1F24, 0x9D4C, 0x9D4C, 0xFC6C, 0xBB6C, 0x3B5C, 0xDB4B, 0xDB4B, 0xDD3C, 0xFD1C,
0x1A0C, 0xBD5C, 0x1E8D, 0x1E8D, 0x9E95, 0xBC7D, 0x9F8D, 0xFE84, 0xFE84, 0xFD44,
0x5B0C, 0xBF34, 0x5E3C, 0x5E3C, 0xFC43, 0xBC7B, 0x9A64, 0x3E75, 0x3E75, 0xFF44,
0x5D04, 0x3C04, 0x5B44, 0xBA84, 0xBA84, 0x7A9D, 0x3C4D, 0xDB1B, 0x7F34, 0x7F34,
0x3E3C, 0x7A5C, 0xFA6C, 0xFD4C, 0xFD4C, 0xBC03, 0xBD04, 0x1A14, 0xBC5C, 0xBC5C,
0xFE8C, 0xBF9D, 0xBE5C, 0x1A1C, 0xFB1C, 0xFB1C, 0x9C2C, 0xFD3C, 0x1E4D, 0xDD3C,
0xDD3C, 0x3C14, 0xDB03, 0xFB03, 0x3B04, 0x3B04, 0x3F14, 0x1E3D, 0x1C55, 0xBB54,
0xBB54, 0x3D3C, 0x5E2C, 0x1A14, 0x1E4E, 0xFC6D, 0xFC6D, 0xBD65, 0xFC3C, 0x1A04,
0x1B1C, 0x1B1C, 0xBF6C, 0xBE7C, 0x1A5C, 0xDB73, 0xDB73, 0xFB4B, 0x5C2C, 0xBD24,
0xFA1B, 0xFA1B, 0xFE54, 0x9F7D, 0x5E85, 0x7E86, 0xBC95, 0xBC95, 0xBD94, 0x5D1C,
0x1F3D, 0xFA44, 0xFA44, 0x3774, 0x9D95, 0x5D9D, 0x5E5D, 0x5E5D, 0x9903, 0xDE24,
0xBC3C, 0x9D65, 0x9D65, 0xFF85, 0x9C7C, 0x7D34, 0x1B04, 0x3F4D, 0x3F4D, 0x1C1C,
0xFB2B, 0x3B5C, 0xBE6D, 0xBE6D, 0xD96C, 0x1B1C, 0x1C34, 0x3B14, 0x3B14, 0x9A14,
0x1C55, 0xFB5C, 0x9A4C, 0x9A4C, 0x3C64, 0x3A34, 0xDA13, 0x3B1C, 0x3A1C, 0x3A1C,
0x9D1C, 0xFD03, 0xFD03, 0xFB23, 0xFB23, 0x9A24, 0x1D6D, 0xFC6C, 0x3B4C, 0x3B4C,
0xFE5B, 0x9F3C, 0x9B0C, 0x380C, 0x380C, 0xB73B, 0xDA1B, 0xDC03, 0xDD03, 0x3E24,
0x3E24, 0xFF6C, 0x7E95, 0x9D9D, 0x1F0C, 0x1F0C, 0xDD23, 0x3D4C, 0xBC54, 0x1B45,
0x1B45, 0x7C3D, 0xFD24, 0xDA0B, 0x3F04, 0x3F04, 0x7E24, 0x1E4D, 0xFF7D, 0xDF7D,
0x5A34, 0x5A34, 0x9A03, 0x7F04, 0xBD03, 0x3D0C, 0x3D0C, 0x7C24, 0x3A34, 0xD833,
0xD933, 0xD933, 0x5D44, 0xFF4C, 0x3F7E, 0xBF65, 0xBF65, 0x3A1C, 0xBB03, 0x3E04,
0x3E04, 0x5E0C, 0x5E0C, 0x5E0C, 0x774C, 0x3734, 0xD81B, 0xD81B, 0xFB13, 0xBE34,
0x5F55, 0xDE5C, 0xDE5C, 0xFB53, 0xDF5B, 0x1C24, 0x7B04, 0x7B04, 0x5B24, 0xDB33,
0x9A1B, 0xFC03, 0x7E04, 0x7E04, 0xFD04, 0x9D2C, 0x3F6D, 0xDE64, 0xDE64, 0x5C54,
0xFD4B, 0xBC1B, 0x7E04, 0x7E04, 0x9B3B, 0x9923, 0x3C04, 0x5D04, 0x5D04, 0xBD24,
0x9E85, 0x1E8D, 0xBF6C, 0xFD0B, 0xFD0B, 0x5F24, 0x9F3C, 0x5E44, 0x1B4C, 0x1B4C,
0x3B5C, 0x9C6C, 0xBD74, 0x1F04, 0x1F04, 0xFE03, 0x7C44, 0xFC84, 0xFF9D, 0xFF9D,
0xBD5D, 0x3914, 0x1B1C, 0x3F44, 0x9E54, 0x9E54, 0xFE5C, 0xDD4C, 0x1B1C, 0x9B03,
0x9B03, 0x1D14, 0xDF34, 0x3685, 0xFD85, 0xFD85, 0xBF5D, 0x3B1C, 0x5A24, 0x5934,
0x5934, 0xDB4C, 0xFD4C, 0xDC3C, 0x7A1C, 0x1804, 0x1804, 0x3804, 0xBB2C, 0x3D65,
0x5D7D, 0x5D7D, 0x5D8D, 0xFA0B, 0xDA03, 0xDA03, 0xDA03, 0x1B04, 0x7C14, 0x7B2C,
0x193C, 0x193C, 0xB743, 0x5C04, 0x1C04, 0xFB0B, 0xDA03, 0xDA03, 0x3C0C, 0xDC1B,
0xBE4C, 0xBB64, 0xBB64, 0xD87C, 0x3785, 0xB98D, 0xBB3C, 0xBB3C, 0x7A1C, 0x5A04,
0x5904, 0x3904, 0x3904, 0x3A04, 0xFD03, 0xDF03, 0x5D1C, 0x5D1C, 0x5B54, 0xBF9D,
0x3F75, 0x5D1C, 0xBB03, 0xBB03, 0xDC3C, 0x9964, 0xBD1C, 0xFA0B, 0xFA0B, 0x1B34,
0x1D75, 0x7D85, 0x794C, 0x794C, 0x5A1C, 0x9C04, 0x3C04, 0xFE0B, 0xFE0B, 0xFF0B,
0x1F04, 0x1E04, 0xDC03, 0x1E04, 0x1E04, 0x1F05, 0x1F04, 0xBD03, 0xFE4C, 0xFE4C,
0xD864, 0x1585, 0x5685, 0x3C6D, 0x3C6D, 0x9F44, 0x9E23, 0xDA0B, 0x1704, 0x1704,
0x9904, 0x5B04, 0x5E04, 0xDC0B, 0x3F45, 0x3F45, 0x5674, 0xF88C, 0x7B9D, 0x3C85,
0x3C85, 0x7C4C, 0xFB23, 0xFC1B, 0x5D24, 0x5D24, 0x7C64, 0x3B95, 0x38A5, 0x1A8D,
0x1A8D, 0xBD5C, 0x7F2C, 0xBB03, 0x7B14, 0x9F1B, 0x9F1B, 0xFF13, 0x1F04, 0xDD03,
0xDD03, 0xDD03, 0x5E04, 0x5E04, 0xFC03, 0x9F04, 0x9F04, 0x7B1B, 0x5E74, 0xDFA5,
0x1A4D, 0x1A4D, 0x7714, 0x5A2C, 0x3D54, 0x5C74, 0xF833, 0xF833, 0x572C, 0xB964,
0x5C75, 0x9B3C, 0x9B3C, 0x5D24, 0xDF54, 0x3D04, 0x1B24, 0x1B24, 0xDC74, 0x9E95,
0x3E7D, 0x5D54, 0x5D54, 0x5C34, 0x1A04, 0xFA5C, 0x1C7D, 0x3E85, 0x3E85, 0x1C4C,
0x3D24, 0x1E04, 0x5F04, 0x5F04, 0xBF03, 0xBF14, 0x3F04, 0xDE03, 0xDE03, 0xBD03,
0xDD0B, 0xFD13, 0xDE0B, 0xDE0B, 0xBE03, 0x3C54, 0x3F6D, 0x7E7D, 0x986C, 0x986C,
0xF733, 0x7D0C, 0xBF04, 0x7C04, 0x7C04, 0x5E04, 0x5F04, 0xFE03, 0x7A03, 0x7A03,
0xB703, 0x5944, 0xBF8C, 0x9FA4, 0x9FA4, 0x784C, 0x992C, 0xBA04, 0x9A04, 0x5A0C,
0x5A0C, 0x5A0C, 0x9B04, 0xFC04, 0x1C04, 0x1C04, 0x7D1C, 0xDD54, 0xFA74, 0xD784,
0xD784, 0xF984, 0xBD74, 0x5E54, 0x7B0C, 0x7B0C, 0x1A04, 0xDA03, 0xFC0B, 0x1E0C,
0xFD03, 0xFD03, 0x3D04, 0xBF04, 0xDC03, 0xFC03, 0xFC03, 0x3C04, 0x5B0C, 0x5B0C,
0x5B0C, 0x5B0C, 0x7C0C, 0x7D04, 0x9C03, 0x1E0C, 0x1E0C, 0xFD03, 0x3E04, 0x5E04,
0x1D04, 0x3C04, 0x3C04, 0x3C04, 0xFF03, 0xDD03, 0xFB03, 0xFB03, 0x3B04, 0x3D0C,
0x3E04, 0xFC03, 0xFC03, 0xDA03, 0x9A14, 0x1D3D, 0x1F7D, 0x1F7D, 0x5E8C, 0x1C64,
0x7C1C, 0xBC04, 0x7D04, 0x7D04, 0x7913, 0xFA13, 0x1B04, 0x1B04, 0x1B04, 0xDB0B,
0x1C2C, 0xBE6C, 0x3F95, 0x3F95, 0xD964, 0x9854, 0x5A34, 0x1C1C, 0x1C1C, 0x9F34,
0x9D4C, 0xFB23, 0x7F04, 0x9C9D, 0x9C9D, 0x7B85, 0xD94C, 0x191C, 0xDC03, 0xDC03,
0xFF03, 0xFF03, 0xFD03, 0x1904, 0x1904, 0x5904, 0x7C14, 0x3D14, 0x5E04, 0x5E04,
0x5D04, 0x1A04, 0xDC44, 0xF85C, 0xF86C, 0xF86C, 0x3A8D, 0x7D8D, 0x3E75, 0x7D3C,
0x7D3C, 0xFB0B, 0xBA03, 0x3D0B, 0xDF03, 0xDF03, 0x3F04, 0xBD03, 0x9F4C, 0xBE7C,
0xBE7C, 0x1B95, 0xF794, 0xDF84, 0xBF64, 0x7F34, 0x7F34, 0x3E0C, 0xDD03, 0xDC03,
0x1C04, 0x1C04, 0x3C04, 0x5C04, 0x5D04, 0x3E04, 0x3E04, 0x1F0C, 0xFE0B, 0xFD0B,
0x1C0C, 0x1C0C, 0x5C0C, 0x3D04, 0x3D04, 0x3D04, 0xDF03, 0xDF03, 0xFD1B, 0xDA13,
0x9D0C, 0x7C04, 0x7C04, 0x791C, 0x793C, 0x3A34, 0x1F24, 0x1F24, 0x7D24, 0x3C45,
0xDD65, 0xBD7D, 0xBD7D, 0xFC6C, 0x5B54, 0x3A4C, 0x9C03, 0x9C03, 0x7F44, 0x9D7C,
0x9A74, 0x983C, 0xDB1C, 0xDB1C, 0x5D1C, 0xFF2B, 0x7974, 0x1654, 0x1654, 0xD863,
0xFF8C, 0x9F34, 0xBC13, 0xBC13, 0x5D4C, 0x3B4D, 0xDB7D, 0x9C7D, 0x9C7D, 0x3D5D,
0xBC1C, 0x3B04, 0x1B04, 0x590C, 0x590C, 0x5604, 0xFB03, 0xDB03, 0x3D1C, 0x3D1C,
0xDB13, 0x3C1C, 0x7C1C, 0x7C1C, 0x7C1C, 0x1A1C, 0x1F0D, 0xBF04, 0xDF03, 0xDF03,
0xBE03, 0x9E0B, 0x1F1C, 0xBB03, 0x5C0C, 0x5C0C, 0x1B14, 0x1A1C, 0x1B2C, 0x3C2C,
0x3C2C, 0x3E24, 0x3F1C, 0x1E1C, 0xDD23, 0xDD23, 0xFA23, 0x5A2C, 0xF713, 0x5A14,
0x5A14, 0x3C0C, 0x1D04, 0xDC03, 0xFB03, 0xBD03, 0xBD03, 0x1B04, 0x7B0C, 0xDC54,
0x5E7D, 0x5E7D, 0x7E75, 0x3E65, 0xBD6C, 0xFF03, 0xFF03, 0x5E14, 0x9C34, 0x9A5C,
0xDB7C, 0xDB7C, 0xF953, 0xF91B, 0xFD14, 0x3E05, 0x3E24, 0x3E24, 0x1D3C, 0x7C94,
0x1A5D, 0x5B3C, 0x5B3C, 0x3B14, 0x9833, 0x7654, 0x1854, 0x1854, 0x1F65, 0x7D34,
0x1A2C, 0x5B5C, 0x5B5C, 0x185C, 0x7854, 0x7C6C, 0x3F7D, 0x9B24, 0x9B24, 0x992B,
0x3C64, 0xBB6C, 0x1BA5, 0x1BA5, 0xDB8D, 0x5E44, 0x7C2C, 0xFC5C, 0xFC5C, 0x5C8D,
0x7B6D, 0x1C65, 0x7F54, 0x7F54, 0xDF03, 0xBC3C, 0x1F3D, 0xBF34, 0x7E34, 0x7E34,
0x7A0B, 0xBD03, 0x3C0C, 0x1C4D, 0x1C4D, 0x9AAD, 0x5B75, 0x1E65, 0xDD44, 0xDD44,
0xB904, 0xDA14, 0xDD54, 0xBE44, 0xBE44, 0xBF2C, 0x1F0C, 0xBD03, 0xFD03, 0x3C04,
0x3C04, 0x1A0C, 0xFA0B, 0x1B04, 0xF903, 0xF903, 0x5B04, 0x5C04, 0x1B14, 0x1B34,
0x1B34, 0x1C44, 0xDD33, 0xDE1B, 0xDC0B, 0xDC0B, 0xFC0B, 0x3C04, 0x3B04, 0x1A04,
0x5C04, 0x5C04, 0x5D0C, 0xDC03, 0x3D0C, 0x5D0C, 0x5D0C, 0x5D04, 0x5D04, 0x3C04,
0x1C04, 0x1C04, 0x1B04, 0x1B04, 0xFA03, 0x3B0C, 0x3B0C, 0x3B14, 0x5C1C, 0xDB0B,
0x7B03, 0xDE0B, 0xDE0B, 0xBE03, 0x3B04, 0x1C04, 0x7D24, 0x7D24, 0x3E5D, 0xBC85,
0x3A85, 0x9B74, 0x9B74, 0x3D6C, 0xDB0B, 0xBE2C, 0x1F55, 0x1F55, 0xBE44, 0x7B0C,
0x7A04, 0x3C04, 0xBD33, 0xBD33, 0xBD94, 0x7F85, 0xFD64, 0xBE64, 0xBE64, 0x3B44,
0x3914, 0x3C2D, 0x1C45, 0x1C45, 0xDF2C, 0xFC13, 0x5D0C, 0x5D04, 0x5D04, 0xB91B,
0xD64B, 0x155C, 0xF743, 0x993D, 0x993D, 0xFC44, 0x3F44, 0x1F54, 0xDF6C, 0xDF6C,
0xDE85, 0x1C7E, 0xF96D, 0xBD14, 0xBD14, 0x7D04, 0x3D04, 0xBD0B, 0xDE13, 0xDE13,
0xFC03, 0x9B03, 0xDD23, 0x5D0C, 0x1C14, 0x1C14, 0x1C24, 0x5E2C, 0x7F1C, 0x5D04,
0x5D04, 0x3B04, 0x7A04, 0xDF03, 0x7D04, 0x7D04, 0xDB04, 0x3804, 0x1B04, 0x9B03,
0x9B03, 0x3B0C, 0xDA1C, 0x1A34, 0x1A24, 0x3B14, 0x3B14, 0x3C0C, 0x3D14, 0x3D14,
0x3C0C, 0x3C0C, 0x3C04, 0x1B1C, 0x3C14, 0x3D04, 0x3D04, 0x3E04, 0x3E04, 0x1E04,
0xFD03, 0xFD03, 0xFD03, 0xBD03, 0xFD03, 0x1E04, 0x9D4C, 0x9D4C, 0x5754, 0x535C,
0x584C, 0xDB2B, 0xDB2B, 0xFE1B, 0x5E0C, 0x1C04, 0x7D2B, 0x7D2B, 0xDA33, 0x5954,
0x9A7C, 0x3C84, 0x3C84, 0xBB7B, 0xB95B, 0xF64B, 0xF923, 0xF923, 0x3E35, 0x5B04,
0x7C04, 0xB913, 0x7C5C, 0x7C5C, 0xBB6B, 0x9F9C, 0xFC4C, 0x1E25, 0x1E25, 0xFB03,
0xDE3C, 0x9944, 0x5764, 0x5764, 0x797C, 0xF853, 0x1E4C, 0xFB73, 0xFB73, 0x3874,
0x1744, 0xDA13, 0x5F2C, 0x7F54, 0x7F54, 0xFC43, 0x936C, 0xB56C, 0x3854, 0x3854,
0xBB1B, 0xFF03, 0x3F04, 0x3C0C, 0x3C0C, 0x5924, 0xD703, 0xBB13, 0x1F54, 0x1F54,
0xFE63, 0x5B64, 0xF553, 0x1564, 0x3774, 0x3774, 0x5F24, 0x3D24, 0xFB1B, 0xDA03,
0xDA03, 0xDB03, 0x1B04, 0x3B04, 0x7A04, 0x7A04, 0xDB1B, 0xFB13, 0xD90B, 0x9A44,
0x9A44, 0x986C, 0xD76B, 0x1B74, 0xFD63, 0x1944, 0x1944, 0xF723, 0x162C, 0x9864,
0xD984, 0xD984, 0x9874, 0x1664, 0xF56B, 0x1554, 0x1554, 0x394C, 0xDF3C, 0x1F14,
0xDE03, 0xDE03, 0xFB23, 0x1B5D, 0xD76C, 0xB913, 0x1D34, 0x1D34, 0xBA0B, 0xF923,
0xD713, 0xBA43, 0xBA43, 0xBD5C, 0x5D65, 0xB81B, 0xD90B, 0xD90B, 0x5D2C, 0x7F54,
0xFC53, 0x3F5D, 0x3F5D, 0xDA0B, 0xDB0B, 0xFE03, 0x9F44, 0xDA33, 0xDA33, 0xD853,
0x9A64, 0x1B5D, 0x9B5C, 0x9B5C, 0xDD54, 0x535C, 0x3544, 0x3964, 0x3964, 0x5B84,
0x5A7C, 0x587C, 0x366C, 0x366C, 0x1344, 0x3B04, 0xFA03, 0x5B3C, 0xBE95, 0xBE95,
0x7D8D, 0x5B54, 0xB73B, 0x575C, 0x575C, 0x3F8C, 0x1C6C, 0x186C, 0x385C, 0x385C,
0x1824, 0xDA03, 0xFD0B, 0x5D04, 0x5D04, 0xFDAD, 0xFC84, 0x1D54, 0xFE33, 0x3E2C,
0x3E2C, 0x3D3C, 0x1D5C, 0xDD73, 0x546C, 0x546C, 0xD75C, 0x9824, 0x1904, 0x1D04,
0x1D04, 0x1D04, 0x1B04, 0x7904, 0xBE03, 0xBE03, 0x3F24, 0xBF5C, 0x7D6C, 0xD96B,
0x196C, 0x196C, 0x3864, 0xB643, 0x9B0C, 0x7C04, 0x7C04, 0x3C04, 0xFC03, 0xDD03,
0xDE1B, 0xDE1B, 0xFE3B, 0x1F4C, 0x9B64, 0x5A5C, 0x5A5C, 0xF84B, 0x584C, 0x3834,
0x3A1C, 0x9E0C, 0x9E0C, 0x1D04, 0x7F1B, 0x9C23, 0x1A44, 0x1A44, 0x9B64, 0xBD7C,
0x5D74, 0xD963, 0xD963, 0xD65B, 0x5C3C, 0xB813, 0xD713, 0xD713, 0xBB5C, 0x9E7D,
0x5D65, 0x994C, 0xF84B, 0xF84B, 0x5B64, 0xDA64, 0x7854, 0x3754, 0x3754, 0xF643,
0xB71B, 0xFB1B, 0x9C1B, 0x9C1B, 0xDA5C, 0xBC85, 0x5D75, 0x9E44, 0x9E44, 0xDF4C,
0xBE54, 0x5B1C, 0xBE04, 0xFF5B, 0xFF5B, 0x1D5C, 0x354C, 0x124C, 0x3554, 0x3554,
0x796C, 0x5A6C, 0x196C, 0xB343, 0xB343, 0x3924, 0xBF24, 0xDF4C, 0x7C64, 0x7C64,
0xF55B, 0xD363, 0x378C, 0x5924, 0x381C, 0x381C, 0x190C, 0x3B04, 0x1D04, 0xDE03,
0xDE03, 0xFE13, 0x3F34, 0x9D4C, 0x195C, 0x195C, 0xD573, 0x157C, 0x5964, 0x1C34,
0x1C34, 0xDE1B, 0xDF13, 0x9C0C, 0x5C04, 0x1B0C, 0x1B0C, 0xDB1B, 0xBC3B, 0xDB5B,
0xFB63, 0xFB63, 0x3A6C, 0x1854, 0x394C, 0x5A34, 0x5A34, 0x7B1C, 0x7C0C, 0x5C0C,
0x1C14, 0x1C14, 0xFC13, 0x3A6D, 0x7B85, 0xDDA5, 0x9D4C, 0x9D4C, 0x5754, 0x535C,
0x584C, 0xDB2B, 0xDB2B, 0xFE1B, 0x5E0C, 0x1C04, 0x7D2B, 0x7D2B, 0xDA33, 0x5954,
0x9A7C, 0x3C84, 0x3C84, 0xBB7B, 0xB95B, 0xF64B, 0xF923, 0xF923, 0x3E35, 0x5B04,
0x7C04, 0xB913, 0x7C5C, 0x7C5C, 0xBB6B, 0x9F9C, 0xFC4C, 0x1E25, 0x1E25, 0xFB03,
0xDE3C, 0x9944, 0x5764, 0x5764, 0x797C, 0xF853, 0x1E4C, 0xFB73, 0xFB73, 0x3874,
0x1744, 0xDA13, 0x5F2C, 0x7F54, 0x7F54, 0xFC43, 0x936C, 0xB56C, 0x3854, 0x3854,
0xBB1B, 0xFF03, 0x3F04, 0x3C0C, 0x3C0C, 0x5924, 0xD703, 0xBB13, 0x1F54, 0x1F54,
0xFE63, 0x5B64, 0xF553, 0x1564, 0x3774, 0x3774, 0x5F24, 0x3D24, 0xFB1B, 0xDA03,
0xDA03, 0xDB03, 0x1B04, 0x3B04, 0x7A04, 0x7A04, 0xDB1B, 0xFB13, 0xD90B, 0x9A44,
0x9A44, 0x986C, 0xD76B, 0x1B74, 0xFD63, 0x1944, 0x1944, 0xF723, 0x162C, 0x9864,
0xD984, 0xD984, 0x9874, 0x1664, 0xF56B, 0x1554, 0x1554, 0x394C, 0xDF3C, 0x1F14,
0xDE03, 0xDE03, 0xFB23, 0x1B5D, 0xD76C, 0xB913, 0x1D34, 0x1D34, 0xBA0B, 0xF923,
0xD713, 0xBA43, 0xBA43, 0xBD5C, 0x5D65, 0xB81B, 0xD90B, 0xD90B, 0x5D2C, 0x7F54,
0xFC53, 0x3F5D, 0x3F5D, 0xDA0B, 0xDB0B, 0xFE03, 0x9F44, 0xDA33, 0xDA33, 0xD853,
0x9A64, 0x1B5D, 0x9B5C, 0x9B5C, 0xDD54, 0x535C, 0x3544, 0x3964, 0x3964, 0x5B84,
0x5A7C, 0x587C, 0x366C, 0x366C, 0x1344, 0x3B04, 0xFA03, 0x5B3C, 0xBE95, 0xBE95,
0x7D8D, 0x5B54, 0xB73B, 0x575C, 0x575C, 0x3F8C, 0x1C6C, 0x186C, 0x385C, 0x385C,
0x1824, 0xDA03, 0xFD0B, 0x5D04, 0x5D04, 0xFDAD, 0xFC84, 0x1D54, 0xFE33, 0x3E2C,
0x3E2C, 0x3D3C, 0x1D5C, 0xDD73, 0x546C, 0x546C, 0xD75C, 0x9824, 0x1904, 0x1D04,
0x1D04, 0x1D04, 0x1B04, 0x7904, 0xBE03, 0xBE03, 0x3F24, 0xBF5C, 0x7D6C, 0xD96B,
0x196C, 0x196C, 0x3864, 0xB643, 0x9B0C, 0x7C04, 0x7C04, 0x3C04, 0xFC03, 0xDD03,
0xDE1B, 0xDE1B, 0xFE3B, 0x1F4C, 0x9B64, 0x5A5C, 0x5A5C, 0xF84B, 0x584C, 0x3834,
0x3A1C, 0x9E0C, 0x9E0C, 0x1D04, 0x7F1B, 0x9C23, 0x1A44, 0x1A44, 0x9B64, 0xBD7C,
0x5D74, 0xD963, 0xD963, 0xD65B, 0x5C3C, 0xB813, 0xD713, 0xD713, 0xBB5C, 0x9E7D,
0x5D65, 0x994C, 0xF84B, 0xF84B, 0x5B64, 0xDA64, 0x7854, 0x3754, 0x3754, 0xF643,
0xB71B, 0xFB1B, 0x9C1B, 0x9C1B, 0xDA5C, 0xBC85, 0x5D75, 0x9E44, 0x9E44, 0xDF4C,
0xBE54, 0x5B1C, 0xBE04, 0xFF5B, 0xFF5B, 0x1D5C, 0x354C, 0x124C, 0x3554, 0x3554,
0x796C, 0x5A6C, 0x196C, 0xB343, 0xB343, 0x3924, 0xBF24, 0xDF4C, 0x7C64, 0x7C64,
0xF55B, 0xD363, 0x378C, 0x5924, 0x381C, 0x381C, 0x190C, 0x3B04, 0x1D04, 0xDE03,
0xDE03, 0xFE13, 0x3F34, 0x9D4C, 0x195C, 0x195C, 0xD573, 0x157C, 0x5964, 0x1C34,
0x1C34, 0xDE1B, 0xDF13, 0x9C0C, 0x5C04, 0x1B0C, 0x1B0C, 0xDB1B, 0xBC3B, 0xDB5B,
0xFB63, 0xFB63, 0x3A6C, 0x1854, 0x394C, 0x5A34, 0x5A34, 0x7B1C, 0x7C0C, 0x5C0C,
0x1C14, 0x1C14, 0xFC13, 0x3A6D, 0x7B85, 0xDDA5, 0x9913, 0x9913, 0x3B14, 0x9F4D,
0x1F86, 0x7F95, 0x7F95, 0xDF74, 0x9E44, 0x1A1C, 0x3E04, 0x3E04, 0x5D04, 0x3B04,
0xDC03, 0xBE0B, 0xBE0B, 0x1F24, 0xDD3C, 0x7A3D, 0x9F7C, 0x9F7C, 0xB953, 0xF653,
0x7D6D, 0x5D3C, 0x1E1C, 0x1E1C, 0x1B04, 0x9A04, 0x3B0C, 0x3D65, 0x3D65, 0x7764,
0x1A75, 0xBC6C, 0x9D44, 0x9D44, 0x9D3C, 0xDA3B, 0xDF0C, 0xFE03, 0xFE03, 0xFC03,
0x7C04, 0x5B04, 0xFD1B, 0xFF2B, 0xFF2B, 0xDE1B, 0x3E24, 0x5E6D, 0xBA9D, 0xBA9D,
0x9995, 0x5C6D, 0xBF34, 0xFF0B, 0xFF0B, 0xDF03, 0xBD04, 0x1C14, 0x1D34, 0x1D34,
0x1C24, 0xBC0C, 0xBA04, 0xBE5D, 0x1FA6, 0x1FA6, 0xDF55, 0x3C45, 0x9A34, 0x5A1C,
0x5A1C, 0x7D14, 0x7F0C, 0x5E04, 0x1D04, 0x1D04, 0xBF24, 0x1D45, 0x7B6D, 0x5C96,
0x5C96, 0xDB75, 0x382C, 0x1D14, 0x3F0C, 0x3B1C, 0x3B1C, 0xFC0B, 0x1D04, 0x5F04,
0x3F04, 0x3F04, 0xDE1B, 0x3D2C, 0xDD34, 0x7A3C, 0x7A3C, 0xBC74, 0x397C, 0x1764,
0x9C5D, 0x9C5D, 0x7A1C, 0x7A13, 0xDF3B, 0xF863, 0xDC7D, 0xDC7D, 0x3A65, 0xBF6D,
0x3F75, 0xBD34, 0xBD34, 0xFC13, 0x1F04, 0x3F6D, 0xBA5C, 0xBA5C, 0xD54B, 0x195C,
0x7A23, 0x5D1C, 0x5D1C, 0x7B34, 0x9D95, 0xF55B, 0xB964, 0xDD6C, 0xDD6C, 0x1E4D,
0x5C14, 0x7D1C, 0xFB03, 0xFB03, 0x1C24, 0x5E04, 0x3F0C, 0x1E04, 0x1E04, 0x1D04,
0x5D24, 0x9D34, 0xFD3C, 0xFD3C, 0x3F55, 0x9F34, 0xFE1B, 0xDC2B, 0xDA43, 0xDA43,
0x5C44, 0x3D0C, 0x5D04, 0x7A0C, 0x7A0C, 0x3804, 0x180C, 0x592C, 0xBD4C, 0xBD4C,
0xBF5C, 0x3E34, 0x5A0C, 0xB924, 0xB924, 0x7854, 0x5A2C, 0xFC03, 0x9C03, 0x9D03,
0x9D03, 0xDD13, 0xDC23, 0xBB1B, 0x9F3C, 0x9F3C, 0xBE75, 0xFA95, 0x597D, 0xDC54,
0xDC54, 0x5D1C, 0x1C04, 0x7A04, 0x1B0C, 0x1B0C, 0x3C04, 0x9D04, 0x7C04, 0x3A04,
0xFA24, 0xFA24, 0xDC75, 0xFB9D, 0xFF7C, 0x5E54, 0x5E54, 0xDC2B, 0xDC0B, 0x1D04,
0x5D04, 0x5D04, 0x1B04, 0xD903, 0x1C04, 0x5B0C, 0x5B0C, 0xFC34, 0xFF75, 0x1F86,
0x7E75, 0xBC54, 0xBC54, 0x3723, 0x7804, 0x9C04, 0x7F04, 0x7F04, 0x3C04, 0x3904,
0x980C, 0xFA24, 0xFA24, 0x3D3D, 0x9D34, 0x3B0C, 0x5B14, 0x5B14, 0x9F5C, 0x1F6C,
0x5B33, 0x9A03, 0x9D04, 0x9D04, 0x1D04, 0xBB03, 0x3C2C, 0x9C3C, 0x9C3C, 0xDD4C,
0xDF4C, 0x3F24, 0x3F04, 0x3F04, 0x3F64, 0xFB4B, 0x5A24, 0x1B04, 0x1B04, 0x7803,
0x3A34, 0x1E7D, 0xBD6C, 0xB553, 0xB553, 0x3A5C, 0x9F5C, 0x9E44, 0x7C2C, 0x7C2C,
0x7C1C, 0x3F0C, 0xFF03, 0x5C0C, 0x5C0C, 0x3C04, 0x3D04, 0x3D24, 0xFA1B, 0xFA1B,
0x170C, 0x5B3D, 0x5F7E, 0x9F8D, 0x1D75, 0x1D75, 0x9C4C, 0x7D24, 0x3D04, 0xFD03,
0xFD03, 0xFC03, 0x3B1C, 0x9E14, 0xFC0B, 0xFC0B, 0x1B1C, 0x1C55, 0xBB7D, 0xBA8D,
0xBA8D, 0x1975, 0xBA64, 0xFC03, 0x5D04, 0x9E04, 0x9E04, 0x7E04, 0x3D04, 0x1C04,
0x5B04, 0x5B04, 0x9B04, 0xDD75, 0xDE7D, 0xBF75, 0xBF75, 0x1E5D, 0x5C3C, 0xFA13,
0x1B04, 0x1B04, 0x5B04, 0xBA0B, 0xFB23, 0x3C44, 0x7954, 0x7954, 0x1E14, 0x5F04,
0xB913, 0x9533, 0x9533, 0xB82B, 0xFF2B, 0xFF33, 0x1844, 0x1844, 0x792C, 0x7904,
0x3A04, 0x7C0C, 0x7C0C, 0x1C45, 0x9B75, 0xB88D, 0x5A8E, 0x5A8E, 0x7554, 0xF743,
0xBD33, 0x9F3C, 0xDF0B, 0xDF0B, 0x1D04, 0xF903, 0x9E33, 0xDF4B, 0xDF4B, 0x3A1B,
0x5A3C, 0x1B95, 0x5B95, 0x5B95, 0x3C6D, 0x9E6C, 0x772C, 0xDA0B, 0xDA0B, 0xBE03,
0x1D04, 0x5B3C, 0x9A7C, 0x9B7C, 0x9B7C, 0x7C4C, 0x7F03, 0x5F0C, 0xFB13, 0xFB13,
0x1A2C, 0x1C3C, 0x3C44, 0xF943, 0xF943, 0xF74B, 0x5C24, 0x994C, 0xB76C, 0xB76C,
0x7D75, 0x7F24, 0x1F04, 0xFB13, 0x1634, 0x1634, 0x7B34, 0x5A3C, 0x393C, 0x3A3C,
0x3A3C, 0x3C3C, 0x1D3C, 0xFC43, 0xBB4B, 0xBB4B, 0xDF23, 0xDE43, 0xFA5B, 0x3B44,
0x3B44, 0x7E14, 0x9B03, 0x3A24, 0x3B7D, 0xB84C, 0xB84C, 0x5944, 0x1B24, 0x5D04,
0x5E0C, 0x5E0C, 0x3E44, 0xBD64, 0x7C65, 0xBEB5, 0xBEB5, 0x596C, 0xD633, 0x1824,
0x3B2C, 0x3B2C, 0xDB23, 0x1D2C, 0x3E34, 0xD944, 0xBB7D, 0xBB7D, 0x187C, 0x1C3C,
0x9F64, 0x5E45, 0x5E45, 0x3B34, 0x5D14, 0xDE23, 0xDF64, 0xDF64, 0x1C65, 0x1A2D,
0x9B04, 0x9C03, 0x9C03, 0xFE23, 0x5F3C, 0xD94B, 0xB934, 0x9C7D, 0x9C7D, 0x3C7E,
0xB864, 0x7B6C, 0x5A0C, 0x5A0C, 0x3D04, 0xF503, 0xFB1B, 0x1E04, 0x1E04, 0x3F04,
0x9F44, 0xFC5C, 0x585D, 0x585D, 0xB88D, 0x7674, 0x5854, 0x9B4C, 0xFA33, 0xFA33,
0x5E2C, 0x1E04, 0x3D04, 0xB713, 0xB713, 0x1A04, 0x3C44, 0xBC54, 0x7B6D, 0x7B6D,
0x7A95, 0xB874, 0xD943, 0x9F6B, 0x9F6B, 0x9C43, 0x1B14, 0x7A04, 0x9A14, 0xDB5C,
0xDB5C, 0x1C85, 0xFA54, 0xB80C, 0xBF03, 0xBF03, 0x1D24, 0x1A3C, 0xBA3B, 0xDD33,
0xDD33, 0x1E2C, 0x1B3C, 0x174C, 0x7D0C, 0x7D0C, 0x3D0C, 0x3E14, 0x3F14, 0xFE13,
0xFD0B, 0xFD0B, 0xFC0B, 0xDB03, 0x7A14, 0x3A04, 0x3A04, 0x3B04, 0x5C04, 0x7D04,
0x7D0C, 0x7D0C, 0x3C0C, 0xFB0B, 0xBD03, 0xBC03, 0xBC03, 0x7A03, 0xDA13, 0x3B14,
0x5C0C, 0xBE04, 0xBE04, 0x5D04, 0x3B04, 0x7B0C, 0x5B04, 0x5B04, 0xFB03, 0xFE0B,
0x7F3C, 0x1F65, 0x1F65, 0x5D7D, 0x7DA5, 0xD964, 0x373C, 0x373C, 0x1944, 0x3C3C,
0xFC1B, 0x9C03, 0x3C03, 0x3C03, 0x9B04, 0xFB2B, 0x7D64, 0xDE74, 0xDE74, 0x3D85,
0x3C95, 0x7654, 0xB324, 0xB324, 0xFE33, 0x7D4C, 0x1A2C, 0x1D0C, 0x1D0C, 0x7F1C,
0xFB23, 0xFA33, 0x7D44, 0x383C, 0x383C, 0x3965, 0xDA85, 0x9A85, 0xDB6C, 0xDB6C,
0x5C44, 0x1A1C, 0xF803, 0x3F04, 0x3F04, 0x3B24, 0x986C, 0x1A95, 0xFD54, 0xFD54,
0x9D04, 0x7D04, 0x1A14, 0x5B0C, 0x3A1C, 0x3A1C, 0x1A34, 0xFB43, 0xBB3B, 0x9A33,
0x9A33, 0xF943, 0x9A5C, 0x199D, 0x9A44, 0x9A44, 0x3B04, 0x7E04, 0xFC1B, 0xFB43,
0xFB43, 0x1B34, 0x7C1C, 0x7743, 0xB83B, 0xFA23, 0xFA23, 0x3C14, 0x3D0C, 0x1D04,
0x3C04, 0x3C04, 0x3C04, 0xB813, 0xD913, 0xFA13, 0xFA13, 0x1B14, 0x1C0C, 0x1D04,
0x5D04, 0x5D04, 0x7E04, 0x1C04, 0x1D1C, 0x3E34, 0x5D04, 0x5D04, 0x1E04, 0x3F1C,
0x7933, 0x577C, 0x577C, 0xF79C, 0x79A5, 0xDBA5, 0x9A64, 0x9A64, 0x5B3C, 0xFC0B,
0xBD03, 0xDD03, 0xDD03, 0x1E04, 0x3E14, 0x3F14, 0x3714, 0x3714, 0x7A34, 0x3C3C,
0x3923, 0x9E44, 0x3C14, 0x3C14, 0x5F04, 0x9F04, 0x5F1C, 0x3D2C, 0x3D2C, 0x5934,
0x772C, 0xB82C, 0x390C, 0x390C, 0x3A0C, 0x3B14, 0xFA03, 0x5D0C, 0x5D0C, 0x5E0C,
0x3A04, 0x9A2C, 0xFB54, 0xBD3C, 0xBD3C, 0x7D04, 0x5E04, 0xBD1C, 0xF733, 0xF733,
0x787C, 0xFAA4, 0x7DAD, 0x7C7D, 0x7C7D, 0x1B4D, 0xBE23, 0x9E3C, 0xDB44, 0xDB44,
0x1E45, 0x7C13, 0x3D03, 0xDD1B, 0x3B24, 0x3B24, 0x7A73, 0x9D94, 0x9FAD, 0x7D95,
0x7D95, 0x995C, 0x574C, 0x1865, 0xFB85, 0xFB85, 0x57BD, 0xB6A4, 0x176C, 0x571B,
0x571B, 0x5E04, 0x5D04, 0x7C0C, 0x1C4D, 0xBF54, 0xBF54, 0x5F34, 0x1E14, 0x1F04,
0x1E04, 0x1E04, 0xFC03, 0x1904, 0x3804, 0x1824, 0x1824, 0x9B3C, 0x3A3C, 0x1B2C,
0x5C24, 0x5C24, 0x3C14, 0xDB0B, 0x9F24, 0x1B44, 0xFE54, 0xFE54, 0x1E35, 0x7B04,
0xFE44, 0x1F8D, 0x1F8D, 0x5A74, 0xF623, 0x3444, 0x3C7D, 0x3C7D, 0xFF64, 0x5E24,
0x1E14, 0xDC23, 0xDC23, 0x5A34, 0x782C, 0xBC2C, 0x3B2C, 0xFB33, 0xFB33, 0x3C2C,
0x1B04, 0x5D04, 0x3D04, 0x3D04, 0xDE1B, 0xFE03, 0xFF03, 0xFE03, 0xFE03, 0xFC03,
0xFA13, 0xF923, 0x1A24, 0x1A24, 0x5C2C, 0x9C14, 0x7C0C, 0x7C1C, 0x7B34, 0x7B34,
0x5D24, 0x1F04, 0x1F04, 0x1F14, 0x1F14, 0x3F04, 0xFF03, 0xDF0B, 0x1C0C, 0x1C0C,
0x3914, 0x3714, 0x3824, 0x5C3C, 0x5C3C, 0x1D54, 0x1C2C, 0x3C04, 0x5C14, 0x7D3C,
0x7D3C, 0x9E4C, 0x7E1C, 0x1D04, 0x3D04, 0x3D04, 0xDB1B, 0xD74B, 0x578C, 0x39AD,
0x39AD, 0xFDAD, 0x9F85, 0xBF4C, 0xFE03, 0xFE03, 0xFD03, 0xDB03, 0xD903, 0xFB03,
0x3E04, 0x3E04, 0x5F04, 0x5F04, 0x1B04, 0x3C04, 0x3C04, 0x7D04, 0x7D04, 0x5C04,
0x3C04, 0x3C04, 0x1C04, 0x1C04, 0x3C04, 0x9D0C, 0x9D0C, 0x5C04, 0x7E0C, 0x7F0C,
0x1F04, 0x1F04, 0x1F04, 0xFF03, 0x1F04, 0xDF03, 0xBF03, 0xBF03, 0xBF03, 0x1D0C,
0x5C0C, 0x1B0C, 0x1B0C, 0xBA03, 0x192C, 0x7A2C, 0x7C34, 0x7C34, 0x3D34, 0x5E1C,
0xBF04, 0x7F04, 0xFF03, 0xFF03, 0x3F04, 0x1E04, 0x3D04, 0x3C04, 0x3C04, 0x3C0C,
0x3C24, 0x1B34, 0x3B3C, 0x3B3C, 0x3F3C, 0xFA33, 0x191C, 0xBE04, 0xBE04, 0x7F04,
0x1E04, 0x7E2C, 0xFD23, 0x371C, 0x371C, 0x7A1C, 0x7D14, 0x3E04, 0x3D04, 0x3D04,
0x3D04, 0x3E04, 0xFF03, 0xDD13, 0xDD13, 0x5D2C, 0x7D44, 0x5F4C, 0xBE13, 0xBE13,
0x9D03, 0x1D0C, 0x382B, 0x5764, 0xD984, 0xD984, 0x7BAD, 0xBEA5, 0x1D75, 0x7B3C,
0x7B3C, 0x5B1C, 0xDC1C, 0xBF54, 0x3D1C, 0x3D1C, 0xBB03, 0x1D04, 0x9B23, 0x5D5C,
0x5D5C, 0xDC74, 0x3B6D, 0x3E9E, 0x7C65, 0x992C, 0x992C, 0x1804, 0x1A04, 0x3C0C,
0x5D0C, 0x5D0C, 0x5C04, 0x5E1C, 0x3D04, 0x1C04, 0x1C04, 0x5D04, 0x9E04, 0x7E04,
0x1D04, 0x1D04, 0xBC03, 0x5B0C, 0x3B1C, 0x1B34, 0x1F75, 0x1F75, 0xBC95, 0x3B8E,
0x9A2C, 0x7F14, 0x7F14, 0x3F14, 0x5D14, 0xDD14, 0x9C1C, 0x9C1C, 0x1C1C, 0xDD2B,
0x3D4C, 0x7A6C, 0x7A6C, 0x566C, 0x154C, 0xF63B, 0xDF03, 0xDF03, 0x9E0B, 0xBA0B,
0x9B14, 0x3B04, 0xBE04, 0xBE04, 0x5D0C, 0xDA13, 0x371C, 0xF903, 0xF903, 0x5F04,
0xBF03, 0x1F04, 0xFB2B, 0xFB2B, 0x375C, 0x1244, 0xFE53, 0x1D6C, 0x1D6C, 0xFA4B,
0x3C04, 0x7F04, 0x1F04, 0xFD3B, 0xFD3B, 0xBB74, 0x99AD, 0xDC7D, 0xBB24, 0xBB24,
0xBE0C, 0x3D0C, 0x7E2C, 0x7D34, 0x7D34, 0x3B24, 0x9D04, 0x3C04, 0xFC03, 0xFC03,
0x3B2C, 0x3B7D, 0xBB95, 0x1E76, 0x9914, 0x9914, 0x5B1C, 0x5A24, 0x7A24, 0x3B1C,
0x3B1C, 0xFB0B, 0xFC0B, 0x1D24, 0x3E34, 0x3E34, 0xFD1C, 0x9F0C, 0x7F14, 0xFC2B,
0xFC2B, 0x1F96, 0x5EAE, 0xBC6C, 0xDD3B, 0xFB03, 0xFB03, 0x5B04, 0x9B0C, 0x7B44,
0x3A5C, 0x3A5C, 0x1854, 0x3854, 0x596C, 0x5A04, 0x5A04, 0x1A04, 0xBC0B, 0x3F1C,
0xFE0B, 0xFE0B, 0x5D0C, 0x3B04, 0x7B0C, 0x5E0C, 0xDC03, 0xDC03, 0xBB2C, 0x3473,
0x1774, 0x7D5C, 0x7D5C, 0x9E0C, 0xDC03, 0xDC03, 0x5A2C, 0x5A2C, 0xF54B, 0xDC74,
0x9F44, 0x9F04, 0x9F04, 0x9A03, 0xF913, 0x9D03, 0xDD13, 0xD903, 0xD903, 0xF833,
0xF84B, 0xF73B, 0x3B64, 0x3B64, 0xBC4C, 0x1C2C, 0x3B1C, 0x7C44, 0x7C44, 0x5A64,
0x3744, 0x1744, 0x1A4C, 0x1A4C, 0x1A14, 0x9B1B, 0xFD0B, 0xDD03, 0x3C0C, 0x3C0C,
0x1C04, 0xBF04, 0x5C14, 0x173C, 0x173C, 0x1D74, 0x185C, 0x366C, 0x375C, 0x375C,
0x1714, 0x1C04, 0x3F0C, 0x3F04, 0x3F04, 0x5C04, 0x1D04, 0xFF03, 0xFE03, 0xFB03,
0xFB03, 0x1914, 0x9A54, 0x3D8D, 0x98A6, 0x98A6, 0x7B5D, 0x7F14, 0x1F04, 0x3D04,
0x3D04, 0xFC24, 0xBB2C, 0xB90B, 0x7903, 0x7903, 0x7C04, 0x9D04, 0x5C04, 0x5C04,
0x3C04, 0x3C04, 0x1B04, 0x3C0C, 0x1F14, 0xFE0B, 0xFE0B, 0xDD03, 0xFC03, 0x1D04,
0x5E04, 0x5E04, 0x5E04, 0x5F04, 0xFD03, 0x5E04, 0x5E04, 0xDB03, 0xFB03, 0x5C0C,
0x1B0C, 0x1A0C, 0x1A0C, 0x1A14, 0x3D04, 0x1B04, 0x3924, 0x3924, 0x794C, 0x7864,
0x375C, 0x1754, 0x1754, 0x5854, 0xFC03, 0x3C04, 0x1C04, 0x1C04, 0xBC13, 0xDB13,
0x3A04, 0x5A0C, 0x3A14, 0x3A14, 0xDB6B, 0x9B64, 0x375C, 0xF663, 0xF663, 0xD543,
0xD603, 0x9C04, 0x7E04, 0x7E04, 0xFE03, 0x7D0C, 0xFA0B, 0xDD03, 0xDD03, 0x1F04,
0x1E0C, 0x5C14, 0xD903, 0x3F0C, 0x3F0C, 0xFB13, 0xB623, 0x933B, 0xF55B, 0xF55B,
0x796C, 0x5C6C, 0xDB5B, 0x380C, 0x380C, 0x7C04, 0x1D04, 0x1C2C, 0xBA64, 0xBA64,
0x1C8E, 0x9F8E, 0xDE5C, 0xFE0B, 0xFC13, 0xFC13, 0x3B24, 0x7C24, 0x7C1C, 0x3D0C,
0x3D0C, 0x1D0C, 0x5E1C, 0x3D1C, 0x1D55, 0x1D55, 0xDD95, 0x3F9E, 0x9A44, 0x3B24,
0x3B24, 0x3D1C, 0x5E34, 0x3E4C, 0x1D2C, 0xFC03, 0xFC03, 0xFC03, 0xFD03, 0x1E04,
0x1E04, 0x1E04, 0x1D04, 0x7E04, 0x3D04, 0x1C04, 0x1C04, 0xFC03, 0x1C0C, 0x1C0C,
0x3B04, 0x3B04, 0x3B04, 0xBE04, 0x5D04, 0x1C0C, 0x1F75, 0x1F75, 0xBC95, 0x3B8E,
0x9A2C, 0x7F14, 0x7F14, 0x3F14, 0x5D14, 0xDD14, 0x9C1C, 0x9C1C, 0x1C1C, 0xDD2B,
0x3D4C, 0x7A6C, 0x7A6C, 0x566C, 0x154C, 0xF63B, 0xDF03, 0xDF03, 0x9E0B, 0xBA0B,
0x9B14, 0x3B04, 0xBE04, 0xBE04, 0x5D0C, 0xDA13, 0x371C, 0xF903, 0xF903, 0x5F04,
0xBF03, 0x1F04, 0xFB2B, 0xFB2B, 0x375C, 0x1244, 0xFE53, 0x1D6C, 0x1D6C, 0xFA4B,
0x3C04, 0x7F04, 0x1F04, 0xFD3B, 0xFD3B, 0xBB74, 0x99AD, 0xDC7D, 0xBB24, 0xBB24,
0xBE0C, 0x3D0C, 0x7E2C, 0x7D34, 0x7D34, 0x3B24, 0x9D04, 0x3C04, 0xFC03, 0xFC03,
0x3B2C, 0x3B7D, 0xBB95, 0x1E76, 0x9914, 0x9914, 0x5B1C, 0x5A24, 0x7A24, 0x3B1C,
0x3B1C, 0xFB0B, 0xFC0B, 0x1D24, 0x3E34, 0x3E34, 0xFD1C, 0x9F0C, 0x7F14, 0xFC2B,
0xFC2B, 0x1F96, 0x5EAE, 0xBC6C, 0xDD3B, 0xFB03, 0xFB03, 0x5B04, 0x9B0C, 0x7B44,
0x3A5C, 0x3A5C, 0x1854, 0x3854, 0x596C, 0x5A04, 0x5A04, 0x1A04, 0xBC0B, 0x3F1C,
0xFE0B, 0xFE0B, 0x5D0C, 0x3B04, 0x7B0C, 0x5E0C, 0xDC03, 0xDC03, 0xBB2C, 0x3473,
0x1774, 0x7D5C, 0x7D5C, 0x9E0C, 0xDC03, 0xDC03, 0x5A2C, 0x5A2C, 0xF54B, 0xDC74,
0x9F44, 0x9F04, 0x9F04, 0x9A03, 0xF913, 0x9D03, 0xDD13, 0xD903, 0xD903, 0xF833,
0xF84B, 0xF73B, 0x3B64, 0x3B64, 0xBC4C, 0x1C2C, 0x3B1C, 0x7C44, 0x7C44, 0x5A64,
0x3744, 0x1744, 0x1A4C, 0x1A4C, 0x1A14, 0x9B1B, 0xFD0B, 0xDD03, 0x3C0C, 0x3C0C,
0x1C04, 0xBF04, 0x5C14, 0x173C, 0x173C, 0x1D74, 0x185C, 0x366C, 0x375C, 0x375C,
0x1714, 0x1C04, 0x3F0C, 0x3F04, 0x3F04, 0x5C04, 0x1D04, 0xFF03, 0xFE03, 0xFB03,
0xFB03, 0x1914, 0x9A54, 0x3D8D, 0x98A6, 0x98A6, 0x7B5D, 0x7F14, 0x1F04, 0x3D04,
0x3D04, 0xFC24, 0xBB2C, 0xB90B, 0x7903, 0x7903, 0x7C04, 0x9D04, 0x5C04, 0x5C04,
0x3C04, 0x3C04, 0x1B04, 0x3C0C, 0x1F14, 0xFE0B, 0xFE0B, 0xDD03, 0xFC03, 0x1D04,
0x5E04, 0x5E04, 0x5E04, 0x5F04, 0xFD03, 0x5E04, 0x5E04, 0xDB03, 0xFB03, 0x5C0C,
0x1B0C, 0x1A0C, 0x1A0C, 0x1A14, 0x3D04, 0x1B04, 0x3924, 0x3924, 0x794C, 0x7864,
0x375C, 0x1754, 0x1754, 0x5854, 0xFC03, 0x3C04, 0x1C04, 0x1C04, 0xBC13, 0xDB13,
0x3A04, 0x5A0C, 0x3A14, 0x3A14, 0xDB6B, 0x9B64, 0x375C, 0xF663, 0xF663, 0xD543,
0xD603, 0x9C04, 0x7E04, 0x7E04, 0xFE03, 0x7D0C, 0xFA0B, 0xDD03, 0xDD03, 0x1F04,
0x1E0C, 0x5C14, 0xD903, 0x3F0C, 0x3F0C, 0xFB13, 0xB623, 0x933B, 0xF55B, 0xF55B,
0x796C, 0x5C6C, 0xDB5B, 0x380C, 0x380C, 0x7C04, 0x1D04, 0x1C2C, 0xBA64, 0xBA64,
0x1C8E, 0x9F8E, 0xDE5C, 0xFE0B, 0xFC13, 0xFC13, 0x3B24, 0x7C24, 0x7C1C, 0x3D0C,
0x3D0C, 0x1D0C, 0x5E1C, 0x3D1C, 0x1D55, 0x1D55, 0xDD95, 0x3F9E, 0x9A44, 0x3B24,
0x3B24, 0x3D1C, 0x5E34, 0x3E4C, 0x1D2C, 0xFC03, 0xFC03, 0xFC03, 0xFD03, 0x1E04,
0x1E04, 0x1E04, 0x1D04, 0x7E04, 0x3D04, 0x1C04, 0x1C04, 0xFC03, 0x1C0C, 0x1C0C,
0x3B04, 0x3B04, 0x3B04, 0xBE04, 0x5D04, 0x1C0C, 0xD753, 0xD753, 0x5A4C, 0xFA23,
0x3D1C, 0x7F2C, 0x7F2C, 0x1D2C, 0x3C34, 0x3A2C, 0x7F04, 0x7F04, 0x5E04, 0xDA03,
0x1A2C, 0x3E85, 0x3E85, 0xBFAD, 0x5D95, 0x1B7D, 0xDE5C, 0xDE5C, 0xF92B, 0x5A1C,
0xDB34, 0xDC3C, 0x3C2C, 0x3C2C, 0x9C0B, 0x5F14, 0x392C, 0xFD44, 0xFD44, 0x7B2C,
0x1A1C, 0x1D45, 0x7E65, 0x7E65, 0x7D7D, 0x3F9E, 0xFB85, 0x9A4C, 0x9A4C, 0x3D1C,
0xDD03, 0x3D04, 0x5C14, 0x5B54, 0x5B54, 0x786B, 0x7D54, 0x7A23, 0xDC1B, 0xDC1B,
0x7E24, 0x1B1C, 0x3B1C, 0x9E1C, 0x9E1C, 0x3D04, 0xFD03, 0x3A04, 0x3814, 0x3814,
0xF753, 0xF86B, 0x1944, 0x3B1C, 0x3E14, 0x3E14, 0x3D1C, 0x3D24, 0x1C24, 0x9E2C,
0x9E2C, 0xFB0B, 0xFA03, 0xDB03, 0x7F0C, 0x7F0C, 0xFB1B, 0x5D24, 0x5E2C, 0xDC23,
0xDC23, 0xBB2B, 0xFA43, 0x3954, 0x1754, 0x580B, 0x580B, 0x1D04, 0x5E04, 0x1B04,
0xDA34, 0xDA34, 0xFD8D, 0x1FA6, 0x3E85, 0x1F85, 0x1F85, 0x3D4C, 0xDB1B, 0x9D1C,
0x1D2D, 0x1D2D, 0x591C, 0x5924, 0x7F55, 0x7F6D, 0x3C3C, 0x3C3C, 0xDB2B, 0x3C24,
0x5C14, 0x1C14, 0x1C14, 0x3E34, 0x5F6D, 0x9BC5, 0xDA6C, 0xDA6C, 0x3A0C, 0x3D04,
0x1D04, 0xDB1B, 0xDB1B, 0x1A34, 0xDC44, 0xDC24, 0x9A14, 0x3D6D, 0x3D6D, 0xDB94,
0x9C9D, 0x9D9D, 0xBF8D, 0xBF8D, 0x3A14, 0x9E04, 0x1B04, 0xB903, 0xB903, 0xBC3C,
0x3F86, 0x1F8E, 0x3E7D, 0x3E7D, 0x1E7D, 0xFF44, 0xBA1B, 0x5C3C, 0x5B34, 0x5B34,
0xBB2C, 0x9B1C, 0x5C04, 0xFC03, 0xFC03, 0x9C54, 0x5F96, 0xDE95, 0xD974, 0xD974,
0x3C75, 0xBD54, 0xFD23, 0x9F34, 0x9F34, 0x793C, 0x3B34, 0x1C1C, 0x1C04, 0x3B04,
0x3B04, 0x5C14, 0x5B44, 0x596C, 0xDD43, 0xDD43, 0xBC2B, 0xFC1B, 0x1B14, 0x9B24,
0x9B24, 0x5B1C, 0x5D14, 0xFD03, 0x3A04, 0x3A04, 0xFB03, 0xDC13, 0x3D0C, 0x9E04,
0x9D04, 0x9D04, 0x3D14, 0xDC2B, 0x5D2C, 0x9C3C, 0x9C3C, 0x7B44, 0x3B2C, 0xFB13,
0xFC03, 0xFC03, 0x1D04, 0x3E04, 0x5E04, 0xFC03, 0xFC03, 0xBA03, 0x5C2C, 0x5C3C,
0x791B, 0x9E3C, 0x9E3C, 0x5D2C, 0x5D0C, 0x3E04, 0xDE03, 0xDE03, 0x1E14, 0x5F5D,
0x7F9E, 0x1C9E, 0x1C9E, 0xF67C, 0x1D6D, 0x9E34, 0x1C14, 0x1C14, 0xBC3C, 0xBC3C,
0x9E24, 0xFD0B, 0xDC13, 0xDC13, 0x3B24, 0x3D5D, 0xDD8D, 0x1DA6, 0x1DA6, 0x3B75,
0x5D65, 0xDD3C, 0x1A1C, 0x1A1C, 0x9744, 0xBA34, 0x9C14, 0x3D04, 0x3D04, 0x5D04,
0xBE2C, 0xDD44, 0x9C4C, 0x3E04, 0x3E04, 0xBD3C, 0x3B75, 0x5995, 0xBAA5, 0xBAA5,
0xFD8D, 0x5E4D, 0x3C0C, 0x1F0C, 0x1F0C, 0xFB03, 0xF80B, 0x7944, 0x1A6C, 0x1A6C,
0xBA63, 0xDB33, 0x7D14, 0xFC2B, 0x3B24, 0x3B24, 0xFC2C, 0xBD2C, 0xDC13, 0x9C0B,
0x9C0B, 0x1E04, 0x5D04, 0x163C, 0x9A4C, 0x9A4C, 0x7C44, 0xFC2B, 0xBB1B, 0x7D34,
0x7D34, 0xF91B, 0x9A34, 0x3B4C, 0x1B1C, 0x3C04, 0x3C04, 0x9E04, 0x5E04, 0xDD0B,
0xDE03, 0xDE03, 0x3F04, 0xDE13, 0x5F24, 0x1D14, 0x1D14, 0x1B14, 0xDC2C, 0x9B24,
0x1A04, 0x1A04, 0x7D04, 0x3B2C, 0x7C34, 0xBD3C, 0x3E4D, 0x3E4D, 0xFE44, 0xFB23,
0xBB2B, 0x1B4C, 0x1B4C, 0x9B64, 0xBD8D, 0x5D96, 0xFA43, 0xFA43, 0x7B2C, 0x7A04,
0x3A04, 0x3C04, 0x3C04, 0x1B04, 0xDA03, 0x1B04, 0x7B04, 0x7B04, 0x1A04, 0x9C3C,
0xDD74, 0xDB94, 0x9884, 0x9884, 0x565C, 0x1845, 0xBC8C, 0x3E85, 0x3E85, 0xDE5C,
0xFC23, 0xFC0B, 0x3D04, 0x3D04, 0xFC03, 0xBA03, 0x9E0C, 0x1D04, 0x1D04, 0x7F04,
0x3C04, 0x5A04, 0x580C, 0x1A3D, 0x1A3D, 0x1A4D, 0x7C0C, 0xFB13, 0x1D3C, 0x1D3C,
0x7D64, 0xFC7C, 0xDE9D, 0xBD95, 0xBD95, 0xD75B, 0x1B1C, 0xD903, 0x3904, 0x3904,
0xFD3C, 0x1E4D, 0x9C24, 0x1C24, 0xFE43, 0xFE43, 0x3B44, 0x3E7D, 0x9DA5, 0x7CA5,
0x7CA5, 0x194C, 0xFB1B, 0x7C44, 0x9C9D, 0x9C9D, 0x99AD, 0x5B85, 0xBC4C, 0x5E24,
0x5E24, 0x3E1C, 0x7E34, 0x9C54, 0x7964, 0x3D04, 0x3D04, 0x3D04, 0x1E04, 0xFE03,
0xFD03, 0xFD03, 0x1C04, 0x5B04, 0x7C04, 0x3904, 0x3904, 0x7A04, 0x7A2C, 0xDB64,
0x5C95, 0x5C95, 0xDB8C, 0x1A5C, 0x1C44, 0xF823, 0x1A34, 0x1A34, 0xBD54, 0xBD4C,
0x5B34, 0x3B2C, 0x3B2C, 0xFA2B, 0x7C44, 0xFB44, 0x3E45, 0x3E45, 0xBD2C, 0xF913,
0x182C, 0x3B65, 0x3B65, 0x9D8D, 0x3D95, 0x9E34, 0xBC13, 0xDE03, 0xDE03, 0x3F04,
0x3E04, 0xFB03, 0x5C04, 0x5C04, 0x5C04, 0x5F04, 0x3E04, 0xDB03, 0xDB03, 0xD903,
0x5A14, 0x3A0C, 0xF903, 0xF903, 0x5A04, 0x7A04, 0x3A04, 0xFE5C, 0x3E95, 0x3E95,
0xBB8C, 0x395C, 0x3B24, 0x3D04, 0x3D04, 0x1B04, 0x1B04, 0x1C04, 0x9D04, 0x9D04,
0xBD0C, 0xB803, 0xD81B, 0xBE65, 0xBE65, 0xBF9D, 0x3C75, 0x7A44, 0x1A1C, 0x3A1C,
0x3A1C, 0xB92C, 0x1945, 0x3B55, 0xFB03, 0xFB03, 0x1D0C, 0x5E3C, 0x3C6C, 0x3EAD,
0x3EAD, 0xBEB5, 0x5C85, 0xF633, 0x1D04, 0x1D04, 0x1D04, 0xFD03, 0xBC03, 0x9B03,
0x9B0B, 0x9B0B, 0xDC2B, 0x1E44, 0x7A34, 0x7F6D, 0x7F6D, 0xBF95, 0xFB6C, 0x371C,
0x3A04, 0x3A04, 0x7C04, 0x5B24, 0x5C0C, 0x5D0C, 0x5D0C, 0x3D04, 0x7F1C, 0x9E34,
0x3A4C, 0xDD9D, 0xDD9D, 0xBBAD, 0xDA6C, 0x7A44, 0x1A14, 0x1A14, 0xFB03, 0xDB03,
0x9A03, 0xBC03, 0xBC03, 0x1E04, 0x9E03, 0xFB0B, 0x9A24, 0x9A24, 0xBE5D, 0x7C8D,
0xB994, 0x174C, 0x5B04, 0x5B04, 0x3D04, 0xBD04, 0x5A04, 0x3A04, 0x3A04, 0x5D04,
0x5F04, 0x9E03, 0x9F03, 0x9F03, 0xDF8C, 0xFE84, 0xBA74, 0x3764, 0x3764, 0x375C,
0xDA6C, 0x7A85, 0xB98D, 0x1C0C, 0x1C0C, 0x3D04, 0x1E04, 0xFE03, 0xFD03, 0xFD03,
0x1D04, 0x1C04, 0xDA03, 0x5C04, 0x5C04, 0x7C04, 0x5B04, 0x1E25, 0xDE34, 0xDE34,
0xFE3C, 0x5B14, 0x7B04, 0xFF43, 0x9E5C, 0x9E5C, 0x9E8D, 0x9C95, 0x7964, 0xD92B,
0xD92B, 0x1B0C, 0x1C04, 0xFD5B, 0x7F54, 0x7F54, 0xDF44, 0x1D14, 0x1C1C, 0x5C3C,
0x5C3C, 0x7C6C, 0x7FAD, 0x3D8D, 0x7B5C, 0xDA23, 0xDA23, 0xFA0B, 0x3A04, 0x5A04,
0x5B04, 0x5B04, 0x7C04, 0x1A04, 0x7C24, 0x3B3C, 0x3B3C, 0x9C74, 0xBFAD, 0x9E9D,
0x7B5C, 0x7B5C, 0x5B3C, 0x9B74, 0xFC7C, 0x3D8D, 0x5D54, 0x5D54, 0x5D2C, 0x3C04,
0x5D04, 0x5E04, 0x5E04, 0x7E24, 0xFF54, 0xDE64, 0xB94B, 0xB94B, 0xFB33, 0xDB03,
0xDE03, 0x7F04, 0x7F04, 0x5F04, 0xFC03, 0x1B04, 0x5F04, 0x5F04, 0x3E04, 0x9F04,
0x7E0C, 0x5D24, 0x3C34, 0x3C34, 0x1A2C, 0x7B34, 0x5C34, 0x1C1C, 0x1C1C, 0x3D14,
0x5F0C, 0x1E04, 0x1E04, 0x1E04, 0x1D0C, 0x1D14, 0x3E04, 0xDC03, 0xDC03, 0x1C0C,
0xBA23, 0x994B, 0x9A5B, 0x7F6C, 0x7F6C, 0x7F5C, 0xBE44, 0x1B0C, 0x3B04, 0x3B04,
0x5B04, 0x7C34, 0x1F6D, 0x1F6D, 0x1F6D, 0xDB3B, 0x3B4C, 0xBA43, 0xBD53, 0xBD53,
0x7F74, 0xDF5C, 0x7E14, 0xFB03, 0xBB13, 0xBB13, 0x9703, 0x794C, 0x1B75, 0x1C55,
0x1C55, 0xF723, 0xD42B, 0x774C, 0x9E65, 0x9E65, 0x5F55, 0xDF34, 0x5E14, 0x3E04,
0x3E04, 0x5E0C, 0x9E24, 0xDE44, 0x1E5D, 0x3B4C, 0x3B4C, 0xF94B, 0x983B, 0x7923,
0xDC0B, 0xDC0B, 0x3E0C, 0x3D04, 0xFB03, 0xBB03, 0xBB03, 0x5E04, 0x5E04, 0x3C04,
0x5C1C, 0x5C1C, 0x3B34, 0x1B3C, 0x3D4C, 0x5C04, 0x5D0C, 0x5D0C, 0x9F34, 0x7E44,
0x7C44, 0xBB44, 0xBB44, 0x5734, 0x1634, 0x3D4C, 0x5E64, 0x5E64, 0x7E74, 0x7C6C,
0x9954, 0x793C, 0x793C, 0xFA33, 0x5B23, 0x5E0C, 0x3F1C, 0x7E04, 0x7E04, 0xBE04,
0x1C04, 0xFB03, 0x1C04, 0x1C04, 0x5F14, 0xFB03, 0x7D04, 0x9E04, 0x9E04, 0x5E04,
0x5E04, 0xFC03, 0xDB0B, 0xDB0B, 0xFB13, 0xBD14, 0x5E0C, 0xDF03, 0x3F1C, 0x3F1C,
0x1D24, 0x1B24, 0x5C14, 0x3D04, 0x3D04, 0xFA03, 0x7D0C, 0x9D04, 0xFB03, 0xFB03,
0xFC03, 0x5E04, 0x5E04, 0xBB03, 0xBB03, 0x5853, 0x9C43, 0xFD33, 0x3B44, 0x3C54,
0x3C54, 0x1F6C, 0x5F6C, 0xBE6C, 0x9F2C, 0x9F2C, 0x1C0C, 0xFB03, 0x1A04, 0x1D3D,
0x1D3D, 0x3E5D, 0xBE5C, 0xBC43, 0xFD13, 0xFD13, 0x3E0C, 0x7E04, 0x9E04, 0x7D04,
0x5D04, 0x5D04, 0x5B04, 0x5A04, 0xBE23, 0xDF64, 0xDF64, 0x1F7D, 0x5D3C, 0xFC13,
0x5C1C, 0x5C1C, 0x5C1C, 0xBC03, 0xBA03, 0x1C04, 0x1C04, 0x5E04, 0x7F0C, 0x3E14,
0xFC13, 0x3F4D, 0x3F4D, 0xFE4C, 0x5B54, 0x3B34, 0x3B0C, 0x3B0C, 0x5C04, 0x7D04,
0x5E04, 0x1F04, 0x1F04, 0xDF03, 0xDC03, 0x5C0C, 0x5B04, 0x5B04, 0x1C04, 0xBB23,
0x3B54, 0x9C34, 0xFF04, 0xFF04, 0x3F0C, 0xDE03, 0x5E1C, 0x5D14, 0x5D14, 0xDC03,
0xBB03, 0x5D04, 0x3B04, 0x3B04, 0x1D14, 0x1E24, 0xFE3B, 0xFC43, 0xFC43, 0x3A3C,
0x7B34, 0xFE1B, 0x7F0B, 0x3C0C, 0x3C0C, 0x3D04, 0x3E04, 0x3F04, 0x1E04, 0x1E04,
0x1D04, 0x3D04, 0x7D0C, 0xFF0B, 0xFF0B, 0x1E34, 0x9A4B, 0x5C74, 0x3B64, 0x3B64,
0xDF54, 0xFE1B, 0xBF03, 0x3A04, 0x5A24, 0x5A24, 0xFC5C, 0xFC64, 0x193C, 0xF933,
0xF933, 0x3A4C, 0x3B64, 0xBB64, 0x7B4C, 0x7B4C, 0x9C2C, 0xBB03, 0x3E04, 0x1D04,
0x1D04, 0x7F1C, 0x5F45, 0x7E3D, 0xDD2C, 0x3D24, 0x3D24, 0x1C0C, 0x3C04, 0x3B04,
0x3D04, 0x3D04, 0x3F0C, 0xBD13, 0x1E1C, 0xFD1B, 0xFD1B, 0x3C34, 0x3E65, 0x1D65,
0x5B3C, 0x5B3C, 0x3C2C, 0x5B34, 0x7B34, 0x5B34, 0x3C2C, 0x3C2C, 0x1B0C, 0x3D04,
0x5E04, 0xFE03, 0xFE03, 0xDD03, 0xFD1B, 0x9B13, 0x7904, 0x7904, 0x9B04, 0x1C0C,
0xBC0B, 0xBD13, 0xBD13, 0xBB0B, 0x1A04, 0x1D15, 0x3D0C, 0x3D0C, 0xFC03, 0x5D04,
0x3D04, 0xFD03, 0xFD0B, 0xFD0B, 0x9A0B, 0xFA13, 0x7C0C, 0x3C04, 0x3C04, 0x1C04,
0x3D04, 0x3D04, 0xDB03, 0xDB03, 0xDB03, 0x1B14, 0x9D0C, 0x5B04, 0x5B04, 0x9B04,
0x5914, 0x1934, 0xF933, 0x9D1C, 0x9D1C, 0x7D04, 0x5B04, 0x1C04, 0x3E14, 0x3E14,
0x3D0C, 0xFA03, 0x5A04, 0x9C04, 0x9C04, 0x1C04, 0xD90C, 0xBA1C, 0x7B24, 0x7B24,
0x7C14, 0x9C04, 0x9C04, 0x5D04, 0x1D14, 0x1D14, 0x9D04, 0xBF04, 0x5F04, 0xDB03,
0xDB03, 0xFA03, 0x7E04, 0x1E04, 0x7903, 0x7903, 0x9B0B, 0x9B03, 0x1C04, 0x7E04,
0x7E04, 0x5D04, 0xDC03, 0xBC03, 0xDD13, 0x9A24, 0x9A24, 0x9A24, 0x9B1C, 0x5B0C,
0x1C04, 0x1C04, 0x1E04, 0x3F04, 0x3F04, 0xDC03, 0xDC03, 0x1E04, 0xFF03, 0x3F14,
0x5F1C, 0x5F1C, 0xDB0B, 0xF903, 0xDC04, 0x5D0C, 0xBB03, 0xBB03, 0x9C13, 0x9C13,
0x3D1C, 0xBE1C, 0xBE1C, 0x5B14, 0x3B1C, 0x3D24, 0xBB1B, 0xBB1B, 0xBB1B, 0x5C2C,
0x9B24, 0x3904, 0x3904, 0x1C04, 0x9F04, 0xDA03, 0x1C04, 0x9D04, 0x9D04, 0x7B04,
0xFA13, 0xFA13, 0x1C04, 0x1C04, 0xDD0B, 0x3F14, 0x1E0C, 0xBC03, 0xBC03, 0x9B03,
0xDC03, 0xFD03, 0x5F04, 0x5F04, 0xBF04, 0xB70B, 0x1D0C, 0x9E0B, 0x5E5C, 0x5E5C,
0xF57B, 0xF363, 0x591C, 0x5F04, 0x5F04, 0xFF0B, 0x1F0C, 0xFD03, 0xDC03, 0xDC03,
0x1C0C, 0x3D14, 0x1C14, 0xFB0B, 0xFB0B, 0x5E0C, 0xB904, 0xD804, 0x7B04, 0xFC13,
0xFC13, 0xF923, 0x1A14, 0x1E04, 0x1C04, 0x1C04, 0x1C04, 0x7D04, 0x5B04, 0x7B04,
0x7B04, 0xF903, 0x3B04, 0x5D04, 0x7A04, 0x7A04, 0x7A04, 0x7B04, 0x7C04, 0x5C04,
0x3C04, 0x3C04, 0x3C04, 0x3C04, 0xBB0B, 0xBC03, 0xBC03, 0xDB03, 0x391C, 0x3B1C,
0x1E04, 0x1E04, 0x1D04, 0x5A0C, 0x5C0C, 0x1C04, 0x1C04, 0x3D04, 0x1E04, 0xFE03,
0x7B03, 0x5F14, 0x5F14, 0xFD0B, 0x5D04, 0x7D04, 0x7D04, 0x7D04, 0x7B04, 0x5904,
0x7A0C, 0x9C0C, 0x9C0C, 0x9E0C, 0x5804, 0x5D04, 0xDE03, 0xDE03, 0xDC13, 0xBB0B,
0x3E04, 0x1D04, 0xFB03, 0xFB03, 0x1C04, 0x7903, 0xFC13, 0xDD0B, 0xDD0B, 0xDE0B,
0xFE03, 0x7F1C, 0xBA0B, 0xBA0B, 0x3E1C, 0x5C4C, 0x5A74, 0x3954, 0x3954, 0x190C,
0x3C04, 0x7E04, 0x9F1C, 0xFB03, 0xFB03, 0x1B04, 0x3C0C, 0x3C0C, 0x3C0C, 0x3C0C,
0x5C0C, 0x5C04, 0x3C04, 0x9A0C, 0x9A0C, 0x3A24, 0xB92B, 0x1B2C, 0x1A04, 0x1A04,
0x9C04, 0x5C04, 0x3E04, 0xFF04, 0xFC03, 0xFC03, 0x9B03, 0xDB03, 0x1C04, 0x9D04,
0x9D04, 0x9C14, 0xF923, 0x3B1C, 0x3C14, 0x3C14, 0x7D0C, 0x7E04, 0xFF14, 0x3B04,
0x3B04, 0xD90B, 0x191C, 0x7A04, 0x1A04, 0xBB03, 0xBB03, 0xBB0B, 0x1C0C, 0x1C0C,
0x1D0C, 0x1D0C, 0x1E0C, 0xFF03, 0x3F04, 0xDC03, 0xDC03, 0xDA03, 0x7B14, 0x7A14,
0x1904, 0x1904, 0x1B04, 0x3D0C, 0x3D0C, 0x1D0C, 0xBE2C, 0xBE2C, 0x3C0C, 0x5C04,
0x5C0C, 0x5B24, 0x5B24, 0x1D5D, 0xDE8D, 0xFD9D, 0x990C, 0x990C, 0xBA2C, 0x9A4C,
0x9C64, 0xBD64, 0xBD64, 0x3C2C, 0xFC03, 0x7E04, 0xFD03, 0xFD03, 0xDB03, 0x7C0C,
0x7D14, 0x3D0C, 0xFC13, 0xFC13, 0xF923, 0xBA44, 0x3864, 0x3D75, 0x3D75, 0x9C44,
0x9903, 0x3C04, 0xBE04, 0xBE04, 0x9D04, 0x9D04, 0xBC13, 0xBC03, 0xBC03, 0x9E0C,
0x7D2C, 0x5C5C, 0x396C, 0xBA64, 0xBA64, 0x9944, 0x9F1C, 0x9E04, 0x5C04, 0x5C04,
0x5B0C, 0x1D5D, 0x5F96, 0xBC6D, 0xBC6D, 0xD40B, 0x7A3B, 0xBC6B, 0x1D8C, 0x1D8C,
0x7C74, 0x7A34, 0x5B0C, 0x3D04, 0x1F0C, 0x1F0C, 0x3E14, 0x1C75, 0xDDAD, 0x1E75,
0x1E75, 0xFB33, 0x7733, 0x396C, 0x1D8D, 0x1D8D, 0x1E55, 0x9D2C, 0x3D04, 0x1C04,
0x1C04, 0x1B04, 0x7A2C, 0x3B7D, 0x3CBE, 0x3B45, 0x3B45, 0x1924, 0x9A23, 0x7E54,
0xFF7C, 0xFF7C, 0x5C64, 0xDB23, 0xFD03, 0x9C04, 0x9C04, 0x7C04, 0x7C2C, 0x5E6D,
0xFF9D, 0xFF9D, 0x3C75, 0x3A34, 0x5B1C, 0x586C, 0x5964, 0x5964, 0xBC54, 0x5C24,
0x1D04, 0x3E04, 0x3E04, 0xFE03, 0x1F14, 0x1C04, 0x5D04, 0x5D04, 0x7E04, 0x9E14,
0x7E44, 0x5C6C, 0x5C6C, 0x3B6C, 0xD95B, 0xFB33, 0x5A03, 0xFF0B, 0xFF0B, 0xDF03,
0x1E04, 0xBB03, 0x7D0C, 0x7D0C, 0x3A04, 0x3A0C, 0x582C, 0x386D, 0x386D, 0x3AA6,
0x5BA6, 0x7B6D, 0x5A2C, 0x5A2C, 0xDA03, 0xDE0C, 0x7D5D, 0xD974, 0x1C65, 0x1C65,
0x3E0C, 0xFE03, 0x3B4C, 0x559C, 0x559C, 0x9B6C, 0x9C54, 0xFD1B, 0xDE03, 0xDE03,
0x1F04, 0x9B03, 0x1B24, 0xBF6D, 0xBF6D, 0x5D8D, 0xBD5C, 0x382C, 0x3534, 0x975C,
0x975C, 0x9D6C, 0x7C3C, 0x570C, 0xDE04, 0xDE04, 0x7D04, 0x1C0C, 0x1B2C, 0x9F75,
0x9F75, 0x5F86, 0x9B5D, 0xD40B, 0xD84B, 0xD84B, 0x3B6C, 0xBE84, 0xBE64, 0x5C24,
0x1B04, 0x1B04, 0x1C04, 0x3E0C, 0x7C0C, 0xDF85, 0xDF85, 0xDFAD, 0x3B54, 0x981B,
0x594C, 0x594C, 0x9A74, 0xFB6B, 0xFC4C, 0xF91B, 0xF91B, 0xBB03, 0xDD03, 0x5D0C,
0x5B2C, 0x7C7D, 0x7C7D, 0xBAA5, 0xBC3C, 0xF92B, 0xDA33, 0xDA33, 0x9C5C, 0xDD6C,
0x3B44, 0xDB13, 0xDB13, 0x1D04, 0xFE04, 0x5D04, 0x5D24, 0x5D24, 0xBE8D, 0xDC8D,
0x1A55, 0xF723, 0xF833, 0xF833, 0xF784, 0xDFAE, 0xBF86, 0xD91C, 0xD91C, 0xDB04,
0xF903, 0x7C24, 0x3F7E, 0x3F7E, 0x9FA5, 0xFD44, 0x5904, 0xF80B, 0xF80B, 0xF75B,
0x378C, 0x986C, 0xD834, 0x3D04, 0x3D04, 0x5D04, 0x1C04, 0xBB03, 0xFC03, 0xFC03,
0x5E04, 0x3D04, 0x9A03, 0x381C, 0x381C, 0xD93B, 0x1C6C, 0x7D64, 0xDE34, 0xDE34,
0x1B04, 0x1C04, 0xFE1B, 0x9803, 0xBB3C, 0xBB3C, 0x1F9E, 0x1DA6, 0xB754, 0xF42B,
0xF42B, 0x573C, 0x995C, 0x5E64, 0x5E44, 0x5E44, 0xDB03, 0xDA03, 0xFA03, 0x3B14,
0x3B14, 0xBE54, 0x1F9E, 0x3D85, 0x9B5C, 0xF93B, 0xF93B, 0xF83B, 0x5954, 0x9A54,
0x592C, 0x592C, 0xD703, 0x9A04, 0xBC04, 0xDD14, 0xDD14, 0x5E4D, 0xFF7D, 0x9E75,
0x7A44, 0x7A44, 0xB713, 0xB853, 0x1A5C, 0x9C6C, 0xBE2C, 0xBE2C, 0x3C0C, 0x5C04,
0x5C0C, 0x5B24, 0x5B24, 0x1D5D, 0xDE8D, 0xFD9D, 0x990C, 0x990C, 0xBA2C, 0x9A4C,
0x9C64, 0xBD64, 0xBD64, 0x3C2C, 0xFC03, 0x7E04, 0xFD03, 0xFD03, 0xDB03, 0x7C0C,
0x7D14, 0x3D0C, 0xFC13, 0xFC13, 0xF923, 0xBA44, 0x3864, 0x3D75, 0x3D75, 0x9C44,
0x9903, 0x3C04, 0xBE04, 0xBE04, 0x9D04, 0x9D04, 0xBC13, 0xBC03, 0xBC03, 0x9E0C,
0x7D2C, 0x5C5C, 0x396C, 0xBA64, 0xBA64, 0x9944, 0x9F1C, 0x9E04, 0x5C04, 0x5C04,
0x5B0C, 0x1D5D, 0x5F96, 0xBC6D, 0xBC6D, 0xD40B, 0x7A3B, 0xBC6B, 0x1D8C, 0x1D8C,
0x7C74, 0x7A34, 0x5B0C, 0x3D04, 0x1F0C, 0x1F0C, 0x3E14, 0x1C75, 0xDDAD, 0x1E75,
0x1E75, 0xFB33, 0x7733, 0x396C, 0x1D8D, 0x1D8D, 0x1E55, 0x9D2C, 0x3D04, 0x1C04,
0x1C04, 0x1B04, 0x7A2C, 0x3B7D, 0x3CBE, 0x3B45, 0x3B45, 0x1924, 0x9A23, 0x7E54,
0xFF7C, 0xFF7C, 0x5C64, 0xDB23, 0xFD03, 0x9C04, 0x9C04, 0x7C04, 0x7C2C, 0x5E6D,
0xFF9D, 0xFF9D, 0x3C75, 0x3A34, 0x5B1C, 0x586C, 0x5964, 0x5964, 0xBC54, 0x5C24,
0x1D04, 0x3E04, 0x3E04, 0xFE03, 0x1F14, 0x1C04, 0x5D04, 0x5D04, 0x7E04, 0x9E14,
0x7E44, 0x5C6C, 0x5C6C, 0x3B6C, 0xD95B, 0xFB33, 0x5A03, 0xFF0B, 0xFF0B, 0xDF03,
0x1E04, 0xBB03, 0x7D0C, 0x7D0C, 0x3A04, 0x3A0C, 0x582C, 0x386D, 0x386D, 0x3AA6,
0x5BA6, 0x7B6D, 0x5A2C, 0x5A2C, 0xDA03, 0xDE0C, 0x7D5D, 0xD974, 0x1C65, 0x1C65,
0x3E0C, 0xFE03, 0x3B4C, 0x559C, 0x559C, 0x9B6C, 0x9C54, 0xFD1B, 0xDE03, 0xDE03,
0x1F04, 0x9B03, 0x1B24, 0xBF6D, 0xBF6D, 0x5D8D, 0xBD5C, 0x382C, 0x3534, 0x975C,
0x975C, 0x9D6C, 0x7C3C, 0x570C, 0xDE04, 0xDE04, 0x7D04, 0x1C0C, 0x1B2C, 0x9F75,
0x9F75, 0x5F86, 0x9B5D, 0xD40B, 0xD84B, 0xD84B, 0x3B6C, 0xBE84, 0xBE64, 0x5C24,
0x1B04, 0x1B04, 0x1C04, 0x3E0C, 0x7C0C, 0xDF85, 0xDF85, 0xDFAD, 0x3B54, 0x981B,
0x594C, 0x594C, 0x9A74, 0xFB6B, 0xFC4C, 0xF91B, 0xF91B, 0xBB03, 0xDD03, 0x5D0C,
0x5B2C, 0x7C7D, 0x7C7D, 0xBAA5, 0xBC3C, 0xF92B, 0xDA33, 0xDA33, 0x9C5C, 0xDD6C,
0x3B44, 0xDB13, 0xDB13, 0x1D04, 0xFE04, 0x5D04, 0x5D24, 0x5D24, 0xBE8D, 0xDC8D,
0x1A55, 0xF723, 0xF833, 0xF833, 0xF784, 0xDFAE, 0xBF86, 0xD91C, 0xD91C, 0xDB04,
0xF903, 0x7C24, 0x3F7E, 0x3F7E, 0x9FA5, 0xFD44, 0x5904, 0xF80B, 0xF80B, 0xF75B,
0x378C, 0x986C, 0xD834, 0x3D04, 0x3D04, 0x5D04, 0x1C04, 0xBB03, 0xFC03, 0xFC03,
0x5E04, 0x3D04, 0x9A03, 0x381C, 0x381C, 0xD93B, 0x1C6C, 0x7D64, 0xDE34, 0xDE34,
0x1B04, 0x1C04, 0xFE1B, 0x9803, 0xBB3C, 0xBB3C, 0x1F9E, 0x1DA6, 0xB754, 0xF42B,
0xF42B, 0x573C, 0x995C, 0x5E64, 0x5E44, 0x5E44, 0xDB03, 0xDA03, 0xFA03, 0x3B14,
0x3B14, 0xBE54, 0x1F9E, 0x3D85, 0x9B5C, 0xF93B, 0xF93B, 0xF83B, 0x5954, 0x9A54,
0x592C, 0x592C, 0xD703, 0x9A04, 0xBC04, 0xDD14, 0xDD14, 0x5E4D, 0xFF7D, 0x9E75,
0x7A44, 0x7A44, 0xB713, 0xB853, 0x1A5C, 0x9C6C, 0xDF4C, 0xDF4C, 0x7D1C, 0x7C04,
0x3A04, 0xF903, 0xF903, 0x1A1C, 0x1A3C, 0x1A4C, 0xDD2B, 0xDD2B, 0xBC3B, 0xDA53,
0xDC74, 0xFF85, 0xFF85, 0x7E5D, 0x5C34, 0x1D24, 0x7C34, 0x7C34, 0x9B3C, 0x5C55,
0x1D45, 0x7D24, 0xFD0B, 0xFD0B, 0x1C14, 0x1E35, 0xDD74, 0xDF8D, 0xDF8D, 0xFE5C,
0xDA2B, 0x7D34, 0xBD44, 0xBD44, 0x5B44, 0x9C54, 0x1C45, 0x7B1C, 0x7B1C, 0x9D0C,
0x7D14, 0x9E3C, 0xDE64, 0x5F7D, 0x5F7D, 0x1D75, 0xDB03, 0xDD03, 0xDD03, 0xDD03,
0xBB03, 0xFA0B, 0x7B34, 0x3C54, 0x3C54, 0x7B53, 0xBC04, 0x9D2C, 0xFE74, 0xFE74,
0x5F85, 0xFD5C, 0xFA23, 0xBC03, 0x1F04, 0x1F04, 0xDA0B, 0x1D14, 0x7D3C, 0xF943,
0xF943, 0x3B34, 0x5E1C, 0xBF34, 0x7B64, 0x7B64, 0x5B75, 0xDA4C, 0x5A24, 0x3B04,
0x3B04, 0x5D04, 0x5E04, 0x5E0C, 0x7E1C, 0xF95C, 0xF95C, 0xF823, 0x990B, 0x9C3C,
0xBC7D, 0xBC7D, 0xBB7D, 0x1A3D, 0x9B04, 0x1A04, 0x1A04, 0x1B04, 0xFA03, 0x1904,
0xBB2C, 0xBB2C, 0x7B3C, 0xBA33, 0x9B2B, 0x7A64, 0x1D75, 0x1D75, 0xBF6D, 0xDD34,
0x5A14, 0x9B34, 0x9B34, 0x7B54, 0x7B6C, 0x5A5D, 0x3B2D, 0x3B2D, 0xBB04, 0xFA03,
0x1A1C, 0xFD64, 0xFD64, 0xBE7D, 0xFE75, 0x7C34, 0x1A0C, 0xDF4C, 0xDF4C, 0x7E5C,
0x1E55, 0xDD54, 0x5F65, 0x5F65, 0x7B0C, 0x1C0C, 0xBB03, 0x3D2C, 0x3D2C, 0xFF54,
0xBF64, 0xFF5B, 0xBF5B, 0xBF5B, 0xBF5B, 0x5C13, 0x3D3C, 0x3934, 0x5814, 0x5814,
0x1904, 0x1B04, 0x1D24, 0x7F5C, 0x7F5C, 0xD87C, 0xBD7D, 0xFC44, 0xDA03, 0xDA03,
0xFC03, 0x3E04, 0x3E04, 0xDF0C, 0xDF0C, 0x3E54, 0x393C, 0x182C, 0x7D44, 0x1F6D,
0x1F6D, 0x7F7D, 0x3E5D, 0x9E34, 0xBB03, 0xBB03, 0xDC03, 0x1D04, 0xBA03, 0x1A24,
0x1A24, 0x1A3C, 0x1C54, 0x9B4B, 0x9824, 0x9824, 0xBB54, 0x1E75, 0x3F6D, 0xDE34,
0x5C04, 0x5C04, 0xBC03, 0x5D13, 0x1804, 0x7B04, 0x7B04, 0xBC24, 0x9A3C, 0x3924,
0x3B0C, 0x3B0C, 0xDE3C, 0xBF8D, 0xFF6D, 0x9C2C, 0x9C2C, 0x3C0C, 0x3D04, 0x5D0C,
0xFA0B, 0x5A2C, 0x5A2C, 0x393C, 0x7A3C, 0xD933, 0xBA43, 0xBA43, 0x9D74, 0x7F95,
0x3F7D, 0x5D34, 0x5D34, 0x7A03, 0x5D04, 0xFA03, 0xD903, 0xD903, 0x9D24, 0x7B34,
0x3844, 0xD723, 0x3B04, 0x3B04, 0xDB2B, 0xFF64, 0x7F6C, 0x7D53, 0x7D53, 0x3F5C,
0x3E3C, 0xDA1B, 0x1814, 0x1814, 0xFB33, 0xF90B, 0x3904, 0x7D04, 0x7D04, 0x5F3C,
0x9F6C, 0x1F85, 0xDF95, 0x5E04, 0x5E04, 0xBE1C, 0x9C34, 0x9944, 0xDA54, 0xDA54,
0x5E55, 0xDE34, 0xDC0B, 0x3B04, 0x3B04, 0xFA23, 0xDD74, 0xFD74, 0x9E5D, 0x9E5D,
0x3A0C, 0x3D04, 0x3F04, 0xBF04, 0x5D0C, 0x5D0C, 0x5D2C, 0x3C34, 0xBA23, 0xDC2B,
0xDC2B, 0x5E54, 0x7F64, 0x7E7D, 0x9F6D, 0x9F6D, 0x9B2C, 0x9C0C, 0x1B04, 0xDB03,
0xDB03, 0x9B03, 0x1D1C, 0xDA4B, 0xFA2B, 0x3A1C, 0x3A1C, 0x7B34, 0xFD5C, 0x5F75,
0x3F55, 0x3F55, 0xDD1C, 0x5C04, 0x1C04, 0x9B03, 0x9B03, 0x7A0B, 0xDA2B, 0x1A3C,
0x3B34, 0x3B34, 0x5D2C, 0x795C, 0xBB64, 0x3D75, 0x5B04, 0x5B04, 0x3B04, 0x3D04,
0xFE03, 0x1F04, 0x1F04, 0x7F04, 0x5F04, 0xBF04, 0x1F04, 0x1F04, 0xFE03, 0xBB03,
0x3A04, 0x7A04, 0x7A04, 0x1804, 0xF80B, 0xDD3C, 0xB74C, 0xB74C, 0xF66C, 0x58A5,
0xFA9C, 0x7C6C, 0x3D34, 0x3D34, 0xFB03, 0x7A04, 0xDB03, 0x1C04, 0x1C04, 0xDB03,
0xDB0B, 0x7D3C, 0x7C5C, 0x7C5C, 0x9A7C, 0x3CA5, 0x5D8D, 0x5B5C, 0x5B5C, 0xFB33,
0xBA03, 0x1B04, 0x7C04, 0xDF04, 0xDF04, 0x5E04, 0x5C04, 0x3D04, 0x3F04, 0x3F04,
0x3F0C, 0xDF1B, 0x7D0B, 0xBE03, 0xBE03, 0x3F04, 0x3C04, 0xFB0B, 0x3B04, 0x3B04,
0xBB04, 0x9A04, 0x1A04, 0x3C04, 0x1F05, 0x1F05, 0x9C04, 0xFA03, 0x1B04, 0x1C04,
0x1C04, 0xBC04, 0x390C, 0x5B0C, 0x5E04, 0x5E04, 0xBF04, 0x9F04, 0x3D04, 0xFC03,
0xFC03, 0x1D04, 0x3E04, 0x3F04, 0x1F04, 0x5C23, 0x5C23, 0xFE1B, 0x5F04, 0x3D04,
0xFA03, 0xFA03, 0xFA03, 0x1D0C, 0x1F0C, 0x3C04, 0x3C04, 0x9F0C, 0x3F04, 0xBE03,
0xDE03, 0xDE03, 0x1D04, 0x3D04, 0x7D04, 0xFC03, 0x3D0C, 0x3D0C, 0x7E1C, 0xFC0B,
0x3A1C, 0xDB44, 0xDB44, 0xD96C, 0xD884, 0x1AAD, 0xBA7C, 0xBA7C, 0x5B4C, 0x3C2C,
0x1C24, 0xFB13, 0xFB13, 0x1B0C, 0x3C04, 0x5D04, 0x5B0C, 0x1C4D, 0x1C4D, 0xD96C,
0x188D, 0x1B8D, 0x1F7D, 0x1F7D, 0xFC3B, 0x3C14, 0xBB03, 0xFC03, 0xFC03, 0x5E04,
0x1D04, 0x1B04, 0x7C0C, 0x7C0C, 0xBB14, 0x9D8D, 0x5D8D, 0x9C6C, 0xBA33, 0xBA33,
0x3C14, 0x7C04, 0x1904, 0x170C, 0x170C, 0x5F04, 0x3D04, 0xFB03, 0x3A0C, 0x3A0C,
0x7B14, 0x5B0C, 0xFA03, 0xFB03, 0xFB03, 0x7D04, 0x3E04, 0xFE03, 0xFC03, 0x1D04,
0x1D04, 0xFF0B, 0xDE13, 0xBB13, 0x5C0C, 0x5C0C, 0x1C04, 0x3E04, 0x1E04, 0x1E04,
0x1E04, 0x7D03, 0xBF03, 0xDF03, 0x1A04, 0x1A04, 0xDA03, 0x990B, 0xDA0B, 0x5B04,
0xBD04, 0xBD04, 0xBD04, 0x9E04, 0x7F04, 0x1C04, 0x1C04, 0xDB03, 0x1E04, 0xFF03,
0xBD0B, 0xBD0B, 0xDC13, 0x3E0C, 0x3E14, 0x9A03, 0x9A03, 0xFB03, 0x3C04, 0x7E04,
0x1E04, 0x3F04, 0x3F04, 0xDF03, 0xF903, 0x9D04, 0xBE04, 0xBE04, 0x3B04, 0xF903,
0x7A0C, 0x9B04, 0x9B04, 0x3A04, 0x3B14, 0x7C24, 0x5E04, 0x5E04, 0x5F04, 0xFF03,
0x7F04, 0x5E04, 0x5F04, 0x5F04, 0x3C04, 0xFA03, 0x7A04, 0xBB04, 0xBB04, 0x3904,
0xFC44, 0x7E8D, 0xDBA4, 0xDBA4, 0x7A84, 0xFA4B, 0x9B0B, 0xBC03, 0xBC03, 0xDC03,
0xDB03, 0xDB03, 0xFC03, 0xBD03, 0xBD03, 0x3C24, 0x9A54, 0xF87C, 0x388D, 0x388D,
0x5B7D, 0xDD54, 0x1C2C, 0x9B0C, 0x9B0C, 0x1A0C, 0x3C1C, 0xFC0B, 0x7D04, 0x7D04,
0xDA03, 0x3B04, 0x5C14, 0x5B23, 0x5B13, 0x5B13, 0xDC0B, 0x3F0C, 0xFF03, 0x1F04,
0x1F04, 0x5D0C, 0xF903, 0x9D04, 0xDF04, 0xDF04, 0xDC03, 0xDC03, 0x3C04, 0x5B04,
0x5B04, 0x7A04, 0x5804, 0xDB03, 0x5E04, 0xBF04, 0xBF04, 0x7E04, 0x5D0C, 0x1D1C,
0xBD0B, 0xBD0B, 0x5C03, 0x9D13, 0xFF0B, 0x5F04, 0x5F04, 0x5F04, 0x3D04, 0x1C04,
0x1D04, 0x1D04, 0x3F04, 0x3B04, 0x5C04, 0x5C04, 0x3D0C, 0x3D0C, 0x3D04, 0x3D04,
0xDB03, 0x1C04, 0x1C04, 0x5C14, 0xD903, 0x7B0C, 0xBB04, 0xBB04, 0x1B04, 0xBC03,
0x1F04, 0x9F04, 0x9F04, 0x1F04, 0x9D03, 0x1F14, 0x1F14, 0x1F14, 0x1D1C, 0x592C,
0xF813, 0x3C0C, 0x9F14, 0x9F14, 0x1E0C, 0x9B0B, 0x5B0C, 0x5C04, 0x5C04, 0x7D04,
0x5C04, 0x3B04, 0x5B04, 0x5B04, 0x7A1C, 0x381C, 0x3D24, 0xDC1B, 0xDC1B, 0x3E2C,
0x1C14, 0x1A04, 0xD903, 0xFD0B, 0xFD0B, 0x7E13, 0xFC03, 0x1D04, 0x3D04, 0x3D04,
0x5C04, 0x9B04, 0xBA04, 0x7A04, 0x7A04, 0x1904, 0x5C04, 0x3E0C, 0x3F04, 0x3F04,
0xFE03, 0xDE03, 0xBE23, 0xDD23, 0x1A04, 0x1A04, 0x5F04, 0xBB03, 0xDA13, 0xDA0B,
0xDA0B, 0x7F04, 0x1E04, 0x3E04, 0x3C14, 0x3C14, 0x9803, 0x3C04, 0x7E0C, 0x3F04,
0x3F04, 0x1E04, 0x1D0C, 0x1A0C, 0xD80B, 0x9F04, 0x9F04, 0x3D04, 0x1B04, 0x3C04,
0x3D04, 0x3D04, 0xFD03, 0xFD03, 0x1E0C, 0xDC13, 0xDC13, 0x5E14, 0x3C04, 0x3A04,
0x7B0C, 0x7B0C, 0x3B0C, 0xDC03, 0xDE03, 0xDD04, 0x3D04, 0x3D04, 0x3F04, 0x1F04,
0x3F04, 0x3E04, 0x3E04, 0xDB03, 0x1B04, 0xFA13, 0xFC1B, 0xFC1B, 0xFE1B, 0x1E1C,
0x3D0C, 0x3D04, 0x3D04, 0x1D04, 0xFE03, 0x5F0C, 0xBE0B, 0xDC03, 0xDC03, 0x7B04,
0x3A24, 0xF91B, 0x1B14, 0x1B14, 0x3F34, 0x1F04, 0x3D24, 0x1C65, 0x1C65, 0xBC95,
0x9B95, 0x5C7D, 0xDD4C, 0xDD4C, 0xDC1B, 0x9B2C, 0xBC3C, 0xFF4C, 0xBB13, 0xBB13,
0x3E04, 0x5F04, 0xFE03, 0x3F04, 0x3F04, 0x3E14, 0xDC03, 0x1E04, 0x5F04, 0x5F04,
0x1E04, 0x5E04, 0x9F0C, 0xFC03, 0xFC03, 0x5D14, 0x1C0C, 0xDC0B, 0xFD03, 0x5D04,
0x5D04, 0x9C04, 0x7A04, 0x1A04, 0xFA03, 0xFA03, 0x3C04, 0x7E04, 0xFB03, 0x5B04,
0x5B04, 0x9B0C, 0x9B0C, 0xF803, 0x5F04, 0x5F04, 0x5F04, 0x3E04, 0x1D04, 0xFC1B,
0xFC1B, 0xFC1B, 0xFC0B, 0x1C04, 0x5D04, 0xBB03, 0xBB03, 0x7A13, 0xFB13, 0x7D04,
0x7D04, 0x7D04, 0x3B04, 0x1A14, 0x3D14, 0xDC03, 0xDC03, 0x7E04, 0x3E04, 0x5D04,
0x3C04, 0x7C1C, 0x7C1C, 0x1A1C, 0x9A1B, 0xFD13, 0x5F04, 0x5F04, 0x5F04, 0x1E04,
0xFD03, 0xFE0B, 0xFE0B, 0x1F0C, 0x3C04, 0xDF03, 0xBE0B, 0xBE0B, 0x5C2C, 0x380C,
0x3904, 0xDB03, 0x1D2C, 0x1D2C, 0xDF8D, 0x5D8D, 0xFC84, 0xFE7C, 0xFE7C, 0xDC43,
0x5E3C, 0x7E34, 0x5E2C, 0x5E2C, 0x7F1C, 0x3D04, 0x5C04, 0x9D04, 0x9D04, 0x9E04,
0x3C0C, 0x3A04, 0x7904, 0xDE03, 0xDE03, 0xFE03, 0x3E14, 0x3D1C, 0x3D24, 0x3D24,
0x3C2C, 0x3C3C, 0x3C3C, 0xBF04, 0xBF04, 0x5E04, 0xFC03, 0xDB0B, 0x1B14, 0x1B14,
0x3D0C, 0x5E04, 0x5E04, 0x3E04, 0x3B04, 0x3B04, 0x9A04, 0x9B04, 0x1B04, 0x1D0C,
0x1D0C, 0x7E04, 0x5D04, 0x590B, 0x3D1C, 0x3D1C, 0x3D0C, 0xFD03, 0x9F04, 0x1E04,
0x1E04, 0x3E04, 0xBC03, 0xFC0B, 0x3D14, 0x3D0C, 0x3D0C, 0x1B04, 0x5A04, 0xBB04,
0x7D04, 0x7D04, 0xFD03, 0xBB04, 0x9C04, 0x5C04, 0x5C04, 0x1B04, 0xDA0B, 0xFA0B,
0x3B04, 0x3B04, 0x5C04, 0xFD03, 0x1E04, 0x5E04, 0x7964, 0x7964, 0x5864, 0x3764,
0x375C, 0x184C, 0x184C, 0x1934, 0x1C1C, 0x1D14, 0x7F04, 0x7F04, 0x9D04, 0x1A0C,
0x1C44, 0xFD53, 0xFD53, 0x9D54, 0x3954, 0xD673, 0xB65C, 0xB65C, 0x5644, 0x5A34,
0x1C24, 0xDD03, 0x1E04, 0x1E04, 0x7F0C, 0x3D04, 0xFB4B, 0x3F64, 0x3F64, 0x9B63,
0x1674, 0x546C, 0x9854, 0x9854, 0x3B1C, 0x9D04, 0x3C14, 0xDB03, 0xDB03, 0x3C04,
0xFB03, 0x1B14, 0x5D34, 0xFB3B, 0xFB3B, 0x1C4C, 0x355C, 0xF774, 0xD864, 0xD864,
0x7934, 0x9D0C, 0x7E04, 0x3C04, 0x3C04, 0x5C0C, 0x3D04, 0x7E0C, 0x9F3C, 0x9F3C,
0x5D54, 0xFA63, 0xD663, 0x1564, 0x7464, 0x7464, 0x9A1C, 0x7A14, 0xFA03, 0x1B04,
0x1B04, 0x7E04, 0x1D04, 0xDD13, 0x7F3C, 0x7F3C, 0x1A54, 0x185C, 0x1764, 0x376C,
0x376C, 0x5864, 0x5944, 0x1B24, 0xFC0B, 0x7D04, 0x7D04, 0x5D04, 0xBB03, 0xBB1B,
0x7E4C, 0x7E4C, 0x7E64, 0xFB63, 0xDB63, 0x777C, 0x777C, 0x5764, 0x7944, 0xDD2C,
0x3C04, 0x3C04, 0x7E04, 0x7F04, 0x5F04, 0x3E14, 0xFB3B, 0xFB3B, 0x1B5C, 0x1B4C,
0x174C, 0xB674, 0xB674, 0xD864, 0xFA23, 0x7A24, 0x5D04, 0x5D04, 0x1A0C, 0xFA0B,
0x1F04, 0x9F1C, 0x9F1C, 0x9C5C, 0x5D4C, 0xFD6B, 0xB963, 0x586C, 0x586C, 0x1754,
0xF82B, 0x9D24, 0x5D04, 0x5D04, 0xFB03, 0xBA1B, 0x5934, 0xBA4C, 0xBA4C, 0x5C5C,
0xDB63, 0xD75B, 0x5654, 0x5654, 0xB854, 0x5F04, 0x1B04, 0x5924, 0x3F96, 0x3F96,
0x1C7D, 0xBB44, 0xBB0B, 0xFF13, 0xFF13, 0xFB53, 0x7C64, 0xF85B, 0xD653, 0xD653,
0x9964, 0x784C, 0x182C, 0x7B2C, 0x7B2C, 0xBE04, 0x7D04, 0x1C04, 0xDC13, 0xDC2B,
0xDC2B, 0xFD4B, 0x1D5C, 0x1C6C, 0x175C, 0x175C, 0x1975, 0xD75C, 0x572C, 0xBC0C,
0xBC0C, 0x7E04, 0xFD03, 0x5E0C, 0x3C04, 0x3C04, 0x5C14, 0x7D34, 0x5C54, 0x3A64,
0x1864, 0x1864, 0x3664, 0x5564, 0x781C, 0x3B1C, 0x3B1C, 0xFE13, 0x1E14, 0x3D14,
0x3C24, 0x3C24, 0xFD3B, 0xFF53, 0x7B64, 0x796C, 0x796C, 0xF65B, 0x165C, 0x1754,
0x1934, 0x7C1C, 0x7C1C, 0x7D04, 0x9D04, 0x5D04, 0x1D04, 0x1D04, 0x1E24, 0x5D44,
0x7B5C, 0x586C, 0x586C, 0x356C, 0x9554, 0x784C, 0x5A2C, 0x5A2C, 0xBE14, 0x5D04,
0x5B04, 0x391C, 0x7944, 0x7944, 0x3A64, 0x1A6C, 0xF873, 0xF66B, 0xF66B, 0x3554,
0x3734, 0x3C0C, 0x1F04, 0x1F04, 0x195C, 0x1B95, 0x3D8D, 0x1F2C, 0x1F2C, 0xBF03,
0x7F2C, 0x9C64, 0xDA6B, 0xF95B, 0xF95B, 0xD763, 0x997C, 0x5A54, 0x1B1C, 0x1B1C,
0x9F14, 0x7D04, 0x5B04, 0xFC03, 0xFC03, 0x3C04, 0x7D1C, 0x9E54, 0x9C64, 0x9C64,
0x7854, 0x755C, 0x746C, 0x182C, 0x5A24, 0x5A24, 0x9C14, 0x1C04, 0x3D04, 0x1D04,
0x1D04, 0xDB03, 0x7D2C, 0xFD5B, 0xDA53, 0xDA53, 0x165C, 0x7564, 0x965C, 0x7744,
0x7744, 0x3A2C, 0x3D24, 0x5D04, 0x1C04, 0xDC03, 0xDC03, 0xDC1B, 0x3E44, 0x5E5C,
0x3D6C, 0x3D6C, 0xFC6B, 0x7574, 0xD76C, 0xB94C, 0xB94C, 0x9A24, 0x9C0C, 0x3C04,
0xFC03, 0xFC03, 0x5E04, 0x5D44, 0x3D4C, 0x1D54, 0x7964, 0x7964, 0x5864, 0x3764,
0x375C, 0x184C, 0x184C, 0x1934, 0x1C1C, 0x1D14, 0x7F04, 0x7F04, 0x9D04, 0x1A0C,
0x1C44, 0xFD53, 0xFD53, 0x9D54, 0x3954, 0xD673, 0xB65C, 0xB65C, 0x5644, 0x5A34,
0x1C24, 0xDD03, 0x1E04, 0x1E04, 0x7F0C, 0x3D04, 0xFB4B, 0x3F64, 0x3F64, 0x9B63,
0x1674, 0x546C, 0x9854, 0x9854, 0x3B1C, 0x9D04, 0x3C14, 0xDB03, 0xDB03, 0x3C04,
0xFB03, 0x1B14, 0x5D34, 0xFB3B, 0xFB3B, 0x1C4C, 0x355C, 0xF774, 0xD864, 0xD864,
0x7934, 0x9D0C, 0x7E04, 0x3C04, 0x3C04, 0x5C0C, 0x3D04, 0x7E0C, 0x9F3C, 0x9F3C,
0x5D54, 0xFA63, 0xD663, 0x1564, 0x7464, 0x7464, 0x9A1C, 0x7A14, 0xFA03, 0x1B04,
0x1B04, 0x7E04, 0x1D04, 0xDD13, 0x7F3C, 0x7F3C, 0x1A54, 0x185C, 0x1764, 0x376C,
0x376C, 0x5864, 0x5944, 0x1B24, 0xFC0B, 0x7D04, 0x7D04, 0x5D04, 0xBB03, 0xBB1B,
0x7E4C, 0x7E4C, 0x7E64, 0xFB63, 0xDB63, 0x777C, 0x777C, 0x5764, 0x7944, 0xDD2C,
0x3C04, 0x3C04, 0x7E04, 0x7F04, 0x5F04, 0x3E14, 0xFB3B, 0xFB3B, 0x1B5C, 0x1B4C,
0x174C, 0xB674, 0xB674, 0xD864, 0xFA23, 0x7A24, 0x5D04, 0x5D04, 0x1A0C, 0xFA0B,
0x1F04, 0x9F1C, 0x9F1C, 0x9C5C, 0x5D4C, 0xFD6B, 0xB963, 0x586C, 0x586C, 0x1754,
0xF82B, 0x9D24, 0x5D04, 0x5D04, 0xFB03, 0xBA1B, 0x5934, 0xBA4C, 0xBA4C, 0x5C5C,
0xDB63, 0xD75B, 0x5654, 0x5654, 0xB854, 0x5F04, 0x1B04, 0x5924, 0x3F96, 0x3F96,
0x1C7D, 0xBB44, 0xBB0B, 0xFF13, 0xFF13, 0xFB53, 0x7C64, 0xF85B, 0xD653, 0xD653,
0x9964, 0x784C, 0x182C, 0x7B2C, 0x7B2C, 0xBE04, 0x7D04, 0x1C04, 0xDC13, 0xDC2B,
0xDC2B, 0xFD4B, 0x1D5C, 0x1C6C, 0x175C, 0x175C, 0x1975, 0xD75C, 0x572C, 0xBC0C,
0xBC0C, 0x7E04, 0xFD03, 0x5E0C, 0x3C04, 0x3C04, 0x5C14, 0x7D34, 0x5C54, 0x3A64,
0x1864, 0x1864, 0x3664, 0x5564, 0x781C, 0x3B1C, 0x3B1C, 0xFE13, 0x1E14, 0x3D14,
0x3C24, 0x3C24, 0xFD3B, 0xFF53, 0x7B64, 0x796C, 0x796C, 0xF65B, 0x165C, 0x1754,
0x1934, 0x7C1C, 0x7C1C, 0x7D04, 0x9D04, 0x5D04, 0x1D04, 0x1D04, 0x1E24, 0x5D44,
0x7B5C, 0x586C, 0x586C, 0x356C, 0x9554, 0x784C, 0x5A2C, 0x5A2C, 0xBE14, 0x5D04,
0x5B04, 0x391C, 0x7944, 0x7944, 0x3A64, 0x1A6C, 0xF873, 0xF66B, 0xF66B, 0x3554,
0x3734, 0x3C0C, 0x1F04, 0x1F04, 0x195C, 0x1B95, 0x3D8D, 0x1F2C, 0x1F2C, 0xBF03,
0x7F2C, 0x9C64, 0xDA6B, 0xF95B, 0xF95B, 0xD763, 0x997C, 0x5A54, 0x1B1C, 0x1B1C,
0x9F14, 0x7D04, 0x5B04, 0xFC03, 0xFC03, 0x3C04, 0x7D1C, 0x9E54, 0x9C64, 0x9C64,
0x7854, 0x755C, 0x746C, 0x182C, 0x5A24, 0x5A24, 0x9C14, 0x1C04, 0x3D04, 0x1D04,
0x1D04, 0xDB03, 0x7D2C, 0xFD5B, 0xDA53, 0xDA53, 0x165C, 0x7564, 0x965C, 0x7744,
0x7744, 0x3A2C, 0x3D24, 0x5D04, 0x1C04, 0xDC03, 0xDC03, 0xDC1B, 0x3E44, 0x5E5C,
0x3D6C, 0x3D6C, 0xFC6B, 0x7574, 0xD76C, 0xB94C, 0xB94C, 0x9A24, 0x9C0C, 0x3C04,
0xFC03, 0xFC03, 0x5E04, 0x5D44, 0x3D4C, 0x1D54, 0x9903, 0x9903, 0x3B24, 0x5E4D,
0xFF6D, 0x1F76, 0x1F76, 0x5E55, 0x7C24, 0xBA0B, 0x3D0C, 0x3D0C, 0x1A04, 0xF903,
0x9A23, 0x9C2B, 0x9C2B, 0xDB13, 0x9A34, 0x1B5D, 0xDF9D, 0xDF9D, 0x9F7D, 0x3F4D,
0xDF1C, 0x5D04, 0x1D04, 0x1D04, 0x1C04, 0xDB03, 0x5914, 0x1A34, 0x1A34, 0x3E34,
0x1E0C, 0x9F55, 0x3B8D, 0x3B8D, 0x3AA5, 0xF97C, 0x7F1C, 0x1F0C, 0x1F0C, 0x3F04,
0xFD03, 0x1D04, 0x5D0C, 0x1B14, 0x1B14, 0x3B1C, 0x1924, 0xFB64, 0x5C95, 0x5C95,
0x1B95, 0xDD6C, 0x3C34, 0xFB0B, 0xFB0B, 0x3C04, 0xBC1B, 0xFC0B, 0x3C04, 0x3C04,
0x3A04, 0x3A04, 0x7B2C, 0x1D65, 0xBF95, 0xBF95, 0x1F8D, 0x7F74, 0x9C3B, 0xBC1B,
0xBC1B, 0x5E14, 0x5E04, 0x1C04, 0x5E14, 0x5E14, 0x5D04, 0x3B04, 0x7A24, 0xFB4C,
0xFB4C, 0x7E6D, 0x9F6D, 0x1F5D, 0x9E44, 0x5D04, 0x5D04, 0x9E04, 0x5D04, 0x1C04,
0x5C04, 0x5C04, 0x3A04, 0xF803, 0x3804, 0xBC7D, 0xBC7D, 0x7D7D, 0x5E75, 0xFE64,
0xBA2B, 0xBA2B, 0xBA1B, 0xFA0B, 0x3B04, 0x3E04, 0xFA33, 0xFA33, 0x9943, 0x7B23,
0x5E24, 0xBE65, 0xBE65, 0xFB8D, 0x5985, 0x1F45, 0x5F0C, 0x5F0C, 0xFB0B, 0xFB0B,
0x1F04, 0x1F0C, 0x1F0C, 0xFB3B, 0xBB33, 0x1804, 0x370C, 0x7C65, 0x7C65, 0x1F8E,
0xBF85, 0x3F55, 0x9D14, 0x9D14, 0xBC04, 0x3F04, 0x3F04, 0x5E04, 0x5E04, 0x5C0C,
0x5C24, 0x5C3C, 0x9C44, 0x9C44, 0xDB4C, 0x5F4C, 0xDA1B, 0x3A24, 0x5B3C, 0x5B3C,
0x5A2C, 0x1904, 0x7C04, 0x5D04, 0x5D04, 0xFD03, 0x3D04, 0x1B14, 0x9B3C, 0x9B3C,
0xBE6D, 0xDF7D, 0x3E6D, 0x3E6D, 0x3E6D, 0x5D04, 0x3D04, 0x3D04, 0x3C04, 0x5C04,
0x5C04, 0x5B04, 0x3A04, 0x1904, 0x193C, 0x193C, 0x3C75, 0x5C8D, 0xDC74, 0xBD54,
0xBD54, 0x3D24, 0xFB0B, 0x5B14, 0xFD13, 0xFD13, 0xFC0B, 0xDB03, 0xDA03, 0x1A14,
0x9B3C, 0x9B3C, 0x5D65, 0xDE7D, 0x1E65, 0x7E4C, 0x7E4C, 0xDE23, 0xDD03, 0x5D04,
0x9C04, 0x9C04, 0x7C04, 0x1C04, 0xDB03, 0x5B0C, 0x5B0C, 0xDC34, 0xDF65, 0x3F7E,
0x9F65, 0xDD44, 0xDD44, 0xBA13, 0xFC03, 0xFD0B, 0x1D14, 0x1D14, 0xFD13, 0xFC13,
0xFA1B, 0x191C, 0x191C, 0x381C, 0x9E8D, 0x5E8D, 0xBD74, 0xBD74, 0xBC54, 0x1924,
0x190C, 0xD90B, 0x1A1C, 0x1A1C, 0x7E04, 0x5F04, 0x3F1C, 0x5F44, 0x5F44, 0x9D54,
0xBC44, 0x5B24, 0xFC03, 0xFC03, 0x194C, 0x574C, 0x592C, 0x3B04, 0x3B04, 0x3B04,
0x1A0C, 0x1B34, 0xFF3B, 0x5704, 0x5704, 0x9B4D, 0xDA85, 0x5985, 0x7C7D, 0x7C7D,
0x9C3C, 0x7803, 0xDA03, 0xDC1B, 0xDC1B, 0x1B04, 0x1B04, 0xDB0B, 0xB913, 0xB913,
0x191C, 0xFB4C, 0xBE85, 0x5E8D, 0x1D6D, 0x1D6D, 0x9D44, 0x1B1C, 0x5C14, 0x7C1C,
0x7C1C, 0xFA0B, 0x5B24, 0x3F04, 0x1C04, 0x1C04, 0x3A1C, 0x1B45, 0xBC65, 0x9D6D,
0x9D6D, 0x1E65, 0xDE5C, 0x3D04, 0x3D04, 0x3D04, 0x3D04, 0x7D04, 0x9D0C, 0x7B0C,
0x1904, 0x1904, 0xB703, 0x3A6D, 0xBD85, 0x9F7D, 0x9F7D, 0xFE64, 0x7D4C, 0xFB23,
0xB903, 0xB903, 0x3B0C, 0x7B04, 0x5B04, 0x3B04, 0x7F04, 0x7F04, 0x5E04, 0x3C04,
0x1B0C, 0x1A0C, 0x1A0C, 0x1B0C, 0x3C04, 0x5D04, 0x1F04, 0x1F04, 0xFD0B, 0x7B44,
0x7A7C, 0xDC84, 0xDC84, 0xFA33, 0x1C0C, 0x1E04, 0x953B, 0x953B, 0xB743, 0xD94B,
0x1A4C, 0x7C4C, 0x9B44, 0x9B44, 0xB934, 0xF92C, 0x5C85, 0xFC84, 0xFC84, 0x3A3C,
0x3B04, 0x5B04, 0x1824, 0x1824, 0xD93B, 0x7D44, 0xF863, 0xD74B, 0xD74B, 0x193C,
0x3A1C, 0x5C14, 0x9D0C, 0x5D04, 0x5D04, 0x3D04, 0xFF03, 0x3F0C, 0x3D14, 0x3D14,
0x3C0C, 0x3D04, 0xFD03, 0xDE03, 0xDE03, 0x3F0C, 0xDA03, 0x1B04, 0x3D04, 0x3D04,
0x3D04, 0x1D04, 0x1C04, 0x5D04, 0x9D04, 0x9D04, 0xDD14, 0x7D0C, 0x1B04, 0x1C04,
0x1C04, 0x7D04, 0x5C04, 0xFC03, 0x1D0C, 0x1D0C, 0x1F04, 0x1E04, 0x3D14, 0x5C1C,
0x5C1C, 0x7B1C, 0x7B0C, 0x5B04, 0x3B04, 0xDD13, 0xDD13, 0x1D14, 0xDC03, 0xDC03,
0x5D04, 0x5D04, 0x5B04, 0x5A04, 0x7A04, 0xFC03, 0xFC03, 0xFD03, 0xFD03, 0x3F1C,
0xDD03, 0xDD03, 0x3E0C, 0x7E04, 0x7D04, 0x9C54, 0x3B85, 0x3B85, 0x1A75, 0x5A24,
0x3B04, 0x5C04, 0x5C04, 0x3C24, 0x1D3C, 0xDA43, 0x5C3C, 0x5C3C, 0x5B44, 0xD833,
0xFB1B, 0xBC4C, 0xBC4C, 0x1B85, 0xBA84, 0xDD1C, 0x5A1C, 0x1824, 0x1824, 0xD733,
0xD943, 0xBA4B, 0x9B43, 0x9B43, 0x3C54, 0x744C, 0x1724, 0xF903, 0xF903, 0x1804,
0x7B24, 0x9E5C, 0xBE8C, 0xBE8C, 0x19A5, 0x7B64, 0xFA43, 0x3E54, 0x7D4B, 0x7D4B,
0xBE3B, 0xFC03, 0xFD04, 0x7B04, 0x7B04, 0xDF03, 0xFE03, 0xDC03, 0xDA03, 0xDA03,
0x3A0C, 0x3A04, 0x1A04, 0x3A04, 0x3A04, 0x1D14, 0xFD0B, 0xDC03, 0xFC03, 0x3C04,
0x3C04, 0x5C04, 0x5B04, 0x5B04, 0x1F04, 0x1F04, 0x7F0C, 0x3E1C, 0xBD13, 0xBE0B,
0xBE0B, 0xFE03, 0x1E04, 0x5E04, 0x9C03, 0x9C03, 0xDD03, 0x3D04, 0x5D04, 0x5C04,
0x5C04, 0x5C04, 0x5B0C, 0x7B14, 0xBC0C, 0x7D04, 0x7D04, 0x1D04, 0x1D04, 0x5D04,
0x5C04, 0x5C04, 0x1C04, 0xBC0B, 0x3F04, 0x3F0C, 0x3F0C, 0xDB03, 0xFA0B, 0x1A0C,
0x3A04, 0xBD04, 0xBD04, 0xBD04, 0x3D14, 0x1C0C, 0xFC03, 0xFC03, 0x1C04, 0x3D04,
0x5D04, 0x3D04, 0x3D04, 0x1C04, 0xBC0B, 0xFE1B, 0xDD1B, 0xDD1B, 0x1E14, 0xFD03,
0x7F04, 0x7F04, 0x7F04, 0x7F04, 0xFA1B, 0x1B24, 0x7D34, 0x3E55, 0x3E55, 0xBD6D,
0x7A75, 0xB664, 0xF453, 0xF453, 0x5F34, 0x7F3C, 0x9F24, 0x9E0C, 0x9E0C, 0xDA24,
0x195D, 0xFB6C, 0xBF5C, 0x3D04, 0x3D04, 0x9D14, 0x1824, 0xD723, 0x1934, 0x1934,
0x3C3C, 0x7F4C, 0x5F4C, 0x3C2C, 0x3C2C, 0x5C0C, 0x5C04, 0x3D04, 0x1D04, 0x1D04,
0x1C04, 0x1C04, 0x1D1C, 0x3E24, 0x3E1C, 0x3E1C, 0x5F0C, 0x1E04, 0x3F04, 0x5F04,
0x5F04, 0xFC03, 0x5E04, 0xDF03, 0xBD03, 0xBD03, 0xDB03, 0x1B0C, 0x5B0C, 0x3A04,
0x3A04, 0x1A04, 0x3A04, 0xDC0B, 0xDD0B, 0xFD03, 0xFD03, 0x3D04, 0x5D04, 0x5C04,
0x5B04, 0x5B04, 0x3A04, 0xBC03, 0xFD03, 0xBD03, 0xBD03, 0x7D03, 0xDF0B, 0x1E04,
0x3E04, 0x3E04, 0xBF04, 0x7D04, 0x5D04, 0x5D04, 0xFB03, 0xFB03, 0x1B04, 0x1B04,
0x3C04, 0x3C04, 0x3C04, 0x3D04, 0x1E04, 0x1E04, 0x7F04, 0x7F04, 0x7D04, 0xDD14,
0xDD2C, 0xFE3C, 0xFE3C, 0x5C24, 0x3A0C, 0x1904, 0x5C24, 0x5C24, 0xDC4C, 0x1A75,
0x7A95, 0xBB9D, 0xDA6C, 0xDA6C, 0xFA33, 0xDC23, 0xBB54, 0x9E3C, 0x9E3C, 0xFC03,
0xBC04, 0x3904, 0xFB1B, 0xFB1B, 0x994B, 0xDC9C, 0x1C9E, 0x9B7D, 0x9B7D, 0xFA54,
0x5924, 0xFA0B, 0xDB03, 0xBC03, 0xBC03, 0xBC03, 0x5C04, 0x1C04, 0xDB03, 0xDB03,
0xDC03, 0x1D04, 0x3C04, 0x5B04, 0x5B04, 0x7A0C, 0x3B04, 0x5C04, 0x7E04, 0x7E04,
0x5E04, 0x3E04, 0x1E04, 0x1D04, 0x3E04, 0x3E04, 0x3C04, 0x3C04, 0x3C04, 0x5D04,
0x5D04, 0x9D04, 0x7D04, 0x3D04, 0x3D04, 0x3D04, 0x5C04, 0x5D04, 0x5C04, 0x3C04,
0x3C04, 0xFC03, 0xFD03, 0x1E04, 0x3F04, 0x3D0C, 0x3D0C, 0x3D04, 0xFC03, 0xFC03,
0x1D04, 0x1D04, 0x1D04, 0xFC03, 0xFB03, 0x5D04, 0x5D04, 0x3D04, 0x1B04, 0x5C04,
0x1A04, 0x1A04, 0x5B04, 0x1A04, 0xFA03, 0xD74B, 0x7C44, 0x7C44, 0x7F1C, 0x3E04,
0x5B04, 0x1814, 0x1814, 0x1944, 0x7C7C, 0xD994, 0xBDA5, 0xBDA5, 0x9D8D, 0x7A54,
0xD91B, 0x5C24, 0x5C24, 0x9C44, 0x5B44, 0xBF03, 0xFF0B, 0xBC1B, 0xBC1B, 0xBA33,
0x9C74, 0x5E9D, 0x7C9D, 0x7C9D, 0xBC9D, 0x594C, 0x1D34, 0xFF0B, 0xFF0B, 0xFF03,
0x1F04, 0x1F04, 0x5D04, 0x5D04, 0x7904, 0x792C, 0x7A1C, 0x7D34, 0xFE43, 0xFE43,
0xBE33, 0x5E1C, 0xBE0C, 0x3C04, 0x3C04, 0xBE04, 0xBE04, 0x9D04, 0x5C04, 0x5C04,
0x1C04, 0x1D04, 0x3F04, 0x5F04, 0x5F04, 0x7E14, 0x3D0C, 0x1C04, 0xFD03, 0xFD03,
0xFD03, 0x1D04, 0xFD0B, 0xDC0B, 0xFD03, 0xFD03, 0x1D04, 0x1C04, 0x1B04, 0x3B04,
0x3B04, 0x7C04, 0x5C04, 0xFB03, 0x3C04, 0x3C04, 0x5D04, 0x5E0C, 0x5E0C, 0x3E04,
0x1D04, 0x1D04, 0x5D04, 0x7C04, 0x1B04, 0x3C04, 0x3C04, 0x5E04, 0x5D04, 0x5D04,
0x7D04, 0x7D04, 0x5D04, 0x1D04, 0x3C04, 0x7D04, 0x7D04, 0x3C04, 0x3C04, 0x1C04,
0xBC03, 0x1E04, 0x1E04, 0xFE03, 0x7E04, 0x3C04, 0xFA03, 0xFA03, 0x1B04, 0x7D04,
0x7F04, 0x3F04, 0x3F04, 0xFF03, 0x7A04, 0xBC04, 0x5D04, 0x5D04, 0x7F04, 0xFD03,
0x3D04, 0xFB03, 0xDA0B, 0xDA0B, 0x9D0C, 0x7D04, 0x3C04, 0x1B04, 0x1B04, 0x1B0C,
0x1B1C, 0xFC2B, 0xBC2B, 0xBC2B, 0x1B1C, 0xFC2B, 0xDD2B, 0xDC1B, 0xDC1B, 0x1B24,
0x5B44, 0x5C44, 0x1D24, 0xBD03, 0xBD03, 0xFD13, 0x9C2B, 0x1E54, 0xBE74, 0xBE74,
0x3D95, 0xFCAD, 0x779D, 0x5C14, 0x5C14, 0x3B04, 0xFC03, 0xFE0B, 0x1F0C, 0x1F0C,
0x3E04, 0x3D04, 0x1D04, 0x1A04, 0x1B04, 0x1B04, 0x9C04, 0x5C04, 0x5C04, 0x5C04,
0x5C04, 0xFB03, 0x1C04, 0xBC04, 0x7C04, 0x7C04, 0x7D04, 0x7E04, 0x5E04, 0x1E04,
0x1E04, 0x3F04, 0xBF0C, 0x3D04, 0x3D04, 0x3D04, 0x3D04, 0x3D04, 0x1D04, 0xFC03,
0xFC0B, 0xFC0B, 0xFC13, 0x3E04, 0x5E04, 0x3C04, 0x3C04, 0x3C04, 0x9D04, 0x7C04,
0xDA03, 0xDA03, 0xBA03, 0xFD0B, 0xFD0B, 0xFD0B, 0x3C0C, 0x3C0C, 0x3C0C, 0x1C0C,
0x1C0C, 0xFC0B, 0xFC0B, 0xFC0B, 0xFC0B, 0xFC0B, 0x7A03, 0x7A03, 0xFC03, 0xFD03,
0x1E0C, 0xFD2B, 0xFD2B, 0xDF64, 0x9F85, 0x5F96, 0x1C14, 0x1C14, 0x1C1C, 0xDB13,
0x1B1C, 0x5D24, 0xFD13, 0xFD13, 0xBD03, 0x3F0C, 0x5F04, 0x1F2C, 0x1F2C, 0xBF7C,
0x1BA5, 0x1EAE, 0xBD4C, 0xBD4C, 0x5E0C, 0xBD04, 0x7E14, 0x5E04, 0x5E04, 0x1D04,
0x1D04, 0x3D04, 0x5E04, 0x7E14, 0x7E14, 0x5E14, 0x3A04, 0x3B04, 0x5D04, 0x5D04,
0x5E0C, 0x1C0C, 0x1B04, 0x1A04, 0x1A04, 0x1904, 0x3D04, 0x3D04, 0x1D04, 0x1D04,
0xFD03, 0xDC03, 0xFC03, 0x3D0C, 0x7E14, 0x7E14, 0x3D04, 0xFC03, 0xBA03, 0xDA03,
0xDA03, 0xFA03, 0x3C04, 0x3D04, 0xDC03, 0xDC03, 0x3B04, 0x1B04, 0x1B04, 0x1C04,
0x1C04, 0x3D14, 0x3E14, 0xFD13, 0xDD13, 0x5B04, 0x5B04, 0x5B04, 0x7D04, 0x5D04,
0xFC03, 0xFC03, 0xFC03, 0x1D04, 0x5E04, 0xFC03, 0xFC03, 0x3C0C, 0x1B04, 0x3B04,
0xFA03, 0xFA03, 0x3B04, 0x3C04, 0x9F14, 0xDF04, 0x9F0C, 0x9F0C, 0x3E44, 0xBD84,
0x9DA5, 0x3C75, 0x3C75, 0x3B24, 0xFD03, 0x5F24, 0x3D24, 0x3D24, 0x1C14, 0x1D04,
0x1C04, 0xFC03, 0xFC03, 0x3C0C, 0xBD34, 0x5DBD, 0xFF9D, 0x9D55, 0x9D55, 0xFB14,
0xDC0C, 0x7C0C, 0x1D0C, 0x1D0C, 0x1E0C, 0xDF03, 0xFE13, 0x1C34, 0x1C34, 0x5C5C,
0x9974, 0xB66C, 0x7644, 0x7644, 0x381C, 0x9C14, 0x9A04, 0xB904, 0x7904, 0x7904,
0x1904, 0x3B04, 0x5E04, 0xBE0B, 0xBE0B, 0x1B04, 0xDA03, 0xDA03, 0xFB03, 0xFB03,
0x1D04, 0x1E0C, 0xFE0B, 0xDE0B, 0xDE0B, 0x3A04, 0x3A04, 0x3B04, 0x7C04, 0x7E04,
0x7E04, 0x7E04, 0x3E04, 0xFD03, 0x1C0C, 0x1C0C, 0x5D0C, 0x9D0C, 0x5B04, 0x1A04,
0x1A04, 0x3A04, 0x3B04, 0xFB03, 0x7B04, 0x7B04, 0x5C04, 0x3C04, 0xFC03, 0xDD03,
0xFD03, 0xFD03, 0x5E0C, 0x9F14, 0x3C04, 0x1C0C, 0x1C0C, 0xDB0B, 0x9A03, 0xDB03,
0x5D04, 0x5D04, 0x3D04, 0xDB03, 0x5C04, 0x3C04, 0x3C04, 0xDB03, 0xDC03, 0xFC0B,
0xDC0B, 0x1D14, 0x1D14, 0xDD0B, 0x1C04, 0x1C04, 0x1B04, 0x1B04, 0x1A04, 0x1A04,
0x1B04, 0x1D0C, 0x1D0C, 0x1E14, 0x5A04, 0x7B04, 0x1B04, 0x1B04, 0x5D04, 0xFC03,
0x5D14, 0x5C1C, 0x7C1C, 0x7C1C, 0x1A44, 0x3A5C, 0x5974, 0x3874, 0x3874, 0x185C,
0x192C, 0x5B04, 0x9C04, 0x9C04, 0x3A05, 0x390C, 0xF90B, 0x7C04, 0x7C04, 0x9E04,
0xDE03, 0xDC2B, 0x7B4C, 0xD9A4, 0xD9A4, 0xFEA5, 0xDB4C, 0x5B14, 0xFD14, 0xFD14,
0x7C04, 0x5B0C, 0x7C1C, 0xFB03, 0xFB03, 0x1B04, 0x1C04, 0xFD0B, 0xFD0B, 0xFD0B,
0x1C04, 0x7D04, 0xBE14, 0x7D04, 0xFB03, 0xFB03, 0x1B04, 0xFA0B, 0x1B0C, 0x7D14,
0x7D14, 0x1C04, 0x1D04, 0x3A04, 0xFA03, 0xFA03, 0xDB03, 0x1E04, 0x3F0C, 0xFE0B,
0xFE0B, 0xBC0B, 0xDC0B, 0x5A04, 0x7B04, 0x9C04, 0x9C04, 0x9D04, 0x7D04, 0x3D04,
0xFC03, 0xFC03, 0xDC03, 0x1C0C, 0x5C0C, 0x1A04, 0x1A04, 0x1A04, 0x7B0C, 0x7B0C,
0x3C04, 0x3C04, 0x7E14, 0x1B04, 0xFB03, 0xFB03, 0x3C0C, 0x3C0C, 0x3C0C, 0x1C0C,
0x1C0C, 0xFC0B, 0xFC0B, 0xFC0B, 0xFC0B, 0xFC0B, 0x7A03, 0x7A03, 0xFC03, 0xFD03,
0x1E0C, 0xFD2B, 0xFD2B, 0xDF64, 0x9F85, 0x5F96, 0x1C14, 0x1C14, 0x1C1C, 0xDB13,
0x1B1C, 0x5D24, 0xFD13, 0xFD13, 0xBD03, 0x3F0C, 0x5F04, 0x1F2C, 0x1F2C, 0xBF7C,
0x1BA5, 0x1EAE, 0xBD4C, 0xBD4C, 0x5E0C, 0xBD04, 0x7E14, 0x5E04, 0x5E04, 0x1D04,
0x1D04, 0x3D04, 0x5E04, 0x7E14, 0x7E14, 0x5E14, 0x3A04, 0x3B04, 0x5D04, 0x5D04,
0x5E0C, 0x1C0C, 0x1B04, 0x1A04, 0x1A04, 0x1904, 0x3D04, 0x3D04, 0x1D04, 0x1D04,
0xFD03, 0xDC03, 0xFC03, 0x3D0C, 0x7E14, 0x7E14, 0x3D04, 0xFC03, 0xBA03, 0xDA03,
0xDA03, 0xFA03, 0x3C04, 0x3D04, 0xDC03, 0xDC03, 0x3B04, 0x1B04, 0x1B04, 0x1C04,
0x1C04, 0x3D14, 0x3E14, 0xFD13, 0xDD13, 0x5B04, 0x5B04, 0x5B04, 0x7D04, 0x5D04,
0xFC03, 0xFC03, 0xFC03, 0x1D04, 0x5E04, 0xFC03, 0xFC03, 0x3C0C, 0x1B04, 0x3B04,
0xFA03, 0xFA03, 0x3B04, 0x3C04, 0x9F14, 0xDF04, 0x9F0C, 0x9F0C, 0x3E44, 0xBD84,
0x9DA5, 0x3C75, 0x3C75, 0x3B24, 0xFD03, 0x5F24, 0x3D24, 0x3D24, 0x1C14, 0x1D04,
0x1C04, 0xFC03, 0xFC03, 0x3C0C, 0xBD34, 0x5DBD, 0xFF9D, 0x9D55, 0x9D55, 0xFB14,
0xDC0C, 0x7C0C, 0x1D0C, 0x1D0C, 0x1E0C, 0xDF03, 0xFE13, 0x1C34, 0x1C34, 0x5C5C,
0x9974, 0xB66C, 0x7644, 0x7644, 0x381C, 0x9C14, 0x9A04, 0xB904, 0x7904, 0x7904,
0x1904, 0x3B04, 0x5E04, 0xBE0B, 0xBE0B, 0x1B04, 0xDA03, 0xDA03, 0xFB03, 0xFB03,
0x1D04, 0x1E0C, 0xFE0B, 0xDE0B, 0xDE0B, 0x3A04, 0x3A04, 0x3B04, 0x7C04, 0x7E04,
0x7E04, 0x7E04, 0x3E04, 0xFD03, 0x1C0C, 0x1C0C, 0x5D0C, 0x9D0C, 0x5B04, 0x1A04,
0x1A04, 0x3A04, 0x3B04, 0xFB03, 0x7B04, 0x7B04, 0x5C04, 0x3C04, 0xFC03, 0xDD03,
0xFD03, 0xFD03, 0x5E0C, 0x9F14, 0x3C04, 0x1C0C, 0x1C0C, 0xDB0B, 0x9A03, 0xDB03,
0x5D04, 0x5D04, 0x3D04, 0xDB03, 0x5C04, 0x3C04, 0x3C04, 0xDB03, 0xDC03, 0xFC0B,
0xDC0B, 0x1D14, 0x1D14, 0xDD0B, 0x1C04, 0x1C04, 0x1B04, 0x1B04, 0x1A04, 0x1A04,
0x1B04, 0x1D0C, 0x1D0C, 0x1E14, 0x5A04, 0x7B04, 0x1B04, 0x1B04, 0x5D04, 0xFC03,
0x5D14, 0x5C1C, 0x7C1C, 0x7C1C, 0x1A44, 0x3A5C, 0x5974, 0x3874, 0x3874, 0x185C,
0x192C, 0x5B04, 0x9C04, 0x9C04, 0x3A05, 0x390C, 0xF90B, 0x7C04, 0x7C04, 0x9E04,
0xDE03, 0xDC2B, 0x7B4C, 0xD9A4, 0xD9A4, 0xFEA5, 0xDB4C, 0x5B14, 0xFD14, 0xFD14,
0x7C04, 0x5B0C, 0x7C1C, 0xFB03, 0xFB03, 0x1B04, 0x1C04, 0xFD0B, 0xFD0B, 0xFD0B,
0x1C04, 0x7D04, 0xBE14, 0x7D04, 0xFB03, 0xFB03, 0x1B04, 0xFA0B, 0x1B0C, 0x7D14,
0x7D14, 0x1C04, 0x1D04, 0x3A04, 0xFA03, 0xFA03, 0xDB03, 0x1E04, 0x3F0C, 0xFE0B,
0xFE0B, 0xBC0B, 0xDC0B, 0x5A04, 0x7B04, 0x9C04, 0x9C04, 0x9D04, 0x7D04, 0x3D04,
0xFC03, 0xFC03, 0xDC03, 0x1C0C, 0x5C0C, 0x1A04, 0x1A04, 0x1A04, 0x7B0C, 0x7B0C,
0x3C04, 0x3C04, 0x7E14, 0x1B04, 0xFB03, 0xFB03, 0xBD03, 0xBD03, 0xDD03, 0x1D04,
0x3D14, 0x5C2C, 0x5C2C, 0x5B3C, 0x5A4C, 0x5954, 0x7D04, 0x7D04, 0xBF04, 0x5D04,
0x5B04, 0xB81B, 0xB81B, 0x5B54, 0x3A4C, 0x392C, 0x7C34, 0x7C34, 0x3C34, 0xFD33,
0x3E3C, 0x5F2C, 0x1D0C, 0x1D0C, 0x1C04, 0xBE04, 0x3604, 0x163C, 0x163C, 0xF853,
0xDB2B, 0x1F24, 0x7C33, 0x7C33, 0x9C3B, 0x3F34, 0x3D44, 0x3D34, 0x3D34, 0xFC13,
0x3D04, 0x5D04, 0x3C04, 0x5C04, 0x5C04, 0xFB03, 0xFE13, 0x1E0C, 0x3D14, 0x3D14,
0x3C14, 0x3B24, 0x9D34, 0x7F2C, 0x7F2C, 0xFF13, 0x1D04, 0x1D04, 0x1D04, 0x1D04,
0xFC03, 0xDC03, 0xDB0B, 0xBA13, 0xDA13, 0xDA13, 0x3C14, 0x5D24, 0x9D3C, 0x5C34,
0x5C34, 0xFA13, 0xFB0B, 0xFC03, 0x9C03, 0x9C03, 0xFE0B, 0xFE0B, 0xFE0B, 0xFD0B,
0xFD0B, 0xFC13, 0x3B24, 0x5A34, 0x9A3C, 0x3B2C, 0x3B2C, 0x1B1C, 0x1B14, 0x3C04,
0x1C04, 0x1C04, 0x3D04, 0x7F04, 0x5E04, 0x3E04, 0x3E04, 0x7F1C, 0x3E2C, 0x5F44,
0x3E44, 0x3E44, 0x3F34, 0xBC03, 0xBD03, 0x1A04, 0xB91B, 0xB91B, 0x784B, 0xB96B,
0x3C54, 0x3E14, 0x3E14, 0x3E0C, 0x7D34, 0x9F14, 0x9E2C, 0x9E2C, 0x5D14, 0x3D04,
0xDA03, 0xB903, 0xB903, 0xFA13, 0x5944, 0xBB3C, 0x7B2C, 0xDB13, 0xDB13, 0xDC2B,
0xFC4B, 0xDA43, 0x5A34, 0x5A34, 0xDB24, 0x1F04, 0x1B04, 0x3A0C, 0x3A0C, 0xBD3C,
0x5D75, 0xBB95, 0x3C8D, 0x3C8D, 0x7F7C, 0x5F34, 0x3C14, 0xFD3C, 0xBB4C, 0xBB4C,
0xDC4C, 0x1A14, 0x3E14, 0x5D03, 0x5D03, 0xFE13, 0x3E14, 0x1D0C, 0xDC03, 0xDC03,
0x1C0C, 0x1B14, 0x1A24, 0x7B34, 0x7B34, 0x5B3C, 0x3B2C, 0x3B14, 0x3C04, 0x5D04,
0x5D04, 0x7E04, 0x7E0C, 0x5E0C, 0x3C04, 0x3C04, 0x5E14, 0x1E1C, 0xDD23, 0x1D3C,
0x1D3C, 0x7D3C, 0x7D1C, 0x5E04, 0xFA0B, 0xFA0B, 0x3B04, 0x5C04, 0x5C04, 0x1C04,
0xDC03, 0xDC03, 0xBC1B, 0x9C2B, 0x3C14, 0xBD34, 0xBD34, 0xBD44, 0x3B2C, 0xDB13,
0xFC0B, 0xFC0B, 0xFC03, 0xBB03, 0x7C03, 0xDD0B, 0xDD0B, 0xDD03, 0x1D14, 0x3C1C,
0x3B24, 0x9B3C, 0x9B3C, 0x9944, 0x5D2C, 0x3C1C, 0x1B0C, 0x1B0C, 0x1B04, 0x3B04,
0x3B04, 0x5B04, 0x5B04, 0x3B04, 0x1F14, 0x1F1C, 0x3D2C, 0x3D2C, 0xBE54, 0x7C4C,
0x5C34, 0xFC03, 0x1D04, 0x1D04, 0x5E14, 0x1E3D, 0xBE75, 0xDE8D, 0xDE8D, 0x7E85,
0xDD54, 0x7D2C, 0x5D0C, 0x5D0C, 0xFE44, 0x5E54, 0x3C3C, 0x9B04, 0x9B04, 0x7C04,
0xFD03, 0x1B3C, 0x9774, 0xDF1C, 0xDF1C, 0xBF1C, 0x1D1C, 0xDC23, 0x1B3C, 0x1B3C,
0x5B3C, 0x9C2C, 0x3C04, 0xFC23, 0xFC23, 0x3C04, 0x5D04, 0x9E04, 0x9E04, 0x9E04,
0x5C04, 0xFA03, 0x9923, 0xFF23, 0xDE23, 0xDE23, 0x7F44, 0x5E3C, 0xFC2B, 0x1D14,
0x1D14, 0xFE03, 0xFE03, 0x1D14, 0xFD0B, 0xFD0B, 0xFE0B, 0x1E14, 0x1D14, 0x1B1C,
0x1B1C, 0x3A2C, 0x9A3C, 0x5B34, 0x3B24, 0x3B14, 0x3B14, 0x3C04, 0x3D04, 0x5D04,
0x5E04, 0x5E04, 0x3E04, 0x5E04, 0x3D14, 0xBB1B, 0xBB1B, 0x9B2B, 0x3D3C, 0x5E34,
0x1D0C, 0x1D0C, 0x1D04, 0x3B04, 0x3B04, 0x3C04, 0x3E04, 0x3E04, 0x1E04, 0x1D04,
0x5D14, 0xBD34, 0xBD34, 0x5E65, 0xFF85, 0x5F9E, 0x3844, 0x3844, 0xFA3B, 0xDC1B,
0x5D14, 0x9E3C, 0x9E3C, 0xBE6C, 0x3B5C, 0xD823, 0xFF2B, 0xFF2B, 0x1D3C, 0x1C6D,
0x3D9E, 0x1B96, 0x1A5D, 0x1A5D, 0x3A1C, 0xDC03, 0xBD03, 0xDE64, 0xDE64, 0xDD64,
0x5F35, 0x7C04, 0x9C3C, 0x9C3C, 0xF94B, 0xBD5C, 0xDDB5, 0x7C95, 0x7C95, 0x7954,
0x1924, 0x1A0C, 0x1B04, 0xBE04, 0xBE04, 0x9F04, 0x3B0C, 0x3C1C, 0x3C3C, 0x3C3C,
0x3B64, 0x9A84, 0x9D9D, 0x9E75, 0x9E75, 0x7B2C, 0xFD2B, 0x1D14, 0x3C04, 0x3C04,
0x7C04, 0x7C04, 0x5C04, 0x3D24, 0x1D44, 0x1D44, 0xFE6B, 0xBF8C, 0x9FAD, 0x5F95,
0x5F95, 0x7C4C, 0x3B1C, 0x7D0C, 0x3D04, 0x3D04, 0x5C04, 0x9D04, 0x9E04, 0x7E04,
0x7E04, 0x5D24, 0x9D4C, 0x5F85, 0x1FAE, 0xFE74, 0xFE74, 0x3C54, 0xFB33, 0x1C24,
0x1D14, 0x1D14, 0x3E14, 0x3E14, 0x9C03, 0x3C14, 0x3C14, 0x7D34, 0x5B54, 0xFD84,
0x7E95, 0x7E95, 0x5E85, 0x394C, 0xF82B, 0xBE03, 0x7F24, 0x7F24, 0x1F5D, 0xDA6C,
0x3734, 0x1B04, 0x1B04, 0x5D24, 0x5C5C, 0x1985, 0xB9B5, 0xB9B5, 0x9B8D, 0x9A44,
0x3834, 0x7D24, 0x7D24, 0xBF1C, 0xBF44, 0x1E6D, 0x7D3C, 0xBC0B, 0xBC0B, 0x3E1C,
0x9E4C, 0xDD74, 0x7F8D, 0x7F8D, 0x7F85, 0xF85B, 0xD933, 0xBC03, 0xBC03, 0x1D04,
0x7C04, 0x9B04, 0x3C04, 0x3C04, 0xBD03, 0x3F24, 0x3D24, 0xDF5C, 0xBF8C, 0xBF8C,
0x9E84, 0x5C4C, 0x5D1C, 0xBB03, 0xBB03, 0x3D04, 0xBF04, 0x7E04, 0xFC03, 0xFC03,
0x1C14, 0x1B34, 0x7C5C, 0x7F8D, 0x7F8D, 0x7F95, 0xFE74, 0x7C4C, 0xFB23, 0xDB0B,
0xDB0B, 0xFC03, 0xFD03, 0xFD03, 0xD813, 0xD813, 0x5C2C, 0x3C3C, 0x7D64, 0x7F9D,
0x7F9D, 0x9E95, 0xDB64, 0x7A34, 0x3C1C, 0x3C1C, 0x5D0C, 0x7C04, 0x5C04, 0x3C04,
0x3C04, 0x3C04, 0x5D24, 0x7E3C, 0x1E54, 0x5F85, 0x5F85, 0xFF95, 0x3E6D, 0x5C2C,
0x5C04, 0x5C04, 0x7C04, 0x7B04, 0x5D04, 0xBF04, 0xBF04, 0x9F04, 0x7F14, 0x5D24,
0x7C4C, 0x7F8D, 0x7F8D, 0xDFAD, 0xDD54, 0x5C3C, 0x1B1C, 0x1B1C, 0x1C0C, 0x5D04,
0x9E04, 0x7D04, 0x7D04, 0x3B04, 0xDE33, 0xFC3B, 0x5A5C, 0x5A5C, 0x9D9D, 0x7C9D,
0xDB74, 0x392C, 0x7B0C, 0x7B0C, 0x7E0B, 0xDD13, 0x3B14, 0x5A0C, 0x5A0C, 0x1B04,
0xFC03, 0x1C04, 0x3C04, 0x3C04, 0xBB9C, 0xBFAC, 0x9F8C, 0x593C, 0x593C, 0x390C,
0x5E1C, 0x7F3C, 0x9C34, 0x1F65, 0x1F65, 0xBA2B, 0x3C2C, 0x9C44, 0x7954, 0x7954,
0x9E95, 0xFFAD, 0x9D7C, 0x5E3C, 0x5E3C, 0x1C0C, 0xFA03, 0x1C04, 0x5D04, 0x5D04,
0x9D04, 0x3C0C, 0xDB2B, 0x5D54, 0x9D6C, 0x9D6C, 0xBF95, 0x7E95, 0x7A64, 0x193C,
0x193C, 0xFA13, 0x1C04, 0x1D04, 0x3D04, 0x3D04, 0x5D04, 0x7E0C, 0x3C1C, 0x3C3C,
0x3C3C, 0xFD6C, 0xBF9D, 0x3F85, 0xBD64, 0x1B3C, 0x1B3C, 0xDA13, 0xDB0B, 0x1C04,
0x1D0C, 0x1D0C, 0x1D0C, 0x1C14, 0x3B2C, 0x3B4C, 0x3B4C, 0xDC7C, 0xFFAD, 0xDF95,
0xBB5C, 0xBB5C, 0x1934, 0xFC03, 0xFC03, 0xFC03, 0x3B0C, 0x3B0C, 0x3C0C, 0x1B04,
0x1B0C, 0x3C1C, 0x3C1C, 0x7C2C, 0xBC44, 0xFC54, 0x3A3C, 0x3A3C, 0xB943, 0xF943,
0x373C, 0xD95C, 0xD95C, 0x7B64, 0x9F34, 0xBF04, 0x9C14, 0x9C14, 0xDA0B, 0x5D1C,
0xFF44, 0x9D44, 0x1A44, 0x1A44, 0x174C, 0x164C, 0x1954, 0x7C64, 0x7C64, 0x9D64,
0x392C, 0xBC0C, 0x1D04, 0x1D04, 0x3D04, 0x7A2C, 0x1C55, 0x1D4D, 0x1D4D, 0x5A24,
0x5C14, 0x3C0C, 0xDC03, 0xFD0B, 0xFD0B, 0x7C03, 0xBA03, 0x3E04, 0x9F04, 0x9F04,
0x5E04, 0x5B24, 0x3C5D, 0x3C65, 0x3C65, 0xF73B, 0x5B04, 0x3C04, 0x1C04, 0x1C04,
0xFD0B, 0x1D0C, 0x1D04, 0x3D04, 0x1C04, 0x1C04, 0x3904, 0xBA24, 0x5D4D, 0xFB4C,
0xFB4C, 0x181C, 0x1914, 0x7D14, 0x1D04, 0x1D04, 0x3A14, 0x3B0C, 0x1B04, 0xFC03,
0xFC03, 0xFC03, 0x1C14, 0x7C2C, 0xBC3C, 0xDB44, 0xDB44, 0x3924, 0x3914, 0x5B04,
0x1B04, 0x1B04, 0x5D04, 0x7E04, 0xFC03, 0xDD03, 0xDD03, 0x7E04, 0x7B14, 0xFB34,
0x1A45, 0x1A45, 0xFA4C, 0x1734, 0x1834, 0x136C, 0x9B4C, 0x9B4C, 0x1F45, 0xBD3C,
0x5A1C, 0x9E04, 0x9E04, 0x5F04, 0x3A03, 0xDF3C, 0xFB64, 0xFB64, 0x9B44, 0x1A24,
0x1844, 0x3A4C, 0x3A4C, 0x5C4C, 0x387C, 0x3A5C, 0x7C34, 0x5D04, 0x5D04, 0x7D04,
0x3B0C, 0x9A34, 0x5D5D, 0x5D5D, 0xBB44, 0x571C, 0x3D14, 0x3F0C, 0x3F0C, 0x5D0C,
0x7A0C, 0x5B04, 0x5D04, 0x5D04, 0x5C04, 0x5C04, 0x9C04, 0x3A04, 0x9C34, 0x9C34,
0x981B, 0xBB1C, 0x9A04, 0x5A0C, 0x5A0C, 0xFB13, 0x9D1C, 0x1C04, 0xBB03, 0xBB03,
0x5D04, 0x3C04, 0xFA0B, 0xBD2C, 0xBD2C, 0x1B5D, 0xDA44, 0x7924, 0x5A04, 0x5B04,
0x5B04, 0x7C04, 0x7D04, 0x5D04, 0xBC03, 0xBC03, 0x7F04, 0x5E04, 0x3C0C, 0x1C45,
0x1C45, 0x1B5D, 0x7944, 0x9B3C, 0x3C04, 0x3C04, 0x3D04, 0x5D04, 0x5D04, 0x1C04,
0x1B04, 0x1B04, 0x3B04, 0x5B04, 0x1A14, 0x1C45, 0x1C45, 0x5B65, 0x994C, 0xD92B,
0xFC1B, 0xFC1B, 0x3D14, 0x3D14, 0x1A14, 0x3B14, 0x3B14, 0xDB03, 0xFC03, 0x1C0C,
0x3C1C, 0xDD3C, 0xDD3C, 0xFC4C, 0x993C, 0x5A2C, 0x3B1C, 0x3B1C, 0xFD03, 0xDE03,
0xFE03, 0xFE03, 0xFE03, 0x1D04, 0x5E0C, 0xFB03, 0x1B0C, 0x1B0C, 0x5F45, 0xFE54,
0x3B3C, 0x9813, 0x390C, 0x390C, 0x9C04, 0x7A04, 0x3A04, 0xFC03, 0xFC03, 0xDF03,
0xFF03, 0x5E0C, 0x9D0C, 0x9D0C, 0xB904, 0x3E0C, 0x1F24, 0x7834, 0x7834, 0x3554,
0xD86B, 0x1C64, 0xBC54, 0xBA44, 0xBA44, 0x1A14, 0x5F04, 0x1E04, 0x3D0C, 0x3D0C,
0x1E3D, 0xFC44, 0x9A3C, 0x5C24, 0x5C24, 0x3B0C, 0x1C04, 0xFD13, 0xFE0B, 0xFE0B,
0x1D04, 0x3D04, 0x1D0C, 0x5B04, 0x5A14, 0x5A14, 0x3C4D, 0xFB54, 0x393C, 0x5B24,
0x5B24, 0x5D0C, 0x7F04, 0x3D1C, 0x1C0C, 0x1C0C, 0x1C04, 0x5C04, 0x5C0C, 0x1B0C,
0x1B0C, 0x3B1C, 0x9D34, 0x1C5D, 0x9A3C, 0x1914, 0x1914, 0xF903, 0x3B04, 0x7C04,
0x7D04, 0x7D04, 0x3C04, 0x1F04, 0x3F04, 0xFB03, 0xFB03, 0x5A1C, 0x1C45, 0xFC4C,
0x5A3C, 0x5A3C, 0x1934, 0x3D04, 0x3D04, 0x5D04, 0xDC1B, 0xDC1B, 0xFC13, 0x1C04,
0x3C04, 0x3C04, 0x3C04, 0x1B04, 0x1B04, 0xFB0B, 0xFC03, 0xFC03, 0xFD03, 0x3D0C,
0x3E14, 0x3E14, 0x3E14, 0xFD0B, 0xDC03, 0x9B03, 0x3A04, 0x3A04, 0x3C0C, 0x1D0C,
0xFE03, 0xFE03, 0xFD03, 0xFD03, 0xFD03, 0x1D14, 0xDA0B, 0xFB0B, 0xFB0B, 0x1C0C,
0xFC0B, 0xFC03, 0x1C04, 0x1C04, 0x5D04, 0x7D04, 0x7D04, 0x9F04, 0x9F04, 0x9F04,
0x7F04, 0x3B04, 0x1904, 0x3D04, 0x3D04, 0x5F04, 0x1B1C, 0x1C0C, 0x1D04, 0x1D04,
0x1D0C, 0x1B14, 0x1A14, 0x1C04, 0x1C04, 0x1E04, 0x9F14, 0x3D04, 0x1B04, 0x1B04,
0x5C04, 0x7C04, 0x1B04, 0xBA03, 0xBB0B, 0xBB0B, 0xDD04, 0x5D04, 0xFC0B, 0xFB0B,
0xFB0B, 0x3B04, 0x3C04, 0xFE03, 0x9F03, 0x9F03, 0xDC03, 0xFC03, 0x3C04, 0x5C04,
0x5C04, 0x7C04, 0x5B04, 0x3A04, 0x1A04, 0x5D04, 0x5D04, 0x7D04, 0x7D04, 0x7D04,
0x5D04, 0x5D04, 0x5C04, 0x3B04, 0x1A04, 0x1C04, 0x1C04, 0xFC03, 0xDD03, 0xFE03,
0xFE0B, 0xFE0B, 0x1D0C, 0x3C0C, 0x5C14, 0x3D2C, 0x1C1C, 0x1C1C, 0x1B04, 0x3B04,
0x3C04, 0x3C04, 0x3C04, 0x1C0C, 0xFC13, 0x3C04, 0x1C04, 0x1C04, 0xFC03, 0x1C04,
0x3B14, 0x5B1C, 0x5B1C, 0x3B14, 0x1B0C, 0xDB13, 0xFB03, 0x3C04, 0x3C04, 0x3B04,
0x1B04, 0xFB03, 0xFA03, 0xFA03, 0x1A04, 0xDB0B, 0xFB0B, 0x1C0C, 0x1C0C, 0x3D0C,
0x3D0C, 0x1E0C, 0xDD03, 0xDD03, 0xBD03, 0x5D04, 0x5D04, 0x1C04, 0xFC03, 0xFC03,
0xFC03, 0x1C04, 0x3C04, 0x3C04, 0x3C04, 0xBB03, 0xFB03, 0x3B04, 0x5B04, 0x5B04,
0x7B04, 0x5B04, 0x3C04, 0x3C04, 0x3C04, 0xDF0B, 0x1E04, 0x3B04, 0x5A04, 0x5A04,
0x5A04, 0x5B04, 0x7D04, 0x9E04, 0xFD13, 0xFD13, 0x3D04, 0x5D04, 0x3C04, 0xFB13,
0xFB13, 0xDB0B, 0x3D04, 0xBF04, 0x1E14, 0x1E14, 0x3E14, 0x1D0C, 0xDC03, 0xDB03,
0x1C04, 0x1C04, 0x3C04, 0x3B04, 0x7F04, 0x7F0C, 0x7F0C, 0xFE0B, 0xDD03, 0x7E04,
0x9E04, 0x9E04, 0x3D04, 0x3F04, 0x3C0C, 0x3C04, 0x3C04, 0x3B04, 0x3B04, 0x3B04,
0x3C04, 0x3C0C, 0x3C0C, 0x3C14, 0xFD03, 0x1D04, 0x3C04, 0x3C04, 0x7B04, 0x7C04,
0x5D04, 0x1E04, 0x1E04, 0xFF03, 0xDC03, 0x1D04, 0x1C0C, 0x1C0C, 0xFA03, 0xFA03,
0x3C0C, 0x5C04, 0x1C04, 0x1C04, 0x3A04, 0x3B04, 0x5B04, 0x5B04, 0x5B04, 0x5C04,
0x3C04, 0x1C04, 0xFC03, 0xFC03, 0x7D0C, 0x3C04, 0xFC03, 0xFB03, 0xFB03, 0x1B0C,
0x3B1C, 0x1B14, 0xFB0B, 0x3D1C, 0x3D1C, 0x3D0C, 0x3C04, 0x1B04, 0xDA03, 0xDA03,
0xDA03, 0xFA03, 0x3A04, 0xDA03, 0xDA03, 0x1C04, 0x5D14, 0x3D14, 0xFC13, 0xFC13,
0xBB03, 0xBB03, 0xDB03, 0xD903, 0xDA03, 0xDA03, 0xFB03, 0xFC03, 0xFC03, 0x1C04,
0x1C04, 0x3C0C, 0x3B14, 0x3B04, 0x3C04, 0x3C04, 0x1D04, 0x3F04, 0x7F04, 0x5F0C,
0x5F0C, 0x1D0C, 0xDB13, 0xFA03, 0x1B04, 0x5C04, 0x5C04, 0x3D04, 0x3C04, 0x1B04,
0x3B0C, 0x3B0C, 0x5B14, 0xBC13, 0xDD13, 0x1D14, 0x1D14, 0x1C0C, 0xFB03, 0xFA03,
0x1B04, 0x1B04, 0x3C0C, 0x1C04, 0x3C04, 0x3D04, 0xDC1B, 0xDC1B, 0xFC13, 0x1C04,
0x3C04, 0x3C04, 0x3C04, 0x1B04, 0x1B04, 0xFB0B, 0xFC03, 0xFC03, 0xFD03, 0x3D0C,
0x3E14, 0x3E14, 0x3E14, 0xFD0B, 0xDC03, 0x9B03, 0x3A04, 0x3A04, 0x3C0C, 0x1D0C,
0xFE03, 0xFE03, 0xFD03, 0xFD03, 0xFD03, 0x1D14, 0xDA0B, 0xFB0B, 0xFB0B, 0x1C0C,
0xFC0B, 0xFC03, 0x1C04, 0x1C04, 0x5D04, 0x7D04, 0x7D04, 0x9F04, 0x9F04, 0x9F04,
0x7F04, 0x3B04, 0x1904, 0x3D04, 0x3D04, 0x5F04, 0x1B1C, 0x1C0C, 0x1D04, 0x1D04,
0x1D0C, 0x1B14, 0x1A14, 0x1C04, 0x1C04, 0x1E04, 0x9F14, 0x3D04, 0x1B04, 0x1B04,
0x5C04, 0x7C04, 0x1B04, 0xBA03, 0xBB0B, 0xBB0B, 0xDD04, 0x5D04, 0xFC0B, 0xFB0B,
0xFB0B, 0x3B04, 0x3C04, 0xFE03, 0x9F03, 0x9F03, 0xDC03, 0xFC03, 0x3C04, 0x5C04,
0x5C04, 0x7C04, 0x5B04, 0x3A04, 0x1A04, 0x5D04, 0x5D04, 0x7D04, 0x7D04, 0x7D04,
0x5D04, 0x5D04, 0x5C04, 0x3B04, 0x1A04, 0x1C04, 0x1C04, 0xFC03, 0xDD03, 0xFE03,
0xFE0B, 0xFE0B, 0x1D0C, 0x3C0C, 0x5C14, 0x3D2C, 0x1C1C, 0x1C1C, 0x1B04, 0x3B04,
0x3C04, 0x3C04, 0x3C04, 0x1C0C, 0xFC13, 0x3C04, 0x1C04, 0x1C04, 0xFC03, 0x1C04,
0x3B14, 0x5B1C, 0x5B1C, 0x3B14, 0x1B0C, 0xDB13, 0xFB03, 0x3C04, 0x3C04, 0x3B04,
0x1B04, 0xFB03, 0xFA03, 0xFA03, 0x1A04, 0xDB0B, 0xFB0B, 0x1C0C, 0x1C0C, 0x3D0C,
0x3D0C, 0x1E0C, 0xDD03, 0xDD03, 0xBD03, 0x5D04, 0x5D04, 0x1C04, 0xFC03, 0xFC03,
0xFC03, 0x1C04, 0x3C04, 0x3C04, 0x3C04, 0xBB03, 0xFB03, 0x3B04, 0x5B04, 0x5B04,
0x7B04, 0x5B04, 0x3C04, 0x3C04, 0x3C04, 0xDF0B, 0x1E04, 0x3B04, 0x5A04, 0x5A04,
0x5A04, 0x5B04, 0x7D04, 0x9E04, 0xFD13, 0xFD13, 0x3D04, 0x5D04, 0x3C04, 0xFB13,
0xFB13, 0xDB0B, 0x3D04, 0xBF04, 0x1E14, 0x1E14, 0x3E14, 0x1D0C, 0xDC03, 0xDB03,
0x1C04, 0x1C04, 0x3C04, 0x3B04, 0x7F04, 0x7F0C, 0x7F0C, 0xFE0B, 0xDD03, 0x7E04,
0x9E04, 0x9E04, 0x3D04, 0x3F04, 0x3C0C, 0x3C04, 0x3C04, 0x3B04, 0x3B04, 0x3B04,
0x3C04, 0x3C0C, 0x3C0C, 0x3C14, 0xFD03, 0x1D04, 0x3C04, 0x3C04, 0x7B04, 0x7C04,
0x5D04, 0x1E04, 0x1E04, 0xFF03, 0xDC03, 0x1D04, 0x1C0C, 0x1C0C, 0xFA03, 0xFA03,
0x3C0C, 0x5C04, 0x1C04, 0x1C04, 0x3A04, 0x3B04, 0x5B04, 0x5B04, 0x5B04, 0x5C04,
0x3C04, 0x1C04, 0xFC03, 0xFC03, 0x7D0C, 0x3C04, 0xFC03, 0xFB03, 0xFB03, 0x1B0C,
0x3B1C, 0x1B14, 0xFB0B, 0x3D1C, 0x3D1C, 0x3D0C, 0x3C04, 0x1B04, 0xDA03, 0xDA03,
0xDA03, 0xFA03, 0x3A04, 0xDA03, 0xDA03, 0x1C04, 0x5D14, 0x3D14, 0xFC13, 0xFC13,
0xBB03, 0xBB03, 0xDB03, 0xD903, 0xDA03, 0xDA03, 0xFB03, 0xFC03, 0xFC03, 0x1C04,
0x1C04, 0x3C0C, 0x3B14, 0x3B04, 0x3C04, 0x3C04, 0x1D04, 0x3F04, 0x7F04, 0x5F0C,
0x5F0C, 0x1D0C, 0xDB13, 0xFA03, 0x1B04, 0x5C04, 0x5C04, 0x3D04, 0x3C04, 0x1B04,
0x3B0C, 0x3B0C, 0x5B14, 0xBC13, 0xDD13, 0x1D14, 0x1D14, 0x1C0C, 0xFB03, 0xFA03,
0x1B04, 0x1B04, 0x3C0C, 0x1C04, 0x3C04, 0x3D04, 0x7F04, 0x7F04, 0x5E04, 0x5D04,
0x5D04, 0x3D04, 0x3D04, 0x5E0C, 0x5F0C, 0x5F0C, 0xFD03, 0xFD03, 0xFC03, 0xFC03,
0xFB03, 0x1B04, 0x1B04, 0x3C04, 0x7C04, 0x7C04, 0x3E14, 0x3E14, 0x5E0C, 0x7E04,
0x7D04, 0x7A04, 0x582C, 0x582C, 0x375C, 0x3684, 0x1F75, 0x7F44, 0x7F44, 0x1D14,
0x3D04, 0x1C04, 0xFA1B, 0xFA1B, 0x7B5C, 0x5D95, 0x7A94, 0xF95B, 0xF95B, 0x982B,
0xD83B, 0x996C, 0xFA7C, 0xBA44, 0xBA44, 0x3A04, 0x1D04, 0x5C04, 0xDC04, 0xDC04,
0x3C35, 0x7D7D, 0x1E8D, 0x9E4C, 0x9E4C, 0x3E04, 0x5F04, 0x1E04, 0x3D04, 0x3D04,
0x5E04, 0x7E04, 0x5E04, 0x5F04, 0x5F04, 0x5F04, 0x7C4C, 0x9D64, 0x9D7C, 0x7C5C,
0x7C5C, 0x3A2C, 0x1904, 0x3B0C, 0x5D24, 0x5D24, 0x7E14, 0x5E14, 0x1D0C, 0xDD03,
0xDD03, 0xDD03, 0xDD03, 0xDE03, 0xFE03, 0x1924, 0x1924, 0x983B, 0x996B, 0x1C94,
0x3D8C, 0x3D8C, 0xFD53, 0x1E14, 0x9F04, 0x5E04, 0x5E04, 0x3C14, 0xDC4C, 0xDE85,
0xDE85, 0xDE85, 0xBC3C, 0xFC03, 0x1E04, 0x1E04, 0x5F04, 0x5F04, 0x9E04, 0x9D04,
0x5C04, 0x1C04, 0x1C04, 0xFD03, 0xFE03, 0x1B0C, 0x5D04, 0x5D04, 0x7F04, 0x7F04,
0x3D04, 0x1D04, 0x1D04, 0x3F04, 0x7F04, 0x7E04, 0x3D04, 0x1C04, 0x1C04, 0x5D0C,
0xDE44, 0xFF6C, 0xBD7C, 0xBD7C, 0x5B74, 0x5D1C, 0x5D14, 0x3C04, 0x3C04, 0x3C04,
0x3C04, 0x5C04, 0x7D04, 0x7D04, 0x9D04, 0x3B04, 0x5C04, 0x5D04, 0x7D04, 0x7D04,
0x3D04, 0x1D04, 0xFC03, 0xDC03, 0xDC03, 0x3D0C, 0x3D0C, 0x3D04, 0x1C04, 0x1C04,
0xDD03, 0xBD03, 0xDE03, 0xFF0B, 0xFF0B, 0x3914, 0xF823, 0xB843, 0xFA73, 0x5D84,
0x5D84, 0x7F6C, 0x3E2C, 0xDC03, 0x5E04, 0x5E04, 0x1C04, 0xBB0C, 0xDE5D, 0xFF8D,
0xFF8D, 0xFC6C, 0x1B34, 0xFD0B, 0x1C04, 0x1C04, 0x3C04, 0x5C04, 0x5C04, 0x5C04,
0x3D14, 0x3D14, 0xFD33, 0xDD3B, 0xB995, 0x1CAE, 0x1CAE, 0x7A95, 0x365C, 0xF62B,
0x381C, 0x381C, 0x1914, 0x1A1C, 0x7F04, 0x7F04, 0x7F04, 0x5F04, 0x5E04, 0x3D04,
0xFC03, 0xDB03, 0xDB03, 0xDB03, 0x1A0C, 0x3B2C, 0x9C5C, 0x9C5C, 0xBD74, 0xBD74,
0x9D54, 0x3C24, 0x3C24, 0x1B04, 0x5E0C, 0x7E04, 0x5F04, 0x5F04, 0x1F04, 0x3F04,
0x5F04, 0x7E04, 0x7E04, 0x7E04, 0xBE03, 0xBE03, 0xDE03, 0xFD03, 0xFD03, 0x1E04,
0x3D0C, 0x3D0C, 0x5D0C, 0x5D0C, 0x1B04, 0x5D04, 0x9F04, 0x9F04, 0x9F04, 0x5E04,
0x1D04, 0x1E04, 0x3F04, 0x9F04, 0x9F04, 0x5D04, 0x3C04, 0x7D1C, 0xDF54, 0xDF54,
0xFF74, 0x9D74, 0x3A64, 0xFE03, 0xFE03, 0x1E04, 0x3D04, 0x5D04, 0x5D04, 0x5D04,
0x7D04, 0x9E04, 0xBE04, 0x3F04, 0x3F04, 0x3F04, 0x5E0C, 0x5D0C, 0x5D04, 0x5D04,
0x5D04, 0x5E04, 0x5E04, 0x5D04, 0x3D04, 0x3D04, 0x1D04, 0xFD03, 0x1D04, 0x7D24,
0x7D24, 0xFD44, 0x3D5D, 0x7B5C, 0x3B44, 0xFB23, 0xFB23, 0xFC03, 0x3C04, 0x3D04,
0x3C04, 0x3C04, 0x3C04, 0xBE04, 0x9E04, 0x7D04, 0x7D04, 0x5D04, 0x7E04, 0x7E04,
0x3E04, 0x3E04, 0xFD03, 0x3C0C, 0x1C0C, 0xFB03, 0x3D04, 0x3D04, 0x1C04, 0x1B0C,
0xFB1B, 0xFB1B, 0xFB1B, 0xFC0B, 0x1E04, 0x1F04, 0x5D04, 0x5D04, 0x5D04, 0x3C04,
0x3C04, 0x3B04, 0x3B04, 0x3B04, 0x3B04, 0x3A0C, 0x5C04, 0x5C04, 0x1C04, 0xDC03,
0xBC03, 0xDB03, 0x3C0C, 0x3C0C, 0xBD34, 0xFD54, 0x9B7D, 0xBA4C, 0xBA4C, 0x3B14,
0x5E04, 0x7F04, 0x1E04, 0x1E04, 0x3C04, 0x7C14, 0x995C, 0x392C, 0x392C, 0xD90B,
0x3A2C, 0xDC6C, 0x1E85, 0xDF5C, 0xDF5C, 0x7F2C, 0x1C14, 0xFC03, 0xDC03, 0xDC03,
0x1D04, 0x5C1C, 0x7B34, 0x3A2C, 0x3A2C, 0xF823, 0x1C04, 0x3C0C, 0x3C14, 0x3C14,
0xFC0B, 0xFC03, 0x1D04, 0x1E04, 0x3E04, 0x3E04, 0x7C44, 0xBD64, 0xFE6C, 0xBC54,
0xBC54, 0x5914, 0x1804, 0x7A04, 0xDC0C, 0xDC0C, 0x7A04, 0x5A04, 0x3B04, 0x3C04,
0x3C04, 0x3D04, 0x3E04, 0x3E04, 0x5F04, 0x5F04, 0x5F04, 0x3D14, 0xBC3C, 0x7D6D,
0x7D6D, 0x7D6D, 0xBB44, 0x3B1C, 0x3D0C, 0x3D04, 0x3D04, 0x1C0C, 0x3A2C, 0x5944,
0x5944, 0x5944, 0x3A2C, 0x1B0C, 0x3D04, 0x3F04, 0x1D04, 0x1D04, 0xFB03, 0xDA03,
0xFA13, 0x3C14, 0x3C14, 0x7E0C, 0x9F0C, 0x1C0C, 0x1C04, 0x1C04, 0x1D04, 0x1D04,
0x1D0C, 0x3C0C, 0x3C0C, 0x3D04, 0x1E04, 0x5F14, 0x1D04, 0xDB03, 0xDB03, 0x3C14,
0xDE44, 0x1F6D, 0xBD6C, 0xBD6C, 0x5A5C, 0x1D04, 0xFC03, 0xFC03, 0xFC03, 0x1B04,
0x1B04, 0x3B04, 0x5B0C, 0x5B0C, 0x5B0C, 0xBA23, 0xDB1B, 0xDB13, 0xFC03, 0xFC03,
0x1C04, 0x3C04, 0x5C04, 0x5C04, 0x5C04, 0x3F04, 0x1E04, 0xFD03, 0x1C04, 0x1C04,
0x5C04, 0x7C04, 0x9B04, 0x7B04, 0x7B04, 0xBF04, 0x7D04, 0x5B04, 0xBC34, 0x3D65,
0x3D65, 0x5D65, 0xDB44, 0x381C, 0xBA0B, 0xBA0B, 0xBA03, 0xDB03, 0x5C0C, 0x7C2C,
0x7C2C, 0x7A3C, 0x3934, 0x1824, 0x3C04, 0x3C04, 0x3C04, 0x5C04, 0x7C04, 0x5D0C,
0x3D24, 0x3D24, 0xFE3B, 0xDE4B, 0xB944, 0x3C5D, 0x3C5D, 0xDC4C, 0x1A1C, 0x1C04,
0x5E04, 0x5E04, 0x3F04, 0x1F04, 0xF913, 0xFA13, 0xFA13, 0xDA13, 0xDB0B, 0xFD0B,
0x1E04, 0x5F04, 0x5F04, 0x7F04, 0x9A04, 0x9A1C, 0x9B4C, 0x9B4C, 0x9C6C, 0x9C6C,
0x9C44, 0x9B0C, 0x9B0C, 0x9B04, 0x3C14, 0x1C0C, 0x3D0C, 0x3D0C, 0x5E0C, 0x5E0C,
0x3D04, 0x1D04, 0x1D04, 0x1D04, 0x5F04, 0x3F04, 0x3E04, 0x1D04, 0x1D04, 0x3C04,
0x5B04, 0x7A04, 0x7A04, 0x7A04, 0x1C04, 0x1C04, 0xFD03, 0xFD03, 0xFD03, 0x1C0C,
0x3C14, 0x3D0C, 0x3E04, 0x5F0C, 0x5F0C, 0x1D04, 0xFB03, 0x5C1C, 0xDE4C, 0xDE4C,
0xFE6C, 0x9C64, 0x394C, 0x7C04, 0x7C04, 0x1B04, 0xBA03, 0xDB13, 0x5C1C, 0x5C1C,
0x9C1C, 0x7B0C, 0x5A04, 0x5E04, 0x5D04, 0x5D04, 0x5D04, 0x3D04, 0x1D0C, 0x1D14,
0x1D14, 0x1D14, 0x1D1C, 0xFB13, 0x1B0C, 0x1B0C, 0x1C0C, 0xFC0B, 0x1C0C, 0x7C2C,
0x7C2C, 0x1D4D, 0x9E65, 0xDC44, 0x7C34, 0x1B1C, 0x1B1C, 0xFB0B, 0xFC03, 0x1D0C,
0x1D14, 0x1D14, 0x1D1C, 0x3A04, 0x5A0C, 0x7B0C, 0x7B0C, 0x7C04, 0x3C04, 0x3C04,
0x3D04, 0x3D04, 0x3D0C, 0x3E0C, 0x3E0C, 0x3E0C, 0x375C, 0x375C, 0x194C, 0x1B34,
0xFD1B, 0xFD0B, 0xFD0B, 0x1B0C, 0x3814, 0x3714, 0x1B04, 0x1B04, 0x1B04, 0x1C04,
0x3C1C, 0x3C34, 0x3C34, 0x3D44, 0x5D54, 0x5D5C, 0x1B04, 0x1B04, 0x3C04, 0x1E0C,
0x1F0C, 0x1E04, 0x1D04, 0x1D04, 0x1C04, 0x1B0C, 0xFB03, 0xFC03, 0xFC03, 0xFD03,
0x1F04, 0x5F04, 0x5E04, 0x5E04, 0x3C04, 0xFA03, 0x1C04, 0x1D04, 0x1D04, 0x1F04,
0x1E04, 0x3C04, 0x3B04, 0x5D04, 0x5D04, 0x3F04, 0x5F04, 0x1F0C, 0xDD0B, 0xDD0B,
0xBB0B, 0xDA03, 0x1B04, 0x5D04, 0x5D04, 0x7F04, 0x9613, 0xF72B, 0x1834, 0x1834,
0xB82B, 0x9823, 0x1B1C, 0x5D14, 0x7D0C, 0x7D0C, 0x9D04, 0x7D04, 0x5D0C, 0x5C04,
0x5C04, 0x5C04, 0x3C04, 0x3D04, 0x3E04, 0x3E04, 0x7D04, 0x5D14, 0x3C2C, 0x3B44,
0x3B44, 0x1A4C, 0x194C, 0xF74B, 0x1644, 0xDE13, 0xDE13, 0x1D0C, 0x3B04, 0x5A04,
0x3A04, 0x3A04, 0x1C04, 0xDD03, 0xBF03, 0x5F04, 0x5F04, 0x7F04, 0x5E04, 0xFC03,
0xDB03, 0xDB03, 0x1C0C, 0x3B0C, 0x1A04, 0x1624, 0xF813, 0xF813, 0xFA0B, 0x1D14,
0x5E24, 0x7C34, 0x7C34, 0x794C, 0x5654, 0xBB03, 0xFC03, 0xFC03, 0x1D04, 0x1B14,
0xF823, 0xD733, 0xD733, 0x1744, 0x5944, 0x1B2C, 0x3B1C, 0x3B0C, 0x3B0C, 0x3C04,
0x5C0C, 0x3C0C, 0x3C04, 0x3C04, 0x3B04, 0x3D04, 0x3D04, 0x3C0C, 0x3C0C, 0x3C1C,
0x3C2C, 0x5C44, 0x5D54, 0x5D54, 0x7D64, 0x190C, 0x3A0C, 0x5C0C, 0x5D0C, 0x5D0C,
0x3D0C, 0x1D0C, 0xDC0B, 0xBC0B, 0xBC0B, 0x563B, 0xF953, 0x7B64, 0x9C5C, 0x9C5C,
0x3B3C, 0xFA1B, 0x3B04, 0x9C04, 0x9C04, 0x9E23, 0xDD13, 0x1C04, 0x3B04, 0x5C04,
0x5C04, 0x3C04, 0xFC03, 0xBC03, 0x3F14, 0x3F14, 0x5F0C, 0x3E04, 0xBA03, 0x9803,
0x9803, 0xFA0B, 0x5D04, 0x5E04, 0x7E04, 0x7E04, 0x3D04, 0x1D04, 0x1D0C, 0x1D0C,
0x1D04, 0x1D04, 0x3D04, 0x7E04, 0x1D04, 0xFD03, 0xFD03, 0xFD03, 0x1E04, 0x3E04,
0x1D04, 0x1D04, 0x1D04, 0x5E0C, 0x990B, 0xDA1B, 0xDA1B, 0x3B34, 0x7C4C, 0x7C4C,
0x5A3C, 0x1824, 0x1824, 0xF713, 0x5D04, 0x5D04, 0x5C04, 0x5C04, 0x5C04, 0x3C04,
0x5C04, 0x5D04, 0x5D04, 0x5E04, 0x7E1C, 0x1B24, 0xD733, 0xD733, 0xF643, 0xF63B,
0xB723, 0xFB03, 0x5F04, 0x5F04, 0x174C, 0x184C, 0xF84B, 0xFA4B, 0xFA4B, 0xFB3B,
0x3C2C, 0x7D14, 0x9D04, 0x9D04, 0xBB03, 0xFC03, 0x1C04, 0xFA0B, 0xFA0B, 0xD823,
0xD73B, 0x384C, 0x9A54, 0x5C24, 0x5C24, 0x3B14, 0x1A04, 0x1A04, 0x1B04, 0x1B04,
0x1B04, 0x3B04, 0x5B04, 0xDE03, 0xDE03, 0x3F04, 0x7F04, 0x3D04, 0xDC03, 0xDC03,
0x7B13, 0x9D33, 0xDE53, 0x3954, 0x1A3C, 0x1A3C, 0xFC13, 0xDD03, 0xDC03, 0xFA03,
0xFA03, 0x1724, 0x3534, 0x9A4C, 0x9B3C, 0x9B3C, 0x5C2C, 0x1C14, 0xDC03, 0xDC03,
0xDC03, 0x1C04, 0x5D0C, 0x5D04, 0x5D04, 0x5D04, 0x5D04, 0x3D04, 0xFC13, 0xFB2B,
0x1B44, 0x1B44, 0x5C54, 0xDC33, 0xBB23, 0xBB13, 0xBB13, 0xFC0B, 0x3E04, 0x5F04,
0x3F04, 0x3F04, 0x1F04, 0x9633, 0xB733, 0xF73B, 0x3E1C, 0x3E1C, 0xBE44, 0x5E7D,
0xBD9D, 0xBD8D, 0xBD8D, 0x5D4D, 0xBD04, 0x3D04, 0x5C04, 0x5C04, 0x3C04, 0xFB03,
0xDB13, 0xFB23, 0xFB23, 0x1C3C, 0x7D54, 0x9E64, 0x3CAE, 0x3CAE, 0xDC95, 0x3B5D,
0x9B1C, 0x3B04, 0x1C04, 0x1C04, 0x3F04, 0x5F14, 0x3E04, 0x7D04, 0x7D04, 0x9C04,
0x9A04, 0x5904, 0x5A04, 0x5A04, 0x5C04, 0x7E0C, 0x3D04, 0x1D04, 0x1D04, 0xFD03,
0x1C04, 0x3A04, 0x3904, 0x190C, 0x190C, 0xF913, 0xFB13, 0x5A04, 0x7A04, 0x7A04,
0x5A0C, 0xFC1B, 0xDD23, 0x1F0C, 0x1F0C, 0x7F04, 0x5D4D, 0x9E5D, 0x5E5D, 0x5E5D,
0x9C4C, 0x1A34, 0x1B24, 0x1B0C, 0x1B04, 0x1B04, 0x3E04, 0x1D04, 0xDC03, 0xDD03,
0xDD03, 0x1E0C, 0x1F0C, 0xFF0B, 0xBF0B, 0xBF0B, 0x1D9E, 0xBD95, 0x3C85, 0xBC64,
0xBC64, 0x5D44, 0x3D1C, 0x3E04, 0x5E04, 0x5D04, 0x5D04, 0x3D04, 0xFE03, 0xDE03,
0xDD03, 0xDD03, 0x1C0C, 0x3B0C, 0x5A04, 0x1D04, 0x1D04, 0xFC03, 0xFC03, 0x5D14,
0x5D0C, 0x5D0C, 0x1C04, 0x1D04, 0x3E04, 0xFD03, 0x9E1C, 0x9E1C, 0x7E6D, 0xFE9D,
0x9D9D, 0xDB6C, 0xDB6C, 0x1B2C, 0xBB03, 0x5F2D, 0x5E0C, 0x5E0C, 0xBB03, 0x1B14,
0x3D55, 0xBE75, 0xBE75, 0xFB5C, 0x173C, 0x1B0C, 0x5C04, 0x9D04, 0x9D04, 0x7E04,
0x1D04, 0xFD03, 0x1D04, 0x1D04, 0x5E04, 0x9E04, 0x5D04, 0x1C04, 0x1C04, 0xFB0B,
0xFB23, 0x3C3C, 0x7D5C, 0x7D5C, 0xBE6C, 0x7F8E, 0xDF6D, 0xDF3C, 0x1C14, 0x1C14,
0xDB03, 0xFB03, 0x7D04, 0xDF04, 0xDF04, 0xFE04, 0x5B04, 0xFA1B, 0x9C4C, 0x9C4C,
0x9F7D, 0xFF95, 0x3E7D, 0x7B64, 0x7B64, 0xDD03, 0x1D0C, 0x3E0C, 0x3D0C, 0xFC0B,
0xFC0B, 0xDC0B, 0xFC03, 0x5D04, 0x7B0C, 0x7B0C, 0x3B04, 0x3C04, 0x5D14, 0x5C14,
0x5C14, 0x1C0C, 0xFE03, 0x3F04, 0x5E04, 0x5E04, 0x1E04, 0xFD03, 0xFD03, 0xFD03,
0x3C04, 0x3C04, 0x7C04, 0x9D04, 0x5E04, 0x1D04, 0x1D04, 0x3E04, 0x3D04, 0xDB03,
0xB90B, 0xB90B, 0x3A24, 0xFD44, 0x9F96, 0xFF85, 0xFF85, 0x1D6D, 0x3B4C, 0xDA2B,
0xDB13, 0x3C04, 0x3C04, 0x7D04, 0xBE0B, 0xDE0B, 0x1D04, 0x1D04, 0x3D04, 0x3D04,
0x1E04, 0xDE03, 0xDE03, 0x9F0B, 0xFC0B, 0x3B24, 0xDB54, 0xDB54, 0x9C7D, 0x9C75,
0xBB44, 0xFB0B, 0xDD03, 0xDD03, 0x3E04, 0x3D04, 0x3D1C, 0x7D44, 0x7D44, 0xDD6C,
0x5D85, 0xBD95, 0xFC95, 0xFC95, 0x1F1D, 0x3D04, 0xBB03, 0x3C1C, 0x3C1C, 0x7E5D,
0xDF75, 0x1B65, 0xF73B, 0x3C04, 0x3C04, 0x5C04, 0x7C04, 0x3C04, 0xDC03, 0xDC03,
0xDC03, 0x1D04, 0x7E04, 0x3904, 0x3904, 0xF903, 0x3B2C, 0x1F65, 0x1F9E, 0x1F9E,
0x3FA6, 0x5F85, 0x5B5C, 0x1724, 0x3914, 0x3914, 0x3C04, 0x5E04, 0x9F14, 0xDF3C,
0xDF3C, 0x3D6D, 0x5C8D, 0xBC44, 0x5C34, 0x5C34, 0xFB13, 0xDB03, 0xDC03, 0xFD03,
0xFD03, 0x1D04, 0x3E04, 0xBD03, 0xFD03, 0x3E04, 0x3E04, 0x5D04, 0x3C0C, 0x3A0C,
0x5A1C, 0x5A1C, 0x7A24, 0xFD7C, 0xFF95, 0x7F96, 0x7F96, 0xDF6D, 0x5B2C, 0x980B,
0x1B14, 0x1B14, 0xFE2C, 0xBE75, 0x7E6D, 0x3C65, 0x3E1C, 0x3E1C, 0xBE44, 0x5E7D,
0xBD9D, 0xBD8D, 0xBD8D, 0x5D4D, 0xBD04, 0x3D04, 0x5C04, 0x5C04, 0x3C04, 0xFB03,
0xDB13, 0xFB23, 0xFB23, 0x1C3C, 0x7D54, 0x9E64, 0x3CAE, 0x3CAE, 0xDC95, 0x3B5D,
0x9B1C, 0x3B04, 0x1C04, 0x1C04, 0x3F04, 0x5F14, 0x3E04, 0x7D04, 0x7D04, 0x9C04,
0x9A04, 0x5904, 0x5A04, 0x5A04, 0x5C04, 0x7E0C, 0x3D04, 0x1D04, 0x1D04, 0xFD03,
0x1C04, 0x3A04, 0x3904, 0x190C, 0x190C, 0xF913, 0xFB13, 0x5A04, 0x7A04, 0x7A04,
0x5A0C, 0xFC1B, 0xDD23, 0x1F0C, 0x1F0C, 0x7F04, 0x5D4D, 0x9E5D, 0x5E5D, 0x5E5D,
0x9C4C, 0x1A34, 0x1B24, 0x1B0C, 0x1B04, 0x1B04, 0x3E04, 0x1D04, 0xDC03, 0xDD03,
0xDD03, 0x1E0C, 0x1F0C, 0xFF0B, 0xBF0B, 0xBF0B, 0x1D9E, 0xBD95, 0x3C85, 0xBC64,
0xBC64, 0x5D44, 0x3D1C, 0x3E04, 0x5E04, 0x5D04, 0x5D04, 0x3D04, 0xFE03, 0xDE03,
0xDD03, 0xDD03, 0x1C0C, 0x3B0C, 0x5A04, 0x1D04, 0x1D04, 0xFC03, 0xFC03, 0x5D14,
0x5D0C, 0x5D0C, 0x1C04, 0x1D04, 0x3E04, 0xFD03, 0x9E1C, 0x9E1C, 0x7E6D, 0xFE9D,
0x9D9D, 0xDB6C, 0xDB6C, 0x1B2C, 0xBB03, 0x5F2D, 0x5E0C, 0x5E0C, 0xBB03, 0x1B14,
0x3D55, 0xBE75, 0xBE75, 0xFB5C, 0x173C, 0x1B0C, 0x5C04, 0x9D04, 0x9D04, 0x7E04,
0x1D04, 0xFD03, 0x1D04, 0x1D04, 0x5E04, 0x9E04, 0x5D04, 0x1C04, 0x1C04, 0xFB0B,
0xFB23, 0x3C3C, 0x7D5C, 0x7D5C, 0xBE6C, 0x7F8E, 0xDF6D, 0xDF3C, 0x1C14, 0x1C14,
0xDB03, 0xFB03, 0x7D04, 0xDF04, 0xDF04, 0xFE04, 0x5B04, 0xFA1B, 0x9C4C, 0x9C4C,
0x9F7D, 0xFF95, 0x3E7D, 0x7B64, 0x7B64, 0xDD03, 0x1D0C, 0x3E0C, 0x3D0C, 0xFC0B,
0xFC0B, 0xDC0B, 0xFC03, 0x5D04, 0x7B0C, 0x7B0C, 0x3B04, 0x3C04, 0x5D14, 0x5C14,
0x5C14, 0x1C0C, 0xFE03, 0x3F04, 0x5E04, 0x5E04, 0x1E04, 0xFD03, 0xFD03, 0xFD03,
0x3C04, 0x3C04, 0x7C04, 0x9D04, 0x5E04, 0x1D04, 0x1D04, 0x3E04, 0x3D04, 0xDB03,
0xB90B, 0xB90B, 0x3A24, 0xFD44, 0x9F96, 0xFF85, 0xFF85, 0x1D6D, 0x3B4C, 0xDA2B,
0xDB13, 0x3C04, 0x3C04, 0x7D04, 0xBE0B, 0xDE0B, 0x1D04, 0x1D04, 0x3D04, 0x3D04,
0x1E04, 0xDE03, 0xDE03, 0x9F0B, 0xFC0B, 0x3B24, 0xDB54, 0xDB54, 0x9C7D, 0x9C75,
0xBB44, 0xFB0B, 0xDD03, 0xDD03, 0x3E04, 0x3D04, 0x3D1C, 0x7D44, 0x7D44, 0xDD6C,
0x5D85, 0xBD95, 0xFC95, 0xFC95, 0x1F1D, 0x3D04, 0xBB03, 0x3C1C, 0x3C1C, 0x7E5D,
0xDF75, 0x1B65, 0xF73B, 0x3C04, 0x3C04, 0x5C04, 0x7C04, 0x3C04, 0xDC03, 0xDC03,
0xDC03, 0x1D04, 0x7E04, 0x3904, 0x3904, 0xF903, 0x3B2C, 0x1F65, 0x1F9E, 0x1F9E,
0x3FA6, 0x5F85, 0x5B5C, 0x1724, 0x3914, 0x3914, 0x3C04, 0x5E04, 0x9F14, 0xDF3C,
0xDF3C, 0x3D6D, 0x5C8D, 0xBC44, 0x5C34, 0x5C34, 0xFB13, 0xDB03, 0xDC03, 0xFD03,
0xFD03, 0x1D04, 0x3E04, 0xBD03, 0xFD03, 0x3E04, 0x3E04, 0x5D04, 0x3C0C, 0x3A0C,
0x5A1C, 0x5A1C, 0x7A24, 0xFD7C, 0xFF95, 0x7F96, 0x7F96, 0xDF6D, 0x5B2C, 0x980B,
0x1B14, 0x1B14, 0xFE2C, 0xBE75, 0x7E6D, 0x3C65, 0x1B04, 0x1B04, 0x1C04, 0x3D04,
0x3E04, 0x3E04, 0x3E04, 0x1E0C, 0x1D0C, 0xFC0B, 0x7E04, 0x7E04, 0x5D04, 0x3C04,
0x3C04, 0x3B04, 0x3B04, 0x3B04, 0x5B04, 0x5B04, 0xFA0B, 0xFA0B, 0x1B0C, 0x3C14,
0x5C0C, 0x5C04, 0x5C04, 0x5C04, 0x3B14, 0x1B24, 0xBE64, 0xFA53, 0xFA53, 0xB65B,
0x3774, 0x9974, 0x3B54, 0x3B54, 0xFD33, 0x1F24, 0x7E04, 0x5D04, 0x5D04, 0x3C04,
0x5D0C, 0x5D34, 0x5D54, 0x5B54, 0x5B54, 0x3A4C, 0x7764, 0xD85C, 0x1A4D, 0x1A4D,
0xBC2C, 0xFC0B, 0x9B03, 0xBA0B, 0xBA0B, 0x1914, 0xFB03, 0x1C0C, 0x1C0C, 0x1C0C,
0xFC0B, 0xFC03, 0x1D04, 0x3E04, 0x3E04, 0x3E04, 0x1C0C, 0x1C04, 0x1C04, 0x1C04,
0x1C04, 0x1C0C, 0x3D0C, 0x1D0C, 0x1D0C, 0x1D0C, 0x3D04, 0x1D04, 0x1D04, 0x1D04,
0x1D04, 0x3C04, 0x5C04, 0x9C04, 0xBC04, 0x3D04, 0x3D04, 0xDE03, 0xBF1B, 0x1F4C,
0x3F64, 0x3F64, 0xDA5B, 0x155C, 0x9464, 0x966C, 0x966C, 0x7854, 0x5A34, 0x1B0C,
0xFC03, 0xFC03, 0x1D04, 0x3D04, 0x1C04, 0x3C04, 0x3D0C, 0x3D0C, 0x1E0C, 0xFE0B,
0xDD13, 0xDC0B, 0xDC0B, 0xDB13, 0xDA13, 0xFB03, 0x1C04, 0x1C04, 0x1D04, 0x1D04,
0x1C04, 0x1C0C, 0x1C0C, 0x1D04, 0x3E04, 0xBE0B, 0xFF03, 0x1F04, 0x1F04, 0x1F04,
0x1E0C, 0x1D14, 0x3C0C, 0x3C0C, 0x5C0C, 0x3D04, 0x3C04, 0x1B04, 0x1B04, 0x1B04,
0x1A04, 0x3B04, 0x5B0C, 0x5B0C, 0x5B14, 0x1A04, 0x1A04, 0x1B04, 0x1C04, 0x1C04,
0x1D04, 0x1D0C, 0xFD0B, 0xFD0B, 0xFD0B, 0x9B04, 0x9B04, 0x7B04, 0x3C04, 0x3C04,
0x3D04, 0x1E04, 0x1E04, 0x1F04, 0x1F04, 0x1C04, 0x3D04, 0x3D0C, 0x1D2C, 0xFC4B,
0xFC4B, 0xFB53, 0x1A54, 0x594C, 0xB664, 0xB664, 0xDA5C, 0xBD3C, 0x5D14, 0xFB03,
0xFB03, 0xFB03, 0x1C0C, 0x3D1C, 0xDD03, 0xDD03, 0x1E04, 0x3D04, 0x1C04, 0x3C04,
0x9D0C, 0x9D0C, 0x9D1C, 0x3C24, 0x1D0C, 0x1D04, 0x1D04, 0x3D04, 0x3E04, 0xFD03,
0x3E04, 0x3E04, 0x9F14, 0x9E0C, 0x1D04, 0x1D04, 0x1D04, 0xFD03, 0xFD0B, 0xFC13,
0x1C0C, 0x1B04, 0x1B04, 0x3B04, 0xFD0B, 0x1C0C, 0x1C0C, 0x1C0C, 0x3C0C, 0x3C04,
0x1C04, 0x1C04, 0x1C04, 0xFC03, 0xFC0B, 0xFB03, 0xFC03, 0xFC03, 0x1C04, 0x1C04,
0xDC03, 0xDC03, 0xFC03, 0xFC03, 0x9C04, 0x9C04, 0x7C04, 0x3C04, 0x3C04, 0x1D04,
0x1D04, 0x1D04, 0x3D04, 0x3D04, 0xFB03, 0x1C04, 0x1D04, 0x1D04, 0x1D04, 0x1C0C,
0x1C0C, 0x1D0C, 0x3E04, 0x7E03, 0x7E03, 0xDE03, 0x1F04, 0x3E0C, 0x3E14, 0x3E14,
0x1D14, 0x3D0C, 0x5C04, 0xFD0B, 0xFD0B, 0x3D0C, 0x7D04, 0x5C04, 0x1A04, 0x1A04,
0xD903, 0xB903, 0xBA0B, 0xDD03, 0xDD03, 0xDD03, 0xDD03, 0xDC03, 0xFC03, 0x1C04,
0x1C04, 0x1C04, 0x1B04, 0x3E04, 0x1D04, 0x1D04, 0xFD03, 0x1D04, 0x5E04, 0x7E0C,
0x7E0C, 0x7D0C, 0x3C0C, 0xDA03, 0xFA03, 0xFB03, 0xFB03, 0x3C04, 0x7D04, 0x7E04,
0x3D04, 0x3D04, 0xFC03, 0xF903, 0x1904, 0x1A04, 0x1A04, 0x1B04, 0x1B04, 0x3C04,
0x1C04, 0x1C04, 0x1D04, 0x3E0C, 0x3E0C, 0x3E04, 0x5E04, 0x5E04, 0x3D04, 0x1D04,
0xDD03, 0xDD03, 0xDD03, 0xFD03, 0x1E0C, 0x5F14, 0xBB03, 0xBB03, 0xDC03, 0x3C04,
0x5D04, 0x7D04, 0x7D04, 0x7C04, 0x5B04, 0x3B04, 0x7D04, 0x7D04, 0x5E04, 0x3F0C,
0x1F0C, 0x1F04, 0x3E04, 0x3E04, 0x7F04, 0x7F04, 0xBF04, 0xDC03, 0xDC03, 0xB91B,
0x9B5C, 0x7E8D, 0x7D7D, 0x7D7D, 0xFC54, 0xDB3C, 0xFE1B, 0xFE0B, 0xFE0B, 0x1D04,
0x1D04, 0x3E0C, 0x3E0C, 0x3C04, 0x3C04, 0x3A04, 0x1F55, 0x5E75, 0x7D8D, 0x7D8D,
0x3C6D, 0xBB2C, 0x3B04, 0x3C04, 0x3C04, 0x5D04, 0x5F04, 0x1E04, 0x1D04, 0x1D04,
0x5E04, 0x7E04, 0x5E04, 0x3E04, 0x3F04, 0x3F04, 0x1B04, 0x3C04, 0x5C04, 0x5C04,
0x5C04, 0x3C04, 0x3B04, 0x5B04, 0x7C04, 0x7C04, 0xBE03, 0xDE03, 0xFE03, 0x3E0C,
0x3E0C, 0x3E0C, 0x3D0C, 0x1D04, 0xFC03, 0x591C, 0x591C, 0xD803, 0xB903, 0x1B04,
0x3C04, 0x3C04, 0x3B04, 0x7B14, 0x3E2D, 0x5A8D, 0x5A8D, 0xBE85, 0x7F55, 0x7E14,
0x3E04, 0x3E04, 0x9F04, 0x5D0C, 0xB903, 0x1D04, 0x1D04, 0x1D04, 0x1D04, 0x3E04,
0x7F04, 0x9F04, 0x9F04, 0x5E04, 0x1D04, 0x3B0C, 0x5D04, 0x5D04, 0x5E04, 0x5E04,
0x3E04, 0x1D04, 0x1D04, 0x3F04, 0x5F04, 0xDE1B, 0xDE0B, 0xFE03, 0xFE03, 0xFE03,
0xFD0B, 0xFC0B, 0x1B04, 0x1B04, 0x3A04, 0x3C04, 0x5D04, 0x7D04, 0x7D04, 0x9D04,
0x9D04, 0x7D04, 0x5C04, 0x5C04, 0x3C04, 0x1C14, 0x3C0C, 0x3D0C, 0x5D04, 0x5D04,
0x5D04, 0x5D04, 0x3C04, 0x1C04, 0x1C04, 0x1F0C, 0x1F0C, 0x1E0C, 0xFD03, 0xFD03,
0xFC03, 0xFC03, 0x1C04, 0x1D04, 0x1D04, 0x5704, 0x5804, 0x7904, 0x5B04, 0x5C04,
0x5C04, 0x5C04, 0x3C04, 0x3C04, 0x5E6D, 0x5E6D, 0xFF85, 0xDF7D, 0xBC4C, 0x181C,
0x181C, 0x7A04, 0x7C04, 0x3D04, 0xBB03, 0xBB03, 0x5D14, 0x7D14, 0x1A0C, 0x3A1C,
0xDD44, 0xDD44, 0xFD5C, 0x7B5C, 0x9C44, 0x1A1C, 0x1A1C, 0x1B04, 0x3D04, 0x3D0C,
0x5E14, 0x5E14, 0x3D04, 0xB903, 0x1C04, 0x1C04, 0x1C04, 0x1D04, 0x3D04, 0x3E04,
0x5E04, 0x5F04, 0x5F04, 0x5F04, 0x9C04, 0x7C04, 0x3B04, 0x3B04, 0x1B04, 0x1B04,
0x3B04, 0x5B04, 0x5B04, 0x7C04, 0x3D0C, 0x5E04, 0x5F04, 0x5F04, 0x1F04, 0x1F04,
0x5F04, 0x5E04, 0x5D04, 0x5D04, 0x1D0C, 0x1D0C, 0x1D04, 0x1E04, 0x1E04, 0x1E04,
0xFE03, 0xFE03, 0xFE03, 0xFE03, 0x7C14, 0x7E04, 0x5E04, 0x3E04, 0x3E04, 0xFD03,
0xFD03, 0x3F04, 0x7F04, 0x9E13, 0x9E13, 0xBE0B, 0xFD0B, 0x1E0C, 0x3D14, 0x3D14,
0x3D0C, 0x3C04, 0x3B04, 0x1B04, 0x1B04, 0x1B04, 0x1B0C, 0xFB0B, 0xFA03, 0xFA03,
0x3A04, 0x7B04, 0xBB04, 0x5F04, 0x5E04, 0x5E04, 0x5E04, 0x5D04, 0x3D04, 0x1D04,
0x1D04, 0xFE03, 0xFE03, 0x5E04, 0x7E04, 0x7E04, 0x7F04, 0x7E04, 0x7D04, 0x3C04,
0x3C04, 0xDA03, 0xB903, 0x3B04, 0x1B04, 0x1B04, 0x1B04, 0x1C04, 0x5D04, 0x5E0C,
0x1E0C, 0x1E0C, 0xDE0B, 0x7B04, 0x5B04, 0x5B04, 0x5B04, 0x3B04, 0x3B04, 0x1B04,
0xFA03, 0xFA03, 0xDA03, 0xFB03, 0x1B0C, 0x3C0C, 0x1E14, 0x1E14, 0x3D14, 0x3C0C,
0x3B0C, 0x3B04, 0x3B04, 0x3B04, 0x3C04, 0x3D04, 0x3D04, 0x3D04, 0x3D04, 0x3D04,
0x1D04, 0x1D04, 0x1D04, 0x1D04, 0xFC03, 0xDC03, 0x9A03, 0x9A03, 0xDB03, 0x1C0C,
0x3C04, 0x5B04, 0x3B04, 0x3B04, 0x1B14, 0xFB23, 0x1D04, 0x3D04, 0x3D04, 0x5C04,
0x7C04, 0x7C04, 0x5C04, 0x5C04, 0xFB03, 0xBB03, 0xBA04, 0x7A04, 0x7A04, 0x3A04,
0x3B04, 0x7D04, 0x7D04, 0x1C04, 0x1C04, 0xDB0B, 0xDC0B, 0x1B04, 0x5B04, 0x5B04,
0x5D04, 0x1F04, 0xFF03, 0x1E04, 0x1E04, 0x5C0C, 0x5E0C, 0xFC03, 0xDB03, 0xDB03,
0x3B04, 0x5C04, 0x1B04, 0xDB03, 0xDB0B, 0xDB0B, 0xFD03, 0x1D04, 0x1D04, 0x1E04,
0x1E04, 0x3E04, 0x3E0C, 0x3E0C, 0x3E04, 0x3E04, 0x3B04, 0x3B04, 0x3B04, 0x3B04,
0x3B04, 0x3B04, 0x3C04, 0x3C04, 0x3D04, 0xFF03, 0xFF03, 0x3E04, 0x7D04, 0x7D04,
0x7C04, 0x7C04, 0x5D04, 0x1D04, 0xDD0B, 0x3F04, 0x3F04, 0x1F04, 0xDC03, 0xB90B,
0xB90B, 0xB90B, 0x1B0C, 0x5D0C, 0x7F04, 0x1C04, 0x3C04, 0x3C04, 0x7B0C, 0x7B0C,
0x5A04, 0x3B04, 0x3B04, 0x3C04, 0x5D04, 0xFB03, 0xFC03, 0xFC03, 0x1C04, 0x1C04,
0xFA0B, 0xFA13, 0xFA13, 0x1B14, 0x1C0C, 0x9A04, 0xBA04, 0x9B04, 0x9B04, 0x5C04,
0xFC03, 0xDD03, 0xDD03, 0xDD03, 0xFD03, 0x3C04, 0x3C04, 0x3C04, 0x3C04, 0x1C04,
0xFD03, 0xFD03, 0xDE0B, 0xDE0B, 0xDE13, 0x1B04, 0x1B04, 0x1C04, 0x3D04, 0x3D04,
0x3D04, 0x1D04, 0x1C04, 0x1C0C, 0x1C0C, 0xBA03, 0x3B04, 0x9C04, 0x9C04, 0x9C04,
0x3B04, 0xFA03, 0xFC03, 0x1D04, 0x1D04, 0xBD03, 0xFE03, 0x5F04, 0x5F04, 0x5F0C,
0x5F0C, 0x3E0C, 0x1C0C, 0x3B0C, 0xF80B, 0xF80B, 0xFA0B, 0xFD03, 0x1E04, 0x5E04,
0x5E04, 0x7D04, 0x3C0C, 0xDC13, 0xDB0B, 0xDB0B, 0x9D34, 0x7D44, 0xB943, 0xF953,
0x1C75, 0x1C75, 0x5C75, 0xF95C, 0xFF4C, 0xFB13, 0xFB13, 0xFC03, 0x7E04, 0x1E04,
0xDC03, 0xDC03, 0x3C04, 0x7C04, 0xFC03, 0x1C04, 0x1C04, 0x5C04, 0x5C04, 0x5C04,
0x3B04, 0x1B0C, 0x1B0C, 0xFA0B, 0x3E04, 0x1E04, 0x1E04, 0x1E04, 0x1E04, 0x1D04,
0x1D04, 0x1D04, 0x1D04, 0x1D04, 0x1D04, 0x5D04, 0x1C0C, 0x1C0C, 0xDA03, 0xD903,
0x3C0C, 0x7D0C, 0x5D04, 0x5D04, 0x1C04, 0x1C04, 0x3C04, 0x3C04, 0x3C04, 0x5B04,
0x3B04, 0x3B04, 0x1B04, 0x1B04, 0xFB03, 0x1C04, 0x3D04, 0x3C04, 0x3C04, 0x1B0C,
0xFA13, 0xDA0B, 0xDB03, 0x9A04, 0x9A04, 0x9B04, 0x9B04, 0x5B04, 0xFC03, 0xFC03,
0xFD03, 0x1E04, 0x5F04, 0x1E04, 0x1E04, 0x3E04, 0x5F04, 0x5E04, 0x1E04, 0x1E04,
0x1E04, 0x1E04, 0x3F04, 0x1A14, 0xFB13, 0xFB13, 0x1B04, 0x1C04, 0x1C04, 0x1C04,
0x1C04, 0x3B04, 0x3B0C, 0xFA0B, 0x1A0C, 0x1A0C, 0x1B04, 0xFB03, 0xDB03, 0xFB03,
0xFB03, 0x3D04, 0x7E04, 0x1F04, 0x3F0C, 0x3E04, 0x3E04, 0x1D04, 0xFC03, 0xFB03,
0x1C04, 0x1C04, 0x3C04, 0xDE0B, 0xDE03, 0xFE03, 0xFE03, 0x1E04, 0x5E04, 0x5E04,
0x5E04, 0x5E04, 0x7D04, 0x1C04, 0x1C04, 0x1C04, 0x1C0C, 0x1C0C, 0xFC03, 0x1C04,
0x5E04, 0x3E04, 0x3E04, 0xFD03, 0xFE03, 0x3F14, 0xFB03, 0xFB03, 0x7D34, 0x7F7D,
0x9E85, 0x9944, 0x9944, 0x180C, 0x3C04, 0x1E04, 0xFD03, 0xFD03, 0xFD03, 0x1C04,
0x3D04, 0x7D04, 0x9E04, 0x9E04, 0x5E04, 0x3E04, 0x5C0C, 0x1B04, 0x1B04, 0x3D04,
0x5E04, 0x3F04, 0xFE03, 0xFE03, 0x1F04, 0x5F04, 0x1D0C, 0x1D04, 0x1D04, 0x1D04,
0x3C04, 0x3C04, 0x3C04, 0x7D04, 0x7D04, 0x9D04, 0x1D04, 0xBC03, 0xFD03, 0xFD03,
0x3E14, 0xFD13, 0xFE13, 0x1F14, 0x1F14, 0x9E03, 0x3D24, 0x1C14, 0xFB03, 0xFB03,
0xFA03, 0x3B0C, 0xBC44, 0x3E7D, 0x7F9D, 0x7F9D, 0xFF85, 0xFC54, 0xFA1B, 0x9A03,
0x9A03, 0xFD03, 0x5F0C, 0x3F0C, 0xFE03, 0xFE03, 0x1C04, 0x3D04, 0x5D04, 0x1C04,
0x1C04, 0xDA13, 0x1A34, 0xBB64, 0x5D85, 0x3E2C, 0x3E2C, 0x3E24, 0x3D0C, 0x1C04,
0x1C04, 0x1C04, 0x1C04, 0xFC03, 0xFC03, 0xDC0B, 0xDC0B, 0x3D14, 0x3C0C, 0x1B04,
0x3C04, 0x3C04, 0x5D04, 0x3E0C, 0xDD03, 0xDD13, 0x1D0C, 0x1D0C, 0x5E04, 0x7E04,
0x5D04, 0x3C04, 0x3C04, 0x3C0C, 0x3D14, 0x9D8D, 0x3D75, 0x3D75, 0x9D54, 0x3D24,
0x3D04, 0x3C04, 0x3C04, 0x5C04, 0x5B04, 0x3A24, 0x9C4C, 0x5E85, 0x5E85, 0xBF9D,
0xBF8D, 0x3E55, 0x9C0C, 0x9C0C, 0x1B04, 0x1F1C, 0xFE4C, 0xBC75, 0xBC75, 0x7965,
0x592C, 0x7A03, 0x9C03, 0x9C03, 0x3E1C, 0x1E04, 0x5E04, 0x9E04, 0x7E04, 0x7E04,
0x1E04, 0x1D1C, 0x5E54, 0xBF8C, 0xBF8C, 0x3D65, 0xBB2C, 0x3A04, 0x1B04, 0x1B04,
0xFD03, 0xDE13, 0xFE13, 0x3E0C, 0x3E0C, 0xDE03, 0xFE03, 0x5E04, 0x3D04, 0x1D04,
0x1D04, 0xFC03, 0xDC03, 0xFC03, 0x1B04, 0x1B04, 0x3B04, 0x3D04, 0x3E0C, 0x1E0C,
0x1E0C, 0x1D0C, 0x1C0C, 0x1B0C, 0x9E0C, 0x9E0C, 0x5E0C, 0x1D14, 0xFC23, 0xFC2B,
0x1C2C, 0x1C2C, 0x1B24, 0xFA1B, 0x3B0C, 0x3B04, 0x3B04, 0x5B04, 0x7C0C, 0x7C0C,
0x5B0C, 0x5B0C, 0x3B0C, 0x1B0C, 0x3C04, 0xBE04, 0xBE04, 0xFB03, 0x3D0C, 0x3C1C,
0xFA33, 0x3D75, 0x3D75, 0x3C85, 0xFF2C, 0x3C0C, 0x9903, 0x9903, 0x3A1C, 0x7E55,
0x3F7E, 0xDF8D, 0xDF8D, 0x1D7D, 0x7B44, 0xB913, 0x7D14, 0x7D14, 0x5D04, 0x1C04,
0x3D0C, 0xFB1B, 0x5F5D, 0x5F5D, 0x7D85, 0xBA5C, 0xFA2B, 0xFB13, 0xFB13, 0x3D04,
0x3D04, 0x1C04, 0x3C04, 0x3C04, 0xF80B, 0x1A04, 0x3B04, 0x5D04, 0x5D04, 0x5E04,
0x3E04, 0x1D04, 0xFC03, 0xD94B, 0xD94B, 0x1D6D, 0x3F8E, 0x3F86, 0x3E55, 0x3E55,
0x5B24, 0x1C0C, 0x5E0C, 0x1E04, 0x1E04, 0x1E04, 0xFD03, 0xFD03, 0x1C04, 0x1C04,
0x3C04, 0x5C04, 0x5D0C, 0xDA03, 0x5A3C, 0x5A3C, 0xBD95, 0x3D7D, 0x1D2C, 0x3F04,
0x3F04, 0x1E04, 0x3C04, 0x1C04, 0xDA0B, 0xDA0B, 0xFA33, 0xFD74, 0xFFA5, 0x1F9E,
0x1F9E, 0x1B65, 0x172C, 0x1E04, 0xBB03, 0x5A34, 0x5A34, 0x7D75, 0x7D75, 0x7A44,
0xFA1B, 0xFA1B, 0x5E14, 0x3A0C, 0x3C04, 0x3E04, 0x3E04, 0xFE03, 0xDD03, 0xDC0B,
0x1C0C, 0x1C0C, 0x5C04, 0x3F04, 0x1E04, 0x1D04, 0x3E44, 0x3E44, 0x1D34, 0xFC1B,
0x1C04, 0x3C04, 0x3C04, 0x3C04, 0x1B04, 0xD903, 0x1B04, 0x1B04, 0xBA13, 0xFA33,
0x5B54, 0x5B4C, 0x5B4C, 0x7D44, 0x5E34, 0xBE23, 0x3D04, 0x3D04, 0x1C04, 0xDB0B,
0xDA13, 0xFB1B, 0x1B0C, 0x1B0C, 0x1C04, 0x1C04, 0x7E04, 0x1C04, 0x1C04, 0xFC03,
0x1D04, 0x3D0C, 0xFC0B, 0xFC0B, 0xBB0B, 0x9A0B, 0x1B04, 0x1B04, 0x1B04, 0x1C04,
0x5D04, 0x7E0C, 0x3E14, 0xDD13, 0xDD13, 0x9B0B, 0x5C04, 0x3C04, 0x5B04, 0x5B04,
0x3B04, 0xFA03, 0x3A04, 0x7B04, 0x7B04, 0x9C04, 0x5D04, 0x3D04, 0x3C24, 0x3C24,
0x3B4C, 0x3B5C, 0x5B4C, 0x7B2C, 0x9C14, 0x9C14, 0x9B1C, 0x7B0C, 0x3B04, 0x3C04,
0x3C04, 0x5D04, 0x5D04, 0x1B0C, 0xFA0B, 0xFA0B, 0x3B04, 0x5C04, 0x7D04, 0x9E0C,
0x9E0C, 0x7D24, 0x5C3C, 0x3A4C, 0x1A5C, 0x3E24, 0x3E24, 0x3D14, 0x3D0C, 0x3C04,
0x1C04, 0x1C04, 0x1C04, 0x1C04, 0x1C04, 0x7F04, 0x7F04, 0x5D04, 0x3C04, 0x3C04,
0x3C04, 0x3C04, 0x3C04, 0x5D04, 0x9F04, 0x1A04, 0x5B04, 0x5B04, 0x5B04, 0x1B04,
0xFC03, 0xFD23, 0xFD23, 0x1E44, 0x1E54, 0x145C, 0x1644, 0x1644, 0x1914, 0x3C04,
0x5D04, 0x3B04, 0x3B04, 0xF93B, 0xB75B, 0x1E54, 0x3C44, 0x5A2C, 0x5A2C, 0x7914,
0x790C, 0x5B0C, 0x3D14, 0x3D14, 0x1E14, 0x7E04, 0x5A14, 0xF743, 0xF743, 0xD85B,
0xFB53, 0x5F2C, 0x9E04, 0x9E04, 0xDD04, 0x1B04, 0x3B04, 0x5B04, 0x3B04, 0x3B04,
0x1B04, 0xFB03, 0x3A0C, 0x5A24, 0x5A24, 0x1B74, 0x1C54, 0x5C34, 0x9E1C, 0x9E1C,
0x5E04, 0x1C04, 0x3B04, 0x9B04, 0x9B04, 0x7D14, 0x7C04, 0x9C04, 0x9C04, 0x7D04,
0x7D04, 0x5D04, 0x5C04, 0x5C04, 0x5E04, 0x5E04, 0x3D04, 0xFD03, 0xFC03, 0x1C04,
0x1C04, 0x3C04, 0x5C04, 0x7C04, 0x9B04, 0x9B04, 0x7A04, 0x5A04, 0x5B04, 0x7C04,
0x7C04, 0x7C04, 0x7C04, 0x5C04, 0x9C03, 0xFD03, 0xFD03, 0x3F04, 0x5F04, 0x7F04,
0x5F04, 0x5F04, 0x1E04, 0xDD03, 0x9B0B, 0xFD13, 0xFD13, 0xBC0B, 0x3E24, 0x7E34,
0x1B34, 0x7B54, 0x7B54, 0x194C, 0x3E0C, 0x3D04, 0x3C04, 0x3C04, 0x1B04, 0xFA0B,
0xFA23, 0x1A34, 0x1A34, 0x1A44, 0x5A64, 0xD943, 0x5C34, 0x5C34, 0x5C1C, 0x3B04,
0x3A04, 0xF903, 0xDC2C, 0xDC2C, 0xF953, 0xF943, 0x1B34, 0x9E24, 0x9E24, 0xBF14,
0x7D04, 0x5C04, 0x7C04, 0x7C04, 0x3F04, 0x3E04, 0x3E04, 0x3D04, 0x3D04, 0x3B04,
0x3A1C, 0x5834, 0x573C, 0x9D44, 0x9D44, 0x9D44, 0x5B3C, 0x1A24, 0xD913, 0xD913,
0xDB03, 0x3D04, 0x7F04, 0x3B04, 0x3B04, 0x1B04, 0xFB0B, 0xFB0B, 0x1B0C, 0x1B0C,
0x3C0C, 0x3D1C, 0x5D2C, 0x3C5C, 0xF95B, 0xF95B, 0x7964, 0x783C, 0x390C, 0x7C04,
0x7C04, 0x3B04, 0xD903, 0x194C, 0x3954, 0x3954, 0x3A5C, 0x3A4C, 0x1B34, 0x5C0C,
0x5C0C, 0x9E04, 0xDF04, 0xDF04, 0x7C04, 0x3A0C, 0x3A0C, 0x5934, 0x5944, 0xFA3B,
0xFC33, 0xFC33, 0x5F34, 0xFE03, 0x1E04, 0xFE03, 0xFE03, 0x9F04, 0x3C04, 0x1C04,
0xBD03, 0xBD03, 0x3F04, 0x3834, 0x373C, 0x1644, 0x3E44, 0x3E44, 0x1D34, 0xFC1B,
0x1C04, 0x3C04, 0x3C04, 0x3C04, 0x1B04, 0xD903, 0x1B04, 0x1B04, 0xBA13, 0xFA33,
0x5B54, 0x5B4C, 0x5B4C, 0x7D44, 0x5E34, 0xBE23, 0x3D04, 0x3D04, 0x1C04, 0xDB0B,
0xDA13, 0xFB1B, 0x1B0C, 0x1B0C, 0x1C04, 0x1C04, 0x7E04, 0x1C04, 0x1C04, 0xFC03,
0x1D04, 0x3D0C, 0xFC0B, 0xFC0B, 0xBB0B, 0x9A0B, 0x1B04, 0x1B04, 0x1B04, 0x1C04,
0x5D04, 0x7E0C, 0x3E14, 0xDD13, 0xDD13, 0x9B0B, 0x5C04, 0x3C04, 0x5B04, 0x5B04,
0x3B04, 0xFA03, 0x3A04, 0x7B04, 0x7B04, 0x9C04, 0x5D04, 0x3D04, 0x3C24, 0x3C24,
0x3B4C, 0x3B5C, 0x5B4C, 0x7B2C, 0x9C14, 0x9C14, 0x9B1C, 0x7B0C, 0x3B04, 0x3C04,
0x3C04, 0x5D04, 0x5D04, 0x1B0C, 0xFA0B, 0xFA0B, 0x3B04, 0x5C04, 0x7D04, 0x9E0C,
0x9E0C, 0x7D24, 0x5C3C, 0x3A4C, 0x1A5C, 0x3E24, 0x3E24, 0x3D14, 0x3D0C, 0x3C04,
0x1C04, 0x1C04, 0x1C04, 0x1C04, 0x1C04, 0x7F04, 0x7F04, 0x5D04, 0x3C04, 0x3C04,
0x3C04, 0x3C04, 0x3C04, 0x5D04, 0x9F04, 0x1A04, 0x5B04, 0x5B04, 0x5B04, 0x1B04,
0xFC03, 0xFD23, 0xFD23, 0x1E44, 0x1E54, 0x145C, 0x1644, 0x1644, 0x1914, 0x3C04,
0x5D04, 0x3B04, 0x3B04, 0xF93B, 0xB75B, 0x1E54, 0x3C44, 0x5A2C, 0x5A2C, 0x7914,
0x790C, 0x5B0C, 0x3D14, 0x3D14, 0x1E14, 0x7E04, 0x5A14, 0xF743, 0xF743, 0xD85B,
0xFB53, 0x5F2C, 0x9E04, 0x9E04, 0xDD04, 0x1B04, 0x3B04, 0x5B04, 0x3B04, 0x3B04,
0x1B04, 0xFB03, 0x3A0C, 0x5A24, 0x5A24, 0x1B74, 0x1C54, 0x5C34, 0x9E1C, 0x9E1C,
0x5E04, 0x1C04, 0x3B04, 0x9B04, 0x9B04, 0x7D14, 0x7C04, 0x9C04, 0x9C04, 0x7D04,
0x7D04, 0x5D04, 0x5C04, 0x5C04, 0x5E04, 0x5E04, 0x3D04, 0xFD03, 0xFC03, 0x1C04,
0x1C04, 0x3C04, 0x5C04, 0x7C04, 0x9B04, 0x9B04, 0x7A04, 0x5A04, 0x5B04, 0x7C04,
0x7C04, 0x7C04, 0x7C04, 0x5C04, 0x9C03, 0xFD03, 0xFD03, 0x3F04, 0x5F04, 0x7F04,
0x5F04, 0x5F04, 0x1E04, 0xDD03, 0x9B0B, 0xFD13, 0xFD13, 0xBC0B, 0x3E24, 0x7E34,
0x1B34, 0x7B54, 0x7B54, 0x194C, 0x3E0C, 0x3D04, 0x3C04, 0x3C04, 0x1B04, 0xFA0B,
0xFA23, 0x1A34, 0x1A34, 0x1A44, 0x5A64, 0xD943, 0x5C34, 0x5C34, 0x5C1C, 0x3B04,
0x3A04, 0xF903, 0xDC2C, 0xDC2C, 0xF953, 0xF943, 0x1B34, 0x9E24, 0x9E24, 0xBF14,
0x7D04, 0x5C04, 0x7C04, 0x7C04, 0x3F04, 0x3E04, 0x3E04, 0x3D04, 0x3D04, 0x3B04,
0x3A1C, 0x5834, 0x573C, 0x9D44, 0x9D44, 0x9D44, 0x5B3C, 0x1A24, 0xD913, 0xD913,
0xDB03, 0x3D04, 0x7F04, 0x3B04, 0x3B04, 0x1B04, 0xFB0B, 0xFB0B, 0x1B0C, 0x1B0C,
0x3C0C, 0x3D1C, 0x5D2C, 0x3C5C, 0xF95B, 0xF95B, 0x7964, 0x783C, 0x390C, 0x7C04,
0x7C04, 0x3B04, 0xD903, 0x194C, 0x3954, 0x3954, 0x3A5C, 0x3A4C, 0x1B34, 0x5C0C,
0x5C0C, 0x9E04, 0xDF04, 0xDF04, 0x7C04, 0x3A0C, 0x3A0C, 0x5934, 0x5944, 0xFA3B,
0xFC33, 0xFC33, 0x5F34, 0xFE03, 0x1E04, 0xFE03, 0xFE03, 0x9F04, 0x3C04, 0x1C04,
0xBD03, 0xBD03, 0x3F04, 0x3834, 0x373C, 0x1644, 0x3C14, 0x3C14, 0x3C14, 0x1B0C,
0x1B0C, 0x9D24, 0x9D24, 0x1E45, 0xDD54, 0x5B4C, 0x9C04, 0x9C04, 0x3A04, 0x1904,
0x3A04, 0x3B14, 0x3B14, 0x5D1C, 0x7E14, 0x3D04, 0x1B04, 0x1B04, 0x9D1C, 0xFE4C,
0xBD64, 0x3B4C, 0xDA2B, 0xDA2B, 0xFA03, 0x3C04, 0x5E04, 0xFD03, 0xFD03, 0xFC03,
0x3C0C, 0x7D24, 0x7C34, 0x7C34, 0x7B44, 0xBB54, 0x5C3C, 0xFB23, 0xFB23, 0xBA0B,
0xBB03, 0x3D04, 0x5E0C, 0x3D0C, 0x3D0C, 0xFC03, 0x1C0C, 0x5C1C, 0x7D2C, 0x7D2C,
0x9D3C, 0xDD44, 0xBB34, 0x5A14, 0x5A14, 0x590C, 0x3D0C, 0x3D0C, 0x3D04, 0x3D04,
0x3D04, 0x3C0C, 0x1B0C, 0xFA13, 0xDA1B, 0xDA1B, 0x3C04, 0x5D04, 0x5D04, 0x5D04,
0x5D04, 0x3B04, 0x5B1C, 0x9B3C, 0xDC54, 0xDC54, 0x3D2C, 0x1C1C, 0xFC0B, 0x1D04,
0x1D04, 0x7D0C, 0x9D14, 0x5B14, 0x3A14, 0x3D0C, 0x3D0C, 0x3D0C, 0x3C04, 0x3C04,
0x3C04, 0x3C04, 0x3C04, 0x3C04, 0x3D04, 0xFC1B, 0xFC1B, 0xDB1B, 0x3C34, 0xBF4C,
0x9E44, 0x9E44, 0xDA2B, 0xBA1B, 0x5C2C, 0xFD4C, 0x3E4D, 0x3E4D, 0xFD34, 0x5B14,
0xFA03, 0x1C0C, 0x1C0C, 0x1C24, 0xFC23, 0x3D04, 0x1D04, 0x1D04, 0xDD0B, 0xDD0B,
0x1E04, 0x5E04, 0x5E04, 0x7E04, 0x9E04, 0xFD1B, 0x1D14, 0x1C0C, 0x1C0C, 0x1C04,
0x1C04, 0x1C04, 0x1D04, 0x1D04, 0x1D04, 0xBE0B, 0xDB0B, 0xF80B, 0xF80B, 0x590C,
0x9D04, 0x7F0C, 0x3D14, 0x3D14, 0xDB13, 0xFB03, 0x7C34, 0xDE5C, 0x9D64, 0x9D64,
0x1C3C, 0xDA13, 0x1A04, 0x9A04, 0x9A04, 0x1804, 0x1A04, 0x5C0C, 0x5D0C, 0x5D0C,
0x1C04, 0xFB13, 0x5D44, 0xFF74, 0xFF74, 0x5B44, 0x5B2C, 0x3B14, 0x1B04, 0x1C04,
0x1C04, 0x1C0C, 0x1C04, 0x1B04, 0xFD1B, 0xFD1B, 0xFD23, 0x1D34, 0x7D44, 0xBD4C,
0xBD4C, 0x9D3C, 0x5B1C, 0xFA03, 0x594C, 0x594C, 0xBB4C, 0xFD44, 0xBD2C, 0x3C04,
0xDC03, 0xDC03, 0xFE03, 0x5F04, 0xB91B, 0xFA23, 0xFA23, 0xFA23, 0xB91B, 0xFA23,
0x9D3C, 0x9D3C, 0xFE4C, 0xDE4C, 0x7C14, 0x3C04, 0x3C04, 0x1C04, 0x3C04, 0x7D04,
0x9C04, 0x7B04, 0x7B04, 0x5A04, 0x5E04, 0x5E04, 0x7E04, 0x7E04, 0x3D04, 0xFC03,
0xFB03, 0x1C14, 0x1C14, 0x3D1C, 0x3D14, 0x1D04, 0x3E04, 0x3E04, 0x3E04, 0x1E04,
0xFE03, 0xDD03, 0x1E04, 0x1E04, 0xF80B, 0x1A04, 0x5C0C, 0x7E0C, 0x7E0C, 0x3E0C,
0xFD13, 0x3D24, 0x9E3C, 0x9E3C, 0xBD54, 0x7D44, 0x3C2C, 0x1B14, 0x1B14, 0xFA03,
0x3A0C, 0x7A14, 0x9A1C, 0x3D14, 0x3D14, 0xFC0B, 0xFB0B, 0x1B0C, 0x3C0C, 0x3C0C,
0x3D04, 0x1E04, 0xDD03, 0x1914, 0x1914, 0xBC34, 0x3E4D, 0x1F45, 0x9C24, 0x9C24,
0x1B0C, 0xFB13, 0x1C24, 0x9D04, 0x1B04, 0x1B04, 0x3D04, 0x3E04, 0xDD03, 0x1E04,
0x1E04, 0x1E04, 0x3F04, 0x3B04, 0x5C04, 0x5C04, 0x5B0C, 0xFB0B, 0xBA03, 0x9B03,
0x9B03, 0xFD03, 0x5F0C, 0x1D04, 0x3D04, 0x1B0C, 0x1B0C, 0xDA0B, 0xD913, 0x3B14,
0x5C14, 0x5C14, 0x3D0C, 0x5E04, 0x5D04, 0x3B1C, 0x3B1C, 0x5E65, 0xBA5C, 0x9A4C,
0xFA13, 0xFA13, 0x7F04, 0x5F04, 0x3F04, 0x3D04, 0x9C04, 0x9C04, 0x9C04, 0x5C04,
0x5C0C, 0x9D34, 0x9D34, 0xBE5C, 0x9D74, 0x3C7C, 0x1C34, 0x1C34, 0x3C1C, 0x3C04,
0xFC03, 0x7B03, 0x7B03, 0x9B03, 0xFB03, 0x7B04, 0xFC03, 0xFC03, 0xBE2C, 0x5F5D,
0x3E75, 0x9C5C, 0xFA2B, 0xFA2B, 0x1B0C, 0x5D04, 0x1D04, 0x1D04, 0x1D04, 0x1D04,
0x3D14, 0x3C1C, 0x7C34, 0x7C34, 0x1D5D, 0xDF7D, 0x9F7D, 0x1F65, 0x1F65, 0x5D34,
0x1C14, 0x1C04, 0x5D04, 0x5D04, 0x5D04, 0x5D04, 0x1C0C, 0x5D24, 0x3D44, 0x3D44,
0xBF6C, 0x9F95, 0x3F8D, 0x3B5C, 0x3B5C, 0xB843, 0xDB0B, 0xFC03, 0x3D04, 0x3D04,
0x3E04, 0x3E04, 0x3D04, 0xFB03, 0xFA0B, 0xFA0B, 0x5F04, 0x5F04, 0x3E0C, 0xFC0B,
0xFC0B, 0xDB1B, 0x1B3C, 0xBC64, 0x3E85, 0x3E85, 0x9E44, 0x1D2C, 0xBB0B, 0xBB03,
0xBB03, 0x1C04, 0x7D04, 0x7D04, 0x7C04, 0x1C04, 0x1C04, 0x3C04, 0x3C04, 0x3C04,
0x3C04, 0x3C04, 0x5D04, 0x3D04, 0x3D0C, 0x1A3C, 0x1A3C, 0x1B4C, 0xFE74, 0xBF9D,
0x7F95, 0x7F95, 0x5A64, 0xF84B, 0x7A54, 0x7E7C, 0xDF74, 0xDF74, 0xBE54, 0x3C1C,
0x1B04, 0x5C04, 0x5C04, 0x7D04, 0x5C04, 0x1F04, 0x1E0C, 0x1E0C, 0x1C1C, 0x3A14,
0x5A0C, 0x5A04, 0x5A04, 0x3B04, 0xFC03, 0x9D04, 0x5D04, 0xFE03, 0xFE03, 0xDE0B,
0xDE0B, 0x1D04, 0x7D04, 0x7D04, 0xDD04, 0xFE03, 0x3D04, 0x5C04, 0x5C04, 0x5C04,
0x1D04, 0xDC03, 0xDC03, 0xDC03, 0xFA0B, 0x1C1C, 0x9E44, 0x1F7D, 0xFE7C, 0xFE7C,
0x5D54, 0x1C24, 0x3C0C, 0x9C04, 0x9C04, 0x3B04, 0xFB03, 0xFD0B, 0xFD03, 0xFD03,
0xFB03, 0xFA03, 0x9D3C, 0x3F7D, 0x3F7D, 0x7B5C, 0x5C44, 0x3C2C, 0x1D14, 0xFD13,
0xFD13, 0xFD13, 0x1D14, 0x5C0C, 0xDB1B, 0xDB1B, 0x1B34, 0x7B54, 0xFC84, 0x5D95,
0x5D95, 0x1D8D, 0x5A64, 0x9943, 0x1B74, 0x1B74, 0xBD74, 0x1F6D, 0xDF4C, 0xFC1B,
0x9C0B, 0x9C0B, 0xBE0B, 0x1F1C, 0x7D7D, 0x7D7D, 0x7D7D, 0xDA64, 0xF643, 0xF64B,
0xBA64, 0xBA64, 0x5C7D, 0x3C7D, 0xBE2C, 0x1C14, 0x1C14, 0xFC0B, 0x9B03, 0xBB03,
0x1D04, 0xFC03, 0xFC03, 0x5D0C, 0x3E04, 0xFD03, 0xDC03, 0xDC03, 0xFC03, 0x3D04,
0x7E04, 0x5E04, 0x5E04, 0x3D04, 0x3B04, 0x5C04, 0x1B04, 0x1B04, 0x1B04, 0x1C04,
0xFC0B, 0x1D14, 0xDD13, 0xDD13, 0x7B04, 0x5C04, 0x3D04, 0x1D04, 0x1D04, 0xBC03,
0x9B0B, 0x1D34, 0xBF54, 0xBF54, 0xDA8C, 0x9A74, 0x5A4C, 0x1B24, 0x1B24, 0xFC03,
0x1D04, 0x3E04, 0x5F04, 0x1D04, 0x1D04, 0x3D04, 0x5D04, 0x5D04, 0x5D04, 0x5D04,
0x3D04, 0x3E04, 0x3E04, 0xF943, 0xF943, 0xBC5C, 0x5F6D, 0x5F55, 0xBD24, 0xBD24,
0x1A04, 0xFA03, 0x1C04, 0x5B0C, 0x1C04, 0x1C04, 0x3E04, 0x3E14, 0xDB13, 0xB903,
0xB903, 0x3A04, 0xDD04, 0x1F04, 0x1F04, 0x1F04, 0x1E04, 0x3D04, 0x5B04, 0x3B04,
0x3B04, 0x1A0C, 0xF90B, 0x7B03, 0xFD0B, 0x3D0C, 0x3D0C, 0x1C04, 0x3C04, 0x7D04,
0x7C04, 0x7C04, 0x1A04, 0x7C04, 0x5C0C, 0x3B2C, 0x3B2C, 0x1D75, 0xBA74, 0x9964,
0x1824, 0x1824, 0x7B0C, 0x1D04, 0x1D04, 0x1C04, 0x1E0C, 0x1E0C, 0xDD03, 0xFC03,
0x1D04, 0x3C0C, 0x3C0C, 0x1B14, 0x3A24, 0x5A2C, 0xFC33, 0xFC33, 0x1C14, 0x1C04,
0xFD03, 0xFD03, 0xFD03, 0xFD0B, 0x1C04, 0x7B04, 0xFE0B, 0xFE0B, 0x1D14, 0x3C24,
0x5B2C, 0x3A24, 0x1B1C, 0x1B1C, 0xFD0B, 0xFD03, 0x1C04, 0x1C04, 0x1C04, 0x3D04,
0x3E04, 0xFC03, 0xBB0B, 0xBB0B, 0x3C24, 0xDE44, 0xDA3C, 0xBB34, 0xBB34, 0x9C1C,
0x7C0C, 0x3D04, 0x1D04, 0xFD03, 0xFD03, 0xDC0B, 0x7E04, 0x7E04, 0xFC0B, 0xFC0B,
0x3C2C, 0xFF54, 0xFE54, 0x5B34, 0x5B34, 0x3A2C, 0xDE03, 0xFD03, 0x1C04, 0x1C04,
0x5B04, 0x5C04, 0x5D04, 0x3E04, 0x1F04, 0x1F04, 0xFC03, 0x1D0C, 0x1D0C, 0x1C14,
0x1C14, 0xFC1B, 0x1B2C, 0x3C3C, 0x5C4C, 0x5C4C, 0x9C04, 0x7C04, 0x5C04, 0x3D04,
0x3D04, 0x1D04, 0xFD03, 0xDD0B, 0xBD0B, 0x1C04, 0x1C04, 0x1C04, 0x3C04, 0x3C04,
0x5D04, 0x5D04, 0x5D04, 0x3D04, 0x3D04, 0x3A04, 0x3A04, 0x3A14, 0x9C2C, 0xDD44,
0x9B3C, 0x9B3C, 0xF823, 0x1814, 0x991C, 0xDA2B, 0x3C2C, 0x3C2C, 0x5D1C, 0x1C04,
0xDC03, 0x1D04, 0x1D04, 0x1D04, 0xFD03, 0x1B04, 0x3C04, 0x3C04, 0x3D04, 0x5D04,
0x5D04, 0x1C04, 0x1C04, 0x9A13, 0x592B, 0x1C0C, 0x1C04, 0x1D04, 0x1D04, 0x1D04,
0x1D04, 0x1C04, 0x3C04, 0x3C04, 0x3B0C, 0x7D04, 0x5D04, 0x1D04, 0x1D04, 0xDD03,
0xDE03, 0xFE03, 0x5D04, 0x5D04, 0x9B04, 0x5E04, 0x5C0C, 0x5A1C, 0x9B24, 0x9B24,
0x9C1C, 0x7D0C, 0x3C04, 0xDB03, 0xDB03, 0xFC03, 0xDD0B, 0xFF13, 0x5F04, 0x5F04,
0x7E04, 0x5C04, 0x3B04, 0x5B24, 0x5B24, 0x3A24, 0x5B1C, 0x5B0C, 0x3C04, 0xFC03,
0xFC03, 0xFC03, 0x3C04, 0x7D04, 0x7C04, 0x7C04, 0x5B04, 0x5914, 0x9934, 0xFA4C,
0xFA4C, 0xFB4C, 0x9B34, 0x3A24, 0x3C34, 0x3C34, 0x5C2C, 0x7C1C, 0x9C0C, 0x9C04,
0x7D04, 0x7D04, 0x3D04, 0x3D04, 0x7C2C, 0xDE34, 0xDE34, 0x9C24, 0xD90B, 0xB90B,
0x1B1C, 0x1B1C, 0x3C24, 0xDA1B, 0x5C0C, 0x1B04, 0x1B04, 0x9E0C, 0x1D04, 0xFC03,
0x3E04, 0xBC03, 0xBC03, 0x3E0C, 0x1C04, 0x1C04, 0x1C04, 0x1C04, 0x1C04, 0x1C04,
0x1C04, 0x1C04, 0x1C04, 0x1C04, 0x1D14, 0x1D1C, 0xDB13, 0xDB13, 0xFB13, 0x1B0C,
0x1B04, 0x5D04, 0x3D04, 0x3D04, 0xFD13, 0xDD0B, 0xFD03, 0x3E04, 0x3E04, 0x3D04,
0x1C04, 0x3B04, 0x9C0C, 0x9C0C, 0x7D34, 0x7D2C, 0x5D1C, 0x3D14, 0x3D14, 0x3D0C,
0x1D04, 0x1D04, 0x1D0C, 0x3D04, 0x3D04, 0x5D04, 0x5D04, 0x3C04, 0xFB03, 0xFB03,
0xDB03, 0xFC03, 0x1D0C, 0x1A34, 0x1A34, 0xFA33, 0xDB2B, 0xFB1B, 0x3C04, 0x3C04,
0x5C04, 0x3D04, 0x1D04, 0x1C24, 0xFC03, 0xFC03, 0xDC03, 0x1C04, 0x3B04, 0xD903,
0xD903, 0xDA03, 0x1C04, 0x3D14, 0x5D14, 0x5D14, 0x5D0C, 0x5C04, 0x3B04, 0x1C04,
0x1C04, 0x5D04, 0x7E04, 0x3C04, 0x5D04, 0x5E04, 0x5E04, 0x1D04, 0x1D04, 0x3E04,
0x1D0C, 0x1D0C, 0xDC0B, 0xFD03, 0xDE03, 0xFD03, 0xFD03, 0x1D04, 0x3C0C, 0x1B1C,
0xFB1B, 0xFB1B, 0xDB13, 0x5E04, 0x5E04, 0x3E04, 0xBD13, 0xBD13, 0x9D0B, 0xBD03,
0x1D04, 0x1D04, 0x1D04, 0x1B04, 0x5B04, 0xBC04, 0x9C04, 0x9C04, 0xBD04, 0x7D04,
0x5D04, 0x7E04, 0x7E04, 0x5E04, 0x1C04, 0x3B04, 0xBD0B, 0xBD0B, 0xDC03, 0xFB03,
0x1B04, 0x1B04, 0x1C04, 0x1C04, 0xFD03, 0xDD03, 0x1A04, 0xFB03, 0xFB03, 0x1D04,
0x5E04, 0x3E04, 0xDC03, 0xDC03, 0xBB03, 0xDB13, 0x962B, 0xD823, 0xD823, 0x1A14,
0x3C04, 0x3D04, 0x3D04, 0x1C04, 0x1C04, 0x1C04, 0x3E04, 0x3E04, 0xFC03, 0xFC03,
0xDB03, 0x1B04, 0x3B04, 0x5B04, 0x5B04, 0x7B04, 0x5E04, 0x5D04, 0x3D04, 0x3D04,
0x3C04, 0x1C04, 0x3D04, 0x3D04, 0x3E04, 0x3E04, 0x1B04, 0x3B04, 0x5C04, 0x7C04,
0x7C04, 0x7C04, 0x5C04, 0x1C04, 0xFB03, 0xFB03, 0x1B04, 0x3C04, 0x7D04, 0x7D04,
0x7D04, 0x5D04, 0x1D04, 0xFD03, 0xDD0B, 0x1C04, 0x1C04, 0x1C04, 0x3C04, 0x3C04,
0x5D04, 0x5D04, 0x5D04, 0x3D04, 0x3C04, 0x5E04, 0x5E04, 0x5E04, 0x5E04, 0x5D0C,
0x1C04, 0x1C04, 0x1C04, 0x5D04, 0x9E04, 0x1B04, 0x1C04, 0x1C04, 0x3D04, 0x3D04,
0x1D04, 0xDD03, 0xDD03, 0xDD03, 0xFD0B, 0xFF0C, 0xBF14, 0xBF14, 0x5F14, 0x1F14,
0x3F04, 0x5F04, 0x5F04, 0x5E04, 0x5E04, 0x9B0B, 0xFB03, 0x5D04, 0x5D04, 0x9D04,
0x9D04, 0x5C04, 0xFB0B, 0xFB0B, 0xBA0B, 0xFD0B, 0x1D04, 0x5D04, 0x5D04, 0x7D04,
0x5E04, 0x3E04, 0x3D0C, 0x3D0C, 0x3D0C, 0x1E04, 0x1C04, 0x1A04, 0x3A04, 0x3A04,
0x5C04, 0x5D0C, 0x1D24, 0xDC33, 0xDC33, 0x7C04, 0x3C04, 0x1D04, 0x7F04, 0x7F04,
0x9F04, 0x5E04, 0xDC13, 0x9B23, 0x9B23, 0xBB03, 0xFB0B, 0x1B0C, 0x1B14, 0xFB13,
0xFB13, 0xFC13, 0x1C04, 0x3C04, 0x5F04, 0x5F04, 0x1E04, 0xDC03, 0xDB03, 0x1B04,
0x1B04, 0x5C04, 0x7D04, 0x5D04, 0x5D04, 0x5D04, 0x5C04, 0x5C04, 0x5C04, 0x7B04,
0x5B04, 0x5B04, 0x5B04, 0x3B04, 0xDC03, 0x5E04, 0x5E04, 0x7E04, 0x5E04, 0x5E04,
0x9F04, 0x9F04, 0x5E04, 0xFD03, 0x5B04, 0x5B04, 0x5B04, 0xFE04, 0x9D04, 0x5D04,
0x5E04, 0x1C04, 0x1C04, 0x5E04, 0x5C0C, 0x5C0C, 0x5C0C, 0x5C0C, 0x5C04, 0x3C04,
0x3C04, 0x3C04, 0x3C04, 0x3C04, 0x1F04, 0xFE03, 0x1D0C, 0x1D0C, 0x3D1C, 0x3D1C,
0x3D0C, 0x3E04, 0x5F04, 0x5F04, 0x3E14, 0x1D04, 0x1D04, 0x7E04, 0x7E04, 0x7E04,
0x3C04, 0xFB03, 0xFA03, 0xFA03, 0x1E04, 0x3E04, 0x5E04, 0x5E04, 0x5E04, 0x5D0C,
0x3D0C, 0x1C14, 0xFC13, 0x1C04, 0x1C04, 0x3C04, 0x5C04, 0x5C04, 0x5C04, 0x5C04,
0x3C04, 0xFB03, 0xBA03, 0x3B04, 0x3B04, 0xFB03, 0xBA03, 0xDB03, 0x1D04, 0x1D04,
0x5E04, 0x3E04, 0xFE03, 0x3D04, 0x5E04, 0x5E04, 0x1C04, 0x5D04, 0x9E14, 0x1D04,
0x1D04, 0xDD03, 0xDE03, 0x3A04, 0x5A04, 0x5A04, 0x5B04, 0x3B04, 0xFB03, 0xFC03,
0xFC03, 0x1E04, 0x5F14, 0x5D04, 0x5D04, 0x3D04, 0x3D04, 0x1D04, 0x1D04, 0x3D04,
0x3D04, 0x3D04, 0x3D04, 0xFB03, 0xFC03, 0xFD03, 0xFD03, 0xFD0B, 0x3D24, 0x3B2C,
0x3B24, 0x3B24, 0xDA13, 0x1B0C, 0x1B0C, 0x1B0C, 0xBD13, 0xBD13, 0x9D0B, 0xBD03,
0x1D04, 0x1D04, 0x1D04, 0x1B04, 0x5B04, 0xBC04, 0x9C04, 0x9C04, 0xBD04, 0x7D04,
0x5D04, 0x7E04, 0x7E04, 0x5E04, 0x1C04, 0x3B04, 0xBD0B, 0xBD0B, 0xDC03, 0xFB03,
0x1B04, 0x1B04, 0x1C04, 0x1C04, 0xFD03, 0xDD03, 0x1A04, 0xFB03, 0xFB03, 0x1D04,
0x5E04, 0x3E04, 0xDC03, 0xDC03, 0xBB03, 0xDB13, 0x962B, 0xD823, 0xD823, 0x1A14,
0x3C04, 0x3D04, 0x3D04, 0x1C04, 0x1C04, 0x1C04, 0x3E04, 0x3E04, 0xFC03, 0xFC03,
0xDB03, 0x1B04, 0x3B04, 0x5B04, 0x5B04, 0x7B04, 0x5E04, 0x5D04, 0x3D04, 0x3D04,
0x3C04, 0x1C04, 0x3D04, 0x3D04, 0x3E04, 0x3E04, 0x1B04, 0x3B04, 0x5C04, 0x7C04,
0x7C04, 0x7C04, 0x5C04, 0x1C04, 0xFB03, 0xFB03, 0x1B04, 0x3C04, 0x7D04, 0x7D04,
0x7D04, 0x5D04, 0x1D04, 0xFD03, 0xDD0B, 0x1C04, 0x1C04, 0x1C04, 0x3C04, 0x3C04,
0x5D04, 0x5D04, 0x5D04, 0x3D04, 0x3C04, 0x5E04, 0x5E04, 0x5E04, 0x5E04, 0x5D0C,
0x1C04, 0x1C04, 0x1C04, 0x5D04, 0x9E04, 0x1B04, 0x1C04, 0x1C04, 0x3D04, 0x3D04,
0x1D04, 0xDD03, 0xDD03, 0xDD03, 0xFD0B, 0xFF0C, 0xBF14, 0xBF14, 0x5F14, 0x1F14,
0x3F04, 0x5F04, 0x5F04, 0x5E04, 0x5E04, 0x9B0B, 0xFB03, 0x5D04, 0x5D04, 0x9D04,
0x9D04, 0x5C04, 0xFB0B, 0xFB0B, 0xBA0B, 0xFD0B, 0x1D04, 0x5D04, 0x5D04, 0x7D04,
0x5E04, 0x3E04, 0x3D0C, 0x3D0C, 0x3D0C, 0x1E04, 0x1C04, 0x1A04, 0x3A04, 0x3A04,
0x5C04, 0x5D0C, 0x1D24, 0xDC33, 0xDC33, 0x7C04, 0x3C04, 0x1D04, 0x7F04, 0x7F04,
0x9F04, 0x5E04, 0xDC13, 0x9B23, 0x9B23, 0xBB03, 0xFB0B, 0x1B0C, 0x1B14, 0xFB13,
0xFB13, 0xFC13, 0x1C04, 0x3C04, 0x5F04, 0x5F04, 0x1E04, 0xDC03, 0xDB03, 0x1B04,
0x1B04, 0x5C04, 0x7D04, 0x5D04, 0x5D04, 0x5D04, 0x5C04, 0x5C04, 0x5C04, 0x7B04,
0x5B04, 0x5B04, 0x5B04, 0x3B04, 0xDC03, 0x5E04, 0x5E04, 0x7E04, 0x5E04, 0x5E04,
0x9F04, 0x9F04, 0x5E04, 0xFD03, 0x5B04, 0x5B04, 0x5B04, 0xFE04, 0x9D04, 0x5D04,
0x5E04, 0x1C04, 0x1C04, 0x5E04, 0x5C0C, 0x5C0C, 0x5C0C, 0x5C0C, 0x5C04, 0x3C04,
0x3C04, 0x3C04, 0x3C04, 0x3C04, 0x1F04, 0xFE03, 0x1D0C, 0x1D0C, 0x3D1C, 0x3D1C,
0x3D0C, 0x3E04, 0x5F04, 0x5F04, 0x3E14, 0x1D04, 0x1D04, 0x7E04, 0x7E04, 0x7E04,
0x3C04, 0xFB03, 0xFA03, 0xFA03, 0x1E04, 0x3E04, 0x5E04, 0x5E04, 0x5E04, 0x5D0C,
0x3D0C, 0x1C14, 0xFC13, 0x1C04, 0x1C04, 0x3C04, 0x5C04, 0x5C04, 0x5C04, 0x5C04,
0x3C04, 0xFB03, 0xBA03, 0x3B04, 0x3B04, 0xFB03, 0xBA03, 0xDB03, 0x1D04, 0x1D04,
0x5E04, 0x3E04, 0xFE03, 0x3D04, 0x5E04, 0x5E04, 0x1C04, 0x5D04, 0x9E14, 0x1D04,
0x1D04, 0xDD03, 0xDE03, 0x3A04, 0x5A04, 0x5A04, 0x5B04, 0x3B04, 0xFB03, 0xFC03,
0xFC03, 0x1E04, 0x5F14, 0x5D04, 0x5D04, 0x3D04, 0x3D04, 0x1D04, 0x1D04, 0x3D04,
0x3D04, 0x3D04, 0x3D04, 0xFB03, 0xFC03, 0xFD03, 0xFD03, 0xFD0B, 0x3D24, 0x3B2C,
0x3B24, 0x3B24, 0xDA13, 0x1B0C, 0x1B0C, 0x1B0C, 0x9E0C, 0x9E0C, 0x7D04, 0x3D04,
0x3D04, 0x3D04, 0x3D04, 0x3D04, 0x1D04, 0x1C04, 0x5D04, 0x5D04, 0x7E0C, 0x1D14,
0xDD0B, 0x3D14, 0x3D14, 0xFD0B, 0xBB0B, 0xBC13, 0xDC03, 0xDC03, 0x1D04, 0x5E04,
0x7E04, 0x3D04, 0x1C04, 0x1C04, 0x3C04, 0x5D04, 0x1B04, 0x1B04, 0x1B04, 0x3D04,
0x5E04, 0x5E04, 0x3D0C, 0x3D0C, 0x5C24, 0xBD3C, 0xDC74, 0x9D5C, 0x9D5C, 0x5D34,
0x3D0C, 0x3D04, 0x5D04, 0x5C04, 0x5C04, 0x5C04, 0xFE13, 0xFD0B, 0x1D0C, 0x1D0C,
0x1C04, 0xFB03, 0xFC03, 0x3C04, 0x3C04, 0x1D04, 0x5A04, 0x3B04, 0x3E0C, 0x3E0C,
0x1F14, 0x1F14, 0x1E0C, 0x1B04, 0x3904, 0x3904, 0x3C04, 0x5C04, 0x5C04, 0x7C04,
0x7C04, 0x5C04, 0x5D04, 0x5D04, 0x5D04, 0x5D04, 0xDD0B, 0x1D0C, 0x3D0C, 0x3D04,
0x3D04, 0x3C04, 0x3C04, 0x5D04, 0x7D04, 0xFC03, 0xFC03, 0x1C04, 0x3C04, 0x3D04,
0x3D04, 0x3D04, 0x3C04, 0x3C04, 0x1C04, 0xBE03, 0xBE03, 0xBD03, 0xDD03, 0xFD03,
0xFD03, 0xFD03, 0xDD03, 0xDD03, 0xDE03, 0x1D0C, 0xDC03, 0xDC03, 0xFD03, 0x5E04,
0x7E04, 0x3C04, 0x3C04, 0x7D0C, 0x1F25, 0xDD84, 0x9C74, 0x9C74, 0x5A54, 0x5934,
0x580C, 0x5A04, 0x5A04, 0x5C04, 0x3E04, 0x9E04, 0x7D04, 0x3D04, 0x3D04, 0x1C04,
0x1C04, 0x1C04, 0x5D04, 0x5D04, 0x5E04, 0xFC0B, 0x3D04, 0x7E04, 0x7E04, 0x5D04,
0xFC0B, 0xDC03, 0x1C04, 0x1C04, 0x3E04, 0xFE0B, 0x1D14, 0x3D14, 0x1C0C, 0x1C0C,
0xFC0B, 0xFC23, 0x5C54, 0x9D74, 0x9D74, 0x1E55, 0x9C2C, 0x1B04, 0x1C04, 0x1C04,
0x3E04, 0x3E04, 0xFC03, 0x1C04, 0x1C04, 0x1E14, 0x1D14, 0x3B2C, 0x7C4C, 0xDD6C,
0xDD6C, 0xDE64, 0x7E3C, 0x3D1C, 0xFF13, 0xFF13, 0xFE0B, 0xDE03, 0xFE03, 0xFE03,
0xFE03, 0x1D04, 0x1D04, 0x1D04, 0x3D04, 0x3D04, 0x5D04, 0x5E0C, 0x3D0C, 0xFC03,
0xDB03, 0xDB03, 0xFB03, 0x3C04, 0x3C0C, 0x5C0C, 0x5C0C, 0x5C04, 0x3C04, 0x1B04,
0x1B04, 0x1B04, 0xFB03, 0xBB03, 0xFD03, 0xFD03, 0xFD03, 0x1D0C, 0xFC0B, 0xFC0B,
0xFC0B, 0xFC0B, 0xFC0B, 0x1D14, 0x1C04, 0x1B04, 0xFB03, 0xFB03, 0x1C04, 0x3C04,
0x5D04, 0x3D04, 0x3D04, 0x1C04, 0x5B04, 0x1904, 0xBB3C, 0xBB3C, 0xDB64, 0x9A64,
0x5A54, 0xBA2B, 0x5D34, 0x5D34, 0xBD04, 0x7C04, 0x3C04, 0x5D04, 0x5D04, 0x5E04,
0xFD03, 0xDC03, 0xDC0B, 0xDC0B, 0x1C04, 0x1C04, 0x3C04, 0x5D04, 0x5D04, 0x5D04,
0x3D04, 0x1D04, 0xFD03, 0x5D0C, 0x5D0C, 0x3D04, 0x3C04, 0x3C04, 0x3C04, 0x3C04,
0x5D04, 0x5D04, 0x5C0C, 0x5C04, 0x5C04, 0x5C04, 0x5D04, 0x7E0C, 0x7D04, 0x7D04,
0x3D04, 0xFC03, 0xDC0B, 0x1C1C, 0xFE5C, 0xFE5C, 0xDB7C, 0xBA7C, 0x9C54, 0x3B14,
0x3B14, 0x5B04, 0x9A04, 0x1D0C, 0x1D0C, 0x1D0C, 0x1D0C, 0x1D04, 0x1D04, 0x1C04,
0x1C04, 0x3B04, 0x3B04, 0xFD13, 0x1D14, 0x1D0C, 0x1D0C, 0x1C04, 0x1C04, 0x5D04,
0x5D04, 0x5D04, 0x5D04, 0x5A04, 0x3B0C, 0x1B34, 0x1B34, 0xBD6C, 0xDC7C, 0xDB6C,
0x7A2C, 0x7A2C, 0x5A0C, 0x3D04, 0x3D04, 0x3D04, 0x5B04, 0x5B04, 0x3B04, 0xFB03,
0xDB03, 0x1D04, 0x1D04, 0x7E0C, 0x7E0C, 0xFC03, 0x5D04, 0x5D04, 0x3E0C, 0x9C13,
0xBB03, 0x9D04, 0x9D04, 0xBD04, 0x7C04, 0x7D04, 0xBC04, 0xBC04, 0x7D04, 0x3D04,
0xFD03, 0xDD03, 0x1D04, 0x1D04, 0x7C04, 0xBC04, 0x5C04, 0x5D04, 0x5D04, 0x5E04,
0x3D04, 0xDB03, 0xDA0B, 0xDA0B, 0xDC44, 0xBF6D, 0x3D65, 0xBC44, 0xBC44, 0xFB1B,
0xBB03, 0xDD03, 0x1D04, 0xFD0B, 0xFD0B, 0xDC13, 0x5D04, 0x1B04, 0x5C04, 0x5C04,
0x7C04, 0x3C04, 0x5D04, 0x5F14, 0x5F14, 0xFE0B, 0xDD03, 0xFC03, 0x1B04, 0x1B04,
0x5B04, 0x5B04, 0x3C04, 0x1D14, 0xFD13, 0xFD13, 0x9C03, 0xDD03, 0x1D04, 0x3D04,
0x3D04, 0x1C04, 0xFC03, 0x1C04, 0x3D04, 0x3D04, 0x5E04, 0x5E04, 0x5D04, 0x5D04,
0x5D04, 0x3C04, 0x3C04, 0x1C04, 0x1C0C, 0xFC03, 0xFC03, 0x1C04, 0x1C04, 0x3D0C,
0x3D04, 0x3D04, 0x3C04, 0x1C04, 0x1C04, 0x1C14, 0x1C14, 0x1B0C, 0x3B04, 0x7C04,
0x9C04, 0x9C04, 0x5C04, 0x3C04, 0x1C04, 0xBF04, 0x1D04, 0x1D04, 0xFC03, 0x5D04,
0x3C04, 0xDA03, 0xDA03, 0x1B1C, 0xFE3C, 0x5A75, 0xDB64, 0xDB64, 0x5C3C, 0xFD13,
0xFE03, 0xFE03, 0xFE03, 0x1D04, 0xFD13, 0x7E04, 0x5D04, 0x3D04, 0x3D04, 0xFC03,
0xFC03, 0xFC03, 0x1E04, 0x1E04, 0x3F04, 0xDB03, 0x1C04, 0x3C04, 0x3C04, 0x1C0C,
0xFB13, 0xFC13, 0x1D04, 0x1D04, 0x3E04, 0x3D04, 0x1C04, 0xFB03, 0xDB03, 0xDB03,
0xFB03, 0x3B14, 0x9A3C, 0xFA5C, 0xFA5C, 0x7E85, 0xDB4C, 0x3A0C, 0x1B04, 0x1B04,
0xFC03, 0xFD0B, 0x3D04, 0x7C04, 0x7C04, 0x5E04, 0x1B04, 0x1914, 0x9944, 0x3C75,
0x3C75, 0x5E6D, 0xBD3C, 0x1B0C, 0x3A04, 0x3A04, 0x5B04, 0x5C04, 0x5C04, 0x3C04,
0x3C04, 0x3C04, 0x3B0C, 0x3B14, 0x1C04, 0x1C04, 0xFC03, 0xFC03, 0xDC0B, 0xFD0B,
0x1D04, 0x1D04, 0x3E04, 0x5E04, 0x3D04, 0x1D04, 0x1D04, 0x3D04, 0x3D04, 0x3D04,
0x1D04, 0x1D04, 0xFC03, 0x1D0C, 0x1E04, 0xFD03, 0xFD03, 0xDC03, 0xFC03, 0x3C04,
0x5C04, 0x5B04, 0x5B04, 0x1B04, 0x3D04, 0x3D04, 0x3D04, 0x3D04, 0x3D04, 0x3D04,
0x3D04, 0x3D04, 0x3D04, 0x3D04, 0x3E04, 0xDB0B, 0x3F5D, 0x3F5D, 0x5E75, 0xFD64,
0x5B3C, 0x5803, 0x3D04, 0x3D04, 0x3B0C, 0x1B04, 0x1C04, 0x5D04, 0x5D04, 0x7D04,
0x3D04, 0x3D04, 0x7E04, 0x7E04, 0x1D04, 0x1D04, 0x3C04, 0x3C04, 0x3C04, 0x3B04,
0x3B04, 0x3B04, 0x3B04, 0xBB03, 0xBB03, 0xFC03, 0x3D04, 0x5D04, 0x5D04, 0x5D04,
0x3D04, 0x3D04, 0x5D04, 0x5D04, 0x5D04, 0x1C04, 0xDC03, 0xFC03, 0x5C04, 0x5C04,
0x7C04, 0x3B04, 0xFA03, 0xFE03, 0x3F55, 0x3F55, 0xFA6C, 0x985C, 0x5B2C, 0xDD03,
0xDD03, 0x1E04, 0x3E14, 0x5D04, 0x5E04, 0x5E04, 0x5E04, 0x3E04, 0xFD03, 0xFD03,
0xFD03, 0x1D04, 0x3D0C, 0x7D04, 0x7D04, 0x3C04, 0x3C04, 0xDA03, 0xBA03, 0xFC0B,
0x1D0C, 0x1D0C, 0xDD0B, 0x1F04, 0x1D04, 0xFB1B, 0xFB1B, 0x7E65, 0x3C6D, 0x1D5D,
0x1C14, 0x1C14, 0x3F04, 0x1C04, 0x1C04, 0x1D04, 0xDB03, 0xDB03, 0xFC0B, 0x3C1C,
0x7C34, 0x5A44, 0x5A44, 0x384C, 0xF74B, 0xB54B, 0xDD0B, 0xDD0B, 0xDD03, 0xFC0B,
0x1B14, 0x1B2C, 0x1B2C, 0x3B44, 0x3B5C, 0x5B6C, 0xF913, 0xF913, 0x1A0C, 0x5B04,
0x5C04, 0x1B04, 0x1B04, 0x1B04, 0x3B14, 0x5B24, 0xF853, 0x3A4C, 0x3A4C, 0x7C44,
0x5D2C, 0x1D0C, 0xFC03, 0xFC03, 0x1C04, 0x5D0C, 0x1B04, 0x1B04, 0x1B04, 0x1C04,
0x3D04, 0x5E0C, 0x3D1C, 0xFB23, 0xFB23, 0xBA23, 0xB84B, 0xF94B, 0x1A44, 0x1A44,
0x3B3C, 0x3C2C, 0x1C14, 0xFC0B, 0xFC0B, 0xFC03, 0xDC03, 0xFC0B, 0x3C24, 0x3C24,
0x5C34, 0x5B44, 0x3A44, 0xF943, 0xD83B, 0xD83B, 0xFA13, 0xFA0B, 0x1C04, 0x3D04,
0x3D04, 0x5E04, 0x3D04, 0x1C04, 0xDA03, 0xDA03, 0x9963, 0x1B64, 0x7C5C, 0x5B3C,
0x5B3C, 0x1A1C, 0xD903, 0x1A04, 0x5C04, 0x3E04, 0x3E04, 0x3E04, 0x1C04, 0xFB03,
0x1B1C, 0x1B1C, 0x1B34, 0x3B4C, 0x3B5C, 0x7A3C, 0x7A3C, 0x5A2C, 0x1A14, 0xFB03,
0x1C04, 0x1C04, 0x1C04, 0x1D04, 0x1D04, 0xB34B, 0xF64B, 0xF64B, 0x194C, 0x5C3C,
0x5D2C, 0x3D14, 0x3D14, 0x1C04, 0xFB03, 0xBA03, 0xFC03, 0xFC03, 0x3E04, 0x5E04,
0x1D04, 0xFB03, 0xFB03, 0xFA0B, 0x1A14, 0xB82B, 0xD93B, 0x1B4C, 0x1B4C, 0x3C5C,
0x5C4C, 0x3C2C, 0xFC03, 0xFC03, 0xFB03, 0x9E04, 0x5E04, 0x3C04, 0x3C04, 0xDB03,
0xDA0B, 0xFA23, 0x3A3C, 0x3A3C, 0x7B4C, 0x1A34, 0x1B2C, 0x1C1C, 0x1C0C, 0x1C0C,
0x1D04, 0xFC03, 0xDC03, 0xDC03, 0xDC03, 0x5D0C, 0x1C04, 0xDC03, 0xDC0B, 0xDC0B,
0x3D24, 0x5C3C, 0x3B54, 0x1954, 0x1954, 0x1A34, 0x1A24, 0x1B14, 0xFC03, 0xFD03,
0xFD03, 0x1C04, 0x1C04, 0x1C04, 0x3E0C, 0x3E0C, 0x3C24, 0x593C, 0x3754, 0x1654,
0x1654, 0xF73B, 0xD923, 0xDB13, 0x1B14, 0x1B14, 0x1B0C, 0x3B04, 0x5B0C, 0x3B1C,
0x3B34, 0x3B34, 0x1B54, 0x1A64, 0x3B24, 0x3C1C, 0x3C1C, 0x1C0C, 0xFC03, 0x1C04,
0x3C04, 0x3C04, 0x5C14, 0x7B1C, 0xDA0B, 0xFA23, 0xFA23, 0x1B44, 0x1B54, 0x1B54,
0x1A3C, 0xF91B, 0xF91B, 0xD903, 0x9F04, 0x3C14, 0xF82B, 0xF82B, 0xD74B, 0x185C,
0x3A4C, 0xFC2B, 0xFC2B, 0xDD0B, 0x3D04, 0x3D04, 0x3D04, 0x3D04, 0x3D04, 0x3D04,
0x3D04, 0x3D04, 0x3D04, 0x3D04, 0x5A04, 0xF903, 0xD90B, 0xFB23, 0xFB23, 0x5D44,
0x7C5C, 0x1A5C, 0x9753, 0x9753, 0x1B04, 0x1C04, 0x1D04, 0x3D04, 0x3D04, 0x5D04,
0x3C0C, 0xFB13, 0xB913, 0xB843, 0xB843, 0xD94B, 0x1A4C, 0x5B44, 0x5C34, 0x5C34,
0x3C1C, 0xFC03, 0xDC03, 0x9C1B, 0x9C1B, 0xD92B, 0xF643, 0x175C, 0x1B54, 0x1B54,
0x1E3C, 0x3D14, 0x5B04, 0x3D04, 0x3D04, 0x3D04, 0x3D04, 0x3D04, 0x3D04, 0x3D04,
0x3D04, 0x3D04, 0x3D04, 0xBA43, 0x1B54, 0x1B54, 0x5C5C, 0x3A54, 0xF933, 0xB813,
0xB813, 0xFA03, 0x5C04, 0x3E04, 0x1C04, 0xF823, 0xF823, 0xD643, 0xF653, 0x184C,
0x3B44, 0x3B44, 0x5D34, 0x3D04, 0x3D04, 0x3D04, 0x3D04, 0x3D04, 0x3D04, 0x3D04,
0x3D04, 0x3D04, 0x3D04, 0x7C14, 0x5B1C, 0x3A24, 0x3E04, 0x3E04, 0x1D04, 0xDB03,
0xDA0B, 0x3B24, 0x3B24, 0xBC44, 0x5E5D, 0xDF75, 0x5E0C, 0x5E0C, 0x1D04, 0xFB03,
0xDB03, 0xFA0B, 0xFA0B, 0x3B24, 0x7C44, 0x9D54, 0x3F8E, 0x3F8E, 0xDF75, 0x1E4D,
0x5C2C, 0xFA1B, 0xFA2B, 0xFA2B, 0x7C4C, 0xFE64, 0x9F6D, 0xDD4C, 0xDD4C, 0x1B1C,
0x9A03, 0xDB03, 0x1C04, 0x1C04, 0x1C04, 0xFB03, 0x5C04, 0x3C04, 0x3C04, 0x1C04,
0xFC03, 0x1D04, 0xDF24, 0xBF55, 0xBF55, 0x7F76, 0xDF75, 0x5F5D, 0x9D3C, 0x9D3C,
0xFA1B, 0xBA0B, 0xDB03, 0x3C04, 0x3C04, 0x7E04, 0x5E04, 0x1D04, 0xFB03, 0xFB03,
0xDA13, 0x3A24, 0xBC44, 0x5F5D, 0xDF6D, 0xDF6D, 0x3F5E, 0x7F3D, 0x5D0C, 0xDC03,
0xDC03, 0xFD03, 0x3D04, 0x5D04, 0x5C0C, 0x5C0C, 0x1C04, 0x1B1C, 0x7B54, 0x5E8D,
0x5E8D, 0x3FA6, 0x1F8E, 0x1F45, 0x1F04, 0x5E04, 0x5E04, 0x3D04, 0x3C04, 0x1B04,
0x1B0C, 0x1B0C, 0x3B1C, 0x5B34, 0x5C3C, 0x1C75, 0x1C75, 0xDF85, 0x3F7E, 0x7F5D,
0x1B2C, 0x1B2C, 0x7913, 0x1C2C, 0xDF4C, 0xBE75, 0x5D65, 0x5D65, 0xBD44, 0x1C24,
0xDC0B, 0xDC03, 0xDC03, 0x3D04, 0x7D04, 0x1C04, 0x5D0C, 0x5D0C, 0x5E04, 0xFD03,
0xDB03, 0x5D0C, 0x5D0C, 0x5F35, 0x5F5E, 0x5F76, 0xDF65, 0xFE54, 0xFE54, 0x3C34,
0xDA23, 0xFB0B, 0x5D04, 0x5D04, 0x9E04, 0x3C1C, 0xBA13, 0xBA1B, 0xBA1B, 0x9D44,
0xDF7D, 0x3F96, 0x3F85, 0x3F85, 0x3A64, 0x1B24, 0x1B1C, 0x3C14, 0x3D04, 0x3D04,
0x3D04, 0x3C04, 0x1C04, 0xFC03, 0xFC03, 0x3C04, 0x5D04, 0x5E04, 0x1D04, 0x1D04,
0xBB03, 0xBA13, 0x5B3C, 0xDC54, 0xDC54, 0x3F4D, 0xFF3C, 0x9E1C, 0x3D04, 0xFD03,
0xFD03, 0x1C04, 0x3C04, 0x5C04, 0x5F04, 0x5F04, 0xBB03, 0x780B, 0x3934, 0x5D5D,
0x5D5D, 0xDF65, 0x1F3D, 0x1D0C, 0x1F04, 0x1F04, 0x9F0C, 0x3F5D, 0xBF9D, 0xBEAD,
0x3F85, 0x3F85, 0x9F44, 0x1F14, 0x5C1C, 0x3C14, 0x3C14, 0x1C04, 0x1D04, 0x1D04,
0x3C04, 0x3C04, 0x3C0C, 0x5C14, 0xBF9E, 0x3F96, 0x3F96, 0x5F75, 0x7C4C, 0x1B2C,
0x3C04, 0x9E04, 0x9E04, 0xFF04, 0xBB03, 0x7D0C, 0x3E45, 0x3E45, 0x7E65, 0x1C55,
0x7B3C, 0x1C14, 0x1C14, 0xFD03, 0x3D04, 0x3D04, 0x3D04, 0x3D04, 0x3D04, 0x3D04,
0x3D04, 0x3D04, 0x3D04, 0x3D04, 0x3F1C, 0x1F4D, 0x1F7E, 0xFF8D, 0xFF8D, 0x3E75,
0x5B44, 0x1B24, 0x3C14, 0x3C14, 0x7D0C, 0x5D04, 0x1D04, 0xFC03, 0xFC03, 0xFC03,
0x9E14, 0x7F3D, 0x1F5E, 0xDF6D, 0xDF6D, 0x5F5D, 0xBC44, 0x1A24, 0xDA13, 0xDA13,
0xFB03, 0x3D04, 0x5E04, 0x3E1C, 0x3E1C, 0x3E45, 0xDE65, 0x3C5D, 0xFB2B, 0xFB2B,
0x3B03, 0xDB03, 0xBC04, 0x3D04, 0x3D04, 0x3D04, 0x3D04, 0x3D04, 0x3D04, 0x3D04,
0x3D04, 0x3D04, 0x3D04, 0x3B1C, 0x1A24, 0x1A24, 0x7B3C, 0x3F65, 0x1F86, 0x1F7E,
0x1F7E, 0x1F55, 0x1D2C, 0xDD03, 0x3D04, 0xBD2C, 0xBD2C, 0x1D55, 0x3D5D, 0xDD4C,
0x5C2C, 0x5C2C, 0xFC13, 0x3D04, 0x3D04, 0x3D04, 0x3D04, 0x3D04, 0x3D04, 0x3D04,
0x3D04, 0x3D04, 0x3D04, 0x5D04, 0x5C0C, 0x3B14, 0x3E04, 0x3E04, 0x1D04, 0xDB03,
0xDA0B, 0x3B24, 0x3B24, 0xBC44, 0x5E5D, 0xDF75, 0x5E0C, 0x5E0C, 0x1D04, 0xFB03,
0xDB03, 0xFA0B, 0xFA0B, 0x3B24, 0x7C44, 0x9D54, 0x3F8E, 0x3F8E, 0xDF75, 0x1E4D,
0x5C2C, 0xFA1B, 0xFA2B, 0xFA2B, 0x7C4C, 0xFE64, 0x9F6D, 0xDD4C, 0xDD4C, 0x1B1C,
0x9A03, 0xDB03, 0x1C04, 0x1C04, 0x1C04, 0xFB03, 0x5C04, 0x3C04, 0x3C04, 0x1C04,
0xFC03, 0x1D04, 0xDF24, 0xBF55, 0xBF55, 0x7F76, 0xDF75, 0x5F5D, 0x9D3C, 0x9D3C,
0xFA1B, 0xBA0B, 0xDB03, 0x3C04, 0x3C04, 0x7E04, 0x5E04, 0x1D04, 0xFB03, 0xFB03,
0xDA13, 0x3A24, 0xBC44, 0x5F5D, 0xDF6D, 0xDF6D, 0x3F5E, 0x7F3D, 0x5D0C, 0xDC03,
0xDC03, 0xFD03, 0x3D04, 0x5D04, 0x5C0C, 0x5C0C, 0x1C04, 0x1B1C, 0x7B54, 0x5E8D,
0x5E8D, 0x3FA6, 0x1F8E, 0x1F45, 0x1F04, 0x5E04, 0x5E04, 0x3D04, 0x3C04, 0x1B04,
0x1B0C, 0x1B0C, 0x3B1C, 0x5B34, 0x5C3C, 0x1C75, 0x1C75, 0xDF85, 0x3F7E, 0x7F5D,
0x1B2C, 0x1B2C, 0x7913, 0x1C2C, 0xDF4C, 0xBE75, 0x5D65, 0x5D65, 0xBD44, 0x1C24,
0xDC0B, 0xDC03, 0xDC03, 0x3D04, 0x7D04, 0x1C04, 0x5D0C, 0x5D0C, 0x5E04, 0xFD03,
0xDB03, 0x5D0C, 0x5D0C, 0x5F35, 0x5F5E, 0x5F76, 0xDF65, 0xFE54, 0xFE54, 0x3C34,
0xDA23, 0xFB0B, 0x5D04, 0x5D04, 0x9E04, 0x3C1C, 0xBA13, 0xBA1B, 0xBA1B, 0x9D44,
0xDF7D, 0x3F96, 0x3F85, 0x3F85, 0x3A64, 0x1B24, 0x1B1C, 0x3C14, 0x3D04, 0x3D04,
0x3D04, 0x3C04, 0x1C04, 0xFC03, 0xFC03, 0x3C04, 0x5D04, 0x5E04, 0x1D04, 0x1D04,
0xBB03, 0xBA13, 0x5B3C, 0xDC54, 0xDC54, 0x3F4D, 0xFF3C, 0x9E1C, 0x3D04, 0xFD03,
0xFD03, 0x1C04, 0x3C04, 0x5C04, 0x5F04, 0x5F04, 0xBB03, 0x780B, 0x3934, 0x5D5D,
0x5D5D, 0xDF65, 0x1F3D, 0x1D0C, 0x1F04, 0x1F04, 0x9F0C, 0x3F5D, 0xBF9D, 0xBEAD,
0x3F85, 0x3F85, 0x9F44, 0x1F14, 0x5C1C, 0x3C14, 0x3C14, 0x1C04, 0x1D04, 0x1D04,
0x3C04, 0x3C04, 0x3C0C, 0x5C14, 0xBF9E, 0x3F96, 0x3F96, 0x5F75, 0x7C4C, 0x1B2C,
0x3C04, 0x9E04, 0x9E04, 0xFF04, 0xBB03, 0x7D0C, 0x3E45, 0x3E45, 0x7E65, 0x1C55,
0x7B3C, 0x1C14, 0x1C14, 0xFD03, 0x3D04, 0x3D04, 0x3D04, 0x3D04, 0x3D04, 0x3D04,
0x3D04, 0x3D04, 0x3D04, 0x3D04, 0x3F1C, 0x1F4D, 0x1F7E, 0xFF8D, 0xFF8D, 0x3E75,
0x5B44, 0x1B24, 0x3C14, 0x3C14, 0x7D0C, 0x5D04, 0x1D04, 0xFC03, 0xFC03, 0xFC03,
0x9E14, 0x7F3D, 0x1F5E, 0xDF6D, 0xDF6D, 0x5F5D, 0xBC44, 0x1A24, 0xDA13, 0xDA13,
0xFB03, 0x3D04, 0x5E04, 0x3E1C, 0x3E1C, 0x3E45, 0xDE65, 0x3C5D, 0xFB2B, 0xFB2B,
0x3B03, 0xDB03, 0xBC04, 0x3D04, 0x3D04, 0x3D04, 0x3D04, 0x3D04, 0x3D04, 0x3D04,
0x3D04, 0x3D04, 0x3D04, 0x3B1C, 0x1A24, 0x1A24, 0x7B3C, 0x3F65, 0x1F86, 0x1F7E,
0x1F7E, 0x1F55, 0x1D2C, 0xDD03, 0x3D04, 0xBD2C, 0xBD2C, 0x1D55, 0x3D5D, 0xDD4C,
0x5C2C, 0x5C2C, 0xFC13, 0x3D04, 0x3D04, 0x3D04, 0x3D04, 0x3D04, 0x3D04, 0x3D04,
0x3D04, 0x3D04, 0x3D04, 0x5D04, 0x5C0C, 0x3B14, 0xFD03, 0xFD03, 0x1E04, 0x1E04,
0x3D04, 0x5D0C, 0x5D0C, 0x3C14, 0x3B14, 0x3B14, 0x3D04, 0x3D04, 0x3D04, 0x3C04,
0x3C04, 0x3C04, 0x3C04, 0x5C0C, 0x7C1C, 0x7C24, 0x1C0C, 0x1C0C, 0x3D04, 0x5E04,
0x5E04, 0x3E04, 0x1D04, 0x1D04, 0x1D04, 0x1D0C, 0x3A14, 0x3B14, 0x3B14, 0x3C0C,
0x5D04, 0x7E04, 0x7E04, 0x7E04, 0x5D04, 0x3C04, 0x5C04, 0x3C04, 0x3C04, 0x1C04,
0x1C04, 0xFC03, 0xFB03, 0xDA0B, 0xDA0B, 0xD90B, 0x3B14, 0x3B14, 0x3C0C, 0x3C0C,
0x3C0C, 0x3C04, 0x3C04, 0x1C04, 0x1C04, 0x1C04, 0x1C04, 0x3C04, 0x3C04, 0x3C04,
0x5C0C, 0x5C14, 0x3C14, 0x3B14, 0x3B14, 0x3B14, 0x3B14, 0x1C14, 0x1C04, 0x1D04,
0x1D04, 0x3D04, 0x3D04, 0x3D04, 0x3C04, 0x3C04, 0x5B04, 0x7B04, 0x9B04, 0x5A04,
0x5A04, 0x1904, 0xFA03, 0x1C14, 0x3E24, 0x5D04, 0x5D04, 0x5D04, 0x3C04, 0x3C04,
0x3B04, 0x3B04, 0x3B04, 0x5C14, 0x5C1C, 0x5D14, 0x5D14, 0x5D0C, 0x5D04, 0x3D04,
0x1D04, 0x1D04, 0x1D04, 0x3E04, 0x3E04, 0x1A14, 0x1B14, 0x1B14, 0x3D14, 0x3E0C,
0x3E04, 0x3E04, 0x3E04, 0x1D04, 0x1C04, 0x1B04, 0x3D04, 0x3D04, 0x5E04, 0x3D04,
0x1C04, 0xFB03, 0xFB03, 0x1B0C, 0x5B14, 0xFB0B, 0xFB0B, 0xFB0B, 0xFB0B, 0xFB0B,
0x1B04, 0x3C04, 0x5D04, 0x5D04, 0x7D04, 0x3E04, 0x1D04, 0xFD03, 0xFD03, 0xFC03,
0xFC03, 0x1D04, 0x3D0C, 0x3D0C, 0x3D14, 0x1C0C, 0x3C0C, 0x3D04, 0x5D04, 0x5D04,
0x5D04, 0x5D04, 0x3C04, 0x3C04, 0x3C04, 0x3C04, 0x5D04, 0x5D04, 0x3D04, 0x3D04,
0x1C04, 0x3C04, 0x5C14, 0x7C24, 0x7C24, 0xFB13, 0xFB0B, 0xFC03, 0xFC03, 0xFD03,
0xFD03, 0x1D04, 0x3D04, 0x5D0C, 0x3F04, 0x3F04, 0x3E04, 0x1C04, 0x1C14, 0x3C14,
0x3C14, 0x3C14, 0x1D0C, 0x1D04, 0x3904, 0x3904, 0x3A04, 0x1B04, 0xFC03, 0xFC03,
0x1C0C, 0x1C0C, 0x3A0C, 0x3914, 0x5C0C, 0x5C0C, 0x5C0C, 0x3D04, 0x1D04, 0x1D04,
0x1D04, 0x1D04, 0x3C0C, 0x5C14, 0x1A04, 0xFA03, 0xFA03, 0xF903, 0xDA03, 0xFA0B,
0x1B14, 0x3C14, 0x3C14, 0x3D14, 0x3C04, 0x5C04, 0x5B0C, 0x5B0C, 0x3B14, 0x1A14,
0x1B0C, 0x3C04, 0x3C04, 0x5D04, 0x3D04, 0x3D04, 0x3D04, 0x3D04, 0x3D04, 0x3D04,
0x3D04, 0x3D04, 0x3D04, 0x3D04, 0x1C0C, 0xFB0B, 0xFB03, 0x1B04, 0x1B04, 0x7B04,
0x9B04, 0x7A04, 0x5904, 0x5904, 0x3C04, 0x3C04, 0x1D04, 0x3D04, 0x3D04, 0x3D04,
0x3C04, 0x3C0C, 0x3B14, 0x3B0C, 0x3B0C, 0x3B14, 0x5C14, 0x5C14, 0x5C0C, 0x5C0C,
0x3C04, 0x1C04, 0x1C04, 0x1D04, 0x1D04, 0x3B0C, 0x5A14, 0x5B14, 0x1D0C, 0x1D0C,
0x1E04, 0x3C04, 0x5A04, 0x3D04, 0x3D04, 0x3D04, 0x3D04, 0x3D04, 0x3D04, 0x3D04,
0x3D04, 0x3D04, 0x3D04, 0x5A04, 0x7B04, 0x7B04, 0x7B04, 0x5A04, 0x1A0C, 0xFA0B,
0xFA0B, 0xFB0B, 0x1C0C, 0x3E04, 0x1D04, 0x1C04, 0x1C04, 0x1B0C, 0x1B14, 0x3C0C,
0x3D0C, 0x3D0C, 0x3E0C, 0x3D04, 0x3D04, 0x3D04, 0x3D04, 0x3D04, 0x3D04, 0x3D04,
0x3D04, 0x3D04, 0x3D04, 0x3E04, 0x3D04, 0x1D04, 0x1E04, 0x1E04, 0x3E04, 0x5E04,
0x5E04, 0x5E04, 0x5E04, 0x3D04, 0xFC03, 0xFB03, 0x1C04, 0x1C04, 0x3C04, 0x5D04,
0x5C04, 0x5D04, 0x5D04, 0x5D04, 0x5C04, 0x3C04, 0xD903, 0xD903, 0x1A04, 0x5C04,
0x9D04, 0x7D04, 0x5C04, 0x5C04, 0x3B04, 0x1B04, 0xFB03, 0x5C04, 0x5C04, 0x7E04,
0x5D04, 0x1C04, 0xFC03, 0xFC03, 0x3C04, 0x7D0C, 0x1C04, 0x1B04, 0x1B04, 0x1C04,
0x3D04, 0x7D04, 0x7D0C, 0x5C0C, 0x5C0C, 0x1B04, 0xFB03, 0x1C04, 0x3D04, 0x3D04,
0x5D04, 0x5D04, 0x5D04, 0x3D04, 0x3D04, 0x3D04, 0x3D04, 0x5D04, 0x7D04, 0x7D04,
0x7D04, 0x5D04, 0x3C04, 0xFC03, 0xDB03, 0xDB03, 0x9903, 0xBA03, 0x1C04, 0x3D04,
0x3D04, 0x3D04, 0x3D04, 0x3D04, 0x5D04, 0x5D04, 0x1B0C, 0x3D14, 0x5E0C, 0x3E04,
0x3E04, 0xFD03, 0xFC03, 0x1B04, 0x5B04, 0x3D04, 0x3D04, 0x3D04, 0x3C04, 0x3C04,
0x3C04, 0x3C04, 0x3C04, 0x3C04, 0x5D04, 0x3B04, 0x3B04, 0x3B04, 0x3B04, 0x3B04,
0x3B04, 0x3B04, 0x5C04, 0x7C04, 0x7C04, 0xDB03, 0xFC03, 0xFC03, 0x1D04, 0x5F04,
0x5F04, 0x5E04, 0x5E04, 0x3D04, 0x3C04, 0x3C04, 0x3D04, 0x3D04, 0x3D04, 0x3D04,
0x1C04, 0xFC03, 0xFC03, 0xDA03, 0xBA03, 0x3D0C, 0x5D0C, 0x5D04, 0x5D04, 0x7D04,
0x7D04, 0x3C04, 0x1C04, 0x1C04, 0xFC03, 0x9D04, 0x9D04, 0x5C04, 0x5C04, 0x3B04,
0x1B04, 0x3B04, 0x5B04, 0x5B04, 0x7C04, 0x1D04, 0x1D04, 0x3D04, 0x5D04, 0x5D04,
0x5D04, 0x5D04, 0x5D04, 0x5D04, 0x5D04, 0x5D0C, 0x1C04, 0xFC03, 0x1D04, 0x1D04,
0x7E04, 0x9E04, 0x5C04, 0xFB03, 0xFB03, 0xFC03, 0xFC03, 0x1D04, 0x3D04, 0x3E04,
0x3E04, 0x3D04, 0x3D04, 0x3C04, 0x9F04, 0x9F04, 0x7E04, 0x5E04, 0x1D04, 0xFC03,
0xFC03, 0xFC03, 0x1C04, 0x3D04, 0xDB13, 0xDB13, 0xFC0B, 0x3C04, 0x5D04, 0x5D04,
0x3C04, 0x3C04, 0xFC0B, 0xDC13, 0x5D04, 0x5D04, 0x5D04, 0x3D04, 0x3D04, 0x1D04,
0x1D04, 0x1D04, 0x3D0C, 0x3D14, 0x1E04, 0x3E04, 0x3E04, 0x5E04, 0x5D04, 0x5C04,
0x3B04, 0x1A04, 0x1A04, 0xFA03, 0x9E0C, 0x3D04, 0xDB03, 0xDB03, 0xDB03, 0x3D04,
0x7D04, 0x7D04, 0x7D04, 0x3C04, 0x3D04, 0x3D04, 0x3D04, 0x3D04, 0x3D04, 0x3D04,
0x3D04, 0x3D04, 0x3D04, 0x3D04, 0x5C14, 0x1B04, 0xDB03, 0xDC03, 0xDC03, 0x1D04,
0x5E0C, 0x5D14, 0x3C14, 0x3C14, 0x3D0C, 0x1D04, 0x1C04, 0x1D04, 0x1D04, 0x3D04,
0x3C04, 0xDB03, 0xB903, 0xFB03, 0xFB03, 0x1C04, 0x3C04, 0x7D04, 0x7D04, 0x7D04,
0x5D04, 0x3D04, 0x1D04, 0x1D04, 0x1D04, 0x1C04, 0x3B04, 0x3C04, 0x3E04, 0x3E04,
0x3E04, 0x5D04, 0x7A04, 0x3D04, 0x3D04, 0x3D04, 0x3D04, 0x3D04, 0x3D04, 0x3D04,
0x3D04, 0x3D04, 0x3D04, 0x3E04, 0x5E0C, 0x5E0C, 0x3D0C, 0xFB0B, 0xDA03, 0xDA03,
0xDA03, 0x3C04, 0x7D04, 0x7E0C, 0x5D04, 0x1D04, 0x1D04, 0xFC03, 0xFD03, 0x1D04,
0x5D04, 0x5D04, 0x7E04, 0x3D04, 0x3D04, 0x3D04, 0x3D04, 0x3D04, 0x3D04, 0x3D04,
0x3D04, 0x3D04, 0x3D04, 0x3E04, 0x3D04, 0x1D04, 0x3D0C, 0x3D0C, 0x3D04, 0x3D04,
0x3D04, 0x3D04, 0x3D04, 0x5D04, 0x7E04, 0x9E04, 0x5D0C, 0x5D0C, 0x3D04, 0x1C04,
0xFC03, 0xFC03, 0xFC03, 0x1C04, 0x3D04, 0x5E04, 0x1C1C, 0x1C1C, 0x1C14, 0x1C14,
0xFC0B, 0xFC0B, 0xDC0B, 0xDC0B, 0xBB0B, 0x9B0B, 0x9E0C, 0x7E04, 0x7E04, 0x1D04,
0xDC03, 0xBC03, 0xDC03, 0xDC03, 0xFC03, 0x1C0C, 0x5D04, 0x5D04, 0x5D04, 0x5D04,
0x1C04, 0xDB03, 0xBA03, 0xFB03, 0xFB03, 0x1B04, 0x7F04, 0x7E04, 0x5E04, 0x5E04,
0x3E04, 0x3D04, 0x3D04, 0x3D0C, 0x3D0C, 0x3D0C, 0x5D04, 0x5D04, 0x3D04, 0x3D04,
0x3D04, 0x3D04, 0x5E04, 0x7E04, 0x7E0C, 0x7E0C, 0x7D14, 0x5D0C, 0x1C04, 0x1C04,
0x1C04, 0x3D04, 0x5D04, 0x5D04, 0x5D04, 0x5D04, 0x3F0C, 0xFE0B, 0x9C13, 0x9A13,
0x9A13, 0xDA13, 0x3C04, 0x7E04, 0x9F04, 0x1D0C, 0x1D0C, 0x1D04, 0x1C04, 0x1C04,
0x1C04, 0x1C04, 0x1C04, 0x1D04, 0x1D04, 0xFC0B, 0xFC0B, 0x1D14, 0x3D14, 0x1C0C,
0xDB03, 0xDB03, 0xBA03, 0xDB0B, 0x1C14, 0x9E04, 0x7E04, 0x7E04, 0x5E04, 0x3D04,
0x3D04, 0x3C04, 0x3C04, 0x5C04, 0x5C0C, 0x3C04, 0x5D0C, 0x5D0C, 0x7E0C, 0x3D04,
0xFC03, 0xFC03, 0xFC03, 0x5D0C, 0x9E14, 0x9B03, 0xBC03, 0xFC03, 0xFC03, 0x1C04,
0x1D04, 0x3D04, 0x3D04, 0x3D04, 0x1D0C, 0xFC13, 0xDB0B, 0xDB0B, 0xDB0B, 0xFC13,
0x5D1C, 0x5D1C, 0x1D14, 0x1D14, 0xFC0B, 0xFD03, 0xFD03, 0x1D04, 0x1D04, 0x1D04,
0x3D04, 0x3D04, 0x3D0C, 0x3D0C, 0x3D0C, 0x3D0C, 0x3D0C, 0xFC03, 0xFC03, 0xFC03,
0xFC03, 0x1C04, 0x3D04, 0x5D04, 0x5D04, 0xBF14, 0x9F0C, 0x5E04, 0x3E04, 0x1D04,
0x1D04, 0x3D04, 0x5D04, 0x5D0C, 0x5C04, 0x5C04, 0x1C04, 0x1D04, 0x5E04, 0x9F04,
0x9F04, 0x9E0C, 0x7D0C, 0x1B04, 0x5F04, 0x5F04, 0x3E0C, 0x1B04, 0xF903, 0xF903,
0x1B04, 0x1B04, 0x3F04, 0x5F04, 0x5D04, 0x5D04, 0x5D04, 0x3D04, 0x3D04, 0x1D04,
0x1D04, 0x1D04, 0x3D04, 0x3D0C, 0xDA1B, 0xFB13, 0xFB13, 0x1B0C, 0x3C04, 0x5D04,
0x3E04, 0x3F04, 0x3F04, 0x3F04, 0x3D0C, 0x3D0C, 0x5E04, 0x5E04, 0x5E04, 0x5E04,
0x5E04, 0x5D04, 0x5D04, 0x5D04, 0x3D04, 0x3D04, 0x3D04, 0x3D04, 0x3D04, 0x3D04,
0x3D04, 0x3D04, 0x3D04, 0x3D04, 0x5E04, 0x5E04, 0x5C0C, 0x1B14, 0x1B14, 0xDA13,
0xBC0B, 0xDE0B, 0x1F0C, 0x1F0C, 0x3D04, 0x3D04, 0x5D04, 0x3D04, 0x3D04, 0x1C04,
0x1C04, 0x5D0C, 0x9E14, 0x9E04, 0x9E04, 0x7E04, 0x5E04, 0x3D04, 0x3D04, 0x3D04,
0x3D04, 0x3D0C, 0x3D0C, 0x5E0C, 0x5E0C, 0x9E0C, 0x9F0C, 0x7F04, 0x1E04, 0x1E04,
0xFD03, 0x1C04, 0x5C0C, 0x3D04, 0x3D04, 0x3D04, 0x3D04, 0x3D04, 0x3D04, 0x3D04,
0x3D04, 0x3D04, 0x3D04, 0xDE13, 0xBE0B, 0xBE0B, 0xBD0B, 0xFC03, 0x3D04, 0x5D04,
0x5D04, 0x5D04, 0x5C04, 0x3C14, 0x5C0C, 0x5D04, 0x5D04, 0x7E04, 0x5E04, 0x5E04,
0x5D04, 0x5D04, 0x3C04, 0x3D04, 0x3D04, 0x3D04, 0x3D04, 0x3D04, 0x3D04, 0x3D04,
0x3D04, 0x3D04, 0x3D04, 0x3D04, 0x3D04, 0x1D04, 0xFB03, 0xFB03, 0xFB03, 0x1B04,
0x1C04, 0x1C04, 0x1C04, 0x1C04, 0xFB03, 0xFC03, 0x3D0C, 0x3D0C, 0x1D0C, 0x1D04,
0x1D04, 0x1D04, 0x1D04, 0x1D04, 0x1D04, 0x1D04, 0x5E04, 0x5E04, 0x5E04, 0x5F04,
0x7F04, 0x9F04, 0x7F04, 0x7F04, 0x5F04, 0x1E04, 0xDC03, 0xDC03, 0xDC03, 0xDC03,
0x1D04, 0x5E0C, 0x5E14, 0x5E14, 0x3D0C, 0xFC03, 0x1C04, 0x1C04, 0x1C04, 0x3D04,
0x5D04, 0x5D04, 0x5D04, 0x7D04, 0x7D04, 0x7D04, 0xDC03, 0xDC03, 0xFC03, 0xFC03,
0x1D04, 0x1D04, 0x1D04, 0xFC03, 0xFC03, 0xDC03, 0xFC03, 0xFC03, 0xFD03, 0xFD03,
0x1D04, 0xFD03, 0xFD03, 0xDC03, 0xDC03, 0xDC03, 0xFC03, 0x1C04, 0x1D04, 0x3D04,
0x3D04, 0x1C04, 0x1C04, 0x3D04, 0x3D04, 0x3D04, 0x1D04, 0x5E04, 0x9D04, 0x9D04,
0x9D04, 0x7C04, 0x3C04, 0xFC03, 0xDC03, 0x1C0C, 0x1C0C, 0xFC03, 0x1C04, 0x1C04,
0xFC03, 0xFC03, 0x1D04, 0x1D04, 0x1D04, 0x5F04, 0x5F04, 0x5F04, 0x3E04, 0x5E04,
0x7E04, 0x7E04, 0x7F04, 0x5F04, 0x5F04, 0xFC03, 0xFB03, 0xFB03, 0xFC03, 0x1C04,
0x1C04, 0x1B04, 0x1B04, 0x1B04, 0x1B04, 0x1C04, 0x3D04, 0x3D04, 0x3D04, 0x3D04,
0x1C04, 0x1C04, 0x1C04, 0x1C04, 0x1C04, 0x3D04, 0x5D04, 0x7E0C, 0x7E0C, 0x7F04,
0x5E04, 0x3D04, 0xFC03, 0xFC03, 0xBB03, 0x3E04, 0x5E04, 0x5F04, 0x5F04, 0x3F04,
0x3E04, 0x1E04, 0x3F04, 0x3F04, 0x5F04, 0xFD03, 0xFD03, 0x1C04, 0x1C04, 0x1C04,
0x1C04, 0x1D0C, 0x1D0C, 0x1D0C, 0x1D0C, 0xFC03, 0x1C0C, 0x3D0C, 0x1D04, 0x1D04,
0xFC03, 0xFC03, 0x1D04, 0x5E04, 0x5E04, 0xFC03, 0xFC03, 0xFC03, 0xFC03, 0x1C04,
0x1C04, 0x3D04, 0x3D04, 0x5D04, 0xFB03, 0xFB03, 0x1C04, 0x1C04, 0x1C04, 0xFC03,
0xFC03, 0xFB03, 0xFB03, 0xFB03, 0x7B04, 0x7B04, 0x7C04, 0x5D04, 0x3E04, 0x3E04,
0x5E04, 0x5E04, 0x7C04, 0x7C04, 0x3D04, 0x3D04, 0x3D04, 0x3D04, 0x3D04, 0x3D04,
0x3D04, 0x3D04, 0x3D04, 0x3D04, 0x1B04, 0x3C04, 0x3C04, 0x5D04, 0x5E04, 0x5E04,
0xFD0B, 0x9C0B, 0x9C0B, 0x7C0B, 0xDC03, 0xFD03, 0x1D04, 0x1D04, 0xFD03, 0xBC03,
0xBC03, 0xFC03, 0xFC03, 0x3D0C, 0x3D04, 0x3D04, 0x3D04, 0x3D04, 0x3D04, 0x3D04,
0x3D04, 0x3D04, 0x3D04, 0x3D04, 0x5E04, 0x3C04, 0xFB03, 0xFB03, 0xFB03, 0x3B04,
0x7D04, 0x9E04, 0x9F04, 0x9F04, 0x1C04, 0x3D04, 0x3D04, 0x3D04, 0x3D04, 0x1C04,
0x1C04, 0x1C04, 0x1C04, 0xDC03, 0xDC03, 0xFC03, 0xFD03, 0xFD03, 0xFD03, 0xFD03,
0xFD03, 0xFC03, 0xFC03, 0x1D04, 0x1D04, 0xFD03, 0xDD03, 0xFD03, 0xFD03, 0xFD03,
0xFD03, 0xFC03, 0xFB03, 0x3D04, 0x3D04, 0x3D04, 0x3D04, 0x3D04, 0x3D04, 0x3D04,
0x3D04, 0x3D04, 0x3D04, 0x7E04, 0x7E04, 0x7E04, 0x7E04, 0x3D04, 0x1B04, 0x1B04,
0x1B04, 0x3C04, 0x5C04, 0x1B0C, 0x1B04, 0xFB03, 0xFB03, 0xFC03, 0xFC03, 0xFC03,
0xFB03, 0xFB03, 0x1B04, 0x3D04, 0x3D04, 0x3D04, 0x3D04, 0x3D04, 0x3D04, 0x3D04,
0x3D04, 0x3D04, 0x3D04, 0x3C0C, 0x3C04, 0x3C04, 0xFB03, 0xFB03, 0xFB03, 0x1B04,
0x1C04, 0x1C04, 0x1C04, 0x1C04, 0xFB03, 0xFC03, 0x3D0C, 0x3D0C, 0x1D0C, 0x1D04,
0x1D04, 0x1D04, 0x1D04, 0x1D04, 0x1D04, 0x1D04, 0x5E04, 0x5E04, 0x5E04, 0x5F04,
0x7F04, 0x9F04, 0x7F04, 0x7F04, 0x5F04, 0x1E04, 0xDC03, 0xDC03, 0xDC03, 0xDC03,
0x1D04, 0x5E0C, 0x5E14, 0x5E14, 0x3D0C, 0xFC03, 0x1C04, 0x1C04, 0x1C04, 0x3D04,
0x5D04, 0x5D04, 0x5D04, 0x7D04, 0x7D04, 0x7D04, 0xDC03, 0xDC03, 0xFC03, 0xFC03,
0x1D04, 0x1D04, 0x1D04, 0xFC03, 0xFC03, 0xDC03, 0xFC03, 0xFC03, 0xFD03, 0xFD03,
0x1D04, 0xFD03, 0xFD03, 0xDC03, 0xDC03, 0xDC03, 0xFC03, 0x1C04, 0x1D04, 0x3D04,
0x3D04, 0x1C04, 0x1C04, 0x3D04, 0x3D04, 0x3D04, 0x1D04, 0x5E04, 0x9D04, 0x9D04,
0x9D04, 0x7C04, 0x3C04, 0xFC03, 0xDC03, 0x1C0C, 0x1C0C, 0xFC03, 0x1C04, 0x1C04,
0xFC03, 0xFC03, 0x1D04, 0x1D04, 0x1D04, 0x5F04, 0x5F04, 0x5F04, 0x3E04, 0x5E04,
0x7E04, 0x7E04, 0x7F04, 0x5F04, 0x5F04, 0xFC03, 0xFB03, 0xFB03, 0xFC03, 0x1C04,
0x1C04, 0x1B04, 0x1B04, 0x1B04, 0x1B04, 0x1C04, 0x3D04, 0x3D04, 0x3D04, 0x3D04,
0x1C04, 0x1C04, 0x1C04, 0x1C04, 0x1C04, 0x3D04, 0x5D04, 0x7E0C, 0x7E0C, 0x7F04,
0x5E04, 0x3D04, 0xFC03, 0xFC03, 0xBB03, 0x3E04, 0x5E04, 0x5F04, 0x5F04, 0x3F04,
0x3E04, 0x1E04, 0x3F04, 0x3F04, 0x5F04, 0xFD03, 0xFD03, 0x1C04, 0x1C04, 0x1C04,
0x1C04, 0x1D0C, 0x1D0C, 0x1D0C, 0x1D0C, 0xFC03, 0x1C0C, 0x3D0C, 0x1D04, 0x1D04,
0xFC03, 0xFC03, 0x1D04, 0x5E04, 0x5E04, 0xFC03, 0xFC03, 0xFC03, 0xFC03, 0x1C04,
0x1C04, 0x3D04, 0x3D04, 0x5D04, 0xFB03, 0xFB03, 0x1C04, 0x1C04, 0x1C04, 0xFC03,
0xFC03, 0xFB03, 0xFB03, 0xFB03, 0x7B04, 0x7B04, 0x7C04, 0x5D04, 0x3E04, 0x3E04,
0x5E04, 0x5E04, 0x7C04, 0x7C04, 0x3D04, 0x3D04, 0x3D04, 0x3D04, 0x3D04, 0x3D04,
0x3D04, 0x3D04, 0x3D04, 0x3D04, 0x1B04, 0x3C04, 0x3C04, 0x5D04, 0x5E04, 0x5E04,
0xFD0B, 0x9C0B, 0x9C0B, 0x7C0B, 0xDC03, 0xFD03, 0x1D04, 0x1D04, 0xFD03, 0xBC03,
0xBC03, 0xFC03, 0xFC03, 0x3D0C, 0x3D04, 0x3D04, 0x3D04, 0x3D04, 0x3D04, 0x3D04,
0x3D04, 0x3D04, 0x3D04, 0x3D04, 0x5E04, 0x3C04, 0xFB03, 0xFB03, 0xFB03, 0x3B04,
0x7D04, 0x9E04, 0x9F04, 0x9F04, 0x1C04, 0x3D04, 0x3D04, 0x3D04, 0x3D04, 0x1C04,
0x1C04, 0x1C04, 0x1C04, 0xDC03, 0xDC03, 0xFC03, 0xFD03, 0xFD03, 0xFD03, 0xFD03,
0xFD03, 0xFC03, 0xFC03, 0x1D04, 0x1D04, 0xFD03, 0xDD03, 0xFD03, 0xFD03, 0xFD03,
0xFD03, 0xFC03, 0xFB03, 0x3D04, 0x3D04, 0x3D04, 0x3D04, 0x3D04, 0x3D04, 0x3D04,
0x3D04, 0x3D04, 0x3D04, 0x7E04, 0x7E04, 0x7E04, 0x7E04, 0x3D04, 0x1B04, 0x1B04,
0x1B04, 0x3C04, 0x5C04, 0x1B0C, 0x1B04, 0xFB03, 0xFB03, 0xFC03, 0xFC03, 0xFC03,
0xFB03, 0xFB03, 0x1B04, 0x3D04, 0x3D04, 0x3D04, 0x3D04, 0x3D04, 0x3D04, 0x3D04,
0x3D04, 0x3D04, 0x3D04, 0x3C0C, 0x3C04, 0x3C04, 0x3C04, 0x3C04, 0x1C04, 0xFC03,
0xFC03, 0xFC03, 0xFC03, 0x1C04, 0x5D04, 0x7E0C, 0xFC03, 0xFC03, 0x1D04, 0x3D04,
0x5D0C, 0x5E0C, 0x5E0C, 0x3D04, 0xFC03, 0xDC03, 0xBC04, 0xBC04, 0x7B04, 0x3A04,
0x3A04, 0x5B04, 0x5B04, 0x5B04, 0x5B04, 0x3B04, 0x1D04, 0x1D04, 0x1D04, 0x1D04,
0x1D04, 0x1D04, 0x1D04, 0x1D04, 0x3D04, 0x3D04, 0x9E0C, 0x5D04, 0x5D04, 0xFC03,
0xFB03, 0x1C04, 0x3D04, 0x3D04, 0x3D04, 0x1C04, 0x5D0C, 0x3D04, 0x3C04, 0x3C04,
0x1C04, 0x1C04, 0x1C04, 0x1C04, 0x1C04, 0x1C04, 0x1C0C, 0x1C04, 0xFC03, 0xFC03,
0xFC03, 0xFC03, 0x1C04, 0x3D04, 0x5D0C, 0x5D0C, 0x3D04, 0x7E0C, 0x7E0C, 0x3D04,
0x3D04, 0xDB03, 0xBB03, 0x1C04, 0x7E04, 0x7E04, 0x7B0C, 0x1B04, 0x9C03, 0x7D03,
0x7D03, 0xBE03, 0xFE13, 0x1C1C, 0xFA1B, 0x1C04, 0x1C04, 0x1C04, 0x1C04, 0x1D04,
0x3D04, 0x3D04, 0x3D04, 0x1D04, 0x1D04, 0x3B04, 0x3B04, 0x7C04, 0x9C0C, 0x7B04,
0x3A04, 0x3A04, 0x1A04, 0x3B04, 0x5C04, 0x7D0C, 0x5D04, 0x5D04, 0x1C04, 0xFB03,
0xFB03, 0xFB03, 0xFB03, 0x1C04, 0x3D04, 0x7E0C, 0x1C04, 0x1C04, 0xDB03, 0xDC03,
0x3D04, 0x7E0C, 0x7E0C, 0x7E0C, 0x5E04, 0x5C04, 0x5C04, 0x1C04, 0x1C04, 0xFC03,
0xFD03, 0x1D04, 0x5D04, 0x5D04, 0x7D04, 0x1A04, 0x1A04, 0x1A04, 0x1A04, 0x5B04,
0x7C04, 0x9C0C, 0x5B04, 0x5B04, 0xFA03, 0x1D04, 0x1C04, 0x1C04, 0x1C04, 0x1C04,
0x3C04, 0x3C04, 0x1D04, 0x1D04, 0x1D04, 0xFC03, 0x1C04, 0x3C04, 0x5D0C, 0x5D0C,
0x5D0C, 0x5D0C, 0x1D04, 0xFC03, 0xFC03, 0xFC03, 0x1C04, 0x3D04, 0x5D04, 0x5D04,
0x5D04, 0x3D04, 0x1C04, 0xFC03, 0x5D04, 0x5D04, 0x1C04, 0xDB03, 0xDB03, 0x1C04,
0x1C04, 0x3D04, 0x3D04, 0x3D04, 0x5E0C, 0x5E0C, 0x1D0C, 0xBD0B, 0x7C0B, 0x7C0B,
0xDD0B, 0xDD0B, 0x1D0C, 0x7E0C, 0x1D04, 0x1C04, 0x1C04, 0x3C04, 0x3C04, 0x3C04,
0x3C04, 0x3C04, 0x3C04, 0x3D04, 0x1F04, 0xFE03, 0xFE03, 0xFE03, 0xDD03, 0xFC03,
0x3B04, 0x5A04, 0x5A04, 0x790C, 0xFC03, 0xFC03, 0x1C04, 0x1C04, 0x3C04, 0x3D04,
0x3D04, 0xFC03, 0xFC03, 0xDC03, 0x3D04, 0x3D04, 0x3D04, 0x3D04, 0x3D04, 0x3D04,
0x3D04, 0x3D04, 0x3D04, 0x3D04, 0x7A1B, 0xDC1B, 0x3E14, 0x5F04, 0x5F04, 0x1E04,
0xFC03, 0xDB03, 0xFA0B, 0xFA0B, 0x5D04, 0x1C04, 0xDB03, 0xDB03, 0xDB03, 0x1D04,
0x5E0C, 0x5E0C, 0x5E0C, 0x5D0C, 0x5D0C, 0x3D0C, 0x1C04, 0xFC03, 0xFC03, 0xFC03,
0xFC03, 0x1C04, 0x3C04, 0x1C04, 0x1C04, 0x3D04, 0x5E0C, 0x3D04, 0x1B04, 0x1B04,
0xDB03, 0xFC03, 0x1D04, 0x3D04, 0x3D04, 0x3D04, 0x3D04, 0x3D04, 0x3D04, 0x3D04,
0x3D04, 0x3D04, 0x3D04, 0xFC0B, 0xDC03, 0xDC03, 0xDC03, 0x1C04, 0x3D0C, 0x3E1C,
0x3E1C, 0xFC13, 0x9B13, 0xFC03, 0x1C04, 0x3D04, 0x3D04, 0x5D0C, 0x5D0C, 0x3C04,
0xFC03, 0xFC03, 0xFC03, 0x3D04, 0x3D04, 0x3D04, 0x3D04, 0x3D04, 0x3D04, 0x3D04,
0x3D04, 0x3D04, 0x3D04, 0x1C04, 0x3C04, 0x3D04, 0x3D04, 0x3D04, 0x5D04, 0x5E04,
0x5E04, 0x5E04, 0x5E04, 0x3D04, 0xFD03, 0xDD03, 0x5D04, 0x5D04, 0x5D04, 0x3D04,
0x1D04, 0x1D04, 0x1D04, 0x1D04, 0x3D04, 0x3D04, 0xFC03, 0xFC03, 0xDC03, 0xDC03,
0x1D04, 0x3E0C, 0x5E0C, 0x5E0C, 0x1E04, 0xDD03, 0x1D04, 0x3D04, 0x3D04, 0x3D04,
0x3D04, 0x3D04, 0x3D04, 0x3D04, 0x5D04, 0x5D04, 0x1C04, 0x3C04, 0x3C04, 0x7D0C,
0x7D0C, 0x3D04, 0x1C04, 0x1C04, 0x1C04, 0xFC03, 0xDB03, 0xFB03, 0x3C04, 0x3C04,
0x7D0C, 0x7D0C, 0x7D04, 0x3C04, 0x3C04, 0x3C04, 0x1B04, 0x3C04, 0x5D04, 0x5D04,
0x7D04, 0x5D04, 0x3C04, 0x1B04, 0xFA03, 0xFA03, 0xBC03, 0xFC03, 0x1D04, 0x3D04,
0x3D04, 0x3C04, 0x1C04, 0xFC03, 0xFC03, 0xFC03, 0x3C04, 0x5C04, 0x7C04, 0x7B04,
0x7B04, 0x5B04, 0x3B04, 0x5D04, 0x7E04, 0x3C04, 0x3C04, 0x3C04, 0x3D04, 0x3D04,
0x3D04, 0x3D04, 0x3D04, 0x5C04, 0x3C04, 0xFE03, 0xFE03, 0xDC03, 0xBB03, 0xDB03,
0x1D0C, 0x1D0C, 0x3E0C, 0x1D04, 0xDD03, 0xFC03, 0x1C04, 0x1C04, 0x3C04, 0x5D04,
0x5D04, 0x5E04, 0x5E04, 0x3E04, 0x1E04, 0xDC03, 0xFC03, 0xFC03, 0x3D04, 0x3D04,
0x3D04, 0x1C04, 0x1C04, 0xFC03, 0xFC03, 0x7B04, 0x7B04, 0x3C04, 0x3C04, 0x3D04,
0x1D04, 0x3D04, 0x5D04, 0x5D04, 0x7D04, 0x3D04, 0x3E04, 0x3E04, 0x3E04, 0x1D04,
0xBC03, 0xBC03, 0xFD0B, 0xFD0B, 0x3E14, 0x3D04, 0x5C04, 0x5C04, 0x3B04, 0x3B04,
0x3B04, 0x3C04, 0x3D04, 0x3D04, 0x3D04, 0x5D04, 0x3C04, 0x3C04, 0x3C04, 0x3C04,
0x3C04, 0x5D04, 0x5D04, 0x7D04, 0x7D04, 0x5D04, 0x5C04, 0x3C04, 0x1C04, 0x1C04,
0x1C04, 0x1C04, 0x1C04, 0x1D04, 0x1D04, 0x1D04, 0x5E04, 0x9E0C, 0x7E0C, 0x3C04,
0x3C04, 0xFC03, 0xFD03, 0x1E04, 0xDD03, 0xDD03, 0x1D04, 0x5D04, 0x7D04, 0x9E04,
0x5D04, 0x5D04, 0x1D0C, 0xFD0B, 0x1C04, 0x1C04, 0x1C04, 0x1C04, 0x3C04, 0x3C04,
0x3C04, 0x3C04, 0x3C04, 0x3C04, 0x5A04, 0x3B04, 0x3B04, 0x3C04, 0x1D04, 0x1D04,
0x3D04, 0x5D04, 0x5D04, 0x5D04, 0x5E04, 0x5D04, 0x1B04, 0x1B04, 0x1B04, 0x1B04,
0x1C04, 0x3D04, 0x3D04, 0x3E04, 0x3D04, 0x3D04, 0x3D04, 0x3D04, 0x3D04, 0x3D04,
0x3D04, 0x3D04, 0x3D04, 0x3D04, 0xBF04, 0x7E04, 0x3B04, 0x1A04, 0x1A04, 0x5A04,
0x7B04, 0x7D04, 0x7E04, 0x7E04, 0xDB03, 0x1C04, 0x3D04, 0x3D04, 0x3D04, 0x1D04,
0xFC03, 0xDC03, 0xDD03, 0xDA03, 0xDA03, 0xFB03, 0x3C04, 0x5D04, 0x7D04, 0x7D04,
0x5D04, 0x3C04, 0x3B04, 0x3C04, 0x3C04, 0x1C04, 0xFB03, 0x1B04, 0x7C0C, 0x7C0C,
0x9C0C, 0x5E04, 0x1E04, 0x3D04, 0x3D04, 0x3D04, 0x3D04, 0x3D04, 0x3D04, 0x3D04,
0x3D04, 0x3D04, 0x3D04, 0x3C04, 0x5C04, 0x5C04, 0x7C04, 0x5C04, 0x5C04, 0x5C04,
0x5C04, 0x7D04, 0xBE0C, 0x5E04, 0x3E04, 0x3D04, 0x3D04, 0x1C04, 0x1C04, 0x3D04,
0x3D04, 0x3D04, 0x3E04, 0x3D04, 0x3D04, 0x3D04, 0x3D04, 0x3D04, 0x3D04, 0x3D04,
0x3D04, 0x3D04, 0x3D04, 0x1D04, 0x1D04, 0x1D04, 0x3D04, 0x3D04, 0x3D04, 0x3D04,
0x3D04, 0x3D04, 0x3D04, 0x3D04, 0x3D04, 0x3D04, 0x3D04, 0x3D04, 0x3D04, 0x3D04,
0x3D04, 0x3D04, 0x3D04, 0x3D04, 0x3D04, 0x3D04, 0x3D04, 0x3D04, 0x3D04, 0x3D04,
0x3D04, 0x3D04, 0x3D04, 0x3D04, 0x3D04, 0x3D04, 0x3D04, 0x3D04, 0x3D04, 0x3D04,
0x3D04, 0x3D04, 0x3D04, 0x3D04, 0x3D04, 0x3D04, 0x3D04, 0x3D04, 0x3D04, 0x3D04,
0x3D04, 0x3D04, 0x3D04, 0x3D04, 0x3D04, 0x3D04, 0x3D04, 0x3D04, 0x3D04, 0x3D04,
0x3D04, 0x3D04, 0x3D04, 0x3D04, 0x3D04, 0x3D04, 0x3D04, 0x3D04, 0x3D04, 0x3D04,
0x3D04, 0x3D04, 0x3D04, 0x3D04, 0x3D04, 0x3D04, 0x3D04, 0x3D04, 0x3D04, 0x3D04,
0x3D04, 0x3D04, 0x3D04, 0x3D04, 0x3D04, 0x3D04, 0x3D04, 0x3D04, 0x3D04, 0x3D04,
0x3D04, 0x3D04, 0x3D04, 0x3D04, 0x3D04, 0x3D04, 0x3D04, 0x3D04, 0x3D04, 0x3D04,
0x3D04, 0x3D04, 0x3D04, 0x3D04, 0x3D04, 0x3D04, 0x3D04, 0x3D04, 0x3D04, 0x3D04,
0x3D04, 0x3D04, 0x3D04, 0x3D04, 0x3D04, 0x3D04, 0x3D04, 0x3D04, 0x3D04, 0x3D04,
0x3D04, 0x3D04, 0x3D04, 0x3D04, 0x3D04, 0x3D04, 0x3D04, 0x3D04, 0x3D04, 0x3D04,
0x3D04, 0x3D04, 0x3D04, 0x3D04, 0x3D04, 0x3D04, 0x3D04, 0x3D04, 0x3D04, 0x3D04,
0x3D04, 0x3D04, 0x3D04, 0x3D04, 0x3D04, 0x3D04, 0x3D04, 0x3D04, 0x3D04, 0x3D04,
0x3D04, 0x3D04, 0x3D04, 0x3D04, 0x3D04, 0x3D04, 0x3D04, 0x3D04, 0x3D04, 0x3D04,
0x3D04, 0x3D04, 0x3D04, 0x3D04, 0x3D04, 0x3D04, 0x3D04, 0x3D04, 0x3D04, 0x3D04,
0x3D04, 0x3D04, 0x3D04, 0x3D04, 0x3D04, 0x3D04, 0x3D04, 0x3D04, 0x3D04, 0x3D04,
0x3D04, 0x3D04, 0x3D04, 0x3D04, 0x3D04, 0x3D04, 0x3D04, 0x3D04, 0x3D04, 0x3D04,
0x3D04, 0x3D04, 0x3D04, 0x3D04, 0x3D04, 0x3D04, 0x3D04, 0x3D04, 0x3D04, 0x3D04,
0x3D04, 0x3D04, 0x3D04, 0x3D04, 0x3D04, 0x3D04, 0x3D04, 0x3D04, 0x3D04, 0x3D04,
0x3D04, 0x3D04, 0x3D04, 0x3D04, 0x3D04, 0x3D04, 0x3D04, 0x3D04, 0x3D04, 0x3D04,
0x3D04, 0x3D04, 0x3D04, 0x3D04, 0x3D04, 0x3D04, 0x3D04, 0x3D04, 0x3D04, 0x3D04,
0x3D04, 0x3D04, 0x3D04, 0x3D04, 0x3D04, 0x3D04, 0x3D04, 0x3D04, 0x3D04, 0x3D04,
0x3D04, 0x3D04, 0x3D04, 0x3D04, 0x3D04, 0x3D04, 0x3D04, 0x3D04, 0x3D04, 0x3D04,
0x3D04, 0x3D04, 0x3D04, 0x3D04, 0x3D04, 0x3D04, 0x3D04, 0x3D04, 0x3D04, 0x3D04,
0x3D04, 0x3D04, 0x3D04, 0x3D04, 0x3D04, 0x3D04, 0x3D04, 0x3D04, 0x3D04, 0x3D04,
0x3D04, 0x3D04, 0x3D04, 0x3D04, 0x3D04, 0x3D04, 0x3D04, 0x3D04, 0x3D04, 0x3D04,
0x3D04, 0x3D04, 0x3D04, 0x3D04, 0x3D04, 0x3D04, 0x3D04, 0x3D04, 0x3D04, 0x3D04,
0x3D04, 0x3D04, 0x3D04, 0x3D04, 0x3D04, 0x3D04, 0x3D04, 0x3D04, 0x3D04, 0x3D04,
0x3D04, 0x3D04, 0x3D04, 0x3D04, 0x3D04, 0x3D04, 0x3D04, 0x3D04, 0x3D04, 0x3D04,
0x3D04, 0x3D04, 0x3D04, 0x3D04, 0x3D04, 0x3D04, 0x3D04, 0x3D04, 0x3D04, 0x3D04,
0x3D04, 0x3D04, 0x3D04, 0x3D04, 0x3D04, 0x3D04, 0x3D04, 0x3D04, 0x3D04, 0x3D04,
0x3D04, 0x3D04, 0x3D04, 0x3D04, 0x3D04, 0x3D04, 0x3D04, 0x3D04, 0x3D04, 0x3D04,
0x3D04, 0x3D04, 0x3D04, 0x3D04, 0x3D04, 0x3D04, 0x3D04, 0x3D04, 0x3D04, 0x3D04,
0x3D04, 0x3D04, 0x3D04, 0x3D04, 0x3D04, 0x3D04, 0x3D04, 0x3D04, 0x3D04, 0x3D04,
0x3D04, 0x3D04, 0x3D04, 0x3D04, 0x3D04, 0x3D04, 0x3D04, 0x3D04, 0x3D04, 0x3D04,
0x3D04, 0x3D04, 0x3D04, 0x3D04, 0x3D04, 0x3D04, 0x3D04, 0x3D04, 0x3D04, 0x3D04,
0x3D04, 0x3D04, 0x3D04, 0x3D04, 0x3D04, 0x3D04, 0x3D04, 0x3D04, 0x3D04, 0x3D04,
0x3D04, 0x3D04, 0x3D04, 0x3D04, 0x3D04, 0x3D04, 0x3D04, 0x3D04, 0x3D04, 0x3D04,
0x3D04, 0x3D04, 0x3D04, 0x3D04, 0x3D04, 0x3D04, 0x3D04, 0x3D04, 0x3D04, 0x3D04,
0x3D04, 0x3D04, 0x3D04, 0x3D04, 0x3D04, 0x3D04, 0x3D04, 0x3D04, 0x3D04, 0x3D04,
0x3D04, 0x3D04, 0x3D04, 0x3D04, 0x3D04, 0x3D04, 0x3D04, 0x3D04, 0x3D04, 0x3D04,
0x3D04, 0x3D04, 0x3D04, 0x3D04, 0x3D04, 0x3D04, 0x3D04, 0x3D04, 0x3D04, 0x3D04,
0x3D04, 0x3D04, 0x3D04, 0x3D04, 0x3D04, 0x3D04, 0x3D04, 0x3D04, 0x3D04, 0x3D04,
0x3D04, 0x3D04, 0x3D04, 0x3D04, 0x3D04, 0x3D04, 0x3D04, 0x3D04, 0x3D04, 0x3D04,
0x3D04, 0x3D04, 0x3D04, 0x3D04, 0x3D04, 0x3D04, 0x3D04, 0x3D04, 0x3D04, 0x3D04,
0x3D04, 0x3D04, 0x3D04, 0x3D04, 0x3D04, 0x3D04, 0x3D04, 0x3D04, 0x3D04, 0x3D04,
0x3D04, 0x3D04, 0x3D04, 0x3D04, 0x3D04, 0x3D04, 0x3D04, 0x3D04, 0x3D04, 0x3D04,
0x3D04, 0x3D04, 0x3D04, 0x3D04, 0x3D04, 0x3D04, 0x3D04, 0x3D04, 0x3D04, 0x3D04,
0x3D04, 0x3D04, 0x3D04, 0x3D04, 0x3D04, 0x3D04, 0x3D04, 0x3D04, 0x3D04, 0x3D04,
0x3D04, 0x3D04, 0x3D04, 0x3D04, 0x3D04, 0x3D04, 0x3D04, 0x3D04, 0x3D04, 0x3D04,
0x3D04, 0x3D04, 0x3D04, 0x3D04, 0x3D04, 0x3D04, 0x3D04, 0x3D04, 0x3D04, 0x3D04,
0x3D04, 0x3D04, 0x3D04, 0x3D04, 0x3D04, 0x3D04, 0x3D04, 0x3D04, 0x3D04, 0x3D04,
0x3D04, 0x3D04, 0x3D04, 0x3D04, 0x3D04, 0x3D04, 0x3D04, 0x3D04, 0x3D04, 0x3D04,
0x3D04, 0x3D04, 0x3D04, 0x3D04, 0x3D04, 0x3D04, 0x3D04, 0x3D04, 0x3D04, 0x3D04,
0x3D04, 0x3D04, 0x3D04, 0x3D04, 0x3D04, 0x3D04, 0x3D04, 0x3D04, 0x3D04, 0x3D04,
0x3D04, 0x3D04, 0x3D04, 0x3D04, 0x3D04, 0x3D04, 0x3D04, 0x3D04, 0x3D04, 0x3D04,
0x3D04, 0x3D04, 0x3D04, 0x3D04, 0x3D04, 0x3D04, 0x3D04, 0x3D04, 0x3D04, 0x3D04,
0x3D04, 0x3D04, 0x3D04, 0x3D04, 0x3D04, 0x3D04, 0x3D04, 0x3D04, 0x3D04, 0x3D04,
0x3D04, 0x3D04, 0x3D04, 0x3D04, 0x3D04, 0x3D04, 0x3D04, 0x3D04, 0x3D04, 0x3D04,
0x3D04, 0x3D04, 0x3D04, 0x3D04, 0x3D04, 0x3D04, 0x3D04, 0x3D04, 0x3D04, 0x3D04,
0x3D04, 0x3D04, 0x3D04, 0x3D04, 0x3D04, 0x3D04, 0x3D04, 0x3D04, 0x3D04, 0x3D04,
0x3D04, 0x3D04, 0x3D04, 0x3D04, 0x3D04, 0x3D04, 0x3D04, 0x3D04, 0x3D04, 0x3D04

};
Image image_background3 = {
    .x = 0,
    .y = 0,
    .width = 320,
    .height = 240,
    .size_image = 76800,
    .pixels = image_background3_pixels
};
