#include "background2.h"

const uint16_t image_background2_pixels[76800] = {
0x00F8, 0x0000, 0xE007, 0x0000, 0x1F00, 0x0000, 0x1F76, 0x1F76, 0x1F76, 0x1F76,
0x1F76, 0x1F76, 0x1F76, 0x1F76, 0x1F76, 0x1F76, 0x1F6E, 0x1F6E, 0x1F6E, 0x1F6E,
0x1F6E, 0x1F6E, 0x1F6E, 0x1F6E, 0x1F6E, 0x1F6E, 0x1F6E, 0x1F6E, 0x1F6E, 0x1F6E,
0x1F6E, 0x1F6E, 0x1F6E, 0x1F6E, 0x1F6E, 0x1F6E, 0x1F6E, 0x1F6E, 0x1F6E, 0x1F6E,
0x1F6E, 0x1F6E, 0x1F6E, 0x1F6E, 0x1F6E, 0x1F6E, 0x1F6E, 0x1F6E, 0x1F6E, 0x1F6E,
0x1F6E, 0x1F6E, 0x1F6E, 0x1F6E, 0x1F6E, 0x1F6E, 0x1F6E, 0x1F6E, 0x1F6E, 0x1F6E,
0x1F6E, 0x1F6E, 0x1F6E, 0x1F6E, 0x1F6E, 0x1F6E, 0x1F6E, 0x1F6E, 0x1F6E, 0x1F6E,
0x1F6E, 0x1F6E, 0x1F6E, 0x1F6E, 0x1F6E, 0x1F6E, 0x1F6E, 0x1F6E, 0x1F6E, 0x1F6E,
0x1F6E, 0x1F6E, 0x1F6E, 0x1F6E, 0x1F6E, 0x1F6E, 0x1F6E, 0x1F6E, 0x1F6E, 0x1F6E,
0x1F6E, 0x1F6E, 0x1F6E, 0x1F6E, 0x1F6E, 0x1F6E, 0x1F6E, 0x1F6E, 0x1F6E, 0x1F6E,
0x1F6E, 0x1F6E, 0x1F6E, 0x1F6E, 0x1F6E, 0x1F6E, 0x1F6E, 0x1F6E, 0x1F6E, 0x1F6E,
0x1F6E, 0x1F6E, 0x1F6E, 0x1F6E, 0x1F6E, 0x1F6E, 0x1F6E, 0x1F6E, 0x1F6E, 0x1F6E,
0x1F6E, 0x1F6E, 0x1F6E, 0x1F6E, 0x1F6E, 0x1F6E, 0x1F6E, 0x1F6E, 0x1F6E, 0x1F6E,
0x1F6E, 0x1F6E, 0x1F6E, 0x1F6E, 0x1F6E, 0x1F6E, 0x1F6E, 0x1F6E, 0x1F6E, 0x1F6E,
0x1F6E, 0x1F6E, 0x1F6E, 0x1F6E, 0x1F6E, 0x1F6E, 0x1F6E, 0x1F6E, 0x1F6E, 0x1F6E,
0x1F6E, 0x1F6E, 0x1F6E, 0x1F6E, 0x1F6E, 0x1F6E, 0x1F6E, 0x1F6E, 0x1F6E, 0x1F6E,
0x1F6E, 0x1F6E, 0x1F6E, 0x1F6E, 0x1F6E, 0x1F6E, 0x1F6E, 0x1F6E, 0x1F6E, 0x1F6E,
0x1F6E, 0x1F6E, 0x1F6E, 0x1F6E, 0x1F6E, 0x1F6E, 0x1F6E, 0x1F6E, 0x1F6E, 0x1F6E,
0x1F6E, 0x1F6E, 0x1F6E, 0x1F6E, 0x1F6E, 0x1F6E, 0x1F6E, 0x1F6E, 0x1F6E, 0x1F6E,
0x1F6E, 0x1F6E, 0x1F6E, 0x1F6E, 0x1F6E, 0x1F6E, 0x1F6E, 0x1F6E, 0x1F6E, 0x1F6E,
0x1F6E, 0x1F6E, 0x1F6E, 0x1F6E, 0x1F6E, 0x1F6E, 0x1F6E, 0x1F6E, 0x1F6E, 0x1F6E,
0x1F6E, 0x1F6E, 0x1F6E, 0x1F6E, 0x1F6E, 0x1F6E, 0x1F6E, 0x1F6E, 0x1F6E, 0x1F6E,
0x1F6E, 0x1F6E, 0x1F6E, 0x1F6E, 0x1F6E, 0x1F6E, 0x1F6E, 0x1F6E, 0x1F6E, 0x1F6E,
0x1F6E, 0x1F6E, 0x1F6E, 0x1F6E, 0x1F6E, 0x1F6E, 0x1F6E, 0x1F6E, 0x1F6E, 0x1F6E,
0x1F6E, 0x1F6E, 0x1F6E, 0x1F6E, 0x1F6E, 0x1F6E, 0x1F6E, 0x1F6E, 0x1F6E, 0x1F6E,
0x1F6E, 0x1F6E, 0x1F6E, 0x1F6E, 0x1F6E, 0x1F6E, 0x1F6E, 0x1F6E, 0x1F6E, 0x1F6E,
0x1F6E, 0x1F6E, 0x1F6E, 0x1F6E, 0x1F6E, 0x1F6E, 0x1F6E, 0x1F6E, 0x1F6E, 0x1F6E,
0x1F6E, 0x1F6E, 0x1F6E, 0x1F6E, 0x1F6E, 0x1F6E, 0x1F6E, 0x1F6E, 0x1F6E, 0x1F6E,
0x1F6E, 0x1F6E, 0x1F6E, 0x1F6E, 0x1F6E, 0x1F6E, 0x1F6E, 0x1F6E, 0x1F6E, 0x1F6E,
0x1F6E, 0x1F6E, 0x1F6E, 0x1F6E, 0x1F6E, 0x1F6E, 0x1F6E, 0x1F6E, 0x1F6E, 0x1F6E,
0x1F6E, 0x1F6E, 0x1F6E, 0x1F6E, 0x1F6E, 0x1F6E, 0x1F6E, 0x1F6E, 0x1F6E, 0x1F6E,
0x1F6E, 0x1F6E, 0x1F6E, 0x1F6E, 0x1F6E, 0x1F6E, 0x1F6E, 0x1F6E, 0x1F6E, 0x1F6E,
0x1F6E, 0x1F6E, 0x1F6E, 0x1F6E, 0x1F6E, 0x1F6E, 0x1F76, 0x1F76, 0x1F76, 0x1F76,
0x1F76, 0x1F76, 0x1F76, 0x1F76, 0x1F76, 0x1F76, 0x1F6E, 0x1F6E, 0x1F6E, 0x1F6E,
0x1F6E, 0x1F6E, 0x1F6E, 0x1F6E, 0x1F6E, 0x1F6E, 0x1F6E, 0x1F6E, 0x1F6E, 0x1F6E,
0x1F6E, 0x1F6E, 0x1F6E, 0x1F6E, 0x1F6E, 0x1F6E, 0x1F6E, 0x1F6E, 0x1F6E, 0x1F6E,
0x1F6E, 0x1F6E, 0x1F6E, 0x1F6E, 0x1F6E, 0x1F6E, 0x1F6E, 0x1F6E, 0x1F6E, 0x1F6E,
0x1F6E, 0x1F6E, 0x1F6E, 0x1F6E, 0x1F6E, 0x1F6E, 0x1F6E, 0x1F6E, 0x1F6E, 0x1F6E,
0x1F6E, 0x1F6E, 0x1F6E, 0x1F6E, 0x1F6E, 0x1F6E, 0x1F6E, 0x1F6E, 0x1F6E, 0x1F6E,
0x1F6E, 0x1F6E, 0x1F6E, 0x1F6E, 0x1F6E, 0x1F6E, 0x1F6E, 0x1F6E, 0x1F6E, 0x1F6E,
0x1F6E, 0x1F6E, 0x1F6E, 0x1F6E, 0x1F6E, 0x1F6E, 0x1F6E, 0x1F6E, 0x1F6E, 0x1F6E,
0x1F6E, 0x1F6E, 0x1F6E, 0x1F6E, 0x1F6E, 0x1F6E, 0x1F6E, 0x1F6E, 0x1F6E, 0x1F6E,
0x1F6E, 0x1F6E, 0x1F6E, 0x1F6E, 0x1F6E, 0x1F6E, 0x1F6E, 0x1F6E, 0x1F6E, 0x1F6E,
0x1F6E, 0x1F6E, 0x1F6E, 0x1F6E, 0x1F6E, 0x1F6E, 0x1F6E, 0x1F6E, 0x1F6E, 0x1F6E,
0x1F6E, 0x1F6E, 0x1F6E, 0x1F6E, 0x1F6E, 0x1F6E, 0x1F6E, 0x1F6E, 0x1F6E, 0x1F6E,
0x1F6E, 0x1F6E, 0x1F6E, 0x1F6E, 0x1F6E, 0x1F6E, 0x1F6E, 0x1F6E, 0x1F6E, 0x1F6E,
0x1F6E, 0x1F6E, 0x1F6E, 0x1F6E, 0x1F6E, 0x1F6E, 0x1F6E, 0x1F6E, 0x1F6E, 0x1F6E,
0x1F6E, 0x1F6E, 0x1F6E, 0x1F6E, 0x1F6E, 0x1F6E, 0x1F6E, 0x1F6E, 0x1F6E, 0x1F6E,
0x1F6E, 0x1F6E, 0x1F6E, 0x1F6E, 0x1F6E, 0x1F6E, 0x1F6E, 0x1F6E, 0x1F6E, 0x1F6E,
0x1F6E, 0x1F6E, 0x1F6E, 0x1F6E, 0x1F6E, 0x1F6E, 0x1F6E, 0x1F6E, 0x1F6E, 0x1F6E,
0x1F6E, 0x1F6E, 0x1F6E, 0x1F6E, 0x1F6E, 0x1F6E, 0x1F6E, 0x1F6E, 0x1F6E, 0x1F6E,
0x1F6E, 0x1F6E, 0x1F6E, 0x1F6E, 0x1F6E, 0x1F6E, 0x1F6E, 0x1F6E, 0x1F6E, 0x1F6E,
0x1F6E, 0x1F6E, 0x1F6E, 0x1F6E, 0x1F6E, 0x1F6E, 0x1F6E, 0x1F6E, 0x1F6E, 0x1F6E,
0x1F6E, 0x1F6E, 0x1F6E, 0x1F6E, 0x1F6E, 0x1F6E, 0x1F6E, 0x1F6E, 0x1F6E, 0x1F6E,
0x1F6E, 0x1F6E, 0x1F6E, 0x1F6E, 0x1F6E, 0x1F6E, 0x1F6E, 0x1F6E, 0x1F6E, 0x1F6E,
0x1F6E, 0x1F6E, 0x1F6E, 0x1F6E, 0x1F6E, 0x1F6E, 0x1F6E, 0x1F6E, 0x1F6E, 0x1F6E,
0x1F6E, 0x1F6E, 0x1F6E, 0x1F6E, 0x1F6E, 0x1F6E, 0x1F6E, 0x1F6E, 0x1F6E, 0x1F6E,
0x1F6E, 0x1F6E, 0x1F6E, 0x1F6E, 0x1F6E, 0x1F6E, 0x1F6E, 0x1F6E, 0x1F6E, 0x1F6E,
0x1F6E, 0x1F6E, 0x1F6E, 0x1F6E, 0x1F6E, 0x1F6E, 0x1F6E, 0x1F6E, 0x1F6E, 0x1F6E,
0x1F6E, 0x1F6E, 0x1F6E, 0x1F6E, 0x1F6E, 0x1F6E, 0x1F6E, 0x1F6E, 0x1F6E, 0x1F6E,
0x1F6E, 0x1F6E, 0x1F6E, 0x1F6E, 0x1F6E, 0x1F6E, 0x1F6E, 0x1F6E, 0x1F6E, 0x1F6E,
0x1F6E, 0x1F6E, 0x1F6E, 0x1F6E, 0x1F6E, 0x1F6E, 0x1F6E, 0x1F6E, 0x1F6E, 0x1F6E,
0x1F6E, 0x1F6E, 0x1F6E, 0x1F6E, 0x1F6E, 0x1F6E, 0x1F6E, 0x1F6E, 0x1F6E, 0x1F6E,
0x1F6E, 0x1F6E, 0x1F6E, 0x1F6E, 0x1F6E, 0x1F6E, 0x1F6E, 0x1F6E, 0x1F6E, 0x1F6E,
0x1F6E, 0x1F6E, 0x1F6E, 0x1F6E, 0x1F6E, 0x1F6E, 0x1F76, 0x1F76, 0x1F76, 0x1F76,
0x1F76, 0x1F76, 0x1F76, 0x1F76, 0x1F76, 0x1F76, 0x1F6E, 0x1F6E, 0x1F6E, 0x1F6E,
0x1F6E, 0x1F6E, 0x1F6E, 0x1F6E, 0x1F6E, 0x1F6E, 0x1F6E, 0x1F6E, 0x1F6E, 0x1F6E,
0x1F6E, 0x1F6E, 0x1F6E, 0x1F6E, 0x1F6E, 0x1F6E, 0x1F6E, 0x1F6E, 0x1F6E, 0x1F6E,
0x1F6E, 0x1F6E, 0x1F6E, 0x1F6E, 0x1F6E, 0x1F6E, 0x1F6E, 0x1F6E, 0x1F6E, 0x1F6E,
0x1F6E, 0x1F6E, 0x1F6E, 0x1F6E, 0x1F6E, 0x1F6E, 0x1F6E, 0x1F6E, 0x1F6E, 0x1F6E,
0x1F6E, 0x1F6E, 0x1F6E, 0x1F6E, 0x1F6E, 0x1F6E, 0x1F6E, 0x1F6E, 0x1F6E, 0x1F6E,
0x1F6E, 0x1F6E, 0x1F6E, 0x1F6E, 0x1F6E, 0x1F6E, 0x1F6E, 0x1F6E, 0x1F6E, 0x1F6E,
0x1F6E, 0x1F6E, 0x1F6E, 0x1F6E, 0x1F6E, 0x1F6E, 0x1F6E, 0x1F6E, 0x1F6E, 0x1F6E,
0x1F6E, 0x1F6E, 0x1F6E, 0x1F6E, 0x1F6E, 0x1F6E, 0x1F6E, 0x1F6E, 0x1F6E, 0x1F6E,
0x1F6E, 0x1F6E, 0x1F6E, 0x1F6E, 0x1F6E, 0x1F6E, 0x1F6E, 0x1F6E, 0x1F6E, 0x1F6E,
0x1F6E, 0x1F6E, 0x1F6E, 0x1F6E, 0x1F6E, 0x1F6E, 0x1F6E, 0x1F6E, 0x1F6E, 0x1F6E,
0x1F6E, 0x1F6E, 0x1F6E, 0x1F6E, 0x1F6E, 0x1F6E, 0x1F6E, 0x1F6E, 0x1F6E, 0x1F6E,
0x1F6E, 0x1F6E, 0x1F6E, 0x1F6E, 0x1F6E, 0x1F6E, 0x1F6E, 0x1F6E, 0x1F6E, 0x1F6E,
0x1F6E, 0x1F6E, 0x1F6E, 0x1F6E, 0x1F6E, 0x1F6E, 0x1F6E, 0x1F6E, 0x1F6E, 0x1F6E,
0x1F6E, 0x1F6E, 0x1F6E, 0x1F6E, 0x1F6E, 0x1F6E, 0x1F6E, 0x1F6E, 0x1F6E, 0x1F6E,
0x1F6E, 0x1F6E, 0x1F6E, 0x1F6E, 0x1F6E, 0x1F6E, 0x1F6E, 0x1F6E, 0x1F6E, 0x1F6E,
0x1F6E, 0x1F6E, 0x1F6E, 0x1F6E, 0x1F6E, 0x1F6E, 0x1F6E, 0x1F6E, 0x1F6E, 0x1F6E,
0x1F6E, 0x1F6E, 0x1F6E, 0x1F6E, 0x1F6E, 0x1F6E, 0x1F6E, 0x1F6E, 0x1F6E, 0x1F6E,
0x1F6E, 0x1F6E, 0x1F6E, 0x1F6E, 0x1F6E, 0x1F6E, 0x1F6E, 0x1F6E, 0x1F6E, 0x1F6E,
0x1F6E, 0x1F6E, 0x1F6E, 0x1F6E, 0x1F6E, 0x1F6E, 0x1F6E, 0x1F6E, 0x1F6E, 0x1F6E,
0x1F6E, 0x1F6E, 0x1F6E, 0x1F6E, 0x1F6E, 0x1F6E, 0x1F6E, 0x1F6E, 0x1F6E, 0x1F6E,
0x1F6E, 0x1F6E, 0x1F6E, 0x1F6E, 0x1F6E, 0x1F6E, 0x1F6E, 0x1F6E, 0x1F6E, 0x1F6E,
0x1F6E, 0x1F6E, 0x1F6E, 0x1F6E, 0x1F6E, 0x1F6E, 0x1F6E, 0x1F6E, 0x1F6E, 0x1F6E,
0x1F6E, 0x1F6E, 0x1F6E, 0x1F6E, 0x1F6E, 0x1F6E, 0x1F6E, 0x1F6E, 0x1F6E, 0x1F6E,
0x1F6E, 0x1F6E, 0x1F6E, 0x1F6E, 0x1F6E, 0x1F6E, 0x1F6E, 0x1F6E, 0x1F6E, 0x1F6E,
0x1F6E, 0x1F6E, 0x1F6E, 0x1F6E, 0x1F6E, 0x1F6E, 0x1F6E, 0x1F6E, 0x1F6E, 0x1F6E,
0x1F6E, 0x1F6E, 0x1F6E, 0x1F6E, 0x1F6E, 0x1F6E, 0x1F6E, 0x1F6E, 0x1F6E, 0x1F6E,
0x1F6E, 0x1F6E, 0x1F6E, 0x1F6E, 0x1F6E, 0x1F6E, 0x1F6E, 0x1F6E, 0x1F6E, 0x1F6E,
0x1F6E, 0x1F6E, 0x1F6E, 0x1F6E, 0x1F6E, 0x1F6E, 0x1F6E, 0x1F6E, 0x1F6E, 0x1F6E,
0x1F6E, 0x1F6E, 0x1F6E, 0x1F6E, 0x1F6E, 0x1F6E, 0x1F6E, 0x1F6E, 0x1F6E, 0x1F6E,
0x1F6E, 0x1F6E, 0x1F6E, 0x1F6E, 0x1F6E, 0x1F6E, 0x1F6E, 0x1F6E, 0x1F6E, 0x1F6E,
0x1F6E, 0x1F6E, 0x1F6E, 0x1F6E, 0x1F6E, 0x1F6E, 0x1F76, 0x1F76, 0x1F76, 0x1F76,
0x1F76, 0x1F76, 0x1F76, 0x1F76, 0x1F76, 0x1F76, 0x1F6E, 0x1F6E, 0x1F6E, 0x1F6E,
0x1F6E, 0x1F6E, 0x1F6E, 0x1F6E, 0x1F6E, 0x1F6E, 0x1F6E, 0x1F6E, 0x1F6E, 0x1F6E,
0x1F6E, 0x1F6E, 0x1F6E, 0x1F6E, 0x1F6E, 0x1F6E, 0x1F6E, 0x1F6E, 0x1F6E, 0x1F6E,
0x1F6E, 0x1F6E, 0x1F6E, 0x1F6E, 0x1F6E, 0x1F6E, 0x1F6E, 0x1F6E, 0x1F6E, 0x1F6E,
0x1F6E, 0x1F6E, 0x1F6E, 0x1F6E, 0x1F6E, 0x1F6E, 0x1F6E, 0x1F6E, 0x1F6E, 0x1F6E,
0x1F6E, 0x1F6E, 0x1F6E, 0x1F6E, 0x1F6E, 0x1F6E, 0x1F6E, 0x1F6E, 0x1F6E, 0x1F6E,
0x1F6E, 0x1F6E, 0x1F6E, 0x1F6E, 0x1F6E, 0x1F6E, 0x1F6E, 0x1F6E, 0x1F6E, 0x1F6E,
0x1F6E, 0x1F6E, 0x1F6E, 0x1F6E, 0x1F6E, 0x1F6E, 0x1F6E, 0x1F6E, 0x1F6E, 0x1F6E,
0x1F6E, 0x1F6E, 0x1F6E, 0x1F6E, 0x1F6E, 0x1F6E, 0x1F6E, 0x1F6E, 0x1F6E, 0x1F6E,
0x1F6E, 0x1F6E, 0x1F6E, 0x1F6E, 0x1F6E, 0x1F6E, 0x1F6E, 0x1F6E, 0x1F6E, 0x1F6E,
0x1F6E, 0x1F6E, 0x1F6E, 0x1F6E, 0x1F6E, 0x1F6E, 0x1F6E, 0x1F6E, 0x1F6E, 0x1F6E,
0x1F6E, 0x1F6E, 0x1F6E, 0x1F6E, 0x1F6E, 0x1F6E, 0x1F6E, 0x1F6E, 0x1F6E, 0x1F6E,
0x1F6E, 0x1F6E, 0x1F6E, 0x1F6E, 0x1F6E, 0x1F6E, 0x1F6E, 0x1F6E, 0x1F6E, 0x1F6E,
0x1F6E, 0x1F6E, 0x1F6E, 0x1F6E, 0x1F6E, 0x1F6E, 0x1F6E, 0x1F6E, 0x1F6E, 0x1F6E,
0x1F6E, 0x1F6E, 0x1F6E, 0x1F6E, 0x1F6E, 0x1F6E, 0x1F6E, 0x1F6E, 0x1F6E, 0x1F6E,
0x1F6E, 0x1F6E, 0x1F6E, 0x1F6E, 0x1F6E, 0x1F6E, 0x1F6E, 0x1F6E, 0x1F6E, 0x1F6E,
0x1F6E, 0x1F6E, 0x1F6E, 0x1F6E, 0x1F6E, 0x1F6E, 0x1F6E, 0x1F6E, 0x1F6E, 0x1F6E,
0x1F6E, 0x1F6E, 0x1F6E, 0x1F6E, 0x1F6E, 0x1F6E, 0x1F6E, 0x1F6E, 0x1F6E, 0x1F6E,
0x1F6E, 0x1F6E, 0x1F6E, 0x1F6E, 0x1F6E, 0x1F6E, 0x1F6E, 0x1F6E, 0x1F6E, 0x1F6E,
0x1F6E, 0x1F6E, 0x1F6E, 0x1F6E, 0x1F6E, 0x1F6E, 0x1F6E, 0x1F6E, 0x1F6E, 0x1F6E,
0x1F6E, 0x1F6E, 0x1F6E, 0x1F6E, 0x1F6E, 0x1F6E, 0x1F6E, 0x1F6E, 0x1F6E, 0x1F6E,
0x1F6E, 0x1F6E, 0x1F6E, 0x1F6E, 0x1F6E, 0x1F6E, 0x1F6E, 0x1F6E, 0x1F6E, 0x1F6E,
0x1F6E, 0x1F6E, 0x1F6E, 0x1F6E, 0x1F6E, 0x1F6E, 0x1F6E, 0x1F6E, 0x1F6E, 0x1F6E,
0x1F6E, 0x1F6E, 0x1F6E, 0x1F6E, 0x1F6E, 0x1F6E, 0x1F6E, 0x1F6E, 0x1F6E, 0x1F6E,
0x1F6E, 0x1F6E, 0x1F6E, 0x1F6E, 0x1F6E, 0x1F6E, 0x1F6E, 0x1F6E, 0x1F6E, 0x1F6E,
0x1F6E, 0x1F6E, 0x1F6E, 0x1F6E, 0x1F6E, 0x1F6E, 0x1F6E, 0x1F6E, 0x1F6E, 0x1F6E,
0x1F6E, 0x1F6E, 0x1F6E, 0x1F6E, 0x1F6E, 0x1F6E, 0x1F6E, 0x1F6E, 0x1F6E, 0x1F6E,
0x1F6E, 0x1F6E, 0x1F6E, 0x1F6E, 0x1F6E, 0x1F6E, 0x1F6E, 0x1F6E, 0x1F6E, 0x1F6E,
0x1F6E, 0x1F6E, 0x1F6E, 0x1F6E, 0x1F6E, 0x1F6E, 0x1F6E, 0x1F6E, 0x1F6E, 0x1F6E,
0x1F6E, 0x1F6E, 0x1F6E, 0x1F6E, 0x1F6E, 0x1F6E, 0x1F6E, 0x1F6E, 0x1F6E, 0x1F6E,
0x1F6E, 0x1F6E, 0x1F6E, 0x1F6E, 0x1F6E, 0x1F6E, 0x1F6E, 0x1F6E, 0x1F6E, 0x1F6E,
0x1F6E, 0x1F6E, 0x1F6E, 0x1F6E, 0x1F6E, 0x1F6E, 0x1F76, 0x1F76, 0x1F76, 0x1F76,
0x1F76, 0x1F76, 0x1F76, 0x1F76, 0x1F76, 0x1F76, 0x1F6E, 0x1F6E, 0x1F6E, 0x1F6E,
0x1F6E, 0x1F6E, 0x1F6E, 0x1F6E, 0x1F6E, 0x1F6E, 0x1F6E, 0x1F6E, 0x1F6E, 0x1F6E,
0x1F6E, 0x1F6E, 0x1F6E, 0x1F6E, 0x1F6E, 0x1F6E, 0x1F6E, 0x1F6E, 0x1F6E, 0x1F6E,
0x1F6E, 0x1F6E, 0x1F6E, 0x1F6E, 0x1F6E, 0x1F6E, 0x1F6E, 0x1F6E, 0x1F6E, 0x1F6E,
0x1F6E, 0x1F6E, 0x1F6E, 0x1F6E, 0x1F6E, 0x1F6E, 0x1F6E, 0x1F6E, 0x1F6E, 0x1F6E,
0x1F6E, 0x1F6E, 0x1F6E, 0x1F6E, 0x1F6E, 0x1F6E, 0x1F6E, 0x1F6E, 0x1F6E, 0x1F6E,
0x1F6E, 0x1F6E, 0x1F6E, 0x1F6E, 0x1F6E, 0x1F6E, 0x1F6E, 0x1F6E, 0x1F6E, 0x1F6E,
0x1F6E, 0x1F6E, 0x1F6E, 0x1F6E, 0x1F6E, 0x1F6E, 0x1F6E, 0x1F6E, 0x1F6E, 0x1F6E,
0x1F6E, 0x1F6E, 0x1F6E, 0x1F6E, 0x1F6E, 0x1F6E, 0x1F6E, 0x1F6E, 0x1F6E, 0x1F6E,
0x1F6E, 0x1F6E, 0x1F6E, 0x1F6E, 0x1F6E, 0x1F6E, 0x1F6E, 0x1F6E, 0x1F6E, 0x1F6E,
0x1F6E, 0x1F6E, 0x1F6E, 0x1F6E, 0x1F6E, 0x1F6E, 0x1F6E, 0x1F6E, 0x1F6E, 0x1F6E,
0x1F6E, 0x1F6E, 0x1F6E, 0x1F6E, 0x1F6E, 0x1F6E, 0x1F6E, 0x1F6E, 0x1F6E, 0x1F6E,
0x1F6E, 0x1F6E, 0x1F6E, 0x1F6E, 0x1F6E, 0x1F6E, 0x1F6E, 0x1F6E, 0x1F6E, 0x1F6E,
0x1F6E, 0x1F6E, 0x1F6E, 0x1F6E, 0x1F6E, 0x1F6E, 0x1F6E, 0x1F6E, 0x1F6E, 0x1F6E,
0x1F6E, 0x1F6E, 0x1F6E, 0x1F6E, 0x1F6E, 0x1F6E, 0x1F6E, 0x1F6E, 0x1F6E, 0x1F6E,
0x1F6E, 0x1F6E, 0x1F6E, 0x1F6E, 0x1F6E, 0x1F6E, 0x1F6E, 0x1F6E, 0x1F6E, 0x1F6E,
0x1F6E, 0x1F6E, 0x1F6E, 0x1F6E, 0x1F6E, 0x1F6E, 0x1F6E, 0x1F6E, 0x1F6E, 0x1F6E,
0x1F6E, 0x1F6E, 0x1F6E, 0x1F6E, 0x1F6E, 0x1F6E, 0x1F6E, 0x1F6E, 0x1F6E, 0x1F6E,
0x1F6E, 0x1F6E, 0x1F6E, 0x1F6E, 0x1F6E, 0x1F6E, 0x1F6E, 0x1F6E, 0x1F6E, 0x1F6E,
0x1F6E, 0x1F6E, 0x1F6E, 0x1F6E, 0x1F6E, 0x1F6E, 0x1F6E, 0x1F6E, 0x1F6E, 0x1F6E,
0x1F6E, 0x1F6E, 0x1F6E, 0x1F6E, 0x1F6E, 0x1F6E, 0x1F6E, 0x1F6E, 0x1F6E, 0x1F6E,
0x1F6E, 0x1F6E, 0x1F6E, 0x1F6E, 0x1F6E, 0x1F6E, 0x1F6E, 0x1F6E, 0x1F6E, 0x1F6E,
0x1F6E, 0x1F6E, 0x1F6E, 0x1F6E, 0x1F6E, 0x1F6E, 0x1F6E, 0x1F6E, 0x1F6E, 0x1F6E,
0x1F6E, 0x1F6E, 0x1F6E, 0x1F6E, 0x1F6E, 0x1F6E, 0x1F6E, 0x1F6E, 0x1F6E, 0x1F6E,
0x1F6E, 0x1F6E, 0x1F6E, 0x1F6E, 0x1F6E, 0x1F6E, 0x1F6E, 0x1F6E, 0x1F6E, 0x1F6E,
0x1F6E, 0x1F6E, 0x1F6E, 0x1F6E, 0x1F6E, 0x1F6E, 0x1F6E, 0x1F6E, 0x1F6E, 0x1F6E,
0x1F6E, 0x1F6E, 0x1F6E, 0x1F6E, 0x1F6E, 0x1F6E, 0x1F6E, 0x1F6E, 0x1F6E, 0x1F6E,
0x1F6E, 0x1F6E, 0x1F6E, 0x1F6E, 0x1F6E, 0x1F6E, 0x1F6E, 0x1F6E, 0x1F6E, 0x1F6E,
0x1F6E, 0x1F6E, 0x1F6E, 0x1F6E, 0x1F6E, 0x1F6E, 0x1F6E, 0x1F6E, 0x1F6E, 0x1F6E,
0x1F6E, 0x1F6E, 0x1F6E, 0x1F6E, 0x1F6E, 0x1F6E, 0x1F6E, 0x1F6E, 0x1F6E, 0x1F6E,
0x1F6E, 0x1F6E, 0x1F6E, 0x1F6E, 0x1F6E, 0x1F6E, 0x1F6E, 0x1F6E, 0x1F6E, 0x1F6E,
0x1F6E, 0x1F6E, 0x1F6E, 0x1F6E, 0x1F6E, 0x1F6E, 0x1F76, 0x1F76, 0x1F76, 0x1F76,
0x1F76, 0x1F76, 0x1F76, 0x1F76, 0x1F76, 0x1F76, 0x1F6E, 0x1F6E, 0x1F6E, 0x1F6E,
0x1F6E, 0x1F6E, 0x1F6E, 0x1F6E, 0x1F6E, 0x1F6E, 0x1F6E, 0x1F6E, 0x1F6E, 0x1F6E,
0x1F6E, 0x1F6E, 0x1F6E, 0x1F6E, 0x1F6E, 0x1F6E, 0x1F6E, 0x1F6E, 0x1F6E, 0x1F6E,
0x1F6E, 0x1F6E, 0x1F6E, 0x1F6E, 0x1F6E, 0x1F6E, 0x1F6E, 0x1F6E, 0x1F6E, 0x1F6E,
0x1F6E, 0x1F6E, 0x1F6E, 0x1F6E, 0x1F6E, 0x1F6E, 0x1F6E, 0x1F6E, 0x1F6E, 0x1F6E,
0x1F6E, 0x1F6E, 0x1F6E, 0x1F6E, 0x1F6E, 0x1F6E, 0x1F6E, 0x1F6E, 0x1F6E, 0x1F6E,
0x1F6E, 0x1F6E, 0x1F6E, 0x1F6E, 0x1F6E, 0x1F6E, 0x1F6E, 0x1F6E, 0x1F6E, 0x1F6E,
0x1F6E, 0x1F6E, 0x1F6E, 0x1F6E, 0x1F6E, 0x1F6E, 0x1F6E, 0x1F6E, 0x1F6E, 0x1F6E,
0x1F6E, 0x1F6E, 0x1F6E, 0x1F6E, 0x1F6E, 0x1F6E, 0x1F6E, 0x1F6E, 0x1F6E, 0x1F6E,
0x1F6E, 0x1F6E, 0x1F6E, 0x1F6E, 0x1F6E, 0x1F6E, 0x1F6E, 0x1F6E, 0x1F6E, 0x1F6E,
0x1F6E, 0x1F6E, 0x1F6E, 0x1F6E, 0x1F6E, 0x1F6E, 0x1F6E, 0x1F6E, 0x1F6E, 0x1F6E,
0x1F6E, 0x1F6E, 0x1F6E, 0x1F6E, 0x1F6E, 0x1F6E, 0x1F6E, 0x1F6E, 0x1F6E, 0x1F6E,
0x1F6E, 0x1F6E, 0x1F6E, 0x1F6E, 0x1F6E, 0x1F6E, 0x1F6E, 0x1F6E, 0x1F6E, 0x1F6E,
0x1F6E, 0x1F6E, 0x1F6E, 0x1F6E, 0x1F6E, 0x1F6E, 0x1F6E, 0x1F6E, 0x1F6E, 0x1F6E,
0x1F6E, 0x1F6E, 0x1F6E, 0x1F6E, 0x1F6E, 0x1F6E, 0x1F6E, 0x1F6E, 0x1F6E, 0x1F6E,
0x1F6E, 0x1F6E, 0x1F6E, 0x1F6E, 0x1F6E, 0x1F6E, 0x1F6E, 0x1F6E, 0x1F6E, 0x1F6E,
0x1F6E, 0x1F6E, 0x1F6E, 0x1F6E, 0x1F6E, 0x1F6E, 0x1F6E, 0x1F6E, 0x1F6E, 0x1F6E,
0x1F6E, 0x1F6E, 0x1F6E, 0x1F6E, 0x1F6E, 0x1F6E, 0x1F6E, 0x1F6E, 0x1F6E, 0x1F6E,
0x1F6E, 0x1F6E, 0x1F6E, 0x1F6E, 0x1F6E, 0x1F6E, 0x1F6E, 0x1F6E, 0x1F6E, 0x1F6E,
0x1F6E, 0x1F6E, 0x1F6E, 0x1F6E, 0x1F6E, 0x1F6E, 0x1F6E, 0x1F6E, 0x1F6E, 0x1F6E,
0x1F6E, 0x1F6E, 0x1F6E, 0x1F6E, 0x1F6E, 0x1F6E, 0x1F6E, 0x1F6E, 0x1F6E, 0x1F6E,
0x1F6E, 0x1F6E, 0x1F6E, 0x1F6E, 0x1F6E, 0x1F6E, 0x1F6E, 0x1F6E, 0x1F6E, 0x1F6E,
0x1F6E, 0x1F6E, 0x1F6E, 0x1F6E, 0x1F6E, 0x1F6E, 0x1F6E, 0x1F6E, 0x1F6E, 0x1F6E,
0x1F6E, 0x1F6E, 0x1F6E, 0x1F6E, 0x1F6E, 0x1F6E, 0x1F6E, 0x1F6E, 0x1F6E, 0x1F6E,
0x1F6E, 0x1F6E, 0x1F6E, 0x1F6E, 0x1F6E, 0x1F6E, 0x1F6E, 0x1F6E, 0x1F6E, 0x1F6E,
0x1F6E, 0x1F6E, 0x1F6E, 0x1F6E, 0x1F6E, 0x1F6E, 0x1F6E, 0x1F6E, 0x1F6E, 0x1F6E,
0x1F6E, 0x1F6E, 0x1F6E, 0x1F6E, 0x1F6E, 0x1F6E, 0x1F6E, 0x1F6E, 0x1F6E, 0x1F6E,
0x1F6E, 0x1F6E, 0x1F6E, 0x1F6E, 0x1F6E, 0x1F6E, 0x1F6E, 0x1F6E, 0x1F6E, 0x1F6E,
0x1F6E, 0x1F6E, 0x1F6E, 0x1F6E, 0x1F6E, 0x1F6E, 0x1F6E, 0x1F6E, 0x1F6E, 0x1F6E,
0x1F6E, 0x1F6E, 0x1F6E, 0x1F6E, 0x1F6E, 0x1F6E, 0x1F6E, 0x1F6E, 0x1F6E, 0x1F6E,
0x1F6E, 0x1F6E, 0x1F6E, 0x1F6E, 0x1F6E, 0x1F6E, 0x1F6E, 0x1F6E, 0x1F6E, 0x1F6E,
0x1F6E, 0x1F6E, 0x1F6E, 0x1F6E, 0x1F6E, 0x1F6E, 0x1F76, 0x1F76, 0x1F76, 0x1F76,
0x1F76, 0x1F76, 0x1F76, 0x1F76, 0x1F76, 0x1F76, 0x1F6E, 0x1F6E, 0x1F6E, 0x1F6E,
0x1F6E, 0x1F6E, 0x1F6E, 0x1F6E, 0x1F6E, 0x1F6E, 0x1F6E, 0x1F6E, 0x1F6E, 0x1F6E,
0x1F6E, 0x1F6E, 0x1F6E, 0x1F6E, 0x1F6E, 0x1F6E, 0x1F6E, 0x1F6E, 0x1F6E, 0x1F6E,
0x1F6E, 0x1F6E, 0x1F6E, 0x1F6E, 0x1F6E, 0x1F6E, 0x1F6E, 0x1F6E, 0x1F6E, 0x1F6E,
0x1F6E, 0x1F6E, 0x1F6E, 0x1F6E, 0x1F6E, 0x1F6E, 0x1F6E, 0x1F6E, 0x1F6E, 0x1F6E,
0x1F6E, 0x1F6E, 0x1F6E, 0x1F6E, 0x1F6E, 0x1F6E, 0x1F6E, 0x1F6E, 0x1F6E, 0x1F6E,
0x1F6E, 0x1F6E, 0x1F6E, 0x1F6E, 0x1F6E, 0x1F6E, 0x1F6E, 0x1F6E, 0x1F6E, 0x1F6E,
0x1F6E, 0x1F6E, 0x1F6E, 0x1F6E, 0x1F6E, 0x1F6E, 0x1F6E, 0x1F6E, 0x1F6E, 0x1F6E,
0x1F6E, 0x1F6E, 0x1F6E, 0x1F6E, 0x1F6E, 0x1F6E, 0x1F6E, 0x1F6E, 0x1F6E, 0x1F6E,
0x1F6E, 0x1F6E, 0x1F6E, 0x1F6E, 0x1F6E, 0x1F6E, 0x1F6E, 0x1F6E, 0x1F6E, 0x1F6E,
0x1F6E, 0x1F6E, 0x1F6E, 0x1F6E, 0x1F6E, 0x1F6E, 0x1F6E, 0x1F6E, 0x1F6E, 0x1F6E,
0x1F6E, 0x1F6E, 0x1F6E, 0x1F6E, 0x1F6E, 0x1F6E, 0x1F6E, 0x1F6E, 0x1F6E, 0x1F6E,
0x1F6E, 0x1F6E, 0x1F6E, 0x1F6E, 0x1F6E, 0x1F6E, 0x1F6E, 0x1F6E, 0x1F6E, 0x1F6E,
0x1F6E, 0x1F6E, 0x1F6E, 0x1F6E, 0x1F6E, 0x1F6E, 0x1F6E, 0x1F6E, 0x1F6E, 0x1F6E,
0x1F6E, 0x1F6E, 0x1F6E, 0x1F6E, 0x1F6E, 0x1F6E, 0x1F6E, 0x1F6E, 0x1F6E, 0x1F6E,
0x1F6E, 0x1F6E, 0x1F6E, 0x1F6E, 0x1F6E, 0x1F6E, 0x1F6E, 0x1F6E, 0x1F6E, 0x1F6E,
0x1F6E, 0x1F6E, 0x1F6E, 0x1F6E, 0x1F6E, 0x1F6E, 0x1F6E, 0x1F6E, 0x1F6E, 0x1F6E,
0x1F6E, 0x1F6E, 0x1F6E, 0x1F6E, 0x1F6E, 0x1F6E, 0x1F6E, 0x1F6E, 0x1F6E, 0x1F6E,
0x1F6E, 0x1F6E, 0x1F6E, 0x1F6E, 0x1F6E, 0x1F6E, 0x1F6E, 0x1F6E, 0x1F6E, 0x1F6E,
0x1F6E, 0x1F6E, 0x1F6E, 0x1F6E, 0x1F6E, 0x1F6E, 0x1F6E, 0x1F6E, 0x1F6E, 0x1F6E,
0x1F6E, 0x1F6E, 0x1F6E, 0x1F6E, 0x1F6E, 0x1F6E, 0x1F6E, 0x1F6E, 0x1F6E, 0x1F6E,
0x1F6E, 0x1F6E, 0x1F6E, 0x1F6E, 0x1F6E, 0x1F6E, 0x1F6E, 0x1F6E, 0x1F6E, 0x1F6E,
0x1F6E, 0x1F6E, 0x1F6E, 0x1F6E, 0x1F6E, 0x1F6E, 0x1F6E, 0x1F6E, 0x1F6E, 0x1F6E,
0x1F6E, 0x1F6E, 0x1F6E, 0x1F6E, 0x1F6E, 0x1F6E, 0x1F6E, 0x1F6E, 0x1F6E, 0x1F6E,
0x1F6E, 0x1F6E, 0x1F6E, 0x1F6E, 0x1F6E, 0x1F6E, 0x1F6E, 0x1F6E, 0x1F6E, 0x1F6E,
0x1F6E, 0x1F6E, 0x1F6E, 0x1F6E, 0x1F6E, 0x1F6E, 0x1F6E, 0x1F6E, 0x1F6E, 0x1F6E,
0x1F6E, 0x1F6E, 0x1F6E, 0x1F6E, 0x1F6E, 0x1F6E, 0x1F6E, 0x1F6E, 0x1F6E, 0x1F6E,
0x1F6E, 0x1F6E, 0x1F6E, 0x1F6E, 0x1F6E, 0x1F6E, 0x1F6E, 0x1F6E, 0x1F6E, 0x1F6E,
0x1F6E, 0x1F6E, 0x1F6E, 0x1F6E, 0x1F6E, 0x1F6E, 0x1F6E, 0x1F6E, 0x1F6E, 0x1F6E,
0x1F6E, 0x1F6E, 0x1F6E, 0x1F6E, 0x1F6E, 0x1F6E, 0x1F6E, 0x1F6E, 0x1F6E, 0x1F6E,
0x1F6E, 0x1F6E, 0x1F6E, 0x1F6E, 0x1F6E, 0x1F6E, 0x1F6E, 0x1F6E, 0x1F6E, 0x1F6E,
0x1F6E, 0x1F6E, 0x1F6E, 0x1F6E, 0x1F6E, 0x1F6E, 0x1F76, 0x1F76, 0x1F76, 0x1F76,
0x1F76, 0x1F76, 0x1F76, 0x1F76, 0x1F76, 0x1F76, 0x1F6E, 0x1F6E, 0x1F6E, 0x1F6E,
0x1F6E, 0x1F6E, 0x1F6E, 0x1F6E, 0x1F6E, 0x1F6E, 0x1F6E, 0x1F6E, 0x1F6E, 0x1F6E,
0x1F6E, 0x1F6E, 0x1F6E, 0x1F6E, 0x1F6E, 0x1F6E, 0x1F6E, 0x1F6E, 0x1F6E, 0x1F6E,
0x1F6E, 0x1F6E, 0x1F6E, 0x1F6E, 0x1F6E, 0x1F6E, 0x1F6E, 0x1F6E, 0x1F6E, 0x1F6E,
0x1F6E, 0x1F6E, 0x1F6E, 0x1F6E, 0x1F6E, 0x1F6E, 0x1F6E, 0x1F6E, 0x1F6E, 0x1F6E,
0x1F6E, 0x1F6E, 0x1F6E, 0x1F6E, 0x1F6E, 0x1F6E, 0x1F6E, 0x1F6E, 0x1F6E, 0x1F6E,
0x1F6E, 0x1F6E, 0x1F6E, 0x1F6E, 0x1F6E, 0x1F6E, 0x1F6E, 0x1F6E, 0x1F6E, 0x1F6E,
0x1F6E, 0x1F6E, 0x1F6E, 0x1F6E, 0x1F6E, 0x1F6E, 0x1F6E, 0x1F6E, 0x1F6E, 0x1F6E,
0x1F6E, 0x1F6E, 0x1F6E, 0x1F6E, 0x1F6E, 0x1F6E, 0x1F6E, 0x1F6E, 0x1F6E, 0x1F6E,
0x1F6E, 0x1F6E, 0x1F6E, 0x1F6E, 0x1F6E, 0x1F6E, 0x1F6E, 0x1F6E, 0x1F6E, 0x1F6E,
0x1F6E, 0x1F6E, 0x1F6E, 0x1F6E, 0x1F6E, 0x1F6E, 0x1F6E, 0x1F6E, 0x1F6E, 0x1F6E,
0x1F6E, 0x1F6E, 0x1F6E, 0x1F6E, 0x1F6E, 0x1F6E, 0x1F6E, 0x1F6E, 0x1F6E, 0x1F6E,
0x1F6E, 0x1F6E, 0x1F6E, 0x1F6E, 0x1F6E, 0x1F6E, 0x1F6E, 0x1F6E, 0x1F6E, 0x1F6E,
0x1F6E, 0x1F6E, 0x1F6E, 0x1F6E, 0x1F6E, 0x1F6E, 0x1F6E, 0x1F6E, 0x1F6E, 0x1F6E,
0x1F6E, 0x1F6E, 0x1F6E, 0x1F6E, 0x1F6E, 0x1F6E, 0x1F6E, 0x1F6E, 0x1F6E, 0x1F6E,
0x1F6E, 0x1F6E, 0x1F6E, 0x1F6E, 0x1F6E, 0x1F6E, 0x1F6E, 0x1F6E, 0x1F6E, 0x1F6E,
0x1F6E, 0x1F6E, 0x1F6E, 0x1F6E, 0x1F6E, 0x1F6E, 0x1F6E, 0x1F6E, 0x1F6E, 0x1F6E,
0x1F6E, 0x1F6E, 0x1F6E, 0x1F6E, 0x1F6E, 0x1F6E, 0x1F6E, 0x1F6E, 0x1F6E, 0x1F6E,
0x1F6E, 0x1F6E, 0x1F6E, 0x1F6E, 0x1F6E, 0x1F6E, 0x1F6E, 0x1F6E, 0x1F6E, 0x1F6E,
0x1F6E, 0x1F6E, 0x1F6E, 0x1F6E, 0x1F6E, 0x1F6E, 0x1F6E, 0x1F6E, 0x1F6E, 0x1F6E,
0x1F6E, 0x1F6E, 0x1F6E, 0x1F6E, 0x1F6E, 0x1F6E, 0x1F6E, 0x1F6E, 0x1F6E, 0x1F6E,
0x1F6E, 0x1F6E, 0x1F6E, 0x1F6E, 0x1F6E, 0x1F6E, 0x1F6E, 0x1F6E, 0x1F6E, 0x1F6E,
0x1F6E, 0x1F6E, 0x1F6E, 0x1F6E, 0x1F6E, 0x1F6E, 0x1F6E, 0x1F6E, 0x1F6E, 0x1F6E,
0x1F6E, 0x1F6E, 0x1F6E, 0x1F6E, 0x1F6E, 0x1F6E, 0x1F6E, 0x1F6E, 0x1F6E, 0x1F6E,
0x1F6E, 0x1F6E, 0x1F6E, 0x1F6E, 0x1F6E, 0x1F6E, 0x1F6E, 0x1F6E, 0x1F6E, 0x1F6E,
0x1F6E, 0x1F6E, 0x1F6E, 0x1F6E, 0x1F6E, 0x1F6E, 0x1F6E, 0x1F6E, 0x1F6E, 0x1F6E,
0x1F6E, 0x1F6E, 0x1F6E, 0x1F6E, 0x1F6E, 0x1F6E, 0x1F6E, 0x1F6E, 0x1F6E, 0x1F6E,
0x1F6E, 0x1F6E, 0x1F6E, 0x1F6E, 0x1F6E, 0x1F6E, 0x1F6E, 0x1F6E, 0x1F6E, 0x1F6E,
0x1F6E, 0x1F6E, 0x1F6E, 0x1F6E, 0x1F6E, 0x1F6E, 0x1F6E, 0x1F6E, 0x1F6E, 0x1F6E,
0x1F6E, 0x1F6E, 0x1F6E, 0x1F6E, 0x1F6E, 0x1F6E, 0x1F6E, 0x1F6E, 0x1F6E, 0x1F6E,
0x1F6E, 0x1F6E, 0x1F6E, 0x1F6E, 0x1F6E, 0x1F6E, 0x1F6E, 0x1F6E, 0x1F6E, 0x1F6E,
0x1F6E, 0x1F6E, 0x1F6E, 0x1F6E, 0x1F6E, 0x1F6E, 0x3F76, 0x3F76, 0x3F76, 0x3F76,
0x3F76, 0x3F76, 0x3F76, 0x3F76, 0x3F76, 0x3F76, 0x3F76, 0x3F76, 0x3F76, 0x3F76,
0x3F76, 0x3F76, 0x3F76, 0x3F76, 0x3F76, 0x3F76, 0x3F76, 0x3F76, 0x3F76, 0x3F76,
0x3F76, 0x3F76, 0x3F76, 0x3F76, 0x3F76, 0x3F76, 0x3F76, 0x3F76, 0x3F76, 0x3F76,
0x3F76, 0x3F76, 0x3F76, 0x3F76, 0x3F76, 0x3F76, 0x3F76, 0x3F76, 0x3F76, 0x3F76,
0x3F76, 0x3F76, 0x3F76, 0x3F76, 0x3F76, 0x3F76, 0x3F76, 0x3F76, 0x3F76, 0x3F76,
0x3F76, 0x3F76, 0x1F6E, 0x1F6E, 0x1F6E, 0x1F6E, 0x3F76, 0x3F76, 0x3F76, 0x3F76,
0x3F76, 0x1F6E, 0x1F6E, 0x1F6E, 0x1F6E, 0x1F6E, 0x1F6E, 0x1F6E, 0x1F6E, 0x1F6E,
0x1F6E, 0x1F6E, 0x1F6E, 0x1F6E, 0x1F6E, 0x1F6E, 0x1F6E, 0x1F6E, 0x1F6E, 0x1F6E,
0x1F6E, 0x1F6E, 0x1F6E, 0x1F6E, 0x1F6E, 0x1F6E, 0x1F6E, 0x1F6E, 0x1F6E, 0x1F6E,
0x1F6E, 0x1F6E, 0x1F6E, 0x1F6E, 0x1F6E, 0x1F6E, 0x1F6E, 0x1F6E, 0x1F76, 0x1F76,
0x1F76, 0x1F76, 0x1F76, 0x1F76, 0x1F76, 0x1F76, 0x1F76, 0x1F76, 0x1F76, 0x1F76,
0x1F76, 0x1F76, 0x1F76, 0x1F76, 0x1F76, 0x1F76, 0x1F76, 0x1F76, 0x1F76, 0x1F76,
0x1F76, 0x1F76, 0x1F76, 0x1F76, 0x1F76, 0x1F76, 0x3F6E, 0x3F6E, 0x3F6E, 0x3F6E,
0x1F76, 0x1F76, 0x1F76, 0x1F76, 0x1F76, 0x1F6E, 0x1F6E, 0x1F6E, 0x1F6E, 0x1F6E,
0x1F6E, 0x1F6E, 0x1F6E, 0x1F6E, 0x1F6E, 0x1F6E, 0x1F6E, 0x1F6E, 0x1F6E, 0x1F6E,
0x1F6E, 0x1F6E, 0x1F6E, 0x1F6E, 0x1F6E, 0x1F6E, 0x1F6E, 0x1F6E, 0x1F6E, 0x1F6E,
0x1F6E, 0x1F6E, 0x1F6E, 0x1F6E, 0x1F6E, 0x1F6E, 0x1F6E, 0x1F6E, 0x1F6E, 0x1F6E,
0x1F6E, 0x1F6E, 0x1F6E, 0x1F6E, 0x1F6E, 0x1F6E, 0x1F6E, 0x1F6E, 0x1F6E, 0x1F6E,
0x1F6E, 0x1F6E, 0x1F6E, 0x1F6E, 0x1F6E, 0x1F6E, 0x1F6E, 0x1F6E, 0x1F6E, 0x1F6E,
0x1F6E, 0x1F6E, 0x1F6E, 0x1F6E, 0x1F6E, 0x1F6E, 0x1F6E, 0x1F6E, 0x1F6E, 0x1F6E,
0x1F6E, 0x1F6E, 0x1F6E, 0x1F6E, 0x1F6E, 0x1F6E, 0x1F6E, 0x1F6E, 0x1F6E, 0x1F6E,
0x1F6E, 0x1F6E, 0x1F6E, 0x1F6E, 0x1F6E, 0x1F6E, 0x1F6E, 0x1F6E, 0x1F6E, 0x1F6E,
0x1F6E, 0x1F6E, 0x1F6E, 0x1F6E, 0x1F6E, 0x1F6E, 0x1F6E, 0x1F6E, 0x1F6E, 0x1F6E,
0x1F6E, 0x1F6E, 0x1F6E, 0x1F6E, 0x1F6E, 0x1F6E, 0x1F6E, 0x1F6E, 0x1F6E, 0x1F6E,
0x1F6E, 0x1F6E, 0x1F6E, 0x1F6E, 0x1F6E, 0x1F6E, 0x1F6E, 0x1F6E, 0x1F6E, 0x1F6E,
0x1F6E, 0x1F6E, 0x1F6E, 0x1F6E, 0x1F6E, 0x1F6E, 0x1F6E, 0x1F6E, 0x1F6E, 0x1F6E,
0x1F6E, 0x1F6E, 0x1F6E, 0x1F6E, 0x1F6E, 0x1F6E, 0x1F6E, 0x1F6E, 0x1F6E, 0x1F6E,
0x1F6E, 0x1F6E, 0x1F6E, 0x1F6E, 0x1F6E, 0x1F6E, 0x1F6E, 0x1F6E, 0x1F6E, 0x1F6E,
0x1F6E, 0x1F6E, 0x1F6E, 0x1F6E, 0x1F6E, 0x1F6E, 0x1F6E, 0x1F6E, 0x1F6E, 0x1F6E,
0x1F6E, 0x1F6E, 0x1F6E, 0x1F6E, 0x1F6E, 0x1F6E, 0x1F6E, 0x1F6E, 0x1F6E, 0x1F6E,
0x1F6E, 0x1F6E, 0x1F6E, 0x1F6E, 0x1F6E, 0x1F6E, 0x1F6E, 0x1F6E, 0x1F6E, 0x1F6E,
0x1F6E, 0x1F6E, 0x1F6E, 0x1F6E, 0x1F6E, 0x1F6E, 0x3F76, 0x3F76, 0x3F76, 0x3F76,
0x3F76, 0x3F76, 0x3F76, 0x3F76, 0x3F76, 0x3F76, 0x3F76, 0x3F76, 0x3F76, 0x3F76,
0x3F76, 0x3F76, 0x3F76, 0x3F76, 0x3F76, 0x3F76, 0x3F76, 0x3F76, 0x3F76, 0x3F76,
0x3F76, 0x3F76, 0x3F76, 0x3F76, 0x3F76, 0x3F76, 0x3F76, 0x3F76, 0x3F76, 0x3F76,
0x3F76, 0x3F76, 0x3F76, 0x3F76, 0x3F76, 0x3F76, 0x3F76, 0x3F76, 0x3F76, 0x3F76,
0x3F76, 0x3F76, 0x3F76, 0x3F76, 0x3F76, 0x3F76, 0x3F76, 0x3F76, 0x3F76, 0x3F76,
0x3F76, 0x3F76, 0x1F6E, 0x1F6E, 0x1F6E, 0x1F6E, 0x3F76, 0x3F76, 0x3F76, 0x3F76,
0x3F76, 0x1F6E, 0x1F6E, 0x1F6E, 0x1F6E, 0x1F6E, 0x1F6E, 0x1F6E, 0x1F6E, 0x1F6E,
0x1F6E, 0x1F6E, 0x1F6E, 0x1F6E, 0x1F6E, 0x1F6E, 0x1F6E, 0x1F6E, 0x1F6E, 0x1F6E,
0x1F6E, 0x1F6E, 0x1F6E, 0x1F6E, 0x1F6E, 0x1F6E, 0x1F6E, 0x1F6E, 0x1F6E, 0x1F6E,
0x1F6E, 0x1F6E, 0x1F6E, 0x1F6E, 0x1F6E, 0x1F6E, 0x1F6E, 0x1F6E, 0x1F76, 0x1F76,
0x1F76, 0x1F76, 0x1F76, 0x1F76, 0x1F76, 0x1F76, 0x1F76, 0x1F76, 0x1F76, 0x1F76,
0x1F76, 0x1F76, 0x1F76, 0x1F76, 0x1F76, 0x1F76, 0x1F76, 0x1F76, 0x1F76, 0x1F76,
0x1F76, 0x1F76, 0x1F76, 0x1F76, 0x1F76, 0x1F76, 0x1F6E, 0x1F6E, 0x1F6E, 0x1F6E,
0x1F76, 0x1F76, 0x1F76, 0x1F76, 0x1F76, 0x1F6E, 0x1F6E, 0x1F6E, 0x1F6E, 0x1F6E,
0x1F6E, 0x1F6E, 0x1F6E, 0x1F6E, 0x1F6E, 0x1F6E, 0x1F6E, 0x1F6E, 0x1F6E, 0x1F6E,
0x1F6E, 0x1F6E, 0x1F6E, 0x1F6E, 0x1F6E, 0x1F6E, 0x1F6E, 0x1F6E, 0x1F6E, 0x1F6E,
0x1F6E, 0x1F6E, 0x1F6E, 0x1F6E, 0x1F6E, 0x1F6E, 0x1F6E, 0x1F6E, 0x1F6E, 0x1F6E,
0x1F6E, 0x1F6E, 0x1F6E, 0x1F6E, 0x1F6E, 0x1F6E, 0x1F6E, 0x1F6E, 0x1F6E, 0x1F6E,
0x1F6E, 0x1F6E, 0x1F6E, 0x1F6E, 0x1F6E, 0x1F6E, 0x1F6E, 0x1F6E, 0x1F6E, 0x1F6E,
0x1F6E, 0x1F6E, 0x1F6E, 0x1F6E, 0x1F6E, 0x1F6E, 0x1F6E, 0x1F6E, 0x1F6E, 0x1F6E,
0x1F6E, 0x1F6E, 0x1F6E, 0x1F6E, 0x1F6E, 0x1F6E, 0x1F6E, 0x1F6E, 0x1F6E, 0x1F6E,
0x1F6E, 0x1F6E, 0x1F6E, 0x1F6E, 0x1F6E, 0x1F6E, 0x1F6E, 0x1F6E, 0x1F6E, 0x1F6E,
0x1F6E, 0x1F6E, 0x1F6E, 0x1F6E, 0x1F6E, 0x1F6E, 0x1F6E, 0x1F6E, 0x1F6E, 0x1F6E,
0x1F6E, 0x1F6E, 0x1F6E, 0x1F6E, 0x1F6E, 0x1F6E, 0x1F6E, 0x1F6E, 0x1F6E, 0x1F6E,
0x1F6E, 0x1F6E, 0x1F6E, 0x1F6E, 0x1F6E, 0x1F6E, 0x1F6E, 0x1F6E, 0x1F6E, 0x1F6E,
0x1F6E, 0x1F6E, 0x1F6E, 0x1F6E, 0x1F6E, 0x1F6E, 0x1F6E, 0x1F6E, 0x1F6E, 0x1F6E,
0x1F6E, 0x1F6E, 0x1F6E, 0x1F6E, 0x1F6E, 0x1F6E, 0x1F6E, 0x1F6E, 0x1F6E, 0x1F6E,
0x1F6E, 0x1F6E, 0x1F6E, 0x1F6E, 0x1F6E, 0x1F6E, 0x1F6E, 0x1F6E, 0x1F6E, 0x1F6E,
0x1F6E, 0x1F6E, 0x1F6E, 0x1F6E, 0x1F6E, 0x1F6E, 0x1F6E, 0x1F6E, 0x1F6E, 0x1F6E,
0x1F6E, 0x1F6E, 0x1F6E, 0x1F6E, 0x1F6E, 0x1F6E, 0x1F6E, 0x1F6E, 0x1F6E, 0x1F6E,
0x1F6E, 0x1F6E, 0x1F6E, 0x1F6E, 0x1F6E, 0x1F6E, 0x1F6E, 0x1F6E, 0x1F6E, 0x1F6E,
0x1F6E, 0x1F6E, 0x1F6E, 0x1F6E, 0x1F6E, 0x1F6E, 0x3F76, 0x3F76, 0x3F76, 0x3F76,
0x3F76, 0x3F76, 0x3F76, 0x3F76, 0x3F76, 0x3F76, 0x3F76, 0x3F76, 0x3F76, 0x3F76,
0x3F76, 0x3F76, 0x3F76, 0x3F76, 0x3F76, 0x3F76, 0x3F76, 0x3F76, 0x3F76, 0x3F76,
0x3F76, 0x3F76, 0x3F76, 0x3F76, 0x3F76, 0x3F76, 0x3F76, 0x3F76, 0x3F76, 0x3F76,
0x3F76, 0x3F76, 0x3F76, 0x3F76, 0x3F76, 0x3F76, 0x3F76, 0x3F76, 0x3F76, 0x3F76,
0x3F76, 0x3F76, 0x3F76, 0x3F76, 0x3F76, 0x3F76, 0x3F76, 0x3F76, 0x3F76, 0x3F76,
0x3F76, 0x3F76, 0x1F76, 0x1F76, 0x1F76, 0x1F76, 0x3F76, 0x3F76, 0x3F76, 0x3F76,
0x3F76, 0x1F76, 0x1F76, 0x1F76, 0x1F76, 0x1F76, 0x1F76, 0x1F76, 0x1F76, 0x1F76,
0x1F76, 0x1F76, 0x1F76, 0x1F76, 0x1F76, 0x1F76, 0x1F76, 0x1F76, 0x1F76, 0x1F76,
0x1F76, 0x1F76, 0x1F76, 0x1F76, 0x1F76, 0x1F76, 0x1F76, 0x1F76, 0x1F76, 0x1F76,
0x1F76, 0x1F76, 0x1F76, 0x1F76, 0x1F76, 0x1F76, 0x1F76, 0x1F76, 0x1F76, 0x1F76,
0x1F76, 0x1F76, 0x1F76, 0x1F76, 0x1F76, 0x1F76, 0x1F76, 0x1F76, 0x1F76, 0x1F76,
0x1F76, 0x1F76, 0x1F76, 0x1F76, 0x1F76, 0x1F76, 0x1F76, 0x1F76, 0x1F76, 0x1F76,
0x1F76, 0x1F76, 0x1F76, 0x1F76, 0x1F76, 0x1F76, 0x1F6E, 0x1F6E, 0x1F6E, 0x1F6E,
0x1F76, 0x1F76, 0x1F76, 0x1F76, 0x1F76, 0x1F6E, 0x1F6E, 0x1F6E, 0x1F6E, 0x1F6E,
0x1F6E, 0x1F6E, 0x1F6E, 0x1F6E, 0x1F6E, 0x1F6E, 0x1F6E, 0x1F6E, 0x1F6E, 0x1F6E,
0x1F6E, 0x1F6E, 0x1F6E, 0x1F6E, 0x1F6E, 0x1F6E, 0x1F6E, 0x1F6E, 0x1F6E, 0x1F6E,
0x1F6E, 0x1F6E, 0x1F6E, 0x1F6E, 0x1F6E, 0x1F6E, 0x1F6E, 0x1F6E, 0x1F6E, 0x1F6E,
0x1F6E, 0x1F6E, 0x1F6E, 0x1F6E, 0x1F6E, 0x1F6E, 0x1F6E, 0x1F6E, 0x1F6E, 0x1F6E,
0x1F6E, 0x1F6E, 0x1F6E, 0x1F6E, 0x1F6E, 0x1F6E, 0x1F6E, 0x1F6E, 0x1F6E, 0x1F6E,
0x1F6E, 0x1F6E, 0x1F6E, 0x1F6E, 0x1F6E, 0x1F6E, 0x1F6E, 0x1F6E, 0x1F6E, 0x1F6E,
0x1F6E, 0x1F6E, 0x1F6E, 0x1F6E, 0x1F6E, 0x1F6E, 0x1F6E, 0x1F6E, 0x1F6E, 0x1F6E,
0x1F6E, 0x1F6E, 0x1F6E, 0x1F6E, 0x1F6E, 0x1F6E, 0x1F6E, 0x1F6E, 0x1F6E, 0x1F6E,
0x1F6E, 0x1F6E, 0x1F6E, 0x1F6E, 0x1F6E, 0x1F6E, 0x1F6E, 0x1F6E, 0x1F6E, 0x1F6E,
0x1F6E, 0x1F6E, 0x1F6E, 0x1F6E, 0x1F6E, 0x1F6E, 0x1F6E, 0x1F6E, 0x1F6E, 0x1F6E,
0x1F6E, 0x1F6E, 0x1F6E, 0x1F6E, 0x1F6E, 0x1F6E, 0x1F6E, 0x1F6E, 0x1F6E, 0x1F6E,
0x1F6E, 0x1F6E, 0x1F6E, 0x1F6E, 0x1F6E, 0x1F6E, 0x1F6E, 0x1F6E, 0x1F6E, 0x1F6E,
0x1F6E, 0x1F6E, 0x1F6E, 0x1F6E, 0x1F6E, 0x1F6E, 0x1F6E, 0x1F6E, 0x1F6E, 0x1F6E,
0x1F6E, 0x1F6E, 0x1F6E, 0x1F6E, 0x1F6E, 0x1F6E, 0x1F6E, 0x1F6E, 0x1F6E, 0x1F6E,
0x1F6E, 0x1F6E, 0x1F6E, 0x1F6E, 0x1F6E, 0x1F6E, 0x1F6E, 0x1F6E, 0x1F6E, 0x1F6E,
0x1F6E, 0x1F6E, 0x1F6E, 0x1F6E, 0x1F6E, 0x1F6E, 0x1F6E, 0x1F6E, 0x1F6E, 0x1F6E,
0x1F6E, 0x1F6E, 0x1F6E, 0x1F6E, 0x1F6E, 0x1F6E, 0x1F6E, 0x1F6E, 0x1F6E, 0x1F6E,
0x1F6E, 0x1F6E, 0x1F6E, 0x1F6E, 0x1F6E, 0x1F6E, 0x3F76, 0x3F76, 0x3F76, 0x3F76,
0x3F76, 0x3F76, 0x3F76, 0x3F76, 0x3F76, 0x3F76, 0x3F76, 0x3F76, 0x3F76, 0x3F76,
0x3F76, 0x3F76, 0x3F76, 0x3F76, 0x3F76, 0x3F76, 0x3F76, 0x3F76, 0x3F76, 0x3F76,
0x3F76, 0x3F76, 0x3F76, 0x3F76, 0x3F76, 0x3F76, 0x3F76, 0x3F76, 0x3F76, 0x3F76,
0x3F76, 0x3F76, 0x3F76, 0x3F76, 0x3F76, 0x3F76, 0x3F76, 0x3F76, 0x3F76, 0x3F76,
0x3F76, 0x3F76, 0x3F76, 0x3F76, 0x3F76, 0x3F76, 0x3F76, 0x3F76, 0x3F76, 0x3F76,
0x3F76, 0x3F76, 0x1F76, 0x1F76, 0x1F76, 0x1F76, 0x3F76, 0x3F76, 0x3F76, 0x3F76,
0x3F76, 0x1F76, 0x1F76, 0x1F76, 0x1F76, 0x1F76, 0x1F76, 0x1F76, 0x1F76, 0x1F76,
0x1F76, 0x1F76, 0x1F76, 0x1F76, 0x1F76, 0x1F76, 0x1F76, 0x1F76, 0x1F76, 0x1F76,
0x1F76, 0x1F76, 0x1F76, 0x1F76, 0x1F76, 0x1F76, 0x1F76, 0x1F76, 0x1F76, 0x1F76,
0x1F76, 0x1F76, 0x1F76, 0x1F76, 0x1F76, 0x1F76, 0x1F76, 0x1F76, 0x1F76, 0x1F76,
0x1F76, 0x1F76, 0x1F76, 0x1F76, 0x1F76, 0x1F76, 0x1F76, 0x1F76, 0x1F76, 0x1F76,
0x1F76, 0x1F76, 0x1F76, 0x1F76, 0x1F76, 0x1F76, 0x1F76, 0x1F76, 0x1F76, 0x1F76,
0x1F76, 0x1F76, 0x1F76, 0x1F76, 0x1F76, 0x1F76, 0x1E6E, 0x1E6E, 0x1E6E, 0x1E6E,
0x1F76, 0x1F76, 0x1F76, 0x1F76, 0x1F76, 0x1F6E, 0x1F6E, 0x1F6E, 0x1F6E, 0x1F6E,
0x1F6E, 0x1F6E, 0x1F6E, 0x1F6E, 0x1F6E, 0x1F6E, 0x1F6E, 0x1F6E, 0x1F6E, 0x1F6E,
0x1F6E, 0x1F6E, 0x1F6E, 0x1F6E, 0x1F6E, 0x1F6E, 0x1F6E, 0x1F6E, 0x1F6E, 0x1F6E,
0x1F6E, 0x1F6E, 0x1F6E, 0x1F6E, 0x1F6E, 0x1F6E, 0x1F6E, 0x1F6E, 0x1F6E, 0x1F6E,
0x1F6E, 0x1F6E, 0x1F6E, 0x1F6E, 0x1F6E, 0x1F6E, 0x1F6E, 0x1F6E, 0x1F6E, 0x1F6E,
0x1F6E, 0x1F6E, 0x1F6E, 0x1F6E, 0x1F6E, 0x1F6E, 0x1F6E, 0x1F6E, 0x1F6E, 0x1F6E,
0x1F6E, 0x1F6E, 0x1F6E, 0x1F6E, 0x1F6E, 0x1F6E, 0x1F6E, 0x1F6E, 0x1F6E, 0x1F6E,
0x1F6E, 0x1F6E, 0x1F6E, 0x1F6E, 0x1F6E, 0x1F6E, 0x1F6E, 0x1F6E, 0x1F6E, 0x1F6E,
0x1F6E, 0x1F6E, 0x1F6E, 0x1F6E, 0x1F6E, 0x1F6E, 0x1F6E, 0x1F6E, 0x1F6E, 0x1F6E,
0x1F6E, 0x1F6E, 0x1F6E, 0x1F6E, 0x1F6E, 0x1F6E, 0x1F6E, 0x1F6E, 0x1F6E, 0x1F6E,
0x1F6E, 0x1F6E, 0x1F6E, 0x1F6E, 0x1F6E, 0x1F6E, 0x1F6E, 0x1F6E, 0x1F6E, 0x1F6E,
0x1F6E, 0x1F6E, 0x1F6E, 0x1F6E, 0x1F6E, 0x1F6E, 0x1F6E, 0x1F6E, 0x1F6E, 0x1F6E,
0x1F6E, 0x1F6E, 0x1F6E, 0x1F6E, 0x1F6E, 0x1F6E, 0x1F6E, 0x1F6E, 0x1F6E, 0x1F6E,
0x1F6E, 0x1F6E, 0x1F6E, 0x1F6E, 0x1F6E, 0x1F6E, 0x1F6E, 0x1F6E, 0x1F6E, 0x1F6E,
0x1F6E, 0x1F6E, 0x1F6E, 0x1F6E, 0x1F6E, 0x1F6E, 0x1F6E, 0x1F6E, 0x1F6E, 0x1F6E,
0x1F6E, 0x1F6E, 0x1F6E, 0x1F6E, 0x1F6E, 0x1F6E, 0x1F6E, 0x1F6E, 0x1F6E, 0x1F6E,
0x1F6E, 0x1F6E, 0x1F6E, 0x1F6E, 0x1F6E, 0x1F6E, 0x1F6E, 0x1F6E, 0x1F6E, 0x1F6E,
0x1F6E, 0x1F6E, 0x1F6E, 0x1F6E, 0x1F6E, 0x1F6E, 0x1F6E, 0x1F6E, 0x1F6E, 0x1F6E,
0x1F6E, 0x1F6E, 0x1F6E, 0x1F6E, 0x1F6E, 0x1F6E, 0x3F76, 0x3F76, 0x3F76, 0x3F76,
0x3F76, 0x3F76, 0x3F76, 0x3F76, 0x3F76, 0x3F76, 0x3F76, 0x3F76, 0x3F76, 0x3F76,
0x3F76, 0x3F76, 0x3F76, 0x3F76, 0x3F76, 0x3F76, 0x3F76, 0x3F76, 0x3F76, 0x3F76,
0x3F76, 0x3F76, 0x3F76, 0x3F76, 0x3F76, 0x3F76, 0x3F76, 0x3F76, 0x3F76, 0x3F76,
0x3F76, 0x3F76, 0x3F76, 0x3F76, 0x3F76, 0x3F76, 0x3F76, 0x3F76, 0x3F76, 0x3F76,
0x3F76, 0x3F76, 0x3F76, 0x3F76, 0x3F76, 0x3F76, 0x3F76, 0x3F76, 0x3F76, 0x3F76,
0x3F76, 0x3F76, 0x3F76, 0x3F76, 0x3F76, 0x3F76, 0x3F76, 0x3F76, 0x3F76, 0x3F76,
0x3F76, 0x3F76, 0x3F76, 0x3F76, 0x3F76, 0x3F76, 0x3F76, 0x3F76, 0x3F76, 0x3F76,
0x3F76, 0x3F76, 0x3F76, 0x3F76, 0x3F76, 0x3F76, 0x3F76, 0x3F76, 0x3F76, 0x3F76,
0x3F76, 0x3F76, 0x3F76, 0x3F76, 0x3F76, 0x3F76, 0x3F76, 0x3F76, 0x3F76, 0x3F76,
0x3F76, 0x3F76, 0x3F76, 0x3F76, 0x3F76, 0x3F76, 0x3F76, 0x3F76, 0x1F76, 0x1F76,
0x1F76, 0x1F76, 0x1F76, 0x1F76, 0x1F76, 0x1F76, 0x1F76, 0x1F76, 0x1F76, 0x1F76,
0x1F76, 0x1F76, 0x1F76, 0x1F76, 0x1F76, 0x1F76, 0x1F76, 0x1F76, 0x1F76, 0x1F76,
0x1F76, 0x1F76, 0x1F76, 0x1F76, 0x1F76, 0x1F76, 0x1F76, 0x1F76, 0x1F76, 0x1F76,
0x1F76, 0x1F76, 0x1F76, 0x1F76, 0x1F76, 0x1F6E, 0x1F6E, 0x1F6E, 0x1F6E, 0x1F6E,
0x1F6E, 0x1F6E, 0x1F6E, 0x1F6E, 0x1F6E, 0x1F6E, 0x1F6E, 0x1F6E, 0x1F6E, 0x1F6E,
0x1F6E, 0x1F6E, 0x1F6E, 0x1F6E, 0x1F6E, 0x1F6E, 0x1F6E, 0x1F6E, 0x1F6E, 0x1F6E,
0x1F6E, 0x1F6E, 0x1F6E, 0x1F6E, 0x1F6E, 0x1F6E, 0x1F6E, 0x1F6E, 0x1F6E, 0x1F6E,
0x1F6E, 0x1F6E, 0x1F6E, 0x1F6E, 0x1F6E, 0x1F6E, 0x1F6E, 0x1F6E, 0x1F6E, 0x1F6E,
0x1F6E, 0x1F6E, 0x1F6E, 0x1F6E, 0x1F6E, 0x1F6E, 0x1F6E, 0x1F6E, 0x1F6E, 0x1F6E,
0x1F6E, 0x1F6E, 0x1F6E, 0x1F6E, 0x1F6E, 0x1F6E, 0x1F6E, 0x1F6E, 0x1F6E, 0x1F6E,
0x1F6E, 0x1F6E, 0x1F6E, 0x1F6E, 0x1F6E, 0x1F6E, 0x1F6E, 0x1F6E, 0x1F6E, 0x1F6E,
0x1F6E, 0x1F6E, 0x1F6E, 0x1F6E, 0x1F6E, 0x1F6E, 0x1F6E, 0x1F6E, 0x1F6E, 0x1F6E,
0x1F6E, 0x1F6E, 0x1F6E, 0x1F6E, 0x1F6E, 0x1F6E, 0x1F6E, 0x1F6E, 0x1F6E, 0x1F6E,
0x1F6E, 0x1F6E, 0x1F6E, 0x1F6E, 0x1F6E, 0x1F6E, 0x1F6E, 0x1F6E, 0x1F6E, 0x1F6E,
0x1F6E, 0x1F6E, 0x1F6E, 0x1F6E, 0x1F6E, 0x1F6E, 0x1F6E, 0x1F6E, 0x1F6E, 0x1F6E,
0x1F6E, 0x1F6E, 0x1F6E, 0x1F6E, 0x1F6E, 0x1F6E, 0x1F6E, 0x1F6E, 0x1F6E, 0x1F6E,
0x1F6E, 0x1F6E, 0x1F6E, 0x1F6E, 0x1F6E, 0x1F6E, 0x1F6E, 0x1F6E, 0x1F6E, 0x1F6E,
0x1F6E, 0x1F6E, 0x1F6E, 0x1F6E, 0x1F6E, 0x1F6E, 0x1F6E, 0x1F6E, 0x1F6E, 0x1F6E,
0x1F6E, 0x1F6E, 0x1F6E, 0x1F6E, 0x1F6E, 0x1F6E, 0x1F6E, 0x1F6E, 0x1F6E, 0x1F6E,
0x1F6E, 0x1F6E, 0x1F6E, 0x1F6E, 0x1F6E, 0x1F6E, 0x1F6E, 0x1F6E, 0x1F6E, 0x1F6E,
0x1F6E, 0x1F6E, 0x1F6E, 0x1F6E, 0x1F6E, 0x1F6E, 0x1F6E, 0x1F6E, 0x1F6E, 0x1F6E,
0x1F6E, 0x1F6E, 0x1F6E, 0x1F6E, 0x1F6E, 0x1F6E, 0x3E76, 0x3E76, 0x3E76, 0x3E76,
0x3E76, 0x3E76, 0x3E76, 0x3E76, 0x3E76, 0x3E76, 0x3E76, 0x3E76, 0x3E76, 0x3E76,
0x3E76, 0x3E76, 0x3E76, 0x3E76, 0x3E76, 0x3E76, 0x3E76, 0x3E76, 0x3E76, 0x3E76,
0x3E76, 0x3E76, 0x3E76, 0x3E76, 0x3E76, 0x3E76, 0x3E76, 0x3E76, 0x3E76, 0x3E76,
0x3E76, 0x3E76, 0x3E76, 0x3F76, 0x3F76, 0x3F76, 0x3F76, 0x3F76, 0x3F76, 0x3F76,
0x3F76, 0x3F76, 0x3F76, 0x3F76, 0x3F76, 0x3F76, 0x3F76, 0x3F76, 0x3F76, 0x3F76,
0x3F76, 0x3F76, 0x3F76, 0x3F76, 0x3F76, 0x3F76, 0x3F76, 0x3F76, 0x3F76, 0x3F76,
0x3F76, 0x3F76, 0x3F76, 0x3F76, 0x3F76, 0x3F76, 0x3F76, 0x3F76, 0x3F76, 0x3F76,
0x3F76, 0x3F76, 0x3F76, 0x3F76, 0x3F76, 0x3F76, 0x3F76, 0x3F76, 0x3F76, 0x3F76,
0x3F76, 0x3F76, 0x3F76, 0x3F76, 0x3F76, 0x3F76, 0x3F76, 0x3F76, 0x3F76, 0x3F76,
0x3F76, 0x3F76, 0x3F76, 0x3F76, 0x3F76, 0x3F76, 0x3F76, 0x3F76, 0x1F76, 0x1F76,
0x1F76, 0x1F76, 0x1F76, 0x1F76, 0x1F76, 0x1F76, 0x1F76, 0x1F76, 0x1F76, 0x1F76,
0x1F76, 0x1F76, 0x1F76, 0x1F76, 0x1F76, 0x1F76, 0x1F76, 0x1F76, 0x1F76, 0x1F76,
0x1F76, 0x1F76, 0x1F76, 0x1F76, 0x1F76, 0x1F76, 0x3F76, 0x3F76, 0x3F76, 0x3F76,
0x1F76, 0x1F76, 0x1F76, 0x1F76, 0x1F76, 0x1F6E, 0x1F6E, 0x1F6E, 0x1F6E, 0x1F6E,
0x1F6E, 0x1F6E, 0x1F6E, 0x1F6E, 0x1F6E, 0x1F6E, 0x1F6E, 0x1F6E, 0x1F6E, 0x1F6E,
0x1F6E, 0x1F6E, 0x1F6E, 0x1F6E, 0x1F6E, 0x1F6E, 0x1F6E, 0x1F6E, 0x1F6E, 0x1F6E,
0x1F6E, 0x1F6E, 0x1F6E, 0x1F6E, 0x1F6E, 0x1F6E, 0x1F6E, 0x1F6E, 0x1F6E, 0x1F6E,
0x1F6E, 0x1F6E, 0x1F6E, 0x1F6E, 0x1F6E, 0x1F6E, 0x1F6E, 0x1F6E, 0x1F6E, 0x1F6E,
0x1F6E, 0x1F6E, 0x1F6E, 0x1F6E, 0x1F6E, 0x1F6E, 0x1F6E, 0x1F6E, 0x1F6E, 0x1F6E,
0x1F6E, 0x1F6E, 0x1F6E, 0x1F6E, 0x1F6E, 0x1F6E, 0x1F6E, 0x1F6E, 0x1F6E, 0x1F6E,
0x1F6E, 0x1F6E, 0x1F6E, 0x1F6E, 0x1F6E, 0x1F6E, 0x1F6E, 0x1F6E, 0x1F6E, 0x1F6E,
0x1F6E, 0x1F6E, 0x1F6E, 0x1F6E, 0x1F6E, 0x1F6E, 0x1F6E, 0x1F6E, 0x1F6E, 0x1F6E,
0x1F6E, 0x1F6E, 0x1F6E, 0x1F6E, 0x1F6E, 0x1F6E, 0x1F6E, 0x1F6E, 0x1F6E, 0x1F6E,
0x1F6E, 0x1F6E, 0x1F6E, 0x1F6E, 0x1F6E, 0x1F6E, 0x1F6E, 0x1F6E, 0x1F6E, 0x1F6E,
0x1F6E, 0x1F6E, 0x1F6E, 0x1F6E, 0x1F6E, 0x1F6E, 0x1F6E, 0x1F6E, 0x1F6E, 0x1F6E,
0x1F6E, 0x1F6E, 0x1F6E, 0x1F6E, 0x1F6E, 0x1F6E, 0x1F6E, 0x1F6E, 0x1F6E, 0x1F6E,
0x1F6E, 0x1F6E, 0x1F6E, 0x1F6E, 0x1F6E, 0x1F6E, 0x1F6E, 0x1F6E, 0x1F6E, 0x1F6E,
0x1F6E, 0x1F6E, 0x1F6E, 0x1F6E, 0x1F6E, 0x1F6E, 0x1F6E, 0x1F6E, 0x1F6E, 0x1F6E,
0x1F6E, 0x1F6E, 0x1F6E, 0x1F6E, 0x1F6E, 0x1F6E, 0x1F6E, 0x1F6E, 0x1F6E, 0x1F6E,
0x1F6E, 0x1F6E, 0x1F6E, 0x1F6E, 0x1F6E, 0x1F6E, 0x1F6E, 0x1F6E, 0x1F6E, 0x1F6E,
0x1F6E, 0x1F6E, 0x1F6E, 0x1F6E, 0x1F6E, 0x1F6E, 0x1F6E, 0x1F6E, 0x1F6E, 0x1F6E,
0x1F6E, 0x1F6E, 0x1F6E, 0x1F6E, 0x1F6E, 0x1F6E, 0x3E76, 0x3E76, 0x3E76, 0x3E76,
0x3E76, 0x3E76, 0x3E76, 0x3E76, 0x3E76, 0x3E76, 0x3E76, 0x3E76, 0x3E76, 0x3E76,
0x3E76, 0x3E76, 0x3E76, 0x3E76, 0x3E76, 0x3E76, 0x3E76, 0x3E76, 0x3E76, 0x3E76,
0x3E76, 0x3E76, 0x3E76, 0x3E76, 0x3E76, 0x3E76, 0x3E76, 0x3E76, 0x3E76, 0x3E76,
0x3E76, 0x3E76, 0x3E76, 0x3F76, 0x3F76, 0x3F76, 0x3F76, 0x3F76, 0x3F76, 0x3F76,
0x3F76, 0x3F76, 0x3F76, 0x3F76, 0x3F76, 0x3F76, 0x3F76, 0x3F76, 0x3F76, 0x3F76,
0x3F76, 0x3F76, 0x3F76, 0x3F76, 0x3F76, 0x3F76, 0x3F76, 0x3F76, 0x3F76, 0x3F76,
0x3F76, 0x3F76, 0x3F76, 0x3F76, 0x3F76, 0x3F76, 0x3F76, 0x3F76, 0x3F76, 0x3F76,
0x3F76, 0x3F76, 0x3F76, 0x3F76, 0x3F76, 0x3F76, 0x3F76, 0x3F76, 0x3F76, 0x3F76,
0x3F76, 0x3F76, 0x3F76, 0x3F76, 0x3F76, 0x3F76, 0x3F76, 0x3F76, 0x3F76, 0x3F76,
0x3F76, 0x3F76, 0x3F76, 0x3F76, 0x3F76, 0x3F76, 0x3F76, 0x3F76, 0x1F76, 0x1F76,
0x1F76, 0x1F76, 0x1F76, 0x1F76, 0x1F76, 0x1F76, 0x1F76, 0x1F76, 0x1F76, 0x1F76,
0x1F76, 0x1F76, 0x1F76, 0x1F76, 0x1F76, 0x1F76, 0x1F76, 0x1F76, 0x1F76, 0x1F76,
0x1F76, 0x1F76, 0x1F76, 0x1F76, 0x1F76, 0x1F76, 0x3F76, 0x3F76, 0x3F76, 0x3F76,
0x1F76, 0x1F76, 0x1F76, 0x1F76, 0x1F76, 0x1F6E, 0x1F6E, 0x1F6E, 0x1F6E, 0x1F6E,
0x1F6E, 0x1F6E, 0x1F6E, 0x1F6E, 0x1F6E, 0x1F6E, 0x1F6E, 0x1F6E, 0x1F6E, 0x1F6E,
0x1F6E, 0x1F6E, 0x1F6E, 0x1F6E, 0x1F6E, 0x1F6E, 0x1F6E, 0x1F6E, 0x1F6E, 0x1F6E,
0x1F6E, 0x1F6E, 0x1F6E, 0x1F6E, 0x1F6E, 0x1F6E, 0x1F6E, 0x1F6E, 0x1F6E, 0x1F6E,
0x1F6E, 0x1F6E, 0x1F6E, 0x1F6E, 0x1F6E, 0x1F6E, 0x1F6E, 0x1F6E, 0x1F6E, 0x1F6E,
0x1F6E, 0x1F6E, 0x1F6E, 0x1F6E, 0x1F6E, 0x1F6E, 0x1F6E, 0x1F6E, 0x1F6E, 0x1F6E,
0x1F6E, 0x1F6E, 0x1F6E, 0x1F6E, 0x1F6E, 0x1F6E, 0x1F6E, 0x1F6E, 0x1F6E, 0x1F6E,
0x1F6E, 0x1F6E, 0x1F6E, 0x1F6E, 0x1F6E, 0x1F6E, 0x1F6E, 0x1F6E, 0x1F6E, 0x1F6E,
0x1F6E, 0x1F6E, 0x1F6E, 0x1F6E, 0x1F6E, 0x1F6E, 0x1F6E, 0x1F6E, 0x1F6E, 0x1F6E,
0x1F6E, 0x1F6E, 0x1F6E, 0x1F6E, 0x1F6E, 0x1F6E, 0x1F6E, 0x1F6E, 0x1F6E, 0x1F6E,
0x1F6E, 0x1F6E, 0x1F6E, 0x1F6E, 0x1F6E, 0x1F6E, 0x1F6E, 0x1F6E, 0x1F6E, 0x1F6E,
0x1F6E, 0x1F6E, 0x1F6E, 0x1F6E, 0x1F6E, 0x1F6E, 0x1F6E, 0x1F6E, 0x1F6E, 0x1F6E,
0x1F6E, 0x1F6E, 0x1F6E, 0x1F6E, 0x1F6E, 0x1F6E, 0x1F6E, 0x1F6E, 0x1F6E, 0x1F6E,
0x1F6E, 0x1F6E, 0x1F6E, 0x1F6E, 0x1F6E, 0x1F6E, 0x1F6E, 0x1F6E, 0x1F6E, 0x1F6E,
0x1F6E, 0x1F6E, 0x1F6E, 0x1F6E, 0x1F6E, 0x1F6E, 0x1F6E, 0x1F6E, 0x1F6E, 0x1F6E,
0x1F6E, 0x1F6E, 0x1F6E, 0x1F6E, 0x1F6E, 0x1F6E, 0x1F6E, 0x1F6E, 0x1F6E, 0x1F6E,
0x1F6E, 0x1F6E, 0x1F6E, 0x1F6E, 0x1F6E, 0x1F6E, 0x1F6E, 0x1F6E, 0x1F6E, 0x1F6E,
0x1F6E, 0x1F6E, 0x1F6E, 0x1F6E, 0x1F6E, 0x1F6E, 0x1F6E, 0x1F6E, 0x1F6E, 0x1F6E,
0x1F6E, 0x1F6E, 0x1F6E, 0x1F6E, 0x1F6E, 0x1F6E, 0x3E76, 0x3E76, 0x3E76, 0x3E76,
0x3E76, 0x3E76, 0x3E76, 0x3E76, 0x3E76, 0x3E76, 0x3E76, 0x3E76, 0x3E76, 0x3E76,
0x3E76, 0x3E76, 0x3E76, 0x3E76, 0x3E76, 0x1F76, 0x1F76, 0x1F76, 0x1F76, 0x1F76,
0x1F76, 0x1F76, 0x1F76, 0x1F76, 0x1F76, 0x1F76, 0x1F76, 0x1F76, 0x1F76, 0x1F76,
0x1F76, 0x1F76, 0x1F76, 0x3F6E, 0x3F6E, 0x3F6E, 0x3F6E, 0x3F6E, 0x3F6E, 0x3F6E,
0x3F6E, 0x3F6E, 0x3F6E, 0x1F76, 0x1F76, 0x1F76, 0x1F76, 0x1F76, 0x1F76, 0x1F76,
0x1F76, 0x1F76, 0x1F76, 0x1F76, 0x1F76, 0x1F76, 0x1F76, 0x1F76, 0x1F76, 0x1F76,
0x1F76, 0x3F76, 0x3F76, 0x3F76, 0x3F76, 0x3F76, 0x1F76, 0x1F76, 0x1F76, 0x1F76,
0x3F76, 0x3F76, 0x3F76, 0x3F76, 0x3F76, 0x1F76, 0x1F76, 0x1F76, 0x1F76, 0x1F76,
0x3F76, 0x3F76, 0x3F76, 0x3F76, 0x3F76, 0x3F76, 0x3F76, 0x3F76, 0x3F76, 0x3F76,
0x3F76, 0x3F76, 0x3F76, 0x3F76, 0x3F76, 0x3F76, 0x3F76, 0x3F76, 0x3F76, 0x3F76,
0x3F76, 0x3F76, 0x3F76, 0x3F76, 0x3F76, 0x3F76, 0x3F76, 0x3F76, 0x3F76, 0x3F76,
0x3F76, 0x3F76, 0x3F76, 0x3F76, 0x3F76, 0x3F76, 0x3F76, 0x3F76, 0x3F76, 0x3F76,
0x3F76, 0x3F76, 0x3F76, 0x3F76, 0x3F76, 0x3F76, 0x3F76, 0x3F76, 0x3F76, 0x3F76,
0x3F76, 0x3F76, 0x3F76, 0x3F76, 0x3F76, 0x3F76, 0x3F76, 0x3F76, 0x3F76, 0x3F76,
0x3F76, 0x3F76, 0x3F76, 0x3F76, 0x3F76, 0x3F76, 0x3F76, 0x3F76, 0x3F76, 0x3F76,
0x3F76, 0x3F76, 0x3F76, 0x3F76, 0x3F76, 0x3F76, 0x3F76, 0x3F76, 0x3F76, 0x3F76,
0x3F76, 0x3F76, 0x3F76, 0x3F76, 0x3F76, 0x3F76, 0x3F76, 0x3F76, 0x3F76, 0x3F76,
0x3F76, 0x3F76, 0x3F76, 0x3F76, 0x3F76, 0x3F76, 0x3F76, 0x3F76, 0x3F76, 0x3F76,
0x3F76, 0x3F76, 0x3F76, 0x3F76, 0x3F76, 0x3F76, 0x1F6E, 0x1F6E, 0x1F6E, 0x1F6E,
0x1F6E, 0x1F6E, 0x1F6E, 0x1F6E, 0x1F6E, 0x1F6E, 0x1F6E, 0x1F6E, 0x1F6E, 0x1F6E,
0x1F6E, 0x1F6E, 0x1F6E, 0x1F6E, 0x1F6E, 0x1F6E, 0x1F6E, 0x1F6E, 0x1F6E, 0x1F6E,
0x1F6E, 0x1F6E, 0x1F6E, 0x1F6E, 0x1F6E, 0x1F6E, 0x1F6E, 0x1F6E, 0x1F6E, 0x1F6E,
0x1F6E, 0x1F6E, 0x1F6E, 0x1F76, 0x1F76, 0x1F76, 0x1F76, 0x1F76, 0x1F76, 0x1F76,
0x1F76, 0x1F76, 0x1F76, 0x1F76, 0x1F76, 0x1F76, 0x1F76, 0x1F76, 0x1F76, 0x1F76,
0x1F76, 0x1F76, 0x1F76, 0x1F76, 0x1F76, 0x1F76, 0x1F76, 0x1F76, 0x1F76, 0x1F76,
0x1F76, 0x1F76, 0x1F76, 0x1F76, 0x1F76, 0x1F6E, 0x1F6E, 0x1F6E, 0x1F6E, 0x1F6E,
0x1F6E, 0x1F6E, 0x1F6E, 0x1F6E, 0x1F6E, 0x1F6E, 0x1F6E, 0x1F6E, 0x1F6E, 0x1F6E,
0x1F6E, 0x1F6E, 0x1F6E, 0x1F6E, 0x1F6E, 0x1F6E, 0x1F6E, 0x1F6E, 0x1F6E, 0x1F6E,
0x1F6E, 0x1F6E, 0x1F6E, 0x1F6E, 0x1F6E, 0x1F6E, 0x1F6E, 0x1F6E, 0x1F6E, 0x1F6E,
0x1F6E, 0x1F6E, 0x1F6E, 0x1F6E, 0x1F6E, 0x1F6E, 0x1F6E, 0x1F6E, 0x1F6E, 0x1F6E,
0x1F6E, 0x1F6E, 0x1F6E, 0x1F6E, 0x1F6E, 0x1F6E, 0x1F6E, 0x1F6E, 0x1F6E, 0x1F6E,
0x1F6E, 0x1F6E, 0x1F6E, 0x1F6E, 0x1F6E, 0x1F6E, 0x3E76, 0x3E76, 0x3E76, 0x3E76,
0x3E76, 0x3E76, 0x3E76, 0x3E76, 0x3E76, 0x3E76, 0x3E76, 0x3E76, 0x3E76, 0x3E76,
0x3E76, 0x3E76, 0x3E76, 0x3E76, 0x3E76, 0x1F76, 0x1F76, 0x1F76, 0x1F76, 0x1F76,
0x1F76, 0x1F76, 0x1F76, 0x1F76, 0x1F76, 0x1F76, 0x1F76, 0x1F76, 0x1F76, 0x1F76,
0x1F76, 0x1F76, 0x1F76, 0x3F76, 0x3F76, 0x3F76, 0x3F76, 0x3F76, 0x3F76, 0x3F76,
0x3F76, 0x3F76, 0x3F76, 0x1F76, 0x1F76, 0x1F76, 0x1F76, 0x3F76, 0x3F76, 0x3F76,
0x3F76, 0x3F76, 0x1F76, 0x1F76, 0x1F76, 0x1F76, 0x1F76, 0x1F76, 0x1F76, 0x1F76,
0x1F76, 0x3F76, 0x3F76, 0x3F76, 0x3F76, 0x3F76, 0x1F76, 0x1F76, 0x1F76, 0x1F76,
0x3F76, 0x3F76, 0x3F76, 0x3F76, 0x3F76, 0x1F76, 0x1F76, 0x1F76, 0x1F76, 0x1F76,
0x3F76, 0x3F76, 0x3F76, 0x3F76, 0x3F76, 0x3F76, 0x3F76, 0x3F76, 0x3F76, 0x3F76,
0x3F76, 0x3F76, 0x3F76, 0x3F76, 0x3F76, 0x3F76, 0x3F76, 0x3F76, 0x3F76, 0x3F76,
0x3F76, 0x3F76, 0x3F76, 0x3F76, 0x3F76, 0x3F76, 0x3F76, 0x3F76, 0x3F76, 0x3F76,
0x3F76, 0x3F76, 0x3F76, 0x3F76, 0x3F76, 0x3F76, 0x3F76, 0x3F76, 0x3F76, 0x3F76,
0x3F76, 0x3F76, 0x3F76, 0x3F76, 0x3F76, 0x3F76, 0x3F76, 0x3F76, 0x3F76, 0x3F76,
0x3F76, 0x3F76, 0x3F76, 0x3F76, 0x3F76, 0x3F76, 0x3F76, 0x3F76, 0x3F76, 0x3F76,
0x3F76, 0x3F76, 0x3F76, 0x3F76, 0x3F76, 0x3F76, 0x3F76, 0x3F76, 0x3F76, 0x3F76,
0x3F76, 0x3F76, 0x3F76, 0x3F76, 0x3F76, 0x3F76, 0x3F76, 0x3F76, 0x3F76, 0x3F76,
0x3F76, 0x3F76, 0x3F76, 0x3F76, 0x3F76, 0x3F76, 0x3F76, 0x3F76, 0x3F76, 0x3F76,
0x3F76, 0x3F76, 0x3F76, 0x3F76, 0x3F76, 0x3F76, 0x3F76, 0x3F76, 0x3F76, 0x3F76,
0x3F76, 0x3F76, 0x3F76, 0x3F76, 0x3F76, 0x3F76, 0x1F6E, 0x1F6E, 0x1F6E, 0x1F6E,
0x1F6E, 0x1F6E, 0x1F6E, 0x1F6E, 0x1F6E, 0x1F6E, 0x1F6E, 0x1F6E, 0x1F6E, 0x1F6E,
0x1F6E, 0x1F6E, 0x1F6E, 0x1F6E, 0x1F6E, 0x1F6E, 0x1F6E, 0x1F6E, 0x1F6E, 0x1F6E,
0x1F6E, 0x1F6E, 0x1F6E, 0x1F6E, 0x1F6E, 0x1F6E, 0x1F6E, 0x1F6E, 0x1F6E, 0x1F6E,
0x1F6E, 0x1F6E, 0x1F6E, 0x1F76, 0x1F76, 0x1F76, 0x1F76, 0x1F76, 0x1F76, 0x1F76,
0x1F76, 0x1F76, 0x1F76, 0x1F76, 0x1F76, 0x1F76, 0x1F76, 0x1F76, 0x1F76, 0x1F76,
0x1F76, 0x1F76, 0x1F76, 0x1F76, 0x1F76, 0x1F76, 0x1F76, 0x1F76, 0x1F76, 0x1F76,
0x1F76, 0x1F76, 0x1F76, 0x1F76, 0x1F76, 0x1F6E, 0x1F6E, 0x1F6E, 0x1F6E, 0x1F6E,
0x1F6E, 0x1F6E, 0x1F6E, 0x1F6E, 0x1F6E, 0x1F6E, 0x1F6E, 0x1F6E, 0x1F6E, 0x1F6E,
0x1F6E, 0x1F6E, 0x1F6E, 0x1F6E, 0x1F6E, 0x1F6E, 0x1F6E, 0x1F6E, 0x1F6E, 0x1F6E,
0x1F6E, 0x1F6E, 0x1F6E, 0x1F6E, 0x1F6E, 0x1F6E, 0x1F6E, 0x1F6E, 0x1F6E, 0x1F6E,
0x1F6E, 0x1F6E, 0x1F6E, 0x1F6E, 0x1F6E, 0x1F6E, 0x1F6E, 0x1F6E, 0x1F6E, 0x1F6E,
0x1F6E, 0x1F6E, 0x1F6E, 0x1F6E, 0x1F6E, 0x1F6E, 0x1F6E, 0x1F6E, 0x1F6E, 0x1F6E,
0x1F6E, 0x1F6E, 0x1F6E, 0x1F6E, 0x1F6E, 0x1F6E, 0x3E76, 0x3E76, 0x3E76, 0x3E76,
0x3E76, 0x3E76, 0x3E76, 0x3E76, 0x3E76, 0x3E76, 0x3E76, 0x3E76, 0x3E76, 0x3E76,
0x3E76, 0x3E76, 0x3E76, 0x3E76, 0x3E76, 0x3F76, 0x3F76, 0x3F76, 0x3F76, 0x3F76,
0x3F76, 0x3F76, 0x3F76, 0x3F76, 0x3F76, 0x3F76, 0x3F76, 0x3F76, 0x3F76, 0x3F76,
0x3F76, 0x3F76, 0x3F76, 0x3F76, 0x3F76, 0x3F76, 0x3F76, 0x3F76, 0x3F76, 0x3F76,
0x3F76, 0x3F76, 0x3F76, 0x3F76, 0x3F76, 0x3F76, 0x3F76, 0x3F76, 0x3F76, 0x3F76,
0x3F76, 0x3F76, 0x3F76, 0x3F76, 0x3F76, 0x3F76, 0x3F76, 0x3F76, 0x3F76, 0x3F76,
0x3F76, 0x3F76, 0x3F76, 0x3F76, 0x3F76, 0x3F76, 0x3F76, 0x3F76, 0x3F76, 0x3F76,
0x3F76, 0x3F76, 0x3F76, 0x3F76, 0x3F76, 0x3F76, 0x3F76, 0x3F76, 0x3F76, 0x3F76,
0x3F76, 0x3F76, 0x3F76, 0x3F76, 0x3F76, 0x3F76, 0x3F76, 0x3F76, 0x3F76, 0x3F76,
0x3F76, 0x3F76, 0x3F76, 0x3F76, 0x3F76, 0x3F76, 0x3F76, 0x3F76, 0x3F76, 0x3F76,
0x3F76, 0x3F76, 0x3F76, 0x3F76, 0x3F76, 0x3F76, 0x3F76, 0x3F76, 0x3F76, 0x3F76,
0x3F76, 0x3F76, 0x3F76, 0x3F76, 0x3F76, 0x3F76, 0x3F76, 0x3F76, 0x3F76, 0x3F76,
0x3F76, 0x3F76, 0x3F76, 0x3F76, 0x3F76, 0x3F76, 0x3F76, 0x3F76, 0x3F76, 0x3F76,
0x3F76, 0x3F76, 0x3F76, 0x3F76, 0x3F76, 0x3F76, 0x3F76, 0x3F76, 0x3F76, 0x3F76,
0x3F76, 0x3F76, 0x3F76, 0x3F76, 0x3F76, 0x3F76, 0x3F76, 0x3F76, 0x3F76, 0x3F76,
0x3F76, 0x3F76, 0x3F76, 0x3F76, 0x3F76, 0x3F76, 0x3F76, 0x3F76, 0x3F76, 0x3F76,
0x3F76, 0x3F76, 0x3F76, 0x3F76, 0x3F76, 0x3F76, 0x3F76, 0x3F76, 0x3F76, 0x3F76,
0x3F76, 0x3F76, 0x3F76, 0x3F76, 0x3F76, 0x3F76, 0x3F76, 0x3F76, 0x3F76, 0x3F76,
0x3F76, 0x3F76, 0x3F76, 0x3F76, 0x3F76, 0x3F76, 0x1F76, 0x1F76, 0x1F76, 0x1F76,
0x1F76, 0x1F76, 0x1F76, 0x1F76, 0x1F76, 0x1F76, 0x1F76, 0x1F76, 0x1F76, 0x1F76,
0x1F76, 0x1F76, 0x1F76, 0x1F76, 0x1F76, 0x1F76, 0x1F76, 0x1F76, 0x1F76, 0x1F76,
0x1F76, 0x1F76, 0x1F76, 0x1F76, 0x1F76, 0x1F76, 0x1F76, 0x1F76, 0x1F76, 0x1F76,
0x1F76, 0x1F76, 0x1F76, 0x1F76, 0x1F76, 0x1F76, 0x1F76, 0x1F76, 0x1F76, 0x1F76,
0x1F76, 0x1F76, 0x1F76, 0x1F76, 0x1F76, 0x1F76, 0x1F76, 0x1F76, 0x1F76, 0x1F76,
0x1F76, 0x1F76, 0x1F76, 0x1F76, 0x1F76, 0x1F76, 0x1F76, 0x1F76, 0x1F76, 0x1F76,
0x1F76, 0x1F76, 0x1F76, 0x1F76, 0x1F76, 0x1F6E, 0x1F6E, 0x1F6E, 0x1F6E, 0x1F6E,
0x1F6E, 0x1F6E, 0x1F6E, 0x1F6E, 0x1F6E, 0x1F6E, 0x1F6E, 0x1F6E, 0x1F6E, 0x1F6E,
0x1F6E, 0x1F6E, 0x1F6E, 0x1F6E, 0x1F6E, 0x1F6E, 0x1F6E, 0x1F6E, 0x1F6E, 0x1F6E,
0x1F6E, 0x1F6E, 0x1F6E, 0x1F6E, 0x1F6E, 0x1F6E, 0x1F6E, 0x1F6E, 0x1F6E, 0x1F6E,
0x1F6E, 0x1F6E, 0x1F6E, 0x1F6E, 0x1F6E, 0x1F6E, 0x1F6E, 0x1F6E, 0x1F6E, 0x1F6E,
0x1F6E, 0x1F6E, 0x1F6E, 0x1F6E, 0x1F6E, 0x1F6E, 0x1F6E, 0x1F6E, 0x1F6E, 0x1F6E,
0x1F6E, 0x1F6E, 0x1F6E, 0x1F6E, 0x1F6E, 0x1F6E, 0x3E76, 0x3E76, 0x3E76, 0x3E76,
0x3E76, 0x3E76, 0x3E76, 0x3E76, 0x3E76, 0x3E76, 0x3E76, 0x3E76, 0x3E76, 0x3E76,
0x3E76, 0x3E76, 0x3E76, 0x3E76, 0x3E76, 0x3F76, 0x3F76, 0x3F76, 0x3F76, 0x3F76,
0x3F76, 0x3F76, 0x3F76, 0x3F76, 0x3F76, 0x3F76, 0x3F76, 0x3F76, 0x3F76, 0x3F76,
0x3F76, 0x3F76, 0x3F76, 0x3F76, 0x3F76, 0x3F76, 0x3F76, 0x3F76, 0x3F76, 0x3F76,
0x3F76, 0x3F76, 0x3F76, 0x3F76, 0x3F76, 0x3F76, 0x3F76, 0x3F76, 0x3F76, 0x3F76,
0x3F76, 0x3F76, 0x3F76, 0x3F76, 0x3F76, 0x3F76, 0x3F76, 0x3F76, 0x3F76, 0x3F76,
0x3F76, 0x3F76, 0x3F76, 0x3F76, 0x3F76, 0x3F76, 0x3F76, 0x3F76, 0x3F76, 0x3F76,
0x3F76, 0x3F76, 0x3F76, 0x3F76, 0x3F76, 0x3F76, 0x3F76, 0x3F76, 0x3F76, 0x3F76,
0x3F76, 0x3F76, 0x3F76, 0x3F76, 0x3F76, 0x3F76, 0x3F76, 0x3F76, 0x3F76, 0x3F76,
0x3F76, 0x3F76, 0x3F76, 0x3F76, 0x3F76, 0x3F76, 0x3F76, 0x3F76, 0x3F76, 0x3F76,
0x3F76, 0x3F76, 0x3F76, 0x3F76, 0x3F76, 0x3F76, 0x3F76, 0x3F76, 0x3F76, 0x3F76,
0x3F76, 0x3F76, 0x3F76, 0x3F76, 0x3F76, 0x3F76, 0x3F76, 0x3F76, 0x3F76, 0x3F76,
0x3F76, 0x3F76, 0x3F76, 0x3F76, 0x3F76, 0x3F76, 0x3F76, 0x3F76, 0x3F76, 0x3F76,
0x3F76, 0x3F76, 0x3F76, 0x3F76, 0x3F76, 0x3F76, 0x3F76, 0x3F76, 0x3F76, 0x3F76,
0x3F76, 0x3F76, 0x3F76, 0x3F76, 0x3F76, 0x3F76, 0x3F76, 0x3F76, 0x3F76, 0x3F76,
0x3F76, 0x3F76, 0x3F76, 0x3F76, 0x3F76, 0x3F76, 0x3F76, 0x3F76, 0x3F76, 0x3F76,
0x3F76, 0x3F76, 0x3F76, 0x3F76, 0x3F76, 0x3F76, 0x3F76, 0x3F76, 0x3F76, 0x3F76,
0x3F76, 0x3F76, 0x3F76, 0x3F76, 0x3F76, 0x3F76, 0x3F76, 0x3F76, 0x3F76, 0x3F76,
0x3F76, 0x3F76, 0x3F76, 0x3F76, 0x3F76, 0x3F76, 0x1F76, 0x1F76, 0x1F76, 0x1F76,
0x1F76, 0x1F76, 0x1F76, 0x1F76, 0x1F76, 0x1F76, 0x1F76, 0x1F76, 0x1F76, 0x1F76,
0x1F76, 0x1F76, 0x1F76, 0x1F76, 0x1F76, 0x1F76, 0x1F76, 0x1F76, 0x1F76, 0x1F76,
0x1F76, 0x1F76, 0x1F76, 0x1F76, 0x1F76, 0x1F76, 0x1F76, 0x1F76, 0x1F76, 0x1F76,
0x1F76, 0x1F76, 0x1F76, 0x1F76, 0x1F76, 0x1F76, 0x1F76, 0x1F76, 0x1F76, 0x1F76,
0x1F76, 0x1F76, 0x1F76, 0x1F76, 0x1F76, 0x1F76, 0x1F76, 0x1F76, 0x1F76, 0x1F76,
0x1F76, 0x1F76, 0x1F76, 0x1F76, 0x1F76, 0x1F76, 0x1F76, 0x1F76, 0x1F76, 0x1F76,
0x1F76, 0x1F76, 0x1F76, 0x1F76, 0x1F76, 0x1F6E, 0x1F6E, 0x1F6E, 0x1F6E, 0x1F6E,
0x1F6E, 0x1F6E, 0x1F6E, 0x1F6E, 0x1F6E, 0x1F6E, 0x1F6E, 0x1F6E, 0x1F6E, 0x1F6E,
0x1F6E, 0x1F6E, 0x1F6E, 0x1F6E, 0x1F6E, 0x1F6E, 0x1F6E, 0x1F6E, 0x1F6E, 0x1F6E,
0x1F6E, 0x1F6E, 0x1F6E, 0x1F6E, 0x1F6E, 0x1F6E, 0x1F6E, 0x1F6E, 0x1F6E, 0x1F6E,
0x1F6E, 0x1F6E, 0x1F6E, 0x1F6E, 0x1F6E, 0x1F6E, 0x1F6E, 0x1F6E, 0x1F6E, 0x1F6E,
0x1F6E, 0x1F6E, 0x1F6E, 0x1F6E, 0x1F6E, 0x1F6E, 0x1F6E, 0x1F6E, 0x1F6E, 0x1F6E,
0x1F6E, 0x1F6E, 0x1F6E, 0x1F6E, 0x1F6E, 0x1F6E, 0x3F76, 0x3F76, 0x3F76, 0x3F76,
0x3F76, 0x3F76, 0x3F76, 0x3F76, 0x3F76, 0x3F76, 0x3F76, 0x3F76, 0x3F76, 0x3F76,
0x3F76, 0x3F76, 0x3F76, 0x3F76, 0x3F76, 0x3F76, 0x3F76, 0x3F76, 0x3F76, 0x3F76,
0x3F76, 0x3F76, 0x3F76, 0x3F76, 0x3F76, 0x3F76, 0x3F76, 0x3F76, 0x3F76, 0x3F76,
0x3F76, 0x3F76, 0x3F76, 0x3F76, 0x3F76, 0x3F76, 0x3F76, 0x3F76, 0x3F76, 0x3F76,
0x3F76, 0x3F76, 0x3F76, 0x3F76, 0x3F76, 0x3F76, 0x3F76, 0x3F76, 0x3F76, 0x3F76,
0x3F76, 0x3F76, 0x3F76, 0x3F76, 0x3F76, 0x3F76, 0x3F76, 0x3F76, 0x3F76, 0x3F76,
0x3F76, 0x3F76, 0x3F76, 0x3F76, 0x3F76, 0x3F76, 0x3F76, 0x3F76, 0x3F76, 0x3F76,
0x3F76, 0x3F76, 0x3F76, 0x3F76, 0x3F76, 0x3F76, 0x3F76, 0x3F76, 0x3F76, 0x3F76,
0x3F76, 0x3F76, 0x3F76, 0x3F76, 0x3F76, 0x3F76, 0x3F76, 0x3F76, 0x3F76, 0x3F76,
0x3F76, 0x3F76, 0x3F76, 0x3F76, 0x3F76, 0x3F76, 0x3F76, 0x3F76, 0x3F76, 0x3F76,
0x3F76, 0x3F76, 0x3F76, 0x3F76, 0x3F76, 0x3F76, 0x3F76, 0x3F76, 0x3F76, 0x3F76,
0x3F76, 0x3F76, 0x3F76, 0x3F76, 0x3F76, 0x3F76, 0x3F76, 0x3F76, 0x3F76, 0x3F76,
0x3F76, 0x3F76, 0x3F76, 0x3F76, 0x3F76, 0x3F76, 0x3F76, 0x3F76, 0x3F76, 0x3F76,
0x3F76, 0x3F76, 0x3F76, 0x3F76, 0x3F76, 0x3F76, 0x3F76, 0x3F76, 0x3F76, 0x3F76,
0x3F76, 0x3F76, 0x3F76, 0x3F76, 0x3F76, 0x3F76, 0x3F76, 0x3F76, 0x3F76, 0x3F76,
0x3F76, 0x3F76, 0x3F76, 0x3F76, 0x3F76, 0x3F76, 0x3F76, 0x3F76, 0x3F76, 0x3F76,
0x3F76, 0x3F76, 0x3F76, 0x3F76, 0x3F76, 0x3F76, 0x3F76, 0x3F76, 0x3F76, 0x3F76,
0x3F76, 0x3F76, 0x3F76, 0x3F76, 0x3F76, 0x3F76, 0x3F76, 0x3F76, 0x3F76, 0x3F76,
0x3F76, 0x3F76, 0x3F76, 0x3F76, 0x3F76, 0x3F76, 0x3F76, 0x3F76, 0x3F76, 0x3F76,
0x3F76, 0x3F76, 0x3F76, 0x3F76, 0x3F76, 0x3F76, 0x3F76, 0x3F76, 0x3F76, 0x3F76,
0x3F76, 0x3F76, 0x3F76, 0x3F76, 0x3F76, 0x3F76, 0x3F76, 0x3F76, 0x3F76, 0x3F76,
0x3F76, 0x3F76, 0x3F76, 0x3F76, 0x3F76, 0x3F76, 0x3F76, 0x3F76, 0x3F76, 0x3F76,
0x3F76, 0x3F76, 0x3F76, 0x1F76, 0x1F76, 0x1F76, 0x1F76, 0x1F76, 0x1F76, 0x1F76,
0x1F76, 0x1F76, 0x1F76, 0x1F76, 0x1F76, 0x1F76, 0x1F76, 0x1F76, 0x1F76, 0x1F76,
0x1F76, 0x1F76, 0x1F76, 0x1F76, 0x1F76, 0x1F76, 0x1F76, 0x1F76, 0x1F76, 0x1F76,
0x1F76, 0x1F76, 0x1F76, 0x1F76, 0x1F76, 0x1F6E, 0x1F6E, 0x1F6E, 0x1F6E, 0x1F6E,
0x1F6E, 0x1F6E, 0x1F6E, 0x1F6E, 0x1F6E, 0x1F6E, 0x1F6E, 0x1F6E, 0x1F6E, 0x1F6E,
0x1F6E, 0x1F6E, 0x1F6E, 0x1F6E, 0x1F6E, 0x1F6E, 0x1F6E, 0x1F6E, 0x1F6E, 0x1F6E,
0x1F6E, 0x1F6E, 0x1F6E, 0x1F6E, 0x1F6E, 0x1F6E, 0x1F6E, 0x1F6E, 0x1F6E, 0x1F6E,
0x1F6E, 0x1F6E, 0x1F6E, 0x1F6E, 0x1F6E, 0x1F6E, 0x1F6E, 0x1F6E, 0x1F6E, 0x1F6E,
0x1F6E, 0x1F6E, 0x1F6E, 0x1F6E, 0x1F6E, 0x1F6E, 0x1F6E, 0x1F6E, 0x1F6E, 0x1F6E,
0x1F6E, 0x1F6E, 0x1F6E, 0x1F6E, 0x1F6E, 0x1F6E, 0x3F76, 0x3F76, 0x3F76, 0x3F76,
0x3F76, 0x3F76, 0x3F76, 0x3F76, 0x3F76, 0x3F76, 0x3F76, 0x3F76, 0x3F76, 0x3F76,
0x3F76, 0x3F76, 0x3F76, 0x3F76, 0x3F76, 0x3F76, 0x3F76, 0x3F76, 0x3F76, 0x3F76,
0x3F76, 0x3F76, 0x3F76, 0x3F76, 0x3F76, 0x3F76, 0x3F76, 0x3F76, 0x3F76, 0x3F76,
0x3F76, 0x3F76, 0x3F76, 0x3F76, 0x3F76, 0x3F76, 0x3F76, 0x3F76, 0x3F76, 0x3F76,
0x3F76, 0x3F76, 0x3F76, 0x3F76, 0x3F76, 0x3F76, 0x3F76, 0x1F76, 0x1F76, 0x1F76,
0x1F76, 0x1F76, 0x3F76, 0x3F76, 0x3F76, 0x3F76, 0x3F76, 0x3F76, 0x3F76, 0x3F76,
0x3F76, 0x3F76, 0x3F76, 0x3F76, 0x3F76, 0x3F76, 0x3F76, 0x3F76, 0x3F76, 0x3F76,
0x3F76, 0x3F76, 0x3F76, 0x3F76, 0x3F76, 0x3F76, 0x3F76, 0x3F76, 0x3F76, 0x3F76,
0x3F76, 0x3F76, 0x3F76, 0x3F76, 0x3F76, 0x3F76, 0x3F76, 0x3F76, 0x3F76, 0x3F76,
0x3F76, 0x3F76, 0x3F76, 0x3F76, 0x3F76, 0x3F76, 0x3F76, 0x3F76, 0x3F76, 0x3F76,
0x3F76, 0x3F76, 0x3F76, 0x3F76, 0x3F76, 0x3F76, 0x3F76, 0x3F76, 0x3F76, 0x3F76,
0x3F76, 0x3F76, 0x3F76, 0x3F76, 0x3F76, 0x3F76, 0x3F76, 0x3F76, 0x3F76, 0x3F76,
0x3F76, 0x3F76, 0x3F76, 0x3F76, 0x3F76, 0x3F76, 0x3F76, 0x3F76, 0x3F76, 0x3F76,
0x3F76, 0x3F76, 0x3F76, 0x3F76, 0x3F76, 0x3F76, 0x3F76, 0x3F76, 0x3F76, 0x3F76,
0x3F76, 0x3F76, 0x3F76, 0x3F76, 0x3F76, 0x3F76, 0x3F76, 0x3F76, 0x3F76, 0x3F76,
0x3F76, 0x3F76, 0x3F76, 0x3F76, 0x3F76, 0x3F76, 0x3F76, 0x3F76, 0x3F76, 0x3F76,
0x3F76, 0x3F76, 0x3F76, 0x3F76, 0x3F76, 0x3F76, 0x3F76, 0x3F76, 0x3F76, 0x3F76,
0x3F76, 0x3F76, 0x3F76, 0x3F76, 0x3F76, 0x3F76, 0x3F76, 0x3F76, 0x3F76, 0x3F76,
0x3F76, 0x3F76, 0x3F76, 0x3F76, 0x3F76, 0x3F76, 0x3F76, 0x3F76, 0x3F76, 0x3F76,
0x3F76, 0x3F76, 0x3F76, 0x3F76, 0x3F76, 0x3F76, 0x3F76, 0x3F76, 0x3F76, 0x3F76,
0x3F76, 0x3F76, 0x3F76, 0x3F76, 0x3F76, 0x3F76, 0x3F76, 0x3F76, 0x3F76, 0x3F76,
0x3F76, 0x3F76, 0x3F76, 0x3F76, 0x3F76, 0x3F76, 0x3F76, 0x3F76, 0x3F76, 0x3F76,
0x3F76, 0x3F76, 0x3F76, 0x1F76, 0x1F76, 0x1F76, 0x1F76, 0x1F76, 0x1F76, 0x1F76,
0x1F76, 0x1F76, 0x1F76, 0x1F76, 0x1F76, 0x1F76, 0x1F76, 0x1F76, 0x1F76, 0x1F76,
0x1F76, 0x1F76, 0x1F76, 0x1F76, 0x1F76, 0x1F76, 0x1F76, 0x1F76, 0x1F76, 0x1F76,
0x1F76, 0x1F76, 0x1F76, 0x1F76, 0x1F76, 0x1F6E, 0x1F6E, 0x1F6E, 0x1F6E, 0x1F6E,
0x1F6E, 0x1F6E, 0x1F6E, 0x1F6E, 0x1F6E, 0x1F6E, 0x1F6E, 0x1F6E, 0x1F6E, 0x1F6E,
0x1F6E, 0x1F6E, 0x1F6E, 0x1F6E, 0x1F6E, 0x1F6E, 0x1F6E, 0x1F6E, 0x1F6E, 0x1F6E,
0x1F6E, 0x1F6E, 0x1F6E, 0x1F6E, 0x1F6E, 0x1F6E, 0x1F6E, 0x1F6E, 0x1F6E, 0x1F6E,
0x1F6E, 0x1F6E, 0x1F6E, 0x1F6E, 0x1F6E, 0x1F6E, 0x1F6E, 0x1F6E, 0x1F6E, 0x1F6E,
0x1F6E, 0x1F6E, 0x1F6E, 0x1F6E, 0x1F6E, 0x1F6E, 0x1F6E, 0x1F6E, 0x1F6E, 0x1F6E,
0x1F6E, 0x1F6E, 0x1F6E, 0x1F6E, 0x1F6E, 0x1F6E, 0x3F76, 0x3F76, 0x3F76, 0x3F76,
0x3F76, 0x3F76, 0x3F76, 0x3F76, 0x3F76, 0x3F76, 0x3F76, 0x3F76, 0x3F76, 0x3F76,
0x3F76, 0x3F76, 0x3F76, 0x3F76, 0x3F76, 0x3F76, 0x3F76, 0x3F76, 0x3F76, 0x3F76,
0x3F76, 0x3F76, 0x3F76, 0x3F76, 0x3F76, 0x3F76, 0x3F76, 0x3F76, 0x3F76, 0x3F76,
0x3F76, 0x3F76, 0x3F76, 0x3F76, 0x3F76, 0x3F76, 0x3F76, 0x3F76, 0x3F76, 0x3F76,
0x3F76, 0x3F76, 0x3F76, 0x3F76, 0x3F76, 0x3F76, 0x3F76, 0x3F76, 0x3F76, 0x3F76,
0x3F76, 0x3F76, 0x3F76, 0x3F76, 0x3F76, 0x3F76, 0x3F76, 0x3F76, 0x3F76, 0x3F76,
0x3F76, 0x3F76, 0x3F76, 0x3F76, 0x3F76, 0x3F76, 0x3F76, 0x3F76, 0x3F76, 0x3F76,
0x3F76, 0x3F76, 0x3F76, 0x3F76, 0x3F76, 0x3F76, 0x3F76, 0x3F76, 0x3F76, 0x3F76,
0x3F76, 0x3F76, 0x3F76, 0x3F76, 0x3F76, 0x3F76, 0x3F76, 0x3F76, 0x3F76, 0x3F76,
0x3F76, 0x3F76, 0x3F76, 0x3F76, 0x3F76, 0x3F76, 0x3F76, 0x3F76, 0x3F76, 0x3F76,
0x3F76, 0x3F76, 0x3F76, 0x3F76, 0x3F76, 0x3F76, 0x3F76, 0x3E76, 0x3E76, 0x3E76,
0x3E76, 0x3E76, 0x3E76, 0x3E76, 0x3E76, 0x3E76, 0x3E76, 0x3E76, 0x3E76, 0x3E76,
0x3E76, 0x3E76, 0x3E76, 0x3E76, 0x3E76, 0x3E76, 0x3E76, 0x3E76, 0x3E76, 0x3E76,
0x3E76, 0x3E76, 0x3E76, 0x3E76, 0x3E76, 0x3E76, 0x3E76, 0x3E76, 0x3E76, 0x3E76,
0x3E76, 0x3E76, 0x3E76, 0x3E76, 0x3E76, 0x3E76, 0x3E76, 0x3E76, 0x3E76, 0x3E76,
0x3E76, 0x3E76, 0x3E76, 0x3E76, 0x3E76, 0x3E76, 0x3E76, 0x3E76, 0x3E76, 0x3E76,
0x3E76, 0x3E76, 0x3E76, 0x3E76, 0x3E76, 0x3E76, 0x3E76, 0x3E76, 0x3E76, 0x3E76,
0x3E76, 0x3E76, 0x3F76, 0x3F76, 0x3F76, 0x3F76, 0x3F76, 0x3F76, 0x3F76, 0x3F76,
0x3F76, 0x3F76, 0x3F76, 0x3F76, 0x3F76, 0x3F76, 0x3F76, 0x3F76, 0x3F76, 0x3F76,
0x3F76, 0x3F76, 0x3F76, 0x3F76, 0x3F76, 0x3F76, 0x3F76, 0x3F76, 0x3F76, 0x3F76,
0x3F76, 0x3F76, 0x3F76, 0x3F76, 0x3F76, 0x3F76, 0x3F76, 0x3F76, 0x3F76, 0x3F76,
0x3F76, 0x3F76, 0x3F76, 0x3F76, 0x3F76, 0x3F76, 0x3F76, 0x3F76, 0x3F76, 0x3F76,
0x3F76, 0x3F76, 0x3F76, 0x1F76, 0x1F76, 0x1F76, 0x1F76, 0x1F76, 0x1F76, 0x1F76,
0x1F76, 0x1F76, 0x1F76, 0x1F76, 0x1F76, 0x1F76, 0x1F76, 0x1F76, 0x1F76, 0x1F76,
0x1F76, 0x1F76, 0x1F76, 0x1F76, 0x1F76, 0x1F76, 0x1F76, 0x1F76, 0x1F76, 0x1F76,
0x1F76, 0x1F76, 0x1F76, 0x1F76, 0x1F76, 0x1F6E, 0x1F6E, 0x1F6E, 0x1F6E, 0x1F6E,
0x1F6E, 0x1F6E, 0x1F6E, 0x1F6E, 0x1F6E, 0x1F6E, 0x1F6E, 0x1F6E, 0x1F6E, 0x1F6E,
0x1F6E, 0x1F6E, 0x1F6E, 0x1F6E, 0x1F6E, 0x1F6E, 0x1F6E, 0x1F6E, 0x1F6E, 0x1F6E,
0x1F6E, 0x1F6E, 0x1F6E, 0x1F6E, 0x1F6E, 0x1F6E, 0x1F6E, 0x1F6E, 0x1F6E, 0x1F6E,
0x1F6E, 0x1F6E, 0x1F6E, 0x1F6E, 0x1F6E, 0x1F6E, 0x1F6E, 0x1F6E, 0x1F6E, 0x1F6E,
0x1F6E, 0x1F6E, 0x1F6E, 0x1F6E, 0x1F6E, 0x1F6E, 0x1F6E, 0x1F6E, 0x1F6E, 0x1F6E,
0x1F6E, 0x1F6E, 0x1F6E, 0x1F6E, 0x1F6E, 0x1F6E, 0x3F76, 0x3F76, 0x3F76, 0x3F76,
0x3F76, 0x3F76, 0x3F76, 0x3F76, 0x3F76, 0x3F76, 0x3F76, 0x3F76, 0x3F76, 0x3F76,
0x3F76, 0x3F76, 0x3F76, 0x3F76, 0x3F76, 0x3F76, 0x3F76, 0x3F76, 0x3F76, 0x3F76,
0x3F76, 0x3F76, 0x3F76, 0x3F76, 0x3F76, 0x3F76, 0x3F76, 0x3F76, 0x3F76, 0x3F76,
0x3F76, 0x3F76, 0x3F76, 0x3F7E, 0x3F7E, 0x3F7E, 0x3F7E, 0x3F7E, 0x3F7E, 0x3F7E,
0x3F7E, 0x3F7E, 0x3F7E, 0x3F76, 0x3F76, 0x3F76, 0x3F76, 0x3F76, 0x3F76, 0x3F76,
0x3F76, 0x3F76, 0x3F76, 0x3F76, 0x3F76, 0x3F76, 0x3F76, 0x3F76, 0x3F76, 0x3F76,
0x3F76, 0x3F76, 0x3F76, 0x3F76, 0x3F76, 0x3F76, 0x3F76, 0x3F76, 0x3F76, 0x3F76,
0x3F76, 0x3F76, 0x3F76, 0x3F76, 0x3F76, 0x3F76, 0x3F76, 0x3F76, 0x3F76, 0x3F76,
0x3F76, 0x3F76, 0x3F76, 0x3F76, 0x3F76, 0x3F76, 0x3F76, 0x3F76, 0x3F76, 0x3F76,
0x3F76, 0x3F76, 0x3F76, 0x3F76, 0x3F76, 0x3F76, 0x3F76, 0x3F76, 0x3F76, 0x3F76,
0x3F76, 0x3F76, 0x3F76, 0x3F76, 0x3F76, 0x3F76, 0x3F76, 0x3E76, 0x3E76, 0x3E76,
0x3E76, 0x3E76, 0x3E76, 0x3E76, 0x3E76, 0x3E76, 0x3E76, 0x3E76, 0x3E76, 0x3E76,
0x3E76, 0x3E76, 0x3E76, 0x3E76, 0x3E76, 0x3E76, 0x3E76, 0x3E76, 0x3E76, 0x3E76,
0x3E76, 0x3E76, 0x3E76, 0x3E76, 0x3E76, 0x3E76, 0x3E76, 0x3E76, 0x3E76, 0x3E76,
0x3E76, 0x3E76, 0x3E76, 0x3E76, 0x3E76, 0x3E76, 0x3E76, 0x3E76, 0x3E76, 0x3E76,
0x3E76, 0x3E76, 0x3E76, 0x3E76, 0x3E76, 0x3E76, 0x3E76, 0x3E76, 0x3E76, 0x3E76,
0x3E76, 0x3E76, 0x3E76, 0x3E76, 0x3E76, 0x3E76, 0x3E76, 0x3E76, 0x3E76, 0x3E76,
0x3E76, 0x3E76, 0x3F76, 0x3F76, 0x3F76, 0x3F76, 0x3F76, 0x3F76, 0x3F76, 0x3F76,
0x3F76, 0x3F76, 0x3F76, 0x3F76, 0x3F76, 0x3F76, 0x3F76, 0x3F76, 0x3F76, 0x3F76,
0x3F76, 0x3F76, 0x3F76, 0x3F76, 0x3F76, 0x3F76, 0x3F76, 0x3F76, 0x3F76, 0x3F76,
0x3F76, 0x3F76, 0x3F76, 0x3F76, 0x3F76, 0x3F76, 0x3F76, 0x3F76, 0x3F76, 0x3F76,
0x3F76, 0x3F76, 0x3F76, 0x3F76, 0x3F76, 0x3F76, 0x3F76, 0x3F76, 0x3F76, 0x3F76,
0x3F76, 0x3F76, 0x3F76, 0x1F76, 0x1F76, 0x1F76, 0x1F76, 0x1F76, 0x1F76, 0x1F76,
0x1F76, 0x1F76, 0x1F76, 0x1F76, 0x1F76, 0x1F76, 0x1F76, 0x1F76, 0x1F76, 0x1F76,
0x1F76, 0x1F76, 0x1F76, 0x1F76, 0x1F76, 0x1F76, 0x1F76, 0x1F76, 0x1F76, 0x1F76,
0x1F76, 0x1F76, 0x1F76, 0x1F76, 0x1F76, 0x1F6E, 0x1F6E, 0x1F6E, 0x1F6E, 0x1F6E,
0x1F6E, 0x1F6E, 0x1F6E, 0x1F6E, 0x1F6E, 0x1F6E, 0x1F6E, 0x1F6E, 0x1F6E, 0x1F6E,
0x1F6E, 0x1F6E, 0x1F6E, 0x1F6E, 0x1F6E, 0x1F6E, 0x1F6E, 0x1F6E, 0x1F6E, 0x1F6E,
0x1F6E, 0x1F6E, 0x1F6E, 0x1F6E, 0x1F6E, 0x1F6E, 0x1F6E, 0x1F6E, 0x1F6E, 0x1F6E,
0x1F6E, 0x1F6E, 0x1F6E, 0x1F6E, 0x1F6E, 0x1F6E, 0x1F6E, 0x1F6E, 0x1F6E, 0x1F6E,
0x1F6E, 0x1F6E, 0x1F6E, 0x1F6E, 0x1F6E, 0x1F6E, 0x1F6E, 0x1F6E, 0x1F6E, 0x1F6E,
0x1F6E, 0x1F6E, 0x1F6E, 0x1F6E, 0x1F6E, 0x1F6E, 0x3F76, 0x3F76, 0x3F76, 0x3F76,
0x3F76, 0x3F76, 0x3F76, 0x3F76, 0x3F76, 0x3F76, 0x3F76, 0x3F76, 0x3F76, 0x3F76,
0x3F76, 0x3F76, 0x3F76, 0x3F76, 0x3F76, 0x3F76, 0x3F76, 0x3F76, 0x3F76, 0x3F76,
0x3F76, 0x3F76, 0x3F76, 0x3F76, 0x3F76, 0x3F76, 0x3F76, 0x3F76, 0x3F76, 0x3F76,
0x3F76, 0x3F76, 0x3F76, 0x3F76, 0x3F76, 0x3F76, 0x3F76, 0x3F76, 0x3F76, 0x3F76,
0x3F76, 0x3F76, 0x3F76, 0x3F76, 0x3F76, 0x3F76, 0x3F76, 0x3F76, 0x3F76, 0x3F76,
0x3F76, 0x3F76, 0x3F76, 0x3F76, 0x3F76, 0x3F76, 0x3F76, 0x3F76, 0x3F76, 0x3F76,
0x3F76, 0x3E76, 0x3E76, 0x3E76, 0x3E76, 0x3E76, 0x3E76, 0x3E76, 0x3E76, 0x3E76,
0x3E76, 0x3E76, 0x3E76, 0x3E76, 0x3E76, 0x3E76, 0x3E76, 0x3E76, 0x3E76, 0x3E76,
0x3E76, 0x3E76, 0x3E76, 0x3E76, 0x3E76, 0x3E76, 0x3E76, 0x3E76, 0x3E76, 0x3E76,
0x3E76, 0x3E76, 0x3E76, 0x3E76, 0x3E76, 0x3E76, 0x3E76, 0x3E76, 0x3E76, 0x3E76,
0x3E76, 0x3E76, 0x3E76, 0x3E76, 0x3E76, 0x3E76, 0x3E76, 0x3E76, 0x3E76, 0x3E76,
0x3E76, 0x3E76, 0x3E76, 0x3E76, 0x3E76, 0x3E76, 0x3E76, 0x3E76, 0x3E76, 0x3E76,
0x3E76, 0x3E76, 0x3E76, 0x3E76, 0x3E76, 0x3E76, 0x3E76, 0x3E76, 0x3E76, 0x3E76,
0x3E76, 0x3E76, 0x3E76, 0x3E76, 0x3E76, 0x3E76, 0x3E76, 0x3E76, 0x3E76, 0x3E76,
0x3E76, 0x3E76, 0x3E76, 0x3E76, 0x1F76, 0x1F76, 0x1F76, 0x1F76, 0x1F76, 0x1F76,
0x1F76, 0x1F76, 0x1F76, 0x1F76, 0x1F76, 0x1F76, 0x1F76, 0x1F76, 0x1F76, 0x1F76,
0x1F76, 0x1F76, 0x1F76, 0x1F76, 0x1F76, 0x1F76, 0x1F76, 0x1F76, 0x1F76, 0x1F76,
0x1F76, 0x1F76, 0x1F76, 0x1F76, 0x1F76, 0x1F76, 0x1F76, 0x1F76, 0x1F76, 0x1F76,
0x1F76, 0x1F76, 0x1F76, 0x1F76, 0x1F76, 0x1F76, 0x3F76, 0x3F76, 0x3F76, 0x3F76,
0x3F76, 0x3F76, 0x3F76, 0x3F76, 0x3F76, 0x1F76, 0x1F76, 0x1F76, 0x1F76, 0x1F76,
0x1F76, 0x1F76, 0x1F76, 0x1F76, 0x3F76, 0x3F76, 0x3F76, 0x3F76, 0x3F76, 0x3F76,
0x3F76, 0x3F76, 0x3F76, 0x3F76, 0x3F76, 0x3F76, 0x3F76, 0x3F76, 0x3F76, 0x3F76,
0x3F76, 0x3F76, 0x3F76, 0x3F76, 0x3F76, 0x3F76, 0x3F76, 0x3F76, 0x3F76, 0x3F76,
0x3F76, 0x3F76, 0x3F76, 0x3F76, 0x3F76, 0x3F76, 0x3F76, 0x3F76, 0x3F76, 0x3F76,
0x3F76, 0x3F76, 0x3F76, 0x3F76, 0x3F76, 0x3F76, 0x3F76, 0x3F76, 0x3F76, 0x3F76,
0x3F76, 0x3F76, 0x3F76, 0x3F76, 0x3F76, 0x3F76, 0x3F76, 0x3F76, 0x3F76, 0x3F76,
0x3F76, 0x3F76, 0x3F76, 0x3F76, 0x3F76, 0x3F76, 0x3F76, 0x3F76, 0x3F76, 0x3F76,
0x3F76, 0x3F76, 0x3F76, 0x1F6E, 0x1F6E, 0x1F6E, 0x1F6E, 0x1F6E, 0x3F76, 0x3F76,
0x3F76, 0x3F76, 0x3F76, 0x3F76, 0x3F76, 0x3F76, 0x3F76, 0x3F76, 0x3F76, 0x3F76,
0x3F76, 0x3F76, 0x3F76, 0x3F76, 0x3F76, 0x3F76, 0x3F76, 0x3F76, 0x3F76, 0x3F76,
0x3F76, 0x3F76, 0x3F76, 0x3F76, 0x3F76, 0x3F76, 0x3F76, 0x3F76, 0x3F76, 0x3F76,
0x3F76, 0x3F76, 0x3F76, 0x3F76, 0x3F76, 0x1F6E, 0x3F76, 0x3F76, 0x3F76, 0x3F76,
0x3F76, 0x3F76, 0x3F76, 0x3F76, 0x3F76, 0x3F76, 0x3F76, 0x3F76, 0x3F76, 0x3F76,
0x3F76, 0x3F76, 0x3F76, 0x3F76, 0x3F76, 0x3F76, 0x3F76, 0x3F76, 0x3F76, 0x3F76,
0x3F76, 0x3F76, 0x3F76, 0x3F76, 0x3F76, 0x3F76, 0x3F76, 0x3F76, 0x3F76, 0x3F76,
0x3F76, 0x3F76, 0x3F76, 0x3F76, 0x3F76, 0x3F76, 0x3F76, 0x3F76, 0x3F76, 0x3F76,
0x3F76, 0x3F76, 0x3F76, 0x3F76, 0x3F76, 0x3F76, 0x3F76, 0x3F76, 0x3F76, 0x3F76,
0x3F76, 0x3F76, 0x3F76, 0x3F76, 0x3F76, 0x3F76, 0x3F76, 0x3F76, 0x3F76, 0x3F76,
0x3F76, 0x3F76, 0x3F76, 0x3F76, 0x3F76, 0x3F76, 0x3F76, 0x3F76, 0x3F76, 0x3F76,
0x3F76, 0x3F76, 0x3F76, 0x3F76, 0x3F76, 0x3F76, 0x3F76, 0x3F76, 0x3F76, 0x3F76,
0x3F76, 0x3F76, 0x3F76, 0x3F76, 0x3F76, 0x3F76, 0x3F76, 0x3F76, 0x3F76, 0x3F76,
0x3F76, 0x3F76, 0x3F76, 0x3F76, 0x3F76, 0x3F76, 0x3F76, 0x3F76, 0x3F76, 0x3F76,
0x3F76, 0x3F76, 0x3F76, 0x3F76, 0x3F76, 0x3F76, 0x3F76, 0x3F76, 0x3F76, 0x3F76,
0x3F76, 0x3F76, 0x3F76, 0x3F76, 0x3F76, 0x3F76, 0x3F76, 0x3F76, 0x3F76, 0x3F76,
0x3F76, 0x3E76, 0x3E76, 0x3E76, 0x3E76, 0x3E76, 0x3E76, 0x3E76, 0x3E76, 0x3E76,
0x3E76, 0x3E76, 0x3E76, 0x3E76, 0x3E76, 0x3E76, 0x3E76, 0x3E76, 0x3E76, 0x3E76,
0x3E76, 0x3E76, 0x3E76, 0x3E76, 0x3F76, 0x3F76, 0x3F76, 0x3F76, 0x3F76, 0x3F76,
0x3F76, 0x3F76, 0x3F76, 0x3F76, 0x3F76, 0x3F76, 0x3F76, 0x3F76, 0x3F76, 0x3F76,
0x3F76, 0x3F76, 0x3F76, 0x3F76, 0x3F76, 0x3F76, 0x3F76, 0x3F76, 0x3F76, 0x3F76,
0x3F76, 0x3F76, 0x3F76, 0x3F76, 0x3F76, 0x3F76, 0x3F76, 0x3F76, 0x3F76, 0x3F76,
0x3F76, 0x3F76, 0x3F76, 0x3F76, 0x3F76, 0x3F76, 0x3F76, 0x3F76, 0x3F76, 0x3F76,
0x3F76, 0x3F76, 0x3F76, 0x3F76, 0x3F76, 0x3F76, 0x3F76, 0x3F76, 0x3F76, 0x3F76,
0x3F76, 0x3F76, 0x3F76, 0x3F76, 0x3F76, 0x3F76, 0x3F76, 0x3F76, 0x3F76, 0x3F76,
0x3F76, 0x3F76, 0x3F76, 0x3F76, 0x3F76, 0x3F76, 0x3F76, 0x3F76, 0x3F76, 0x3F76,
0x3F76, 0x3F76, 0x3F76, 0x3F76, 0x3F76, 0x3F76, 0x3F76, 0x3F76, 0x3F76, 0x3F76,
0x3F76, 0x3F76, 0x3F76, 0x3F76, 0x3F76, 0x3F76, 0x3F76, 0x3F76, 0x3F76, 0x3F76,
0x3F76, 0x3F76, 0x3F76, 0x3F76, 0x3F76, 0x3F76, 0x3F76, 0x3F76, 0x3F76, 0x3F76,
0x3F76, 0x3F76, 0x3F76, 0x3F76, 0x3F76, 0x3F76, 0x3F76, 0x3F76, 0x3F76, 0x3F76,
0x3F76, 0x3F76, 0x3F76, 0x3F76, 0x3F76, 0x3F76, 0x3F76, 0x3F76, 0x3F76, 0x3F76,
0x3F76, 0x3F76, 0x3F76, 0x1F76, 0x1F76, 0x1F76, 0x1F76, 0x1F76, 0x3F76, 0x3F76,
0x3F76, 0x3F76, 0x3F76, 0x3F76, 0x3F76, 0x3F76, 0x3F76, 0x3F76, 0x3F76, 0x3F76,
0x3F76, 0x3F76, 0x3F76, 0x3F76, 0x3F76, 0x3F76, 0x3F76, 0x3F76, 0x3F76, 0x3F76,
0x3F76, 0x3F76, 0x3F76, 0x3F76, 0x3F76, 0x3F76, 0x3F76, 0x3F76, 0x3F76, 0x3F76,
0x3F76, 0x3F76, 0x3F76, 0x3F76, 0x3F76, 0x1F76, 0x3F76, 0x3F76, 0x3F76, 0x3F76,
0x3F76, 0x3F76, 0x3F76, 0x3F76, 0x3F76, 0x3F76, 0x3F76, 0x3F76, 0x3F76, 0x3F76,
0x3F76, 0x3F76, 0x3F76, 0x3F76, 0x3F76, 0x3F76, 0x3F76, 0x3F76, 0x3F76, 0x3F76,
0x3F76, 0x3F76, 0x3F76, 0x3F76, 0x3F76, 0x3F76, 0x3F76, 0x3F76, 0x3F76, 0x3F76,
0x3F76, 0x3F76, 0x3F76, 0x3F76, 0x3F76, 0x3F76, 0x3F76, 0x3F76, 0x3F76, 0x3F76,
0x3F76, 0x3F76, 0x3F76, 0x3F76, 0x3F76, 0x3F76, 0x3F76, 0x3F76, 0x3F76, 0x3F76,
0x3F76, 0x3F76, 0x3F76, 0x3F76, 0x3F76, 0x3F76, 0x3F76, 0x3F76, 0x3F76, 0x3F76,
0x3F76, 0x3F76, 0x3F76, 0x3F76, 0x3F76, 0x3F76, 0x3F76, 0x3F76, 0x3F76, 0x3F76,
0x3F76, 0x3F76, 0x3F76, 0x3F76, 0x3F76, 0x3F76, 0x3F76, 0x3F76, 0x3F76, 0x3F76,
0x3F76, 0x3F76, 0x3F76, 0x3F76, 0x3F76, 0x3F76, 0x3F76, 0x3F76, 0x3F76, 0x3F76,
0x3F76, 0x3F76, 0x3F76, 0x3F76, 0x3F76, 0x3F76, 0x3F76, 0x3F76, 0x3F76, 0x3F76,
0x3F76, 0x3F76, 0x3F76, 0x3F76, 0x3F76, 0x3F76, 0x3F76, 0x3F76, 0x3F76, 0x3F76,
0x3F76, 0x3F76, 0x3F76, 0x3F76, 0x3F76, 0x3F76, 0x3F76, 0x3F76, 0x3F76, 0x3F76,
0x3F76, 0x3E76, 0x3E76, 0x3E76, 0x3E76, 0x3E76, 0x3E76, 0x3E76, 0x3E76, 0x3E76,
0x3E76, 0x3E76, 0x3E76, 0x3E76, 0x3E76, 0x3E76, 0x3E76, 0x3E76, 0x3E76, 0x3E76,
0x3E76, 0x3E76, 0x3E76, 0x3E76, 0x3F76, 0x3F76, 0x3F76, 0x3F76, 0x3F76, 0x3F76,
0x3F76, 0x3F76, 0x3F76, 0x3F76, 0x3F76, 0x3F76, 0x3F76, 0x3F76, 0x3F76, 0x3F76,
0x3F76, 0x3F76, 0x3F76, 0x3F76, 0x3F76, 0x3F76, 0x3F76, 0x3F76, 0x3F76, 0x3F76,
0x3F76, 0x3F76, 0x3F76, 0x3F76, 0x3F76, 0x3F76, 0x3F76, 0x3F76, 0x3F76, 0x3F76,
0x3F76, 0x3F76, 0x3F76, 0x3F76, 0x3F76, 0x3F76, 0x3F76, 0x3F76, 0x3F76, 0x3F76,
0x3F76, 0x3F76, 0x3F76, 0x3F76, 0x3F76, 0x3F76, 0x3F76, 0x3F76, 0x3F76, 0x3F76,
0x3F76, 0x3F76, 0x3F76, 0x3F76, 0x3F76, 0x3F76, 0x3F76, 0x3F76, 0x3F76, 0x3F76,
0x3F76, 0x3F76, 0x3F76, 0x3F76, 0x3F76, 0x3F76, 0x3F76, 0x3F76, 0x3F76, 0x3F76,
0x3F76, 0x3F76, 0x3F76, 0x3F76, 0x3F76, 0x3F76, 0x3F76, 0x3F76, 0x3F76, 0x3F76,
0x3F76, 0x3F76, 0x3F76, 0x3F76, 0x3F76, 0x3F76, 0x3F76, 0x3F76, 0x3F76, 0x3F76,
0x3F76, 0x3F76, 0x3F76, 0x3F76, 0x3F76, 0x3F76, 0x3F76, 0x3F76, 0x3F76, 0x3F76,
0x3F76, 0x3F76, 0x3F76, 0x3F76, 0x3F76, 0x3F76, 0x3F76, 0x3F76, 0x3F76, 0x3F76,
0x3F76, 0x3F76, 0x3F76, 0x3F76, 0x3F76, 0x3F76, 0x3F76, 0x3F76, 0x3F76, 0x3F76,
0x3F76, 0x3F76, 0x3F76, 0x1F76, 0x1F76, 0x1F76, 0x1F76, 0x1F76, 0x3F76, 0x3F76,
0x3F76, 0x3F76, 0x3F76, 0x3F76, 0x3F76, 0x3F76, 0x3F76, 0x3F76, 0x3F76, 0x3F76,
0x3F76, 0x3F76, 0x3F76, 0x3F76, 0x3F76, 0x3F76, 0x3F76, 0x3F76, 0x3F76, 0x3F76,
0x3F76, 0x3F76, 0x3F76, 0x3F76, 0x3F76, 0x3F76, 0x3F76, 0x3F76, 0x3F76, 0x3F76,
0x3F76, 0x3F76, 0x3F76, 0x3F76, 0x3F76, 0x1F76, 0x3F76, 0x3F76, 0x3F76, 0x3F76,
0x3F76, 0x3F76, 0x3F76, 0x3F76, 0x3F76, 0x3F76, 0x3F76, 0x3F76, 0x3F76, 0x3F76,
0x3F76, 0x3F76, 0x3F76, 0x3F76, 0x3F76, 0x3F76, 0x3F76, 0x3F76, 0x3F76, 0x3F76,
0x3F76, 0x3F76, 0x3F76, 0x3F76, 0x3F76, 0x3F76, 0x3F76, 0x3F76, 0x3F76, 0x3F76,
0x3F76, 0x3F76, 0x3F76, 0x3F76, 0x3F76, 0x3F76, 0x3F76, 0x3F76, 0x3F76, 0x3F76,
0x3F76, 0x3F76, 0x3F76, 0x3F76, 0x3F76, 0x3F76, 0x3F76, 0x3F76, 0x3F76, 0x3F76,
0x3F76, 0x3F76, 0x3F76, 0x3F76, 0x3F76, 0x3F76, 0x3F76, 0x3F76, 0x3F76, 0x3F76,
0x3F76, 0x3F76, 0x3F76, 0x3F76, 0x3F76, 0x3F76, 0x3F76, 0x3F76, 0x3F76, 0x3F76,
0x3F76, 0x3F76, 0x3F76, 0x3F76, 0x3F76, 0x3F76, 0x3F76, 0x3F76, 0x3F76, 0x3F76,
0x3F76, 0x3F76, 0x3F76, 0x3F76, 0x3F76, 0x3F76, 0x3F76, 0x3F76, 0x3F76, 0x3F76,
0x3F76, 0x3F76, 0x3F76, 0x3F76, 0x3F76, 0x3F76, 0x3F76, 0x3F76, 0x3F76, 0x3F76,
0x3F76, 0x3F76, 0x3F76, 0x3F76, 0x3F76, 0x3F76, 0x3F76, 0x3F76, 0x3F76, 0x3F76,
0x3F76, 0x3F76, 0x3F76, 0x3F76, 0x3F76, 0x3F76, 0x3F76, 0x3F76, 0x3F76, 0x3F76,
0x3F76, 0x3F76, 0x3F76, 0x3F76, 0x3F76, 0x3F76, 0x3F76, 0x3F76, 0x3F76, 0x3F76,
0x3F76, 0x3F76, 0x3F76, 0x3F76, 0x3F76, 0x3F76, 0x3F76, 0x3F76, 0x3F76, 0x3F76,
0x3F76, 0x3F76, 0x3F76, 0x3F76, 0x3F76, 0x3F76, 0x3F76, 0x3F76, 0x3F76, 0x3F76,
0x3F76, 0x3F76, 0x3F76, 0x3F76, 0x3F76, 0x3F76, 0x3F76, 0x3F76, 0x3F76, 0x3F76,
0x3F76, 0x3F76, 0x3F76, 0x3F76, 0x3F76, 0x3F76, 0x3F76, 0x3F76, 0x3F76, 0x3F76,
0x3F76, 0x3F76, 0x3F76, 0x3F76, 0x3F76, 0x3F76, 0x3F76, 0x3F76, 0x3F76, 0x3F76,
0x3F76, 0x3F76, 0x3F76, 0x3F76, 0x3F76, 0x3F76, 0x3F76, 0x3F76, 0x3F76, 0x3F76,
0x3F76, 0x3F76, 0x3F76, 0x3F76, 0x3F76, 0x3F76, 0x3F76, 0x3F76, 0x3F76, 0x3F76,
0x3F76, 0x3F76, 0x3F76, 0x3F76, 0x3F76, 0x3F76, 0x3F76, 0x3F76, 0x3F76, 0x3F76,
0x3F76, 0x3F76, 0x3F76, 0x3F76, 0x3F76, 0x3F76, 0x3F76, 0x3F76, 0x3F76, 0x3F76,
0x3F76, 0x3F76, 0x3F76, 0x3F76, 0x3F76, 0x3F76, 0x3F76, 0x3F76, 0x3F76, 0x3F76,
0x3F76, 0x3F76, 0x3F76, 0x3F76, 0x3F76, 0x3F76, 0x3F76, 0x3F76, 0x3F76, 0x3F76,
0x3F76, 0x3F76, 0x3F76, 0x3F76, 0x3F76, 0x3F76, 0x3F76, 0x3F76, 0x3F76, 0x3F76,
0x3F76, 0x3F76, 0x3F76, 0x3F76, 0x3F76, 0x3F76, 0x3F76, 0x3F76, 0x3F76, 0x3F76,
0x3F76, 0x3F76, 0x3F76, 0x3F76, 0x3F76, 0x3F76, 0x3F76, 0x3F76, 0x3F76, 0x3F76,
0x3F76, 0x3F76, 0x3F76, 0x3F76, 0x3F76, 0x3F76, 0x3F76, 0x3F76, 0x3F76, 0x3F76,
0x3F76, 0x3F76, 0x3F76, 0x3F76, 0x3F76, 0x3F76, 0x3F76, 0x3F76, 0x3F76, 0x3F76,
0x3F76, 0x3F76, 0x3F76, 0x3F76, 0x3F76, 0x3F76, 0x3F76, 0x3F76, 0x3F76, 0x3F76,
0x3F76, 0x3F76, 0x3F76, 0x3F76, 0x3F76, 0x3F76, 0x3F76, 0x3F76, 0x3F76, 0x3F76,
0x3F76, 0x3F76, 0x3F76, 0x3F76, 0x3F76, 0x3F76, 0x3F76, 0x3F76, 0x3F76, 0x3F76,
0x3F76, 0x3F76, 0x3F76, 0x3F76, 0x3F76, 0x3F76, 0x3F76, 0x3F76, 0x3F76, 0x3F76,
0x3F76, 0x3F76, 0x3F76, 0x3F76, 0x3F76, 0x3F76, 0x3F76, 0x3F76, 0x3F76, 0x3F76,
0x3F76, 0x3F76, 0x3F76, 0x3F76, 0x3F76, 0x3F76, 0x3F76, 0x3F76, 0x3F76, 0x3F76,
0x3F76, 0x3F76, 0x3F76, 0x3F76, 0x3F76, 0x3F76, 0x3F76, 0x3F76, 0x3F76, 0x3F76,
0x3F76, 0x3F76, 0x3F76, 0x3F76, 0x3F76, 0x3F76, 0x3F76, 0x3F76, 0x3F76, 0x3F76,
0x3F76, 0x3F76, 0x3F76, 0x3F76, 0x3F76, 0x3F76, 0x3F76, 0x3F76, 0x3F76, 0x3F76,
0x3F76, 0x3F76, 0x3F76, 0x3F76, 0x3F76, 0x3F76, 0x3F7E, 0x3F7E, 0x3F7E, 0x3F7E,
0x3F7E, 0x3F7E, 0x3F7E, 0x3F7E, 0x3F7E, 0x3F7E, 0x3F7E, 0x3F7E, 0x3F7E, 0x3F7E,
0x3F7E, 0x3F7E, 0x3F7E, 0x3F7E, 0x3F7E, 0x3F7E, 0x3F7E, 0x3F7E, 0x3F7E, 0x3F7E,
0x3F7E, 0x3F7E, 0x3F7E, 0x3F7E, 0x3F7E, 0x3F7E, 0x3F7E, 0x3F7E, 0x5F76, 0x5F76,
0x5F76, 0x5F76, 0x5F76, 0x5F76, 0x5F76, 0x5F76, 0x5F76, 0x5F76, 0x5F76, 0x5F76,
0x5F76, 0x5F76, 0x5F76, 0x5F76, 0x5F76, 0x5F76, 0x5F76, 0x5F76, 0x5F76, 0x5F76,
0x5F76, 0x3F76, 0x3F76, 0x3F76, 0x3F76, 0x3F76, 0x3F76, 0x3F76, 0x3F76, 0x3F76,
0x3F76, 0x3F76, 0x3F76, 0x3F76, 0x3F76, 0x3F76, 0x3F76, 0x3F76, 0x3F76, 0x3F76,
0x3F76, 0x3F76, 0x3F76, 0x3F76, 0x3F76, 0x3F76, 0x3F76, 0x3F76, 0x3F76, 0x3F76,
0x3F76, 0x3F76, 0x3F76, 0x3F76, 0x3F76, 0x3F76, 0x3F76, 0x3F76, 0x3F76, 0x3F76,
0x3F76, 0x3F76, 0x3F76, 0x3F76, 0x3F76, 0x3F76, 0x3F76, 0x3F76, 0x3F76, 0x3F76,
0x3F76, 0x3F76, 0x3F76, 0x3F76, 0x3F76, 0x3F76, 0x3F76, 0x3F76, 0x3F76, 0x3F76,
0x3F76, 0x3F76, 0x3F76, 0x3F76, 0x3F76, 0x3F76, 0x3F76, 0x3F76, 0x3F76, 0x3F76,
0x3F76, 0x3F76, 0x3F76, 0x3F76, 0x3F76, 0x3F76, 0x3F76, 0x3F76, 0x3F76, 0x3F76,
0x3F76, 0x3F76, 0x3F76, 0x3F76, 0x3F76, 0x3F76, 0x3F76, 0x3F76, 0x3F76, 0x3F76,
0x3F76, 0x3F76, 0x3F76, 0x3F76, 0x3F76, 0x3F76, 0x3F76, 0x3F76, 0x3F76, 0x3F76,
0x3F76, 0x3F76, 0x3F76, 0x3F76, 0x3F76, 0x3F76, 0x3F76, 0x3F76, 0x3F76, 0x3F76,
0x3F76, 0x3F76, 0x3F76, 0x3F76, 0x3F76, 0x3F76, 0x3F76, 0x3F76, 0x3F76, 0x3F76,
0x3F76, 0x3F76, 0x3F76, 0x3F76, 0x3F76, 0x3F76, 0x3F76, 0x3F76, 0x3F76, 0x3F76,
0x3F76, 0x3F76, 0x3F76, 0x3F76, 0x3F76, 0x3F76, 0x3F76, 0x3F76, 0x3F76, 0x3F76,
0x3F76, 0x3F76, 0x3F76, 0x3F76, 0x3F76, 0x3F76, 0x3F76, 0x3F76, 0x3F76, 0x3F76,
0x3F76, 0x3F76, 0x3F76, 0x3F76, 0x3F76, 0x3F76, 0x3F76, 0x3F76, 0x3F76, 0x3F76,
0x3F76, 0x3F76, 0x3F76, 0x3F76, 0x3F76, 0x3F76, 0x3F76, 0x3F76, 0x3F76, 0x3F76,
0x3F76, 0x3F76, 0x3F76, 0x3F76, 0x3F76, 0x3F76, 0x3F76, 0x3F76, 0x3F76, 0x3F76,
0x3F76, 0x3F76, 0x3F76, 0x3F76, 0x3F76, 0x3F76, 0x3F76, 0x3F76, 0x3F76, 0x3F76,
0x3F76, 0x3F76, 0x3F76, 0x3F76, 0x3F76, 0x3F76, 0x3F76, 0x3F76, 0x3F76, 0x3F76,
0x3F76, 0x3F76, 0x3F76, 0x3F76, 0x3F76, 0x3F76, 0x3F76, 0x3F76, 0x3F76, 0x3F76,
0x3F76, 0x3F76, 0x3F76, 0x3F76, 0x3F76, 0x3F76, 0x3F76, 0x3F76, 0x3F76, 0x3F76,
0x3F76, 0x3F76, 0x3F76, 0x3F76, 0x3F76, 0x3F76, 0x3F76, 0x3F76, 0x3F76, 0x3F76,
0x3F76, 0x3F76, 0x3F76, 0x3F76, 0x3F76, 0x3F76, 0x3F76, 0x3F76, 0x3F76, 0x3F76,
0x3F76, 0x3F76, 0x3F76, 0x3F76, 0x3F76, 0x3F76, 0x3F76, 0x3F76, 0x3F76, 0x3F76,
0x3F76, 0x3F76, 0x3F76, 0x3F76, 0x3F76, 0x3F76, 0x3F76, 0x3F76, 0x3F76, 0x3F76,
0x3F76, 0x3F76, 0x3F76, 0x3F76, 0x3F76, 0x3F76, 0x3F7E, 0x3F7E, 0x3F7E, 0x3F7E,
0x3F7E, 0x3F7E, 0x3F7E, 0x3F7E, 0x3F7E, 0x3F7E, 0x3F7E, 0x3F7E, 0x3F7E, 0x3F7E,
0x3F7E, 0x3F7E, 0x3F7E, 0x3F7E, 0x3F7E, 0x3F7E, 0x3F7E, 0x3F7E, 0x3F7E, 0x3F7E,
0x3F7E, 0x3F7E, 0x3F7E, 0x3F7E, 0x3F7E, 0x3F7E, 0x3F7E, 0x3F7E, 0x5F76, 0x5F76,
0x5F76, 0x5F76, 0x5F76, 0x5F76, 0x5F76, 0x5F76, 0x5F76, 0x5F76, 0x5F76, 0x5F76,
0x5F76, 0x5F76, 0x5F76, 0x5F76, 0x5F76, 0x5F76, 0x5F76, 0x5F76, 0x5F76, 0x5F76,
0x5F76, 0x3F76, 0x3F76, 0x3F76, 0x3F76, 0x3F76, 0x3F76, 0x3F76, 0x3F76, 0x3F76,
0x3F76, 0x3F76, 0x3F76, 0x3F76, 0x3F76, 0x3F76, 0x3F76, 0x3F76, 0x3F76, 0x3F76,
0x3F76, 0x3F76, 0x3F76, 0x3F76, 0x3F76, 0x3F76, 0x3F76, 0x3F76, 0x3F76, 0x3F76,
0x3F76, 0x3F76, 0x3F76, 0x3F76, 0x3F76, 0x3F76, 0x3F76, 0x3F76, 0x3F76, 0x3F76,
0x3F76, 0x3F76, 0x3F76, 0x3F76, 0x3F76, 0x3F76, 0x3F76, 0x3F76, 0x3F76, 0x3F76,
0x3F76, 0x3F76, 0x3F76, 0x3F76, 0x3F76, 0x3F76, 0x3F76, 0x3F76, 0x3F76, 0x3F76,
0x3F76, 0x3F76, 0x3F76, 0x3F76, 0x3F76, 0x3F76, 0x3F76, 0x3F76, 0x3F76, 0x3F76,
0x3F76, 0x3F76, 0x3F76, 0x3F76, 0x3F76, 0x3F76, 0x3F76, 0x3F76, 0x3F76, 0x3F76,
0x3F76, 0x3F76, 0x3F76, 0x3F76, 0x3F76, 0x3F76, 0x3F76, 0x3F76, 0x3F76, 0x3F76,
0x3F76, 0x3F76, 0x3F76, 0x3F76, 0x3F76, 0x3F76, 0x3F76, 0x3F76, 0x3F76, 0x3F76,
0x3F76, 0x3F76, 0x3F76, 0x3F76, 0x3F76, 0x3F76, 0x3F76, 0x3F76, 0x3F76, 0x3F76,
0x3F76, 0x3F76, 0x3F76, 0x3F76, 0x3F76, 0x3F76, 0x3E76, 0x3E76, 0x3E76, 0x3E76,
0x3E76, 0x3E76, 0x3E76, 0x3E76, 0x3E76, 0x3E76, 0x3E76, 0x3E76, 0x3E76, 0x3E76,
0x3E76, 0x3E76, 0x3E76, 0x3E76, 0x3E76, 0x3E76, 0x3E76, 0x3E76, 0x3E76, 0x3E76,
0x3E76, 0x3E76, 0x3E76, 0x3E76, 0x3E76, 0x3E76, 0x3E76, 0x3E76, 0x3E76, 0x3E76,
0x3E76, 0x3E76, 0x3E76, 0x3F76, 0x3F76, 0x3F76, 0x3F76, 0x3F76, 0x3E76, 0x3E76,
0x3E76, 0x3E76, 0x3E76, 0x3E76, 0x3E76, 0x3E76, 0x3E76, 0x3E76, 0x3E76, 0x3E76,
0x3E76, 0x3E76, 0x3F76, 0x3F76, 0x3F76, 0x3F76, 0x3F76, 0x3F76, 0x3F76, 0x3F76,
0x3F76, 0x3F76, 0x3F76, 0x3F76, 0x3F76, 0x3F76, 0x3F76, 0x3F76, 0x3F76, 0x3F76,
0x3F76, 0x3F76, 0x3F76, 0x3F76, 0x3F76, 0x3F76, 0x3F76, 0x3F76, 0x3F76, 0x3F76,
0x3F76, 0x3F76, 0x3F76, 0x3F76, 0x3F76, 0x3F76, 0x3F76, 0x3F76, 0x3F76, 0x3F76,
0x3F76, 0x3F76, 0x3F76, 0x3F76, 0x3F76, 0x3F76, 0x3F76, 0x3F76, 0x3F76, 0x3F76,
0x3F76, 0x3F76, 0x3F76, 0x3F76, 0x3F76, 0x3F76, 0x3F76, 0x3F76, 0x3F76, 0x3F76,
0x3F76, 0x3F76, 0x3F76, 0x3F76, 0x3F76, 0x3F76, 0x3F76, 0x3F76, 0x3F76, 0x3F76,
0x3F76, 0x3F76, 0x3F76, 0x3F76, 0x3F76, 0x3F76, 0x3F76, 0x3F76, 0x3F76, 0x3F76,
0x3F76, 0x3F76, 0x3F76, 0x3F76, 0x3F76, 0x3F76, 0x3F76, 0x3F76, 0x3F76, 0x3F76,
0x3F76, 0x3F76, 0x3F76, 0x3F76, 0x3F76, 0x3F76, 0x3F7E, 0x3F7E, 0x3F7E, 0x3F7E,
0x3F7E, 0x3F7E, 0x3F7E, 0x3F7E, 0x3F7E, 0x3F7E, 0x3F7E, 0x3F7E, 0x3F7E, 0x3F7E,
0x3F7E, 0x3F7E, 0x3F7E, 0x3F7E, 0x3F7E, 0x3F7E, 0x3F7E, 0x3F7E, 0x3F7E, 0x3F7E,
0x3F7E, 0x3F7E, 0x3F7E, 0x3F7E, 0x3F7E, 0x3F7E, 0x3F7E, 0x3F7E, 0x5F76, 0x5F76,
0x5F76, 0x5F76, 0x5F76, 0x5F76, 0x5F76, 0x5F76, 0x5F76, 0x5F76, 0x5F76, 0x5F76,
0x5F76, 0x5F76, 0x5F76, 0x5F76, 0x5F76, 0x5F76, 0x5F76, 0x5F76, 0x5F76, 0x5F76,
0x5F76, 0x3F76, 0x3F76, 0x3F76, 0x3F76, 0x3F76, 0x3F76, 0x3F76, 0x3F76, 0x3F76,
0x3F76, 0x3F76, 0x3F76, 0x3F76, 0x3F76, 0x3F76, 0x3F76, 0x3F76, 0x3F76, 0x3F76,
0x3F76, 0x3F76, 0x3F76, 0x3F76, 0x3F76, 0x3F76, 0x3F76, 0x3F76, 0x3F76, 0x3F76,
0x3F76, 0x3F76, 0x3F76, 0x3F76, 0x3F76, 0x3F76, 0x3F76, 0x3F76, 0x3F76, 0x3F76,
0x3F76, 0x3F76, 0x3F76, 0x3F76, 0x3F76, 0x3F76, 0x3F76, 0x3F76, 0x3F76, 0x3F76,
0x3F76, 0x3F76, 0x3F76, 0x3F76, 0x3F76, 0x3F76, 0x3F76, 0x3F76, 0x3F76, 0x3F76,
0x3F76, 0x3F76, 0x3F76, 0x3F76, 0x3F76, 0x3F76, 0x3F76, 0x3F76, 0x3F76, 0x3F76,
0x3F76, 0x3F76, 0x3F76, 0x3F76, 0x3F76, 0x3F76, 0x3F76, 0x3F76, 0x3F76, 0x3F76,
0x3F76, 0x3F76, 0x3F76, 0x3F76, 0x3F76, 0x3F76, 0x3F76, 0x3F76, 0x3F76, 0x3F76,
0x3F76, 0x3F76, 0x3F76, 0x3F76, 0x3F76, 0x3F76, 0x3F76, 0x3F76, 0x3F76, 0x3F76,
0x3F76, 0x3F76, 0x3F76, 0x3F76, 0x3F76, 0x3F76, 0x3F76, 0x3F76, 0x3F76, 0x3F76,
0x3F76, 0x3F76, 0x3F76, 0x3F76, 0x3F76, 0x3F76, 0x3E76, 0x3E76, 0x3E76, 0x3E76,
0x3E76, 0x3E76, 0x3E76, 0x3E76, 0x3E76, 0x3E76, 0x3E76, 0x3E76, 0x3E76, 0x3E76,
0x3E76, 0x3E76, 0x3E76, 0x3E76, 0x3E76, 0x3E76, 0x3E76, 0x3E76, 0x3E76, 0x3E76,
0x3E76, 0x3E76, 0x3E76, 0x3E76, 0x3E76, 0x3E76, 0x3E76, 0x3E76, 0x3E76, 0x3E76,
0x3E76, 0x3E76, 0x3E76, 0x3F76, 0x3F76, 0x3F76, 0x3F76, 0x3F76, 0x3E76, 0x3E76,
0x3E76, 0x3E76, 0x3E76, 0x3E76, 0x3E76, 0x3E76, 0x3E76, 0x3E76, 0x3E76, 0x3E76,
0x3E76, 0x3E76, 0x3F76, 0x3F76, 0x3F76, 0x3F76, 0x3F76, 0x3F76, 0x3F76, 0x3F76,
0x3F76, 0x3F76, 0x3F76, 0x3F76, 0x3F76, 0x3F76, 0x3F76, 0x3F76, 0x3F76, 0x3F76,
0x3F76, 0x3F76, 0x3F76, 0x3F76, 0x3F76, 0x3F76, 0x5F7E, 0x5F7E, 0x5F7E, 0x5F7E,
0x5F7E, 0x5F7E, 0x5F7E, 0x5F7E, 0x5F7E, 0x5F7E, 0x5F7E, 0x5F7E, 0x5F7E, 0x5F7E,
0x5F7E, 0x5F7E, 0x5F7E, 0x5F7E, 0x5F7E, 0x5F7E, 0x5F7E, 0x5F7E, 0x5F7E, 0x5F7E,
0x5F7E, 0x5F7E, 0x5F7E, 0x5F7E, 0x5F7E, 0x5F7E, 0x5F7E, 0x5F7E, 0x5F7E, 0x5F7E,
0x5F7E, 0x5F7E, 0x5F7E, 0x5F7E, 0x5F7E, 0x5F7E, 0x5F7E, 0x5F7E, 0x5F7E, 0x5F7E,
0x5F7E, 0x5F7E, 0x5F7E, 0x5F7E, 0x5F7E, 0x5F7E, 0x5F7E, 0x5F7E, 0x5F7E, 0x5F7E,
0x5F7E, 0x5F7E, 0x5F7E, 0x5F7E, 0x5F7E, 0x5F7E, 0x3F7E, 0x3F7E, 0x3F7E, 0x3F7E,
0x3F7E, 0x3F7E, 0x3F7E, 0x3F7E, 0x3F7E, 0x3F7E, 0x3F7E, 0x3F7E, 0x3F7E, 0x3F7E,
0x3F76, 0x3F76, 0x3F76, 0x3F76, 0x3F76, 0x3F76, 0x3F76, 0x3F76, 0x3F76, 0x3F76,
0x3F76, 0x3F76, 0x3F76, 0x3F76, 0x3F76, 0x3F76, 0x3F76, 0x3F76, 0x3F76, 0x3F76,
0x3F76, 0x3F76, 0x3F76, 0x3F76, 0x3F76, 0x3F76, 0x3F76, 0x3F76, 0x3F76, 0x3F76,
0x3F76, 0x3F76, 0x3F76, 0x3F76, 0x3F76, 0x3F76, 0x3F76, 0x3F76, 0x3F76, 0x3F76,
0x3F76, 0x3F76, 0x3F76, 0x3F76, 0x3F76, 0x3F76, 0x3F76, 0x3F76, 0x3F76, 0x3F76,
0x3F76, 0x3F76, 0x3F76, 0x3F76, 0x3F76, 0x3F76, 0x3F76, 0x3F76, 0x3F76, 0x3F76,
0x3F76, 0x3F76, 0x3F76, 0x3F76, 0x3F76, 0x3F76, 0x3F76, 0x3F76, 0x3F76, 0x3F76,
0x3F76, 0x3F76, 0x3F76, 0x3F76, 0x3F76, 0x3F76, 0x3F76, 0x3F76, 0x3F76, 0x3F76,
0x3F76, 0x3F76, 0x3F76, 0x3F76, 0x3F76, 0x3F76, 0x3F76, 0x3F76, 0x3F76, 0x3F76,
0x3F76, 0x3F76, 0x3F76, 0x3F76, 0x3F76, 0x3F76, 0x3F76, 0x3F76, 0x3F76, 0x3F76,
0x3F76, 0x3F76, 0x3F76, 0x3F76, 0x3F76, 0x3F76, 0x3F76, 0x3F76, 0x3F76, 0x3F76,
0x3F76, 0x3F76, 0x3F76, 0x3F76, 0x3F76, 0x3F76, 0x3E76, 0x3E76, 0x3E76, 0x3E76,
0x3E76, 0x3E76, 0x3E76, 0x3E76, 0x3E76, 0x3E76, 0x3E76, 0x3E76, 0x3E76, 0x3E76,
0x3E76, 0x3E76, 0x3E76, 0x3E76, 0x3E76, 0x3E76, 0x3E76, 0x3E76, 0x3E76, 0x3E76,
0x3E76, 0x3E76, 0x3E76, 0x3E76, 0x3E76, 0x3E76, 0x3E76, 0x3E76, 0x3E76, 0x3E76,
0x3E76, 0x3E76, 0x3E76, 0x3E76, 0x3E76, 0x3E76, 0x3E76, 0x3E76, 0x3E76, 0x3E76,
0x3E76, 0x3E76, 0x3E76, 0x3E76, 0x3E76, 0x3E76, 0x3E76, 0x3E76, 0x3E76, 0x3E76,
0x3E76, 0x3E76, 0x3E76, 0x3E76, 0x3E76, 0x3E76, 0x3E76, 0x3E76, 0x3E76, 0x3E76,
0x3E76, 0x3E76, 0x3E76, 0x3E76, 0x3E76, 0x3E76, 0x3E76, 0x3E76, 0x3E76, 0x3E76,
0x3E76, 0x3E76, 0x3E76, 0x3E76, 0x3E76, 0x3E76, 0x3E76, 0x3E76, 0x3E76, 0x3E76,
0x3E76, 0x3E76, 0x3E76, 0x3E76, 0x3E76, 0x3E76, 0x3E76, 0x3E76, 0x3E76, 0x3E76,
0x3E76, 0x3E76, 0x1F76, 0x1F76, 0x1F76, 0x1F76, 0x1F76, 0x1F76, 0x1F76, 0x1F76,
0x1F76, 0x1F76, 0x1F76, 0x1F76, 0x1F76, 0x1F76, 0x3F76, 0x3F76, 0x3F76, 0x3F76,
0x3F76, 0x3F76, 0x3F76, 0x3F76, 0x3F76, 0x3F76, 0x1F76, 0x1F76, 0x1F76, 0x1F76,
0x1F76, 0x1F76, 0x1F76, 0x1F76, 0x1F76, 0x3F76, 0x5F7E, 0x5F7E, 0x5F7E, 0x5F7E,
0x5F7E, 0x5F7E, 0x5F7E, 0x5F7E, 0x5F7E, 0x5F7E, 0x5F7E, 0x5F7E, 0x5F7E, 0x5F7E,
0x5F7E, 0x5F7E, 0x5F7E, 0x5F7E, 0x5F7E, 0x5F7E, 0x5F7E, 0x5F7E, 0x5F7E, 0x5F7E,
0x5F7E, 0x5F7E, 0x5F7E, 0x5F7E, 0x5F7E, 0x5F7E, 0x5F7E, 0x5F7E, 0x5F7E, 0x5F7E,
0x5F7E, 0x5F7E, 0x5F7E, 0x5F7E, 0x5F7E, 0x5F7E, 0x5F7E, 0x5F7E, 0x5F7E, 0x5F7E,
0x5F7E, 0x5F7E, 0x5F7E, 0x5F7E, 0x5F7E, 0x5F7E, 0x5F7E, 0x5F7E, 0x5F7E, 0x5F7E,
0x5F7E, 0x5F7E, 0x5F7E, 0x5F7E, 0x5F7E, 0x5F7E, 0x3F7E, 0x3F7E, 0x3F7E, 0x3F7E,
0x3F7E, 0x3F7E, 0x3F7E, 0x3F7E, 0x3F7E, 0x3F7E, 0x3F7E, 0x3F7E, 0x3F7E, 0x3F7E,
0x3F76, 0x3F76, 0x3F76, 0x3F76, 0x3F76, 0x3F76, 0x3F76, 0x3F76, 0x3F76, 0x3F76,
0x3F76, 0x3F76, 0x3F76, 0x3F76, 0x3F76, 0x3F76, 0x3F76, 0x3F76, 0x3F76, 0x3F76,
0x3F76, 0x3F76, 0x3F76, 0x3F76, 0x3F76, 0x3F76, 0x3F76, 0x3F76, 0x3F76, 0x3F76,
0x3F76, 0x3F76, 0x3F76, 0x3F76, 0x3F76, 0x3F76, 0x3F76, 0x3F76, 0x3F76, 0x3F76,
0x3F76, 0x3F76, 0x3F76, 0x3F76, 0x3F76, 0x3F76, 0x3F76, 0x3F76, 0x3F76, 0x3F76,
0x3F76, 0x3F76, 0x3F76, 0x3F76, 0x3F76, 0x3F76, 0x3F76, 0x3F76, 0x3F76, 0x3F76,
0x3F76, 0x3F76, 0x3F76, 0x3F76, 0x3F76, 0x3F76, 0x3F76, 0x3F76, 0x3F76, 0x3F76,
0x3F76, 0x3F76, 0x3F76, 0x3F76, 0x3F76, 0x3F76, 0x3F76, 0x3F76, 0x3F76, 0x3F76,
0x3F76, 0x3F76, 0x3F76, 0x3F76, 0x3F76, 0x3F76, 0x3F76, 0x3F76, 0x3F76, 0x3F76,
0x3F76, 0x3F76, 0x3F76, 0x3F76, 0x3F76, 0x3F76, 0x3F76, 0x3F76, 0x3F76, 0x3F76,
0x3F76, 0x3F76, 0x3F76, 0x3F76, 0x3F76, 0x3F76, 0x3F76, 0x3F76, 0x3F76, 0x3F76,
0x3F76, 0x3F76, 0x3F76, 0x3F76, 0x3F76, 0x3F76, 0x3E76, 0x3E76, 0x3E76, 0x3E76,
0x3E76, 0x3E76, 0x3E76, 0x3E76, 0x3E76, 0x3E76, 0x3E76, 0x3E76, 0x3E76, 0x3E76,
0x3E76, 0x3E76, 0x3E76, 0x3E76, 0x3E76, 0x3E76, 0x3E76, 0x3E76, 0x3E76, 0x3E76,
0x3E76, 0x3E76, 0x3E76, 0x3E76, 0x3E76, 0x3E76, 0x3E76, 0x3E76, 0x3E76, 0x3E76,
0x3E76, 0x3E76, 0x3E76, 0x3E76, 0x3E76, 0x3E76, 0x3E76, 0x3E76, 0x3E76, 0x3E76,
0x3E76, 0x3E76, 0x3E76, 0x3E76, 0x3E76, 0x3E76, 0x3E76, 0x3E76, 0x3E76, 0x3E76,
0x3E76, 0x3E76, 0x3E76, 0x3E76, 0x3E76, 0x3E76, 0x3E76, 0x3E76, 0x3E76, 0x3E76,
0x3E76, 0x3E76, 0x3E76, 0x3E76, 0x3E76, 0x3E76, 0x3E76, 0x3E76, 0x3E76, 0x3E76,
0x3E76, 0x3E76, 0x3E76, 0x3E76, 0x3E76, 0x3E76, 0x3E76, 0x3E76, 0x3E76, 0x3E76,
0x3E76, 0x3E76, 0x3E76, 0x3E76, 0x3E76, 0x3E76, 0x3E76, 0x3E76, 0x3E76, 0x3E76,
0x3E76, 0x3E76, 0x1F76, 0x1F76, 0x1F76, 0x1F76, 0x1F76, 0x1F76, 0x1F76, 0x1F76,
0x1F76, 0x1F76, 0x1F76, 0x1F76, 0x1F76, 0x1F76, 0x3F76, 0x3F76, 0x3F76, 0x3F76,
0x3F76, 0x3F76, 0x3F76, 0x3F76, 0x3F76, 0x3F76, 0x1F76, 0x1F76, 0x1F76, 0x1F76,
0x1F76, 0x1F76, 0x1F76, 0x1F76, 0x1F76, 0x3F76, 0x5F7E, 0x5F7E, 0x5F7E, 0x5F7E,
0x5F7E, 0x5F7E, 0x5F7E, 0x5F7E, 0x5F7E, 0x5F7E, 0x5F7E, 0x5F7E, 0x5F7E, 0x5F7E,
0x5F7E, 0x5F7E, 0x5F7E, 0x5F7E, 0x5F7E, 0x5F7E, 0x5F7E, 0x5F7E, 0x5F7E, 0x5F7E,
0x5F7E, 0x5F7E, 0x5F7E, 0x5F7E, 0x5F7E, 0x5F7E, 0x5F7E, 0x5F7E, 0x5F7E, 0x5F7E,
0x5F7E, 0x5F7E, 0x5F7E, 0x5F7E, 0x5F7E, 0x5F7E, 0x5F7E, 0x5F7E, 0x5F7E, 0x5F7E,
0x5F7E, 0x5F7E, 0x5F7E, 0x5F7E, 0x5F7E, 0x5F7E, 0x5F7E, 0x5F7E, 0x5F7E, 0x5F7E,
0x5F7E, 0x5F7E, 0x5F7E, 0x5F7E, 0x5F7E, 0x5F7E, 0x3F7E, 0x3F7E, 0x3F7E, 0x3F7E,
0x3F7E, 0x3F7E, 0x3F7E, 0x3F7E, 0x3F7E, 0x3F7E, 0x3F7E, 0x3F7E, 0x3F7E, 0x3F7E,
0x3F76, 0x3F76, 0x3F76, 0x3F76, 0x3F76, 0x3F76, 0x3F76, 0x3F76, 0x3F76, 0x3F76,
0x3F76, 0x3F76, 0x3F76, 0x3F76, 0x3F76, 0x3F76, 0x3F76, 0x3F76, 0x3F76, 0x3F76,
0x3F76, 0x3F76, 0x3F76, 0x3F76, 0x3F76, 0x3F76, 0x3F76, 0x3F76, 0x3F76, 0x3F76,
0x3F76, 0x3F76, 0x3F76, 0x3F76, 0x3F76, 0x3F76, 0x3F76, 0x3F76, 0x3F76, 0x3F76,
0x3F76, 0x3F76, 0x3F76, 0x3F76, 0x3F76, 0x3F76, 0x3F76, 0x3F76, 0x3F76, 0x3F76,
0x3F76, 0x3F76, 0x3F76, 0x3F76, 0x3F76, 0x3F76, 0x3F76, 0x3F76, 0x3F76, 0x3F76,
0x3F76, 0x3F76, 0x3F76, 0x3F76, 0x3F76, 0x3F76, 0x3F76, 0x3F76, 0x3F76, 0x3F76,
0x3F76, 0x3F76, 0x3F76, 0x3F76, 0x3F76, 0x3F76, 0x3F76, 0x3F76, 0x3F76, 0x3F76,
0x3F76, 0x3F76, 0x3F76, 0x3F76, 0x3F76, 0x3F76, 0x3F76, 0x3F76, 0x3F76, 0x3F76,
0x3F76, 0x3F76, 0x3F76, 0x3F76, 0x3F76, 0x3F76, 0x3F76, 0x3F76, 0x3F76, 0x3F76,
0x3F76, 0x3F76, 0x3F76, 0x3F76, 0x3F76, 0x3F76, 0x3F76, 0x3F76, 0x3F76, 0x3F76,
0x3F76, 0x3F76, 0x3F76, 0x3F76, 0x3F76, 0x3F76, 0x3F76, 0x3F76, 0x3F76, 0x3F76,
0x3F76, 0x3F76, 0x3F76, 0x3F76, 0x3F76, 0x3F76, 0x3F76, 0x3F76, 0x3F76, 0x3F76,
0x3F76, 0x3F76, 0x3F76, 0x3F76, 0x3F76, 0x3F76, 0x3F76, 0x3F76, 0x3F76, 0x3F76,
0x3F76, 0x3F76, 0x3F76, 0x3F76, 0x3F76, 0x3F76, 0x3F76, 0x3F76, 0x3F76, 0x3F76,
0x3F76, 0x3F76, 0x3F76, 0x3F76, 0x3F76, 0x3F76, 0x3F76, 0x3F76, 0x3F76, 0x3F76,
0x3F76, 0x3F76, 0x3F76, 0x3F76, 0x3F76, 0x3F76, 0x3F76, 0x3F76, 0x3F76, 0x3F76,
0x3F76, 0x3F76, 0x3F76, 0x3F76, 0x3F76, 0x3F76, 0x3F76, 0x3F76, 0x3F76, 0x3F76,
0x3E76, 0x3E76, 0x3E76, 0x3E76, 0x3E76, 0x3E76, 0x3E76, 0x3E76, 0x3E76, 0x3E76,
0x3E76, 0x3E76, 0x3E76, 0x3E76, 0x3E76, 0x3E76, 0x3E76, 0x3E76, 0x3E76, 0x3E76,
0x3E76, 0x3E76, 0x3E76, 0x3E76, 0x3E76, 0x3E76, 0x3E76, 0x3E76, 0x3E76, 0x3E76,
0x3E76, 0x3E76, 0x3F76, 0x3F76, 0x3F76, 0x3F76, 0x3F76, 0x3F76, 0x3F76, 0x3F76,
0x3F76, 0x3F76, 0x3F76, 0x3F76, 0x3F76, 0x3F76, 0x3F76, 0x3F76, 0x3F76, 0x3F76,
0x3F76, 0x3F76, 0x3F76, 0x3F76, 0x3F76, 0x3F76, 0x3F76, 0x3F76, 0x3F76, 0x3F76,
0x3F76, 0x3F76, 0x3F76, 0x3F76, 0x3F76, 0x3F76, 0x5F7E, 0x5F7E, 0x5F7E, 0x5F7E,
0x5F7E, 0x5F7E, 0x5F7E, 0x5F7E, 0x5F7E, 0x5F7E, 0x5F7E, 0x5F7E, 0x5F7E, 0x5F7E,
0x5F7E, 0x5F7E, 0x5F7E, 0x5F7E, 0x5F7E, 0x5F7E, 0x5F7E, 0x5F7E, 0x5F7E, 0x5F7E,
0x5F7E, 0x5F7E, 0x5F7E, 0x5F7E, 0x5F7E, 0x5F7E, 0x5F7E, 0x5F7E, 0x5F7E, 0x5F7E,
0x5F7E, 0x5F7E, 0x5F7E, 0x5F7E, 0x5F7E, 0x5F7E, 0x5F7E, 0x5F7E, 0x5F7E, 0x5F7E,
0x5F7E, 0x5F7E, 0x5F7E, 0x5F7E, 0x5F7E, 0x5F7E, 0x5F7E, 0x5F7E, 0x5F7E, 0x5F7E,
0x5F7E, 0x5F7E, 0x5F7E, 0x5F7E, 0x5F7E, 0x5F7E, 0x3F7E, 0x3F7E, 0x3F7E, 0x3F7E,
0x3F7E, 0x3F7E, 0x3F7E, 0x3F7E, 0x3F7E, 0x3F7E, 0x3F7E, 0x3F7E, 0x3F7E, 0x3F7E,
0x3F76, 0x3F76, 0x3F76, 0x3F76, 0x3F76, 0x3F76, 0x3F76, 0x3F76, 0x3F76, 0x3F76,
0x3F76, 0x3F76, 0x3F76, 0x3F76, 0x3F76, 0x3F76, 0x3F76, 0x3F76, 0x3F76, 0x3F76,
0x3F76, 0x3F76, 0x3F76, 0x3F76, 0x3F76, 0x3F76, 0x3F76, 0x3F76, 0x3F76, 0x3F76,
0x3F76, 0x3F76, 0x3F76, 0x3F76, 0x3F76, 0x3F76, 0x3F76, 0x3F76, 0x3F76, 0x3F76,
0x3F76, 0x3F76, 0x3F76, 0x3F76, 0x3F76, 0x3F76, 0x3F76, 0x3F76, 0x3F76, 0x3F76,
0x3F76, 0x3F76, 0x3F76, 0x3F76, 0x3F76, 0x3F76, 0x3F76, 0x3F76, 0x3F76, 0x3F76,
0x3F76, 0x3F76, 0x3F76, 0x3F76, 0x3F76, 0x3F76, 0x3F76, 0x3F76, 0x3F76, 0x3F76,
0x3F76, 0x3F76, 0x3F76, 0x3F76, 0x3F76, 0x3F76, 0x3F76, 0x3F76, 0x3F76, 0x3F76,
0x3F76, 0x3F76, 0x3F76, 0x3F76, 0x3F76, 0x3F76, 0x3F76, 0x3F76, 0x3F76, 0x3F76,
0x3F76, 0x3F76, 0x3F76, 0x3F76, 0x3F76, 0x3F76, 0x3F76, 0x3F76, 0x3F76, 0x3F76,
0x3F76, 0x3F76, 0x3F76, 0x3F76, 0x3F76, 0x3F76, 0x3F76, 0x3F76, 0x3F76, 0x3F76,
0x3F76, 0x3F76, 0x3F76, 0x3F76, 0x3F76, 0x3F76, 0x3F76, 0x3F76, 0x3F76, 0x3F76,
0x3F76, 0x3F76, 0x3F76, 0x3F76, 0x3F76, 0x3F76, 0x3F76, 0x3F76, 0x3F76, 0x3F76,
0x3F76, 0x3F76, 0x3F76, 0x3F76, 0x3F76, 0x3F76, 0x3F76, 0x3F76, 0x3F76, 0x3F76,
0x3F76, 0x3F76, 0x3F76, 0x3F76, 0x3F76, 0x3F76, 0x3F76, 0x3F76, 0x3F76, 0x3F76,
0x3F76, 0x3F76, 0x3F76, 0x3F76, 0x3F76, 0x3F76, 0x3F76, 0x3F76, 0x3F76, 0x3F76,
0x3F76, 0x3F76, 0x3F76, 0x3F76, 0x3F76, 0x3F76, 0x3F76, 0x3F76, 0x3F76, 0x3F76,
0x3F76, 0x3F76, 0x3F76, 0x3F76, 0x3F76, 0x3F76, 0x3F76, 0x3F76, 0x3F76, 0x3F76,
0x3E76, 0x3E76, 0x3E76, 0x3E76, 0x3E76, 0x3E76, 0x3E76, 0x3E76, 0x3E76, 0x3E76,
0x3E76, 0x3E76, 0x3E76, 0x3E76, 0x3E76, 0x3E76, 0x3E76, 0x3E76, 0x3E76, 0x3E76,
0x3E76, 0x3E76, 0x3E76, 0x3E76, 0x3E76, 0x3E76, 0x3E76, 0x3E76, 0x3E76, 0x3E76,
0x3E76, 0x3E76, 0x3F76, 0x3F76, 0x3F76, 0x3F76, 0x3F76, 0x3F76, 0x3F76, 0x3F76,
0x3F76, 0x3F76, 0x3F76, 0x3F76, 0x3F76, 0x3F76, 0x3F76, 0x3F76, 0x3F76, 0x3F76,
0x3F76, 0x3F76, 0x3F76, 0x3F76, 0x3F76, 0x3F76, 0x3F76, 0x3F76, 0x3F76, 0x3F76,
0x3F76, 0x3F76, 0x3F76, 0x3F76, 0x3F76, 0x3F76, 0x5F7E, 0x5F7E, 0x5F7E, 0x5F7E,
0x5F7E, 0x5F7E, 0x5F7E, 0x5F7E, 0x5F7E, 0x5F7E, 0x5F7E, 0x5F7E, 0x5F7E, 0x5F7E,
0x5F7E, 0x5F7E, 0x5F7E, 0x5F7E, 0x5F7E, 0x5F7E, 0x5F7E, 0x5F7E, 0x5F7E, 0x5F7E,
0x5F7E, 0x5F7E, 0x5F7E, 0x5F7E, 0x5F7E, 0x5F7E, 0x5F7E, 0x5F7E, 0x5F7E, 0x5F7E,
0x5F7E, 0x5F7E, 0x5F7E, 0x5F7E, 0x5F7E, 0x5F7E, 0x5F7E, 0x5F7E, 0x5F7E, 0x5F7E,
0x5F7E, 0x5F7E, 0x5F7E, 0x5F7E, 0x5F7E, 0x5F7E, 0x5F7E, 0x5F7E, 0x5F7E, 0x5F7E,
0x5F7E, 0x5F7E, 0x5F7E, 0x5F7E, 0x5F7E, 0x5F7E, 0x3F7E, 0x3F7E, 0x3F7E, 0x3F7E,
0x3F7E, 0x3F7E, 0x3F7E, 0x3F7E, 0x3F7E, 0x3F7E, 0x3F7E, 0x3F7E, 0x3F7E, 0x3F7E,
0x3F76, 0x3F76, 0x3F76, 0x3F76, 0x3F76, 0x3F76, 0x3F76, 0x3F76, 0x3F76, 0x3F76,
0x3F76, 0x3F76, 0x3F76, 0x3F76, 0x3F76, 0x3F76, 0x3F76, 0x3F76, 0x3F76, 0x3F76,
0x3F76, 0x3F76, 0x3F76, 0x3F76, 0x3F76, 0x3F76, 0x3F76, 0x3F76, 0x3F76, 0x3F76,
0x3F76, 0x3F76, 0x3F76, 0x3F76, 0x3F76, 0x3F76, 0x3F76, 0x3F76, 0x3F76, 0x3F76,
0x3F76, 0x3F76, 0x3F76, 0x3F76, 0x3F76, 0x3F76, 0x3F76, 0x3F76, 0x3F76, 0x3F76,
0x3F76, 0x3F76, 0x3F76, 0x3F76, 0x3F76, 0x3F76, 0x3F76, 0x3F76, 0x3F76, 0x3F76,
0x3F76, 0x3F76, 0x3F76, 0x3F76, 0x3F76, 0x3F76, 0x3F76, 0x3F76, 0x3F76, 0x3F76,
0x3F76, 0x3F76, 0x3F76, 0x3F76, 0x3F76, 0x3F76, 0x3F76, 0x3F76, 0x3F76, 0x3F76,
0x3F76, 0x3F76, 0x3F76, 0x3F76, 0x3F76, 0x3F76, 0x3F76, 0x3F76, 0x3F76, 0x3F76,
0x3F76, 0x3F76, 0x3F76, 0x3F76, 0x3F76, 0x3F76, 0x3F76, 0x3F76, 0x3F76, 0x3F76,
0x3F76, 0x3F76, 0x3F76, 0x3F76, 0x3F76, 0x3F76, 0x3F76, 0x3F76, 0x3F76, 0x3F76,
0x3F76, 0x3F76, 0x3F76, 0x3F76, 0x3F76, 0x3F76, 0x3F76, 0x3F76, 0x3F76, 0x3F76,
0x3F76, 0x3F76, 0x3F76, 0x3F76, 0x3F76, 0x3F76, 0x3F76, 0x3F76, 0x3F76, 0x3F76,
0x3F76, 0x3F76, 0x3F76, 0x3F76, 0x3F76, 0x3F76, 0x3F76, 0x3F76, 0x3F76, 0x3F76,
0x3F76, 0x3F76, 0x3F76, 0x3F76, 0x3F76, 0x3F76, 0x3F76, 0x3F76, 0x3F76, 0x3F76,
0x3F76, 0x3F76, 0x3F76, 0x3F76, 0x3F76, 0x3F76, 0x3F76, 0x3F76, 0x3F76, 0x3F76,
0x3F76, 0x3F76, 0x3F76, 0x3F76, 0x3F76, 0x3F76, 0x3F76, 0x3F76, 0x3F76, 0x3F76,
0x3F76, 0x3F76, 0x3F76, 0x3F76, 0x3F76, 0x3F76, 0x3F76, 0x3F76, 0x3F76, 0x3F76,
0x3F76, 0x3F76, 0x3F76, 0x3F76, 0x3F76, 0x3F76, 0x3F76, 0x3F76, 0x3F76, 0x3F76,
0x3F76, 0x3F76, 0x3F76, 0x3F76, 0x3F76, 0x3F76, 0x3F76, 0x3F76, 0x3F76, 0x3F76,
0x3F76, 0x3F76, 0x3F76, 0x3F76, 0x3F76, 0x3F76, 0x3F76, 0x3F76, 0x3F76, 0x3F76,
0x3F76, 0x3F76, 0x3F76, 0x3F76, 0x3F76, 0x3F76, 0x3F76, 0x3F76, 0x3F76, 0x3F76,
0x3F76, 0x3F76, 0x3F76, 0x3F76, 0x3F76, 0x3F76, 0x3F76, 0x3F76, 0x3F76, 0x3F76,
0x3F76, 0x3F76, 0x3F76, 0x3F76, 0x3F76, 0x3F76, 0x3F76, 0x3F76, 0x3F76, 0x3F76,
0x3F76, 0x3F76, 0x3F76, 0x3F76, 0x3F76, 0x3F76, 0x5F7E, 0x5F7E, 0x5F7E, 0x5F7E,
0x5F7E, 0x5F7E, 0x5F7E, 0x5F7E, 0x5F7E, 0x5F7E, 0x5F7E, 0x5F7E, 0x5F7E, 0x5F7E,
0x5F7E, 0x5F7E, 0x5F7E, 0x5F7E, 0x5F7E, 0x5F7E, 0x5F7E, 0x5F7E, 0x5F7E, 0x5F7E,
0x5F7E, 0x5F7E, 0x5F7E, 0x5F7E, 0x5F7E, 0x5F7E, 0x5F7E, 0x5F7E, 0x5F7E, 0x5F7E,
0x5F7E, 0x5F7E, 0x5F7E, 0x5F7E, 0x5F7E, 0x5F7E, 0x5F7E, 0x5F7E, 0x5F7E, 0x5F7E,
0x5F7E, 0x5F7E, 0x5F7E, 0x5F7E, 0x5F7E, 0x5F7E, 0x5F7E, 0x5F7E, 0x5F7E, 0x5F7E,
0x5F7E, 0x5F7E, 0x5F7E, 0x5F7E, 0x5F7E, 0x5F7E, 0x3F7E, 0x3F7E, 0x3F7E, 0x3F7E,
0x3F7E, 0x3F7E, 0x3F7E, 0x3F7E, 0x3F7E, 0x3F7E, 0x3F7E, 0x3F7E, 0x3F7E, 0x3F7E,
0x3F76, 0x3F76, 0x3F76, 0x3F76, 0x3F76, 0x3F76, 0x3F76, 0x3F76, 0x3F76, 0x3F76,
0x3F76, 0x3F76, 0x3F76, 0x3F76, 0x3F76, 0x3F76, 0x3F76, 0x3F76, 0x3F76, 0x3F76,
0x3F76, 0x3F76, 0x3F76, 0x3F76, 0x3F76, 0x3F76, 0x3F76, 0x3F76, 0x3F76, 0x3F76,
0x3F76, 0x3F76, 0x3F76, 0x3F76, 0x3F76, 0x3F76, 0x3F76, 0x3F76, 0x3F76, 0x3F76,
0x3F76, 0x3F76, 0x3F76, 0x3F76, 0x3F76, 0x3F76, 0x3F76, 0x3F76, 0x3F76, 0x3F76,
0x3F76, 0x3F76, 0x3F76, 0x3F76, 0x3F76, 0x3F76, 0x3F76, 0x3F76, 0x3F76, 0x3F76,
0x3F76, 0x3F76, 0x3F76, 0x3F76, 0x3F76, 0x3F76, 0x3F76, 0x3F76, 0x3F76, 0x3F76,
0x3F76, 0x3F76, 0x3F76, 0x3F76, 0x3F76, 0x3F76, 0x3F76, 0x3F76, 0x3F76, 0x3F76,
0x3F76, 0x3F76, 0x3F76, 0x3F76, 0x3F76, 0x3F76, 0x3F76, 0x3F76, 0x3F76, 0x3F76,
0x3F76, 0x3F76, 0x3F76, 0x3F76, 0x3F76, 0x3F76, 0x3F76, 0x3F76, 0x3F76, 0x3F76,
0x3F76, 0x3F76, 0x3F76, 0x3F76, 0x3F76, 0x3F76, 0x3F76, 0x3F76, 0x3F76, 0x3F76,
0x3F76, 0x3F76, 0x3F76, 0x3F76, 0x3F76, 0x3F76, 0x3F7E, 0x3F7E, 0x3F7E, 0x3F7E,
0x3F7E, 0x3F7E, 0x3F7E, 0x3F7E, 0x3F7E, 0x3F7E, 0x3F7E, 0x3F7E, 0x3F7E, 0x3F76,
0x3F76, 0x3F76, 0x3F76, 0x3F76, 0x3F7E, 0x3F7E, 0x3F7E, 0x3F7E, 0x3F7E, 0x3F7E,
0x3F7E, 0x3F7E, 0x3F7E, 0x3F7E, 0x3F7E, 0x3F7E, 0x3F7E, 0x3F7E, 0x3F7E, 0x3F7E,
0x3F7E, 0x3F7E, 0x3F7E, 0x3F7E, 0x3F7E, 0x3F7E, 0x3F7E, 0x5F76, 0x5F76, 0x5F76,
0x5F76, 0x5F76, 0x5F76, 0x5F76, 0x5F76, 0x5F76, 0x5F76, 0x5F76, 0x5F76, 0x5F76,
0x5F76, 0x5F76, 0x5F76, 0x5F76, 0x5F76, 0x5F76, 0x5F76, 0x5F76, 0x5F76, 0x5F76,
0x3F76, 0x3F76, 0x3F76, 0x3F76, 0x3F76, 0x3F76, 0x3F76, 0x3F76, 0x3F76, 0x3F76,
0x3F76, 0x3F76, 0x3F76, 0x3F76, 0x3F76, 0x3F76, 0x3F76, 0x3F76, 0x3F76, 0x3F76,
0x3F76, 0x3F76, 0x3F76, 0x3F76, 0x3F76, 0x3F76, 0x3F76, 0x3F76, 0x3F76, 0x3F76,
0x3F76, 0x3F76, 0x3F76, 0x3F76, 0x3F76, 0x3F76, 0x3F76, 0x3F76, 0x3F76, 0x3F76,
0x3F76, 0x3F76, 0x3F76, 0x3F76, 0x3F76, 0x3F76, 0x3F76, 0x3F76, 0x3F76, 0x3F76,
0x3F76, 0x3F76, 0x3F76, 0x3F76, 0x3F76, 0x3F76, 0x3F76, 0x3F76, 0x3F76, 0x3F76,
0x3F76, 0x3F76, 0x3F76, 0x3F76, 0x3F76, 0x3F76, 0x5F7E, 0x5F7E, 0x5F7E, 0x5F7E,
0x5F7E, 0x5F7E, 0x5F7E, 0x5F7E, 0x5F7E, 0x5F7E, 0x5F7E, 0x5F7E, 0x5F7E, 0x5F7E,
0x5F7E, 0x5F7E, 0x5F7E, 0x5F7E, 0x5F7E, 0x5F7E, 0x5F7E, 0x5F7E, 0x5F7E, 0x5F7E,
0x5F7E, 0x5F7E, 0x5F7E, 0x5F7E, 0x5F7E, 0x5F7E, 0x5F7E, 0x5F7E, 0x5F7E, 0x5F7E,
0x5F7E, 0x5F7E, 0x5F7E, 0x5F7E, 0x5F7E, 0x5F7E, 0x5F7E, 0x5F7E, 0x5F7E, 0x5F7E,
0x5F7E, 0x5F7E, 0x5F7E, 0x5F7E, 0x5F7E, 0x5F7E, 0x5F7E, 0x5F7E, 0x5F7E, 0x5F7E,
0x5F7E, 0x5F7E, 0x5F7E, 0x5F7E, 0x5F7E, 0x5F7E, 0x3F7E, 0x3F7E, 0x3F7E, 0x3F7E,
0x3F7E, 0x3F7E, 0x3F7E, 0x3F7E, 0x3F7E, 0x3F7E, 0x3F7E, 0x3F7E, 0x3F7E, 0x3F7E,
0x3F76, 0x3F76, 0x3F76, 0x3F76, 0x3F76, 0x3F76, 0x3F76, 0x3F76, 0x3F76, 0x3F76,
0x3F76, 0x3F76, 0x3F76, 0x3F76, 0x3F76, 0x3F76, 0x3F76, 0x3F76, 0x3F76, 0x3F76,
0x3F76, 0x3F76, 0x3F76, 0x3F76, 0x3F76, 0x3F76, 0x3F76, 0x3F76, 0x3F76, 0x3F76,
0x3F76, 0x3F76, 0x3F76, 0x3F76, 0x3F76, 0x3F76, 0x3F76, 0x3F76, 0x3F76, 0x3F76,
0x3F76, 0x3F76, 0x3F76, 0x3F76, 0x3F76, 0x3F76, 0x3F76, 0x3F76, 0x3F76, 0x3F76,
0x3F76, 0x3F76, 0x3F76, 0x3F76, 0x3F76, 0x3F76, 0x3F76, 0x3F76, 0x3F76, 0x3F76,
0x3F76, 0x3F76, 0x3F76, 0x3F76, 0x3F76, 0x3F76, 0x3F76, 0x3F76, 0x3F76, 0x3F76,
0x3F76, 0x3F76, 0x3F76, 0x3F76, 0x3F76, 0x3F76, 0x3F76, 0x3F76, 0x3F76, 0x3F76,
0x3F76, 0x3F76, 0x3F76, 0x3F76, 0x3F76, 0x3F76, 0x3F76, 0x3F76, 0x3F76, 0x3F76,
0x3F76, 0x3F76, 0x3F76, 0x3F76, 0x3F76, 0x3F76, 0x3F76, 0x3F76, 0x3F76, 0x3F76,
0x3F76, 0x3F76, 0x3F76, 0x3F76, 0x3F76, 0x3F76, 0x3F76, 0x3F76, 0x3F76, 0x3F76,
0x3F76, 0x3F76, 0x3F76, 0x3F76, 0x3F76, 0x3F76, 0x3F7E, 0x3F7E, 0x3F7E, 0x3F7E,
0x3F7E, 0x3F7E, 0x3F7E, 0x3F7E, 0x3F7E, 0x3F7E, 0x3F7E, 0x3F7E, 0x3F7E, 0x3F76,
0x3F76, 0x3F76, 0x3F76, 0x3F76, 0x3F7E, 0x3F7E, 0x3F7E, 0x3F7E, 0x3F7E, 0x3F7E,
0x3F7E, 0x3F7E, 0x3F7E, 0x3F7E, 0x3F7E, 0x3F7E, 0x3F7E, 0x3F7E, 0x3F7E, 0x3F7E,
0x3F7E, 0x3F7E, 0x3F7E, 0x3F7E, 0x3F7E, 0x3F7E, 0x3F7E, 0x5F76, 0x5F76, 0x5F76,
0x5F76, 0x5F76, 0x5F76, 0x5F76, 0x5F76, 0x5F76, 0x5F76, 0x5F76, 0x5F76, 0x5F76,
0x5F76, 0x5F76, 0x5F76, 0x5F76, 0x5F76, 0x5F76, 0x5F76, 0x5F76, 0x5F76, 0x5F76,
0x3F76, 0x3F76, 0x3F76, 0x3F76, 0x3F76, 0x3F76, 0x3F76, 0x3F76, 0x3F76, 0x3F76,
0x3F76, 0x3F76, 0x3F76, 0x3F76, 0x3F76, 0x3F76, 0x3F76, 0x3F76, 0x3F76, 0x3F76,
0x3F76, 0x3F76, 0x3F76, 0x3F76, 0x3F76, 0x3F76, 0x3F76, 0x3F76, 0x3F76, 0x3F76,
0x3F76, 0x3F76, 0x3F76, 0x3F76, 0x3F76, 0x3F76, 0x3F76, 0x3F76, 0x3F76, 0x3F76,
0x3F76, 0x3F76, 0x3F76, 0x3F76, 0x3F76, 0x3F76, 0x3F76, 0x3F76, 0x3F76, 0x3F76,
0x3F76, 0x3F76, 0x3F76, 0x3F76, 0x3F76, 0x3F76, 0x3F76, 0x3F76, 0x3F76, 0x3F76,
0x3F76, 0x3F76, 0x3F76, 0x3F76, 0x3F76, 0x3F76, 0x5E7E, 0x5E7E, 0x5E7E, 0x5E7E,
0x5E7E, 0x5E7E, 0x5E7E, 0x5E7E, 0x5E7E, 0x5E7E, 0x5F7E, 0x5F7E, 0x5F7E, 0x5F7E,
0x5F7E, 0x5F7E, 0x5F7E, 0x5F7E, 0x5F7E, 0x5E7E, 0x5E7E, 0x5E7E, 0x5E7E, 0x5E7E,
0x5E7E, 0x5E7E, 0x5E7E, 0x5E7E, 0x3F7E, 0x3F7E, 0x3F7E, 0x3F7E, 0x3F7E, 0x3F7E,
0x3F7E, 0x3F7E, 0x3F7E, 0x3F7E, 0x3F7E, 0x3F7E, 0x3F7E, 0x3F7E, 0x3F7E, 0x3F7E,
0x3F7E, 0x3F7E, 0x3F7E, 0x3F7E, 0x3F7E, 0x3F7E, 0x3F7E, 0x3F7E, 0x3F7E, 0x3F7E,
0x3F7E, 0x3F7E, 0x3F7E, 0x3F7E, 0x3F7E, 0x3F7E, 0x3F7E, 0x3F7E, 0x3F7E, 0x3F7E,
0x3F7E, 0x3F7E, 0x3F7E, 0x3F7E, 0x3F7E, 0x3F7E, 0x5F7E, 0x5F7E, 0x5F7E, 0x5F7E,
0x5F7E, 0x5F7E, 0x5F7E, 0x5F7E, 0x5F7E, 0x5F7E, 0x5F7E, 0x5F7E, 0x5F7E, 0x5F7E,
0x5F7E, 0x5F7E, 0x5F7E, 0x5F7E, 0x5F7E, 0x5F7E, 0x5F7E, 0x5F7E, 0x5F7E, 0x5F7E,
0x5F7E, 0x5F7E, 0x5F7E, 0x5F7E, 0x5F7E, 0x5F7E, 0x5F7E, 0x5F7E, 0x5F7E, 0x5F7E,
0x5F7E, 0x5F7E, 0x5F7E, 0x5F7E, 0x5F7E, 0x5F7E, 0x5F7E, 0x5F7E, 0x5F7E, 0x5F7E,
0x5F7E, 0x5F7E, 0x5F7E, 0x5F7E, 0x5F7E, 0x5F7E, 0x5F7E, 0x5F7E, 0x5F7E, 0x5F7E,
0x5F7E, 0x5F7E, 0x5F7E, 0x5F7E, 0x5F7E, 0x5F7E, 0x5F7E, 0x5F7E, 0x5F7E, 0x5F7E,
0x5F7E, 0x5F7E, 0x5F7E, 0x5F7E, 0x5F7E, 0x5F7E, 0x5F7E, 0x5F7E, 0x5F7E, 0x5F7E,
0x5F7E, 0x5F7E, 0x5F7E, 0x5F7E, 0x5F7E, 0x5F7E, 0x5F7E, 0x5F7E, 0x5F7E, 0x5F7E,
0x5F7E, 0x5F7E, 0x5F7E, 0x5F7E, 0x5F7E, 0x5F7E, 0x5F7E, 0x5F7E, 0x5F7E, 0x5F7E,
0x5F7E, 0x5F7E, 0x5F7E, 0x5F7E, 0x5F7E, 0x5F7E, 0x5F7E, 0x5F7E, 0x5F7E, 0x5F7E,
0x5F7E, 0x5F7E, 0x5F7E, 0x5F7E, 0x5F7E, 0x5F7E, 0x5F7E, 0x5F7E, 0x5F7E, 0x5F7E,
0x5F7E, 0x5F7E, 0x5F7E, 0x5F7E, 0x5F7E, 0x5F7E, 0x5F7E, 0x5F7E, 0x5F7E, 0x5F7E,
0x3F7E, 0x3F7E, 0x3F7E, 0x3F7E, 0x3F7E, 0x3F7E, 0x3F7E, 0x3F7E, 0x3F7E, 0x3F76,
0x3F76, 0x3F76, 0x3F76, 0x3F76, 0x3F76, 0x3F76, 0x3F76, 0x3F76, 0x3F76, 0x3F76,
0x3F76, 0x3F76, 0x3F76, 0x3F76, 0x3F76, 0x3F76, 0x3F76, 0x3F76, 0x3F76, 0x3F76,
0x3F76, 0x3F76, 0x3F76, 0x3F76, 0x3F76, 0x3F76, 0x3F76, 0x3F76, 0x3F76, 0x3F76,
0x3F76, 0x3F76, 0x3F76, 0x3F76, 0x3F76, 0x3F76, 0x3F76, 0x3F76, 0x3F76, 0x3F76,
0x3F76, 0x3F76, 0x3F76, 0x3F76, 0x3F76, 0x3F76, 0x3F76, 0x3F76, 0x3F76, 0x3F76,
0x3F76, 0x3F76, 0x3F76, 0x3F76, 0x3F76, 0x3F76, 0x3F76, 0x3F76, 0x3F76, 0x3F76,
0x3F76, 0x3F76, 0x3F76, 0x3F76, 0x3F76, 0x3F76, 0x3F76, 0x3F76, 0x3F76, 0x3F76,
0x3F76, 0x3F76, 0x3F76, 0x3F76, 0x3F76, 0x3F76, 0x3F76, 0x3F76, 0x3F76, 0x3F76,
0x3F76, 0x3F76, 0x3F76, 0x3F76, 0x3F76, 0x3F76, 0x3F76, 0x3F76, 0x3F76, 0x3F76,
0x3F76, 0x3F76, 0x3F76, 0x3F76, 0x3F76, 0x3F76, 0x3F76, 0x3F76, 0x3F76, 0x3F76,
0x3F76, 0x3F76, 0x3F76, 0x3F76, 0x3F76, 0x3F76, 0x3F76, 0x3F76, 0x3F76, 0x3F76,
0x3F76, 0x3F76, 0x3F76, 0x3F76, 0x3F76, 0x3F76, 0x5E7E, 0x5E7E, 0x5E7E, 0x5E7E,
0x5E7E, 0x5E7E, 0x5E7E, 0x5E7E, 0x5E7E, 0x5E7E, 0x5F7E, 0x5F7E, 0x5F7E, 0x5F7E,
0x5F7E, 0x5F7E, 0x5F7E, 0x5F7E, 0x5F7E, 0x5E7E, 0x5E7E, 0x5E7E, 0x5E7E, 0x5E7E,
0x5E7E, 0x5E7E, 0x5E7E, 0x5E7E, 0x3F7E, 0x3F7E, 0x3F7E, 0x3F7E, 0x3F7E, 0x3F7E,
0x3F7E, 0x3F7E, 0x3F7E, 0x3F7E, 0x3F7E, 0x3F7E, 0x3F7E, 0x3F7E, 0x3F7E, 0x3F7E,
0x3F7E, 0x3F7E, 0x3F7E, 0x3F7E, 0x3F7E, 0x3F7E, 0x3F7E, 0x3F7E, 0x3F7E, 0x3F7E,
0x3F7E, 0x3F7E, 0x3F7E, 0x3F7E, 0x3F7E, 0x3F7E, 0x3F7E, 0x3F7E, 0x3F7E, 0x3F7E,
0x3F7E, 0x3F7E, 0x3F7E, 0x3F7E, 0x3F7E, 0x3F7E, 0x5F7E, 0x5F7E, 0x5F7E, 0x5F7E,
0x5F7E, 0x5F7E, 0x5F7E, 0x5F7E, 0x5F7E, 0x5F7E, 0x5F7E, 0x5F7E, 0x5F7E, 0x5F7E,
0x5F7E, 0x5F7E, 0x5F7E, 0x5F7E, 0x5F7E, 0x5F7E, 0x5F7E, 0x5F7E, 0x5F7E, 0x5F7E,
0x5F7E, 0x5F7E, 0x5F7E, 0x5F7E, 0x5F7E, 0x5F7E, 0x5F7E, 0x5F7E, 0x5F7E, 0x5F7E,
0x5F7E, 0x5F7E, 0x5F7E, 0x5F7E, 0x5F7E, 0x5F7E, 0x5F7E, 0x5F7E, 0x5F7E, 0x5F7E,
0x5F7E, 0x5F7E, 0x5F7E, 0x5F7E, 0x5F7E, 0x5F7E, 0x5F7E, 0x5F7E, 0x5F7E, 0x5F7E,
0x5F7E, 0x5F7E, 0x5F7E, 0x5F7E, 0x5F7E, 0x5F7E, 0x5F7E, 0x5F7E, 0x5F7E, 0x5F7E,
0x5F7E, 0x5F7E, 0x5F7E, 0x5F7E, 0x5F7E, 0x5F7E, 0x5F7E, 0x5F7E, 0x5F7E, 0x5F7E,
0x5F7E, 0x5F7E, 0x5F7E, 0x5F7E, 0x5F7E, 0x5F7E, 0x5F7E, 0x5F7E, 0x5F7E, 0x5F7E,
0x5F7E, 0x5F7E, 0x5F7E, 0x5F7E, 0x5F7E, 0x5F7E, 0x5F7E, 0x5F7E, 0x5F7E, 0x5F7E,
0x5F7E, 0x5F7E, 0x5F7E, 0x5F7E, 0x5F7E, 0x5F7E, 0x5F7E, 0x5F7E, 0x5F7E, 0x5F7E,
0x5F7E, 0x5F7E, 0x5F7E, 0x5F7E, 0x5F7E, 0x5F7E, 0x5F7E, 0x5F7E, 0x5F7E, 0x5F7E,
0x5F7E, 0x5F7E, 0x5F7E, 0x5F7E, 0x5F7E, 0x5F7E, 0x5F7E, 0x5F7E, 0x5F7E, 0x5F7E,
0x3F7E, 0x3F7E, 0x3F7E, 0x3F7E, 0x3F7E, 0x3F7E, 0x3F7E, 0x3F7E, 0x3F7E, 0x3F76,
0x3F76, 0x3F76, 0x3F76, 0x3F76, 0x3F76, 0x3F76, 0x3F76, 0x3F76, 0x3F76, 0x3F76,
0x3F76, 0x3F76, 0x3F76, 0x3F76, 0x3F76, 0x3F76, 0x3F76, 0x3F76, 0x3F76, 0x3F76,
0x3F76, 0x3F76, 0x3F76, 0x3F76, 0x3F76, 0x3F76, 0x3F76, 0x3F76, 0x3F76, 0x3F76,
0x3F76, 0x3F76, 0x3F76, 0x3F76, 0x3F76, 0x3F76, 0x3F76, 0x3F76, 0x3F76, 0x3F76,
0x3F76, 0x3F76, 0x3F76, 0x3F76, 0x3F76, 0x3F76, 0x3F76, 0x3F76, 0x3F76, 0x3F76,
0x3F76, 0x3F76, 0x3F76, 0x3F76, 0x3F76, 0x3F76, 0x3F76, 0x3F76, 0x3F76, 0x3F76,
0x3F76, 0x3F76, 0x3F76, 0x3F76, 0x3F76, 0x3F76, 0x3F76, 0x3F76, 0x3F76, 0x3F76,
0x3F76, 0x3F76, 0x3F76, 0x3F76, 0x3F76, 0x3F76, 0x3F76, 0x3F76, 0x3F76, 0x3F76,
0x3F76, 0x3F76, 0x3F76, 0x3F76, 0x3F76, 0x3F76, 0x3F76, 0x3F76, 0x3F76, 0x3F76,
0x3F76, 0x3F76, 0x3F76, 0x3F76, 0x3F76, 0x3F76, 0x3F76, 0x3F76, 0x3F76, 0x3F76,
0x3F76, 0x3F76, 0x3F76, 0x3F76, 0x3F76, 0x3F76, 0x3F76, 0x3F76, 0x3F76, 0x3F76,
0x3F76, 0x3F76, 0x3F76, 0x3F76, 0x3F76, 0x3F76, 0x5E7E, 0x5E7E, 0x5E7E, 0x5E7E,
0x5E7E, 0x5E7E, 0x5E7E, 0x5E7E, 0x5E7E, 0x5E7E, 0x5F7E, 0x5F7E, 0x5F7E, 0x5F7E,
0x5F7E, 0x5F7E, 0x5F7E, 0x5F7E, 0x5F7E, 0x5E7E, 0x5E7E, 0x5E7E, 0x5E7E, 0x5E7E,
0x5E7E, 0x5E7E, 0x5E7E, 0x5E7E, 0x3F7E, 0x3F7E, 0x3F7E, 0x3F7E, 0x3F7E, 0x3F7E,
0x3F7E, 0x3F7E, 0x3F7E, 0x3F7E, 0x3F7E, 0x3F7E, 0x3F7E, 0x3F7E, 0x3F7E, 0x3F7E,
0x3F7E, 0x3F7E, 0x3F7E, 0x3F7E, 0x3F7E, 0x3F7E, 0x3F7E, 0x3F7E, 0x3F7E, 0x3F7E,
0x3F7E, 0x3F7E, 0x3F7E, 0x3F7E, 0x3F7E, 0x3F7E, 0x3F7E, 0x3F7E, 0x3F7E, 0x3F7E,
0x3F7E, 0x3F7E, 0x3F7E, 0x3F7E, 0x3F7E, 0x3F7E, 0x5F7E, 0x5F7E, 0x5F7E, 0x5F7E,
0x5F7E, 0x5F7E, 0x5F7E, 0x5F7E, 0x5F7E, 0x5F7E, 0x5F7E, 0x5F7E, 0x5F7E, 0x5F7E,
0x5F7E, 0x5F7E, 0x5F7E, 0x5F7E, 0x5F7E, 0x5F7E, 0x5F7E, 0x5F7E, 0x5F7E, 0x5F7E,
0x5F7E, 0x5F7E, 0x5F7E, 0x5F7E, 0x5F7E, 0x5F7E, 0x5F7E, 0x5F7E, 0x5F7E, 0x5F7E,
0x5F7E, 0x5F7E, 0x5F7E, 0x5F7E, 0x5F7E, 0x5F7E, 0x5F7E, 0x5F7E, 0x5F7E, 0x5F7E,
0x5F7E, 0x5F7E, 0x5F7E, 0x5F7E, 0x5F7E, 0x5F7E, 0x5F7E, 0x5F7E, 0x5F7E, 0x5F7E,
0x5F7E, 0x5F7E, 0x5F7E, 0x5F7E, 0x5F7E, 0x5F7E, 0x5F7E, 0x5F7E, 0x5F7E, 0x5F7E,
0x5F7E, 0x5F7E, 0x5F7E, 0x5F7E, 0x5F7E, 0x5F7E, 0x5F7E, 0x5F7E, 0x5F7E, 0x5F7E,
0x5F7E, 0x5F7E, 0x5F7E, 0x5F7E, 0x5F7E, 0x5F7E, 0x5F7E, 0x5F7E, 0x5F7E, 0x5F7E,
0x5F7E, 0x5F7E, 0x5F7E, 0x5F7E, 0x5F7E, 0x5F7E, 0x5F7E, 0x5F7E, 0x5F7E, 0x5F7E,
0x5F7E, 0x5F7E, 0x5F7E, 0x5F7E, 0x5F7E, 0x5F7E, 0x5F7E, 0x5F7E, 0x5F7E, 0x5F7E,
0x5F7E, 0x5F7E, 0x5F7E, 0x5F7E, 0x5F7E, 0x5F7E, 0x5F7E, 0x5F7E, 0x5F7E, 0x5F7E,
0x5F7E, 0x5F7E, 0x5F7E, 0x5F7E, 0x5F7E, 0x5F7E, 0x5F7E, 0x5F7E, 0x5F7E, 0x5F7E,
0x3F7E, 0x3F7E, 0x3F7E, 0x3F7E, 0x3F7E, 0x3F7E, 0x3F7E, 0x3F7E, 0x3F7E, 0x3F76,
0x3F76, 0x3F76, 0x3F76, 0x3F76, 0x3F76, 0x3F76, 0x3F76, 0x3F76, 0x3F76, 0x3F76,
0x3F76, 0x3F76, 0x3F76, 0x3F76, 0x3F76, 0x3F76, 0x3F76, 0x3F76, 0x3F76, 0x3F76,
0x3F76, 0x3F76, 0x3F76, 0x3F76, 0x3F76, 0x3F76, 0x3F76, 0x3F76, 0x3F76, 0x3F76,
0x3F76, 0x3F76, 0x3F76, 0x3F76, 0x3F76, 0x3F76, 0x3F76, 0x3F76, 0x3F76, 0x3F76,
0x3F76, 0x3F76, 0x3F76, 0x3F76, 0x3F76, 0x3F76, 0x3F76, 0x3F76, 0x3F76, 0x3F76,
0x3F76, 0x3F76, 0x3F76, 0x3F76, 0x3F76, 0x3F76, 0x3F76, 0x3F76, 0x3F76, 0x3F76,
0x3F76, 0x3F76, 0x3F76, 0x3F76, 0x3F76, 0x3F76, 0x3F76, 0x3F76, 0x3F76, 0x3F76,
0x3F76, 0x3F76, 0x3F76, 0x3F76, 0x3F76, 0x3F76, 0x3F76, 0x3F76, 0x3F76, 0x3F76,
0x3F76, 0x3F76, 0x3F76, 0x3F76, 0x3F76, 0x3F76, 0x3F76, 0x3F76, 0x3F76, 0x3F76,
0x3F76, 0x3F76, 0x3F76, 0x3F76, 0x3F76, 0x3F76, 0x3F76, 0x3F76, 0x3F76, 0x3F76,
0x3F76, 0x3F76, 0x3F76, 0x3F76, 0x3F76, 0x3F76, 0x3F76, 0x3F76, 0x3F76, 0x3F76,
0x3F76, 0x3F76, 0x3F76, 0x3F76, 0x3F76, 0x3F76, 0x5F7E, 0x5F7E, 0x5F7E, 0x5F7E,
0x5F7E, 0x5F7E, 0x5F7E, 0x5F7E, 0x5F7E, 0x5F7E, 0x5F7E, 0x5F7E, 0x5F7E, 0x5F7E,
0x5F7E, 0x5F7E, 0x5F7E, 0x5F7E, 0x5F7E, 0x5E7E, 0x5E7E, 0x5E7E, 0x5E7E, 0x5E7E,
0x5E7E, 0x5E7E, 0x5E7E, 0x5E7E, 0x5F7E, 0x5F7E, 0x5F7E, 0x5F7E, 0x5F7E, 0x5F7E,
0x5F7E, 0x5F7E, 0x5F7E, 0x5F7E, 0x5F7E, 0x5F7E, 0x5F7E, 0x5F7E, 0x5F7E, 0x5F7E,
0x5F7E, 0x5F7E, 0x5F7E, 0x5F7E, 0x5F7E, 0x5F7E, 0x5F7E, 0x5F7E, 0x5F7E, 0x5F7E,
0x5F7E, 0x5F7E, 0x5F7E, 0x5F7E, 0x5F7E, 0x5F7E, 0x5F7E, 0x5F7E, 0x5F7E, 0x5F7E,
0x5F7E, 0x5F7E, 0x5F7E, 0x5F7E, 0x5F7E, 0x5F7E, 0x5F7E, 0x5F7E, 0x5F7E, 0x5F7E,
0x5F7E, 0x5F7E, 0x5F7E, 0x5F7E, 0x5F7E, 0x5F7E, 0x5F7E, 0x5F7E, 0x5F7E, 0x5F7E,
0x5F7E, 0x5F7E, 0x5F7E, 0x5F7E, 0x5F7E, 0x5F7E, 0x5F7E, 0x5F7E, 0x5F7E, 0x5F7E,
0x5F7E, 0x5F7E, 0x5F7E, 0x5F7E, 0x5F7E, 0x5F7E, 0x5F7E, 0x5F7E, 0x5F7E, 0x5F7E,
0x5F7E, 0x5F7E, 0x5F7E, 0x5F7E, 0x5F7E, 0x5F7E, 0x5F7E, 0x5F7E, 0x5F7E, 0x5F7E,
0x5F7E, 0x5F7E, 0x5F7E, 0x5F7E, 0x5F7E, 0x5F7E, 0x5F7E, 0x5F7E, 0x5F7E, 0x5F7E,
0x5F7E, 0x5F7E, 0x5F7E, 0x5F7E, 0x5F7E, 0x5F7E, 0x5F7E, 0x5F7E, 0x5F7E, 0x5F7E,
0x5F7E, 0x5F7E, 0x5F7E, 0x5F7E, 0x5F7E, 0x5F7E, 0x5F7E, 0x5F7E, 0x5F7E, 0x5F7E,
0x5F7E, 0x5F7E, 0x5F7E, 0x5F7E, 0x5F7E, 0x5F7E, 0x5F7E, 0x5F7E, 0x5F7E, 0x5F7E,
0x5F7E, 0x5F7E, 0x5F7E, 0x5F7E, 0x5F7E, 0x5F7E, 0x5F7E, 0x5F7E, 0x5F7E, 0x5F7E,
0x5F7E, 0x5F7E, 0x5F7E, 0x5F7E, 0x5F7E, 0x5F7E, 0x5F7E, 0x5F7E, 0x5F7E, 0x5F7E,
0x5F7E, 0x5F7E, 0x5F7E, 0x5F7E, 0x5F7E, 0x5F7E, 0x5F7E, 0x5F7E, 0x5F7E, 0x5F7E,
0x5F7E, 0x5F7E, 0x5F7E, 0x5F7E, 0x5F7E, 0x5F7E, 0x5F7E, 0x5F7E, 0x5F7E, 0x5F7E,
0x3F7E, 0x3F7E, 0x3F7E, 0x3F7E, 0x3F7E, 0x3F7E, 0x3F7E, 0x3F7E, 0x3F7E, 0x3F76,
0x3F76, 0x3F76, 0x3F76, 0x3F76, 0x3F76, 0x3F76, 0x3F76, 0x3F76, 0x3F76, 0x3F76,
0x3F76, 0x3F76, 0x3F76, 0x3F76, 0x3F76, 0x3F76, 0x3F76, 0x3F76, 0x3F76, 0x3F76,
0x3F76, 0x3F76, 0x3F76, 0x3F76, 0x3F76, 0x3F76, 0x3F76, 0x3F76, 0x3F76, 0x3F76,
0x3F76, 0x3F76, 0x3F76, 0x3F76, 0x3F76, 0x3F76, 0x3F76, 0x3F76, 0x3F76, 0x3F76,
0x3F76, 0x3F76, 0x3F76, 0x3F76, 0x3F76, 0x3F76, 0x3F76, 0x3F76, 0x3F76, 0x3F76,
0x3F76, 0x3F76, 0x3F76, 0x3F76, 0x3F76, 0x3F76, 0x3F76, 0x3F76, 0x3F76, 0x3F76,
0x3F76, 0x3F76, 0x3F76, 0x3F76, 0x3F76, 0x3F76, 0x3F76, 0x3F76, 0x3F76, 0x3F76,
0x3F76, 0x3F76, 0x3F76, 0x3F76, 0x3F76, 0x3F76, 0x3F76, 0x3F76, 0x3F76, 0x3F76,
0x3F76, 0x3F76, 0x3F76, 0x3F76, 0x3F76, 0x3F76, 0x3F76, 0x3F76, 0x3F76, 0x3F76,
0x3F76, 0x3F76, 0x3F76, 0x3F76, 0x3F76, 0x3F76, 0x3F76, 0x3F76, 0x3F76, 0x3F76,
0x3F76, 0x3F76, 0x3F76, 0x3F76, 0x3F76, 0x3F76, 0x3F76, 0x3F76, 0x3F76, 0x3F76,
0x3F76, 0x3F76, 0x3F76, 0x3F76, 0x3F76, 0x3F76, 0x5F86, 0x5F86, 0x5F86, 0x5F86,
0x5F86, 0x5F86, 0x5F86, 0x5F86, 0x5F86, 0x5F86, 0x5F7E, 0x5F7E, 0x5F7E, 0x5F7E,
0x5F7E, 0x5F7E, 0x5F7E, 0x5F7E, 0x5F7E, 0x5E7E, 0x5E7E, 0x5E7E, 0x5E7E, 0x5E7E,
0x5E7E, 0x5E7E, 0x5E7E, 0x5E7E, 0x5F7E, 0x5F7E, 0x5F7E, 0x5F7E, 0x5F7E, 0x5F7E,
0x5F7E, 0x5F7E, 0x5F7E, 0x5F7E, 0x5F7E, 0x5F7E, 0x5F7E, 0x5F7E, 0x5F7E, 0x5F7E,
0x5F7E, 0x5F7E, 0x5F7E, 0x5F7E, 0x5F7E, 0x5F7E, 0x5F7E, 0x5F7E, 0x5F7E, 0x5F7E,
0x5F7E, 0x5F7E, 0x5F7E, 0x5F7E, 0x5F7E, 0x5F7E, 0x5F7E, 0x5F7E, 0x5F7E, 0x5F7E,
0x5F7E, 0x5F7E, 0x5F7E, 0x5F7E, 0x5F7E, 0x5F7E, 0x5F7E, 0x5F7E, 0x5F7E, 0x5F7E,
0x5F7E, 0x5F7E, 0x5F7E, 0x5F7E, 0x5F7E, 0x5F7E, 0x5F7E, 0x5F7E, 0x5F7E, 0x5F7E,
0x5F7E, 0x5F7E, 0x5F7E, 0x5F7E, 0x5F7E, 0x5F7E, 0x5F7E, 0x5F7E, 0x5F7E, 0x5F7E,
0x5F7E, 0x5F7E, 0x5F7E, 0x5F7E, 0x5F7E, 0x5F7E, 0x5F7E, 0x5F7E, 0x5F7E, 0x5F7E,
0x5F7E, 0x5F7E, 0x5F7E, 0x5F7E, 0x5F7E, 0x5F7E, 0x5F7E, 0x5F7E, 0x5F7E, 0x5F7E,
0x5F7E, 0x5F7E, 0x5F7E, 0x5F7E, 0x5F7E, 0x5F7E, 0x5F7E, 0x5F7E, 0x5F7E, 0x5F7E,
0x5F7E, 0x5F7E, 0x5F7E, 0x5F7E, 0x5F7E, 0x5F7E, 0x5F7E, 0x5F7E, 0x5F7E, 0x5F7E,
0x5F7E, 0x5F7E, 0x5F7E, 0x5F7E, 0x5F7E, 0x5F7E, 0x5F7E, 0x5F7E, 0x5F7E, 0x5F7E,
0x5F7E, 0x5F7E, 0x5F7E, 0x5F7E, 0x5F7E, 0x5F7E, 0x5F7E, 0x5F7E, 0x5F7E, 0x5F7E,
0x5F7E, 0x5F7E, 0x5F7E, 0x5F7E, 0x5F7E, 0x5F7E, 0x5F7E, 0x5F7E, 0x5F7E, 0x5F7E,
0x5F7E, 0x5F7E, 0x5F7E, 0x5F7E, 0x5F7E, 0x5F7E, 0x5F7E, 0x5F7E, 0x5F7E, 0x5F7E,
0x5F7E, 0x5F7E, 0x5F7E, 0x5F7E, 0x5F7E, 0x5F7E, 0x5F7E, 0x5F7E, 0x5F7E, 0x5F7E,
0x5F7E, 0x5F7E, 0x5F7E, 0x5F7E, 0x5F7E, 0x5F7E, 0x5F7E, 0x5F7E, 0x5F7E, 0x5F7E,
0x3F7E, 0x3F7E, 0x3F7E, 0x3F7E, 0x3F7E, 0x3F7E, 0x3F7E, 0x3F7E, 0x3F7E, 0x3F76,
0x3F76, 0x3F76, 0x3F76, 0x3F76, 0x3F76, 0x3F76, 0x3F76, 0x3F76, 0x3F76, 0x3F76,
0x3F76, 0x3F76, 0x3F76, 0x3F76, 0x3F76, 0x3F76, 0x3F76, 0x3F76, 0x3F76, 0x3F76,
0x3F76, 0x3F76, 0x3F76, 0x3F76, 0x3F76, 0x3F76, 0x3F76, 0x3F76, 0x3F76, 0x3F76,
0x3F76, 0x3F76, 0x3F76, 0x3F76, 0x3F76, 0x3F76, 0x3F76, 0x3F76, 0x3F76, 0x3F76,
0x3F76, 0x3F76, 0x3F76, 0x3F76, 0x3F76, 0x3F76, 0x3F76, 0x3F76, 0x3F76, 0x3F76,
0x3F76, 0x3F76, 0x3F76, 0x3F76, 0x3F76, 0x3F76, 0x3F76, 0x3F76, 0x3F76, 0x3F76,
0x3F76, 0x3F76, 0x3F76, 0x3F76, 0x3F76, 0x3F76, 0x3F76, 0x3F76, 0x3F76, 0x3F76,
0x3F76, 0x3F76, 0x3F76, 0x3F76, 0x3F76, 0x3F76, 0x3F76, 0x3F76, 0x3F76, 0x3F76,
0x3F76, 0x3F76, 0x3F76, 0x3F76, 0x3F76, 0x3F76, 0x3F76, 0x3F76, 0x3F76, 0x3F76,
0x3F76, 0x3F76, 0x3F76, 0x3F76, 0x3F76, 0x3F76, 0x3F76, 0x3F76, 0x3F76, 0x3F76,
0x3F76, 0x3F76, 0x3F76, 0x3F76, 0x3F76, 0x3F76, 0x3F76, 0x3F76, 0x3F76, 0x3F76,
0x3F76, 0x3F76, 0x3F76, 0x3F76, 0x3F76, 0x3F76, 0x5F86, 0x5F86, 0x5F86, 0x5F86,
0x5F86, 0x5F86, 0x5F86, 0x5F86, 0x5F86, 0x5F86, 0x5F7E, 0x5F7E, 0x5F7E, 0x5F7E,
0x5F7E, 0x5F7E, 0x5F7E, 0x5F7E, 0x5F7E, 0x5F7E, 0x5F7E, 0x5F7E, 0x5F7E, 0x5F7E,
0x5F7E, 0x5F7E, 0x5F7E, 0x5F7E, 0x5F7E, 0x5F7E, 0x5F7E, 0x5F7E, 0x5F7E, 0x5F7E,
0x5F7E, 0x5F7E, 0x5F7E, 0x5F7E, 0x5F7E, 0x5F7E, 0x5F7E, 0x5F7E, 0x5F7E, 0x5F7E,
0x5F7E, 0x5F7E, 0x5F7E, 0x5F7E, 0x5F7E, 0x5F7E, 0x5F7E, 0x5F7E, 0x5F7E, 0x5F7E,
0x5F7E, 0x5F7E, 0x5F7E, 0x5F7E, 0x5F7E, 0x5F7E, 0x5F7E, 0x5F7E, 0x5F7E, 0x5F7E,
0x5F7E, 0x5F7E, 0x5F7E, 0x5F7E, 0x5F7E, 0x5F7E, 0x5F7E, 0x5F7E, 0x5F7E, 0x5F7E,
0x5F7E, 0x5F7E, 0x5F7E, 0x5F7E, 0x5F7E, 0x5F7E, 0x5F7E, 0x5F7E, 0x5F7E, 0x5F7E,
0x5F7E, 0x5F7E, 0x5F7E, 0x5F7E, 0x5F7E, 0x5F7E, 0x5F7E, 0x5F7E, 0x5F7E, 0x5F7E,
0x5F7E, 0x5F7E, 0x5F7E, 0x5F7E, 0x5F7E, 0x5F7E, 0x5F7E, 0x5F7E, 0x5F7E, 0x5F7E,
0x5F7E, 0x5F7E, 0x5F7E, 0x5F7E, 0x5F7E, 0x5F7E, 0x5F7E, 0x5F7E, 0x5F7E, 0x5F7E,
0x5F7E, 0x5F7E, 0x5F7E, 0x5F7E, 0x5F7E, 0x5F7E, 0x5F7E, 0x5F7E, 0x5F7E, 0x5F7E,
0x5F7E, 0x5F7E, 0x5F7E, 0x5F7E, 0x5F7E, 0x5F7E, 0x5F7E, 0x5F7E, 0x5F7E, 0x5F7E,
0x5F7E, 0x5F7E, 0x5F7E, 0x5F7E, 0x5F7E, 0x5F7E, 0x5F7E, 0x5F7E, 0x5F7E, 0x5F7E,
0x5F7E, 0x5F7E, 0x5F7E, 0x5F7E, 0x5F7E, 0x5F7E, 0x5F7E, 0x5F7E, 0x5F7E, 0x5F7E,
0x5F7E, 0x5F7E, 0x5F7E, 0x5F7E, 0x5F7E, 0x5F7E, 0x5F7E, 0x5F7E, 0x5F7E, 0x5F7E,
0x5F7E, 0x5F7E, 0x5F7E, 0x5F7E, 0x5F7E, 0x5F7E, 0x5F7E, 0x5F7E, 0x5F7E, 0x5F7E,
0x5F7E, 0x5F7E, 0x5F7E, 0x5F7E, 0x5F7E, 0x5F7E, 0x5F7E, 0x5F7E, 0x5F7E, 0x5F7E,
0x5F7E, 0x5F7E, 0x5F7E, 0x5F7E, 0x5F7E, 0x5F7E, 0x5F7E, 0x5F7E, 0x5F7E, 0x5F7E,
0x3F7E, 0x3F7E, 0x3F7E, 0x3F7E, 0x3F7E, 0x3F7E, 0x3F7E, 0x3F7E, 0x3F7E, 0x3F76,
0x3F76, 0x3F76, 0x3F76, 0x3F76, 0x3F76, 0x3F76, 0x3F76, 0x3F76, 0x3F76, 0x3F76,
0x3F76, 0x3F76, 0x3F76, 0x3F76, 0x3F76, 0x3F76, 0x3F76, 0x3F76, 0x3F76, 0x3F76,
0x3F76, 0x3F76, 0x3F76, 0x3F76, 0x3F76, 0x3F76, 0x3F76, 0x3F76, 0x3F76, 0x3F76,
0x3F76, 0x3F76, 0x3F76, 0x3F76, 0x3F76, 0x3F76, 0x3F76, 0x3F76, 0x3F76, 0x3F76,
0x3F76, 0x3F76, 0x3F76, 0x3F76, 0x3F76, 0x3F76, 0x3F76, 0x3F76, 0x3F76, 0x3F76,
0x3F76, 0x3F76, 0x3F76, 0x3F76, 0x3F76, 0x3F76, 0x3F76, 0x3F76, 0x3F76, 0x3F76,
0x3F76, 0x3F76, 0x3F76, 0x3F76, 0x3F76, 0x3F76, 0x3F76, 0x3F76, 0x3F76, 0x3F76,
0x3F76, 0x3F76, 0x3F76, 0x3F76, 0x3F76, 0x3F76, 0x3F76, 0x3F76, 0x3F76, 0x3F76,
0x3F76, 0x3F76, 0x3F76, 0x3F76, 0x3F76, 0x3F76, 0x3F76, 0x3F76, 0x3F76, 0x3F76,
0x3F76, 0x3F76, 0x3F76, 0x3F76, 0x3F76, 0x3F76, 0x3F76, 0x3F76, 0x3F76, 0x3F76,
0x3F76, 0x3F76, 0x3F76, 0x3F76, 0x3F76, 0x3F76, 0x3F76, 0x3F76, 0x3F76, 0x3F76,
0x3F76, 0x3F76, 0x3F76, 0x3F76, 0x3F76, 0x3F76, 0x5F86, 0x5F86, 0x5F86, 0x5F86,
0x5F86, 0x5F86, 0x5F86, 0x5F86, 0x5F86, 0x5F86, 0x5F86, 0x5F86, 0x5F86, 0x5F86,
0x5F86, 0x5F86, 0x5F86, 0x5F86, 0x5F86, 0x5F7E, 0x5F7E, 0x5F7E, 0x5F7E, 0x5F7E,
0x5F7E, 0x5F7E, 0x5F7E, 0x5F7E, 0x5F7E, 0x5F7E, 0x5F7E, 0x5F7E, 0x5F7E, 0x5F7E,
0x5F7E, 0x5F7E, 0x5F7E, 0x5F7E, 0x5F7E, 0x5F7E, 0x5F7E, 0x5F7E, 0x5F7E, 0x5F7E,
0x5F7E, 0x5F7E, 0x5F7E, 0x5F7E, 0x5F7E, 0x5F7E, 0x5F7E, 0x5F7E, 0x5F7E, 0x5F7E,
0x5F7E, 0x5F7E, 0x5F7E, 0x5F7E, 0x5F7E, 0x5F7E, 0x5F7E, 0x5F7E, 0x5F7E, 0x5F7E,
0x5F7E, 0x5F7E, 0x5F7E, 0x5F7E, 0x5F7E, 0x5F7E, 0x5F7E, 0x5F7E, 0x5F7E, 0x5F7E,
0x5F7E, 0x5F7E, 0x5F7E, 0x5F7E, 0x5F7E, 0x5F7E, 0x5F7E, 0x5F7E, 0x5F7E, 0x5F7E,
0x5F7E, 0x5F7E, 0x5F7E, 0x5F7E, 0x5F7E, 0x5F7E, 0x5F7E, 0x5F7E, 0x5F7E, 0x5F7E,
0x5F7E, 0x5F7E, 0x5F7E, 0x5F7E, 0x5F7E, 0x5F7E, 0x5F7E, 0x5F7E, 0x5F7E, 0x5F7E,
0x5F7E, 0x5F7E, 0x5F7E, 0x5F7E, 0x5F7E, 0x5F7E, 0x5F7E, 0x5F7E, 0x5F7E, 0x5F7E,
0x5F7E, 0x5F7E, 0x5F7E, 0x5F7E, 0x5F7E, 0x5F7E, 0x5F7E, 0x5F7E, 0x5F7E, 0x5F7E,
0x5F7E, 0x5F7E, 0x5F7E, 0x5F7E, 0x5F7E, 0x5F7E, 0x5F7E, 0x5F7E, 0x5F7E, 0x5F7E,
0x5F7E, 0x5F7E, 0x5F7E, 0x5F7E, 0x5F7E, 0x5F7E, 0x5F7E, 0x5F7E, 0x5F7E, 0x5F7E,
0x5F7E, 0x5F7E, 0x5F7E, 0x5F7E, 0x5F7E, 0x5F7E, 0x5F7E, 0x5F7E, 0x5F7E, 0x5F7E,
0x5F7E, 0x5F7E, 0x5F7E, 0x5F7E, 0x5F7E, 0x5F7E, 0x5F7E, 0x5F7E, 0x5F7E, 0x5F7E,
0x5F7E, 0x5F7E, 0x5F7E, 0x5F7E, 0x5F7E, 0x5F7E, 0x5F7E, 0x5F7E, 0x5F7E, 0x5F7E,
0x5F7E, 0x5F7E, 0x5F7E, 0x5F7E, 0x5F7E, 0x5F7E, 0x5F7E, 0x5F7E, 0x5F7E, 0x5F7E,
0x5F7E, 0x5F7E, 0x5F7E, 0x5F7E, 0x5F7E, 0x5F7E, 0x5F7E, 0x5F7E, 0x5F7E, 0x5F7E,
0x3F7E, 0x3F7E, 0x3F7E, 0x3F7E, 0x3F7E, 0x3F7E, 0x3F7E, 0x3F7E, 0x3F7E, 0x3F76,
0x3F76, 0x3F76, 0x3F76, 0x3F76, 0x3F76, 0x3F76, 0x3F76, 0x3F76, 0x3F76, 0x3F76,
0x3F76, 0x3F76, 0x3F76, 0x3F76, 0x3F76, 0x3F76, 0x3F76, 0x3F76, 0x3F76, 0x3F76,
0x3F76, 0x3F76, 0x3F76, 0x3F76, 0x3F76, 0x3F76, 0x3F76, 0x3F76, 0x3F76, 0x3F76,
0x3F76, 0x3F76, 0x3F76, 0x3F76, 0x3F76, 0x3F76, 0x3F76, 0x3F76, 0x3F76, 0x3F76,
0x3F76, 0x3F76, 0x3F76, 0x3F76, 0x3F76, 0x3F76, 0x3F76, 0x3F76, 0x3F76, 0x3F76,
0x3F76, 0x3F76, 0x3F76, 0x3F76, 0x3F76, 0x3F76, 0x3F76, 0x3F76, 0x3F76, 0x3F76,
0x3F76, 0x3F76, 0x3F76, 0x3F76, 0x3F76, 0x3F76, 0x3F76, 0x3F76, 0x3F76, 0x3F76,
0x3F76, 0x3F76, 0x3F76, 0x3F76, 0x3F76, 0x3F76, 0x3F76, 0x3F76, 0x3F76, 0x3F76,
0x3F76, 0x3F76, 0x3F76, 0x3F76, 0x3F76, 0x3F76, 0x3F76, 0x3F76, 0x3F76, 0x3F76,
0x3F76, 0x3F76, 0x3F76, 0x3F76, 0x3F76, 0x3F76, 0x3F76, 0x3F76, 0x3F76, 0x3F76,
0x3F76, 0x3F76, 0x3F76, 0x3F76, 0x3F76, 0x3F76, 0x3F76, 0x3F76, 0x3F76, 0x3F76,
0x3F76, 0x3F76, 0x3F76, 0x3F76, 0x3F76, 0x3F76, 0x5F86, 0x5F86, 0x5F86, 0x5F86,
0x5F86, 0x5F86, 0x5F86, 0x5F86, 0x5F86, 0x5F86, 0x5F86, 0x5F86, 0x5F86, 0x5F86,
0x5F86, 0x5F86, 0x5F86, 0x5F86, 0x5F86, 0x5F7E, 0x5F7E, 0x5F7E, 0x5F7E, 0x5F7E,
0x5F7E, 0x5F7E, 0x5F7E, 0x5F7E, 0x5F7E, 0x5F7E, 0x5F7E, 0x5F7E, 0x5F7E, 0x5F7E,
0x5F7E, 0x5F7E, 0x5F7E, 0x5F7E, 0x5F7E, 0x5F7E, 0x5F7E, 0x5F7E, 0x5F7E, 0x5F7E,
0x5F7E, 0x5F7E, 0x5F7E, 0x5F7E, 0x5F7E, 0x5F7E, 0x5F7E, 0x5F7E, 0x5F7E, 0x5F7E,
0x5F7E, 0x5F7E, 0x5F7E, 0x5F7E, 0x5F7E, 0x5F7E, 0x5F7E, 0x5F7E, 0x5F7E, 0x5F7E,
0x5F7E, 0x5F7E, 0x5F7E, 0x5F7E, 0x5F7E, 0x5F7E, 0x5F7E, 0x5F7E, 0x5F7E, 0x5F7E,
0x5F7E, 0x5F7E, 0x5F7E, 0x5F7E, 0x5F7E, 0x5F7E, 0x5F7E, 0x5F7E, 0x5F7E, 0x5F7E,
0x5F7E, 0x5F7E, 0x5F7E, 0x5F7E, 0x5F7E, 0x5F7E, 0x5F7E, 0x5F7E, 0x5F7E, 0x5F7E,
0x5F7E, 0x5F7E, 0x5F7E, 0x5F7E, 0x5F7E, 0x5F7E, 0x5F7E, 0x5F7E, 0x5F7E, 0x5F7E,
0x5F7E, 0x5F7E, 0x5F7E, 0x5F7E, 0x5F7E, 0x5F7E, 0x5F7E, 0x5F7E, 0x5F7E, 0x5F7E,
0x5F7E, 0x5F7E, 0x5F7E, 0x5F7E, 0x5F7E, 0x5F7E, 0x5F7E, 0x5F7E, 0x5F7E, 0x5F7E,
0x5F7E, 0x5F7E, 0x5F7E, 0x5F7E, 0x5F7E, 0x5F7E, 0x5F7E, 0x5F7E, 0x5F7E, 0x5F7E,
0x5F7E, 0x5F7E, 0x5F7E, 0x5F7E, 0x5F7E, 0x5F7E, 0x5F7E, 0x5F7E, 0x5F7E, 0x5F7E,
0x5F7E, 0x5F7E, 0x5F7E, 0x5F7E, 0x5F7E, 0x5F7E, 0x5F7E, 0x5F7E, 0x5F7E, 0x5F7E,
0x5F7E, 0x5F7E, 0x5F7E, 0x5F7E, 0x5F7E, 0x5F7E, 0x5F7E, 0x5F7E, 0x5F7E, 0x5F7E,
0x5F7E, 0x5F7E, 0x5F7E, 0x5F7E, 0x5F7E, 0x5F7E, 0x5F7E, 0x5F7E, 0x5F7E, 0x5F7E,
0x5F7E, 0x5F7E, 0x5F7E, 0x5F7E, 0x5F7E, 0x5F7E, 0x5F7E, 0x5F7E, 0x5F7E, 0x5F7E,
0x5F7E, 0x5F7E, 0x5F7E, 0x5F7E, 0x5F7E, 0x5F7E, 0x5F7E, 0x5F7E, 0x5F7E, 0x5F7E,
0x3F7E, 0x3F7E, 0x3F7E, 0x3F7E, 0x3F7E, 0x3F7E, 0x3F7E, 0x3F7E, 0x3F7E, 0x3F76,
0x3F76, 0x3F76, 0x3F76, 0x3F76, 0x3F76, 0x3F76, 0x3F76, 0x3F76, 0x3F76, 0x3F76,
0x3F76, 0x3F76, 0x3F76, 0x3F76, 0x3F76, 0x3F76, 0x3F76, 0x3F76, 0x3F76, 0x3F76,
0x3F76, 0x3F76, 0x3F76, 0x3F76, 0x3F76, 0x3F76, 0x3F76, 0x3F76, 0x3F76, 0x3F76,
0x3F76, 0x3F76, 0x3F76, 0x3F76, 0x3F76, 0x3F76, 0x3F76, 0x3F76, 0x3F76, 0x3F76,
0x3F76, 0x3F76, 0x3F76, 0x3F76, 0x3F76, 0x3F76, 0x3F76, 0x3F76, 0x3F76, 0x3F76,
0x3F76, 0x3F76, 0x3F76, 0x3F76, 0x3F76, 0x3F76, 0x3F76, 0x3F76, 0x3F76, 0x3F76,
0x3F76, 0x3F76, 0x3F76, 0x3F76, 0x3F76, 0x3F76, 0x3F76, 0x3F76, 0x3F76, 0x3F76,
0x3F76, 0x3F76, 0x3F76, 0x3F76, 0x3F76, 0x3F76, 0x3F76, 0x3F76, 0x3F76, 0x3F76,
0x3F76, 0x3F76, 0x3F76, 0x3F76, 0x3F76, 0x3F76, 0x3F76, 0x3F76, 0x3F76, 0x3F76,
0x3F76, 0x3F76, 0x3F76, 0x3F76, 0x3F76, 0x3F76, 0x3F76, 0x3F76, 0x3F76, 0x3F76,
0x3F76, 0x3F76, 0x3F76, 0x3F76, 0x3F76, 0x3F76, 0x3F76, 0x3F76, 0x3F76, 0x3F76,
0x3F76, 0x3F76, 0x3F76, 0x3F76, 0x3F76, 0x3F76, 0x7F86, 0x7F86, 0x7F86, 0x7F86,
0x7F86, 0x7F86, 0x7F86, 0x7F86, 0x7F86, 0x7F86, 0x7F86, 0x7F86, 0x7F86, 0x7F86,
0x7F86, 0x7F86, 0x7F86, 0x7F86, 0x7F86, 0x5E86, 0x5E86, 0x5E86, 0x5E86, 0x5E86,
0x5E86, 0x5E86, 0x5E86, 0x5E86, 0x5F86, 0x5F86, 0x5F86, 0x5F86, 0x5F86, 0x5F86,
0x5F86, 0x5F86, 0x5F86, 0x5F86, 0x5F86, 0x5F86, 0x5F86, 0x5F86, 0x5F86, 0x5F86,
0x5F86, 0x5F86, 0x5F86, 0x5F86, 0x5F86, 0x5F86, 0x5F86, 0x5F86, 0x5F86, 0x5F86,
0x5F86, 0x5F86, 0x5F86, 0x5F86, 0x5F86, 0x5F86, 0x5F86, 0x5F86, 0x5F86, 0x5F86,
0x5F86, 0x5F86, 0x5F86, 0x5F86, 0x5F86, 0x5F86, 0x5F86, 0x5F86, 0x5F86, 0x5F86,
0x5F86, 0x5F86, 0x5F86, 0x5F86, 0x5F86, 0x5F86, 0x5F86, 0x5F86, 0x5F86, 0x5F86,
0x5F86, 0x5F86, 0x5F86, 0x5F86, 0x5F86, 0x5F86, 0x5F86, 0x5F86, 0x5F86, 0x5F86,
0x5F86, 0x5F86, 0x5F86, 0x5F86, 0x5F86, 0x5F86, 0x5F86, 0x5F86, 0x5F86, 0x5F86,
0x5F86, 0x5F86, 0x5F86, 0x5F86, 0x5F86, 0x5F86, 0x5F86, 0x5F86, 0x5F86, 0x5F86,
0x5F86, 0x5F86, 0x5F86, 0x5F86, 0x5F86, 0x5F86, 0x5F7E, 0x5F7E, 0x5F7E, 0x5F7E,
0x5F7E, 0x5F7E, 0x5F7E, 0x5F7E, 0x5F7E, 0x5F7E, 0x5E7E, 0x5E7E, 0x5E7E, 0x5E7E,
0x5E7E, 0x5E7E, 0x5E7E, 0x5E7E, 0x5E7E, 0x5E7E, 0x5E7E, 0x5E7E, 0x5E7E, 0x5E7E,
0x5E7E, 0x5E7E, 0x5E7E, 0x5E7E, 0x5E7E, 0x5E7E, 0x5E7E, 0x5E7E, 0x5E7E, 0x5E7E,
0x5E7E, 0x5E7E, 0x5E7E, 0x5E7E, 0x5E7E, 0x5E7E, 0x5E7E, 0x5E7E, 0x5E7E, 0x5E7E,
0x5E7E, 0x5E7E, 0x5E7E, 0x3F7E, 0x3F7E, 0x3F7E, 0x3F7E, 0x3F7E, 0x3F7E, 0x3F7E,
0x3F7E, 0x3F7E, 0x3F7E, 0x3F7E, 0x3F7E, 0x3F7E, 0x3F7E, 0x3F7E, 0x3F7E, 0x3F7E,
0x3F7E, 0x3F7E, 0x3F7E, 0x3F7E, 0x3F7E, 0x3F7E, 0x3F7E, 0x3F7E, 0x3F7E, 0x3F7E,
0x5F7E, 0x5F7E, 0x5F7E, 0x5F7E, 0x5F7E, 0x5F7E, 0x5F7E, 0x5F7E, 0x5F7E, 0x5F7E,
0x5F7E, 0x5F7E, 0x5F7E, 0x5F7E, 0x5F7E, 0x5F7E, 0x5F7E, 0x5F7E, 0x5F7E, 0x5F7E,
0x5F7E, 0x5F7E, 0x5F7E, 0x5F7E, 0x5F7E, 0x5F7E, 0x5F7E, 0x5F7E, 0x5F7E, 0x5F7E,
0x5F7E, 0x5F7E, 0x5F7E, 0x5F7E, 0x5F7E, 0x5F7E, 0x5F7E, 0x5F7E, 0x5F7E, 0x5F7E,
0x5F7E, 0x5F7E, 0x5F7E, 0x5F7E, 0x5F7E, 0x5F7E, 0x5F7E, 0x5F7E, 0x5F7E, 0x5F7E,
0x5F7E, 0x5F7E, 0x5F7E, 0x5F7E, 0x5F7E, 0x5F7E, 0x5F7E, 0x5F7E, 0x5F7E, 0x5F7E,
0x5F7E, 0x5F7E, 0x5F7E, 0x5F7E, 0x5F7E, 0x5F7E, 0x5F7E, 0x5F7E, 0x5F7E, 0x5F7E,
0x5F7E, 0x5F7E, 0x5F7E, 0x5F7E, 0x5F7E, 0x5F7E, 0x5F7E, 0x5F7E, 0x5F7E, 0x5F7E,
0x5F7E, 0x5F7E, 0x5F7E, 0x5F7E, 0x5F7E, 0x5F7E, 0x5F7E, 0x5F7E, 0x5F7E, 0x5F7E,
0x5F7E, 0x5F7E, 0x5F7E, 0x5F7E, 0x5F7E, 0x5F7E, 0x5F7E, 0x5F7E, 0x5F7E, 0x5F7E,
0x5F7E, 0x5F7E, 0x5F7E, 0x5F7E, 0x5F7E, 0x5F7E, 0x5F7E, 0x5F7E, 0x5F7E, 0x5F7E,
0x5F7E, 0x5F7E, 0x5F7E, 0x5F7E, 0x5F7E, 0x5F7E, 0x5F7E, 0x5F7E, 0x5F7E, 0x5F7E,
0x5F7E, 0x5F7E, 0x5F7E, 0x5F7E, 0x5F7E, 0x3F7E, 0x7F86, 0x7F86, 0x7F86, 0x7F86,
0x7F86, 0x7F86, 0x7F86, 0x7F86, 0x7F86, 0x7F86, 0x7F86, 0x7F86, 0x7F86, 0x7F86,
0x7F86, 0x7F86, 0x7F86, 0x7F86, 0x7F86, 0x5E86, 0x5E86, 0x5E86, 0x5E86, 0x5E86,
0x5E86, 0x5E86, 0x5E86, 0x5E86, 0x5F86, 0x5F86, 0x5F86, 0x5F86, 0x5F86, 0x5F86,
0x5F86, 0x5F86, 0x5F86, 0x5F86, 0x5F86, 0x5F86, 0x5F86, 0x5F86, 0x5F86, 0x5F86,
0x5F86, 0x5F86, 0x5F86, 0x5F86, 0x5F86, 0x5F86, 0x5F86, 0x5F86, 0x5F86, 0x5F86,
0x5F86, 0x5F86, 0x5F86, 0x5F86, 0x5F86, 0x5F86, 0x5F86, 0x5F86, 0x5F86, 0x5F86,
0x5F86, 0x5F86, 0x5F86, 0x5F86, 0x5F86, 0x5F86, 0x5F86, 0x5F86, 0x5F86, 0x5F86,
0x5F86, 0x5F86, 0x5F86, 0x5F86, 0x5F86, 0x5F86, 0x5F86, 0x5F86, 0x5F86, 0x5F86,
0x5F86, 0x5F86, 0x5F86, 0x5F86, 0x5F86, 0x5F86, 0x5F86, 0x5F86, 0x5F86, 0x5F86,
0x5F86, 0x5F86, 0x5F86, 0x5F86, 0x5F86, 0x5F86, 0x5F86, 0x5F86, 0x5F86, 0x5F86,
0x5F86, 0x5F86, 0x5F86, 0x5F86, 0x5F86, 0x5F86, 0x5F86, 0x5F86, 0x5F86, 0x5F86,
0x5F86, 0x5F86, 0x5F86, 0x5F86, 0x5F86, 0x5F86, 0x5F7E, 0x5F7E, 0x5F7E, 0x5F7E,
0x5F7E, 0x5F7E, 0x5F7E, 0x5F7E, 0x5F7E, 0x5F7E, 0x5E7E, 0x5E7E, 0x5E7E, 0x5E7E,
0x5E7E, 0x5E7E, 0x5E7E, 0x5E7E, 0x5E7E, 0x5E7E, 0x5E7E, 0x5E7E, 0x5E7E, 0x5E7E,
0x5E7E, 0x5E7E, 0x5E7E, 0x5E7E, 0x5E7E, 0x5E7E, 0x5E7E, 0x5E7E, 0x5E7E, 0x5E7E,
0x5E7E, 0x5E7E, 0x5E7E, 0x5E7E, 0x5E7E, 0x5E7E, 0x5E7E, 0x5E7E, 0x5E7E, 0x5E7E,
0x5E7E, 0x5E7E, 0x5E7E, 0x3F7E, 0x3F7E, 0x3F7E, 0x3F7E, 0x3F7E, 0x3F7E, 0x3F7E,
0x3F7E, 0x3F7E, 0x3F7E, 0x3F7E, 0x3F7E, 0x3F7E, 0x3F7E, 0x3F7E, 0x3F7E, 0x3F7E,
0x3F7E, 0x3F7E, 0x3F7E, 0x3F7E, 0x3F7E, 0x3F7E, 0x3F7E, 0x3F7E, 0x3F7E, 0x3F7E,
0x5F7E, 0x5F7E, 0x5F7E, 0x5F7E, 0x5F7E, 0x5F7E, 0x5F7E, 0x5F7E, 0x5F7E, 0x5F7E,
0x5F7E, 0x5F7E, 0x5F7E, 0x5F7E, 0x5F7E, 0x5F7E, 0x5F7E, 0x5F7E, 0x5F7E, 0x5F7E,
0x5F7E, 0x5F7E, 0x5F7E, 0x5F7E, 0x5F7E, 0x5F7E, 0x5F7E, 0x5F7E, 0x5F7E, 0x5F7E,
0x5F7E, 0x5F7E, 0x5F7E, 0x5F7E, 0x5F7E, 0x5F7E, 0x5F7E, 0x5F7E, 0x5F7E, 0x5F7E,
0x5F7E, 0x5F7E, 0x5F7E, 0x5F7E, 0x5F7E, 0x5F7E, 0x5F7E, 0x5F7E, 0x5F7E, 0x5F7E,
0x5F7E, 0x5F7E, 0x5F7E, 0x5F7E, 0x5F7E, 0x5F7E, 0x5F7E, 0x5F7E, 0x5F7E, 0x5F7E,
0x5F7E, 0x5F7E, 0x5F7E, 0x5F7E, 0x5F7E, 0x5F7E, 0x5F7E, 0x5F7E, 0x5F7E, 0x5F7E,
0x5F7E, 0x5F7E, 0x5F7E, 0x5F7E, 0x5F7E, 0x5F7E, 0x5F7E, 0x5F7E, 0x5F7E, 0x5F7E,
0x5F7E, 0x5F7E, 0x5F7E, 0x5F7E, 0x5F7E, 0x5F7E, 0x5F7E, 0x5F7E, 0x5F7E, 0x5F7E,
0x5F7E, 0x5F7E, 0x5F7E, 0x5F7E, 0x5F7E, 0x5F7E, 0x5F7E, 0x5F7E, 0x5F7E, 0x5F7E,
0x5F7E, 0x5F7E, 0x5F7E, 0x5F7E, 0x5F7E, 0x5F7E, 0x5F7E, 0x5F7E, 0x5F7E, 0x5F7E,
0x5F7E, 0x5F7E, 0x5F7E, 0x5F7E, 0x5F7E, 0x5F7E, 0x5F7E, 0x5F7E, 0x5F7E, 0x5F7E,
0x5F7E, 0x5F7E, 0x5F7E, 0x5F7E, 0x5F7E, 0x3F7E, 0x7F86, 0x7F86, 0x7F86, 0x7F86,
0x7F86, 0x7F86, 0x7F86, 0x7F86, 0x7F86, 0x7F86, 0x7F86, 0x7F86, 0x7F86, 0x7F86,
0x7F86, 0x7F86, 0x7F86, 0x7F86, 0x7F86, 0x5F86, 0x5F86, 0x5F86, 0x5F86, 0x5F86,
0x5F86, 0x5F86, 0x5F86, 0x5F86, 0x5F86, 0x5F86, 0x5F86, 0x5F86, 0x5F86, 0x5F86,
0x5F86, 0x5F86, 0x5F86, 0x5F86, 0x5F86, 0x5F86, 0x5F86, 0x5F86, 0x5F86, 0x5F86,
0x5F86, 0x5F86, 0x5F86, 0x5F86, 0x5F86, 0x5F86, 0x5F86, 0x5F86, 0x5F86, 0x5F86,
0x5F86, 0x5F86, 0x5F86, 0x5F86, 0x5F86, 0x5F86, 0x5F86, 0x5F86, 0x5F86, 0x5F86,
0x5F86, 0x5F86, 0x5F86, 0x5F86, 0x5F86, 0x5F86, 0x5F86, 0x5F86, 0x5F86, 0x5F86,
0x5F86, 0x5F86, 0x5F86, 0x5F86, 0x5F86, 0x5F86, 0x5F86, 0x5F86, 0x5F86, 0x5F86,
0x5F86, 0x5F86, 0x5F86, 0x5F86, 0x5F86, 0x5F86, 0x5F86, 0x5F86, 0x5F86, 0x5F86,
0x5F86, 0x5F86, 0x5F86, 0x5F86, 0x5F86, 0x5F86, 0x5F86, 0x5F86, 0x5F86, 0x5F86,
0x5F86, 0x5F86, 0x5F86, 0x5F86, 0x5F86, 0x5F86, 0x5F86, 0x5F86, 0x5F86, 0x5F86,
0x5F86, 0x5F86, 0x5F86, 0x5F86, 0x5F86, 0x5F86, 0x5F7E, 0x5F7E, 0x5F7E, 0x5F7E,
0x5F7E, 0x5F7E, 0x5F7E, 0x5F7E, 0x5F7E, 0x5F7E, 0x5E7E, 0x5E7E, 0x5E7E, 0x5E7E,
0x5E7E, 0x5E7E, 0x5E7E, 0x5E7E, 0x5E7E, 0x5E7E, 0x5E7E, 0x5E7E, 0x5E7E, 0x5E7E,
0x5E7E, 0x5E7E, 0x5E7E, 0x5E7E, 0x5E7E, 0x5E7E, 0x5E7E, 0x5E7E, 0x5E7E, 0x5E7E,
0x5E7E, 0x5E7E, 0x5E7E, 0x5E7E, 0x5E7E, 0x5E7E, 0x5E7E, 0x5E7E, 0x5E7E, 0x5E7E,
0x5E7E, 0x5E7E, 0x5E7E, 0x3F7E, 0x3F7E, 0x3F7E, 0x3F7E, 0x3F7E, 0x3F7E, 0x3F7E,
0x3F7E, 0x3F7E, 0x3F7E, 0x3F7E, 0x3F7E, 0x3F7E, 0x3F7E, 0x3F7E, 0x3F7E, 0x3F7E,
0x3F7E, 0x3F7E, 0x3F7E, 0x3F7E, 0x3F7E, 0x3F7E, 0x3F7E, 0x3F7E, 0x3F7E, 0x3F7E,
0x3F7E, 0x3F7E, 0x3F7E, 0x3F7E, 0x3F7E, 0x5F7E, 0x5F7E, 0x5F7E, 0x5F7E, 0x5F7E,
0x5F7E, 0x5F7E, 0x5F7E, 0x5F7E, 0x5F7E, 0x5F7E, 0x5F7E, 0x5F7E, 0x5F7E, 0x5F7E,
0x5F7E, 0x5F7E, 0x5F7E, 0x5F7E, 0x5F7E, 0x5F7E, 0x5F7E, 0x5F7E, 0x5F7E, 0x5F7E,
0x5F7E, 0x5F7E, 0x5F7E, 0x5F7E, 0x5F7E, 0x5F7E, 0x5F7E, 0x5F7E, 0x5F7E, 0x5F7E,
0x5F7E, 0x5F7E, 0x5F7E, 0x5F7E, 0x5F7E, 0x5F7E, 0x5F7E, 0x5F7E, 0x5F7E, 0x5F7E,
0x5F7E, 0x5F7E, 0x5F7E, 0x5F7E, 0x5F7E, 0x5F7E, 0x5F7E, 0x5F7E, 0x5F7E, 0x5F7E,
0x5F7E, 0x5F7E, 0x5F7E, 0x5F7E, 0x5F7E, 0x5F7E, 0x5F7E, 0x5F7E, 0x5F7E, 0x5F7E,
0x5F7E, 0x5F7E, 0x5F7E, 0x5F7E, 0x5F7E, 0x5F7E, 0x5F7E, 0x5F7E, 0x5F7E, 0x5F7E,
0x5F7E, 0x5F7E, 0x5F7E, 0x5F7E, 0x5F7E, 0x5F7E, 0x5F7E, 0x5F7E, 0x5F7E, 0x5F7E,
0x5F7E, 0x5F7E, 0x5F7E, 0x5F7E, 0x5F7E, 0x5F7E, 0x5F7E, 0x5F7E, 0x5F7E, 0x5F7E,
0x5F7E, 0x5F7E, 0x5F7E, 0x5F7E, 0x5F7E, 0x5F7E, 0x5F7E, 0x5F7E, 0x5F7E, 0x5F7E,
0x5F7E, 0x5F7E, 0x5F7E, 0x5F7E, 0x5F7E, 0x5F7E, 0x5F7E, 0x5F7E, 0x5F7E, 0x5F7E,
0x5F7E, 0x5F7E, 0x5F7E, 0x5F7E, 0x5F7E, 0x3F7E, 0x7F86, 0x7F86, 0x7F86, 0x7F86,
0x7F86, 0x7F86, 0x7F86, 0x7F86, 0x7F86, 0x7F86, 0x7F86, 0x7F86, 0x7F86, 0x7F86,
0x7F86, 0x7F86, 0x7F86, 0x7F86, 0x7F86, 0x7F86, 0x7F86, 0x7F86, 0x7F86, 0x7F86,
0x7F86, 0x7F86, 0x7F86, 0x7F86, 0x5F86, 0x5F86, 0x5F86, 0x5F86, 0x5F86, 0x5F86,
0x5F86, 0x5F86, 0x5F86, 0x5F86, 0x5F86, 0x5F86, 0x5F86, 0x5F86, 0x5F86, 0x5F86,
0x5F86, 0x5F86, 0x5F86, 0x5F86, 0x5F86, 0x5F86, 0x5F86, 0x5F86, 0x5F86, 0x5F86,
0x5F86, 0x5F86, 0x5F86, 0x5F86, 0x5F86, 0x5F86, 0x5F86, 0x5F86, 0x5F86, 0x5F86,
0x5F86, 0x5F86, 0x5F86, 0x5F86, 0x5F86, 0x5F86, 0x5F86, 0x5F86, 0x5F86, 0x5F86,
0x5F86, 0x5F86, 0x5F86, 0x5F86, 0x5F86, 0x5F86, 0x5F86, 0x5F86, 0x5F86, 0x5F86,
0x5F86, 0x5F86, 0x5F86, 0x5F86, 0x5F86, 0x5F86, 0x5F86, 0x5F86, 0x5F86, 0x5F86,
0x5F86, 0x5F86, 0x5F86, 0x5F86, 0x5F86, 0x5F86, 0x5F86, 0x5F86, 0x5F86, 0x5F86,
0x5F86, 0x5F86, 0x5F86, 0x5F86, 0x5F86, 0x5F86, 0x5F86, 0x5F86, 0x5F86, 0x5F86,
0x5F86, 0x5F86, 0x5F86, 0x5F86, 0x5F86, 0x5F86, 0x5F86, 0x5F86, 0x5F86, 0x5F86,
0x5F86, 0x5F86, 0x5F86, 0x5F86, 0x5F86, 0x5F86, 0x5F86, 0x5F86, 0x5F86, 0x5F86,
0x5F86, 0x5F86, 0x5F86, 0x5F86, 0x5F86, 0x5F86, 0x5F86, 0x5F86, 0x5F86, 0x5F86,
0x5F86, 0x5F86, 0x5F86, 0x5F86, 0x5E7E, 0x5E7E, 0x5E7E, 0x5E7E, 0x5E7E, 0x5E7E,
0x5E7E, 0x5E7E, 0x5E7E, 0x5E7E, 0x5E7E, 0x5E7E, 0x5E7E, 0x5E7E, 0x5E7E, 0x5E7E,
0x5E7E, 0x5E7E, 0x5E7E, 0x5F7E, 0x5F7E, 0x5F7E, 0x5F7E, 0x5F7E, 0x5F7E, 0x5F7E,
0x5F7E, 0x5F7E, 0x5F7E, 0x5F7E, 0x5F7E, 0x5F7E, 0x5F7E, 0x5F7E, 0x5F7E, 0x5F7E,
0x5F7E, 0x5F7E, 0x5F7E, 0x5F7E, 0x5F7E, 0x5F7E, 0x5F7E, 0x5F7E, 0x5F7E, 0x5F7E,
0x5F7E, 0x5F7E, 0x5F7E, 0x5F7E, 0x5F7E, 0x5F7E, 0x5F7E, 0x5F7E, 0x5F7E, 0x5F7E,
0x5F7E, 0x5F7E, 0x5F7E, 0x5F7E, 0x5F7E, 0x5F7E, 0x5F7E, 0x5F7E, 0x5F7E, 0x5F7E,
0x5F7E, 0x5F7E, 0x5F7E, 0x5F7E, 0x5F7E, 0x5F7E, 0x5F7E, 0x5F7E, 0x5F7E, 0x5F7E,
0x5F7E, 0x5F7E, 0x5F7E, 0x5F7E, 0x5F7E, 0x5F7E, 0x5F7E, 0x5F7E, 0x5F7E, 0x5F7E,
0x5F7E, 0x5F7E, 0x5F7E, 0x5F7E, 0x5F7E, 0x5F7E, 0x5F7E, 0x5F7E, 0x5F7E, 0x5F7E,
0x5F7E, 0x5F7E, 0x5F7E, 0x5F7E, 0x5F7E, 0x5F7E, 0x5F7E, 0x5F7E, 0x5F7E, 0x5F7E,
0x5F7E, 0x5F7E, 0x5F7E, 0x5F7E, 0x5F7E, 0x5F7E, 0x5F7E, 0x5F7E, 0x5F7E, 0x5F7E,
0x5F7E, 0x5F7E, 0x5F7E, 0x5F7E, 0x5F7E, 0x5F7E, 0x5F7E, 0x5F7E, 0x5F7E, 0x5F7E,
0x5F7E, 0x5F7E, 0x5F7E, 0x5F7E, 0x5F7E, 0x5F7E, 0x5F7E, 0x5F7E, 0x5F7E, 0x5F7E,
0x5F7E, 0x5F7E, 0x5F7E, 0x5F7E, 0x5F7E, 0x5F7E, 0x5F7E, 0x5F7E, 0x5F7E, 0x5F7E,
0x5F7E, 0x5F7E, 0x5F7E, 0x5F7E, 0x5F7E, 0x5F7E, 0x5F7E, 0x5F7E, 0x5F7E, 0x5F7E,
0x5F7E, 0x5F7E, 0x5F7E, 0x5F7E, 0x5F7E, 0x5F7E, 0x5F7E, 0x5F7E, 0x5F7E, 0x5F7E,
0x5F7E, 0x5F7E, 0x5F7E, 0x5F7E, 0x5F7E, 0x3F7E, 0x7F86, 0x7F86, 0x7F86, 0x7F86,
0x7F86, 0x7F86, 0x7F86, 0x7F86, 0x7F86, 0x7F86, 0x7F86, 0x7F86, 0x7F86, 0x7F86,
0x7F86, 0x7F86, 0x7F86, 0x7F86, 0x7F86, 0x7F86, 0x7F86, 0x7F86, 0x7F86, 0x7F86,
0x7F86, 0x7F86, 0x7F86, 0x7F86, 0x5F86, 0x5F86, 0x5F86, 0x5F86, 0x5F86, 0x5F86,
0x5F86, 0x5F86, 0x5F86, 0x5F86, 0x5F86, 0x5F86, 0x5F86, 0x5F86, 0x5F86, 0x5F86,
0x5F86, 0x5F86, 0x5F86, 0x5E86, 0x5E86, 0x5E86, 0x5E86, 0x5E86, 0x5E86, 0x5E86,
0x5E86, 0x5E86, 0x5E86, 0x5E86, 0x5E86, 0x5E86, 0x5E86, 0x5E86, 0x5E86, 0x5E86,
0x5E86, 0x5E86, 0x5E86, 0x5E86, 0x5E86, 0x5E86, 0x5E86, 0x5E86, 0x5E86, 0x5E86,
0x5E86, 0x5E86, 0x5E86, 0x5E86, 0x5E86, 0x5E86, 0x5E86, 0x5E86, 0x5E86, 0x5E86,
0x5F86, 0x5F86, 0x5F86, 0x5F86, 0x5F86, 0x5F86, 0x5F86, 0x5F86, 0x5F86, 0x5F86,
0x5F86, 0x5F86, 0x5F86, 0x5F86, 0x5F86, 0x5F86, 0x5F86, 0x5F86, 0x5F86, 0x5F86,
0x5F86, 0x5F86, 0x5F86, 0x5F86, 0x5F86, 0x5F86, 0x5F86, 0x5F86, 0x5F86, 0x5F86,
0x5F86, 0x5F86, 0x5F86, 0x5F86, 0x5F86, 0x5F86, 0x5F86, 0x5F86, 0x5F86, 0x5F86,
0x5F86, 0x5F86, 0x5F86, 0x5F86, 0x5F86, 0x5F86, 0x5F86, 0x5F86, 0x5F86, 0x5F86,
0x5F86, 0x5F86, 0x5F86, 0x5F86, 0x5F86, 0x5F86, 0x5F86, 0x5F86, 0x5F86, 0x5F86,
0x5F86, 0x5F86, 0x5F86, 0x5F86, 0x5F7E, 0x5F7E, 0x5F7E, 0x5F7E, 0x5F7E, 0x5F7E,
0x5F7E, 0x5F7E, 0x5F7E, 0x5F7E, 0x5F7E, 0x5F7E, 0x5F7E, 0x5F7E, 0x5F7E, 0x5F7E,
0x5F7E, 0x5F7E, 0x5F7E, 0x5F7E, 0x5F7E, 0x5F7E, 0x5F7E, 0x5F7E, 0x5F7E, 0x5F7E,
0x5F7E, 0x5F7E, 0x5F7E, 0x5F7E, 0x5F7E, 0x5F7E, 0x5F7E, 0x5F7E, 0x5F7E, 0x5F7E,
0x5F7E, 0x5F7E, 0x5F7E, 0x5F7E, 0x5F7E, 0x5F7E, 0x5F7E, 0x5F7E, 0x5F7E, 0x5F7E,
0x5F7E, 0x5F7E, 0x5F7E, 0x5F7E, 0x5F7E, 0x5F7E, 0x5F7E, 0x5F7E, 0x5F7E, 0x5F7E,
0x5F7E, 0x5F7E, 0x5F7E, 0x5F7E, 0x5F7E, 0x5F7E, 0x5F7E, 0x5F7E, 0x5F7E, 0x5F7E,
0x5F7E, 0x5F7E, 0x5F7E, 0x5F7E, 0x5F7E, 0x5F7E, 0x5F7E, 0x5F7E, 0x5F7E, 0x5F7E,
0x5F7E, 0x5F7E, 0x5F7E, 0x5F7E, 0x5F7E, 0x5F7E, 0x5F7E, 0x5F7E, 0x5F7E, 0x5F7E,
0x5F7E, 0x5F7E, 0x5F7E, 0x5F7E, 0x5F7E, 0x5F7E, 0x5F7E, 0x5F7E, 0x5F7E, 0x5F7E,
0x5F7E, 0x5F7E, 0x5F7E, 0x5F7E, 0x5F7E, 0x5F7E, 0x5F7E, 0x5F7E, 0x5F7E, 0x5F7E,
0x5F7E, 0x5F7E, 0x5F7E, 0x5F7E, 0x5F7E, 0x5F7E, 0x5F7E, 0x5F7E, 0x5F7E, 0x5F7E,
0x5F7E, 0x5F7E, 0x5F7E, 0x5F7E, 0x5F7E, 0x5F7E, 0x5F7E, 0x5F7E, 0x5F7E, 0x5F7E,
0x5F7E, 0x5F7E, 0x5F7E, 0x5F7E, 0x5F7E, 0x5F7E, 0x5F7E, 0x5F7E, 0x5F7E, 0x5F7E,
0x5F7E, 0x5F7E, 0x5F7E, 0x5F7E, 0x5F7E, 0x5F7E, 0x5F7E, 0x5F7E, 0x5F7E, 0x5F7E,
0x5F7E, 0x5F7E, 0x5F7E, 0x5F7E, 0x5F7E, 0x5F7E, 0x5F7E, 0x5F7E, 0x5F7E, 0x5F7E,
0x5F7E, 0x5F7E, 0x5F7E, 0x5F7E, 0x5F7E, 0x5F7E, 0x5F7E, 0x5F7E, 0x5F7E, 0x5F7E,
0x5F7E, 0x5F7E, 0x5F7E, 0x5F7E, 0x5F7E, 0x3F7E, 0x7F86, 0x7F86, 0x7F86, 0x7F86,
0x7F86, 0x7F86, 0x7F86, 0x7F86, 0x7F86, 0x7F86, 0x7F86, 0x7F86, 0x7F86, 0x7F86,
0x7F86, 0x7F86, 0x7F86, 0x7F86, 0x7F86, 0x7F86, 0x7F86, 0x7F86, 0x7F86, 0x7F86,
0x7F86, 0x7F86, 0x7F86, 0x7F86, 0x5F86, 0x5F86, 0x5F86, 0x5F86, 0x5F86, 0x5F86,
0x5F86, 0x5F86, 0x5F86, 0x5F86, 0x5F86, 0x5F86, 0x5F86, 0x5F86, 0x5F86, 0x5F86,
0x5F86, 0x5F86, 0x5F86, 0x5E86, 0x5E86, 0x5E86, 0x5E86, 0x5E86, 0x5E86, 0x5E86,
0x5E86, 0x5E86, 0x5E86, 0x5E86, 0x5E86, 0x5E86, 0x5E86, 0x5E86, 0x5E86, 0x5E86,
0x5E86, 0x5E86, 0x5E86, 0x5E86, 0x5E86, 0x5E86, 0x5E86, 0x5E86, 0x5E86, 0x5E86,
0x5E86, 0x5E86, 0x5E86, 0x5E86, 0x5E86, 0x5E86, 0x5E86, 0x5E86, 0x5E86, 0x5E86,
0x5F86, 0x5F86, 0x5F86, 0x5F86, 0x5F86, 0x5F86, 0x5F86, 0x5F86, 0x5F86, 0x5F86,
0x5F86, 0x5F86, 0x5F86, 0x5F86, 0x5F86, 0x5F86, 0x5F86, 0x5F86, 0x5F86, 0x5F86,
0x5F86, 0x5F86, 0x5F86, 0x5F86, 0x5F86, 0x5F86, 0x5F86, 0x5F86, 0x5F86, 0x5F86,
0x5F86, 0x5F86, 0x5F86, 0x5F86, 0x5F86, 0x5F86, 0x5F86, 0x5F86, 0x5F86, 0x5F86,
0x5F86, 0x5F86, 0x5F86, 0x5F86, 0x5F86, 0x5F86, 0x5F86, 0x5F86, 0x5F86, 0x5F86,
0x5F86, 0x5F86, 0x5F86, 0x5F86, 0x5F86, 0x5F86, 0x5F86, 0x5F86, 0x5F86, 0x5F86,
0x5F86, 0x5F86, 0x5F86, 0x5F86, 0x5F7E, 0x5F7E, 0x5F7E, 0x5F7E, 0x5F7E, 0x5F7E,
0x5F7E, 0x5F7E, 0x5F7E, 0x5F7E, 0x5F7E, 0x5F7E, 0x5F7E, 0x5F7E, 0x5F7E, 0x5F7E,
0x5F7E, 0x5F7E, 0x5F7E, 0x5F7E, 0x5F7E, 0x5F7E, 0x5F7E, 0x5F7E, 0x5F7E, 0x5F7E,
0x5F7E, 0x5F7E, 0x5F7E, 0x5F7E, 0x5F7E, 0x5F7E, 0x5F7E, 0x5F7E, 0x5F7E, 0x5F7E,
0x5F7E, 0x5F7E, 0x5F7E, 0x5F7E, 0x5F7E, 0x5F7E, 0x5F7E, 0x5F7E, 0x5F7E, 0x5F7E,
0x5F86, 0x5F86, 0x5F86, 0x5F86, 0x5F86, 0x5F7E, 0x5F7E, 0x5F7E, 0x5F7E, 0x5F7E,
0x5F7E, 0x5F7E, 0x5F7E, 0x5F7E, 0x5F7E, 0x5F7E, 0x5F7E, 0x5F7E, 0x5F7E, 0x5F7E,
0x5F7E, 0x5F7E, 0x5F7E, 0x5F7E, 0x5F7E, 0x5F7E, 0x5F7E, 0x5F7E, 0x5F7E, 0x5F7E,
0x5F7E, 0x5F7E, 0x5F7E, 0x5F7E, 0x5F7E, 0x5F7E, 0x5F7E, 0x5F7E, 0x5F7E, 0x5F7E,
0x5F7E, 0x5F7E, 0x5F7E, 0x5F7E, 0x5F7E, 0x5F7E, 0x5F7E, 0x5F7E, 0x5F7E, 0x5F7E,
0x5F7E, 0x5F7E, 0x5F7E, 0x5F7E, 0x5F7E, 0x5F7E, 0x5F7E, 0x5F7E, 0x5F7E, 0x5F7E,
0x5F7E, 0x5F7E, 0x5F7E, 0x5F7E, 0x5F7E, 0x5F7E, 0x5F7E, 0x5F7E, 0x5F7E, 0x5F7E,
0x5F7E, 0x5F7E, 0x5F7E, 0x5F7E, 0x5F7E, 0x5F7E, 0x5F7E, 0x5F7E, 0x5F7E, 0x5F7E,
0x5F7E, 0x5F7E, 0x5F7E, 0x5F7E, 0x5F7E, 0x5F7E, 0x5F7E, 0x5F7E, 0x5F7E, 0x5F7E,
0x5F7E, 0x5F7E, 0x5F7E, 0x5F7E, 0x5F7E, 0x5F7E, 0x5F7E, 0x5F7E, 0x5F7E, 0x5F7E,
0x5F7E, 0x5F7E, 0x5F7E, 0x5F7E, 0x5F7E, 0x5F7E, 0x5F7E, 0x5F7E, 0x5F7E, 0x5F7E,
0x5F7E, 0x5F7E, 0x5F7E, 0x5F7E, 0x5F7E, 0x5F7E, 0x5F7E, 0x5F7E, 0x5F7E, 0x5F7E,
0x5F7E, 0x5F7E, 0x5F7E, 0x5F7E, 0x5F7E, 0x3F7E, 0x7F86, 0x7F86, 0x7F86, 0x7F86,
0x7F86, 0x7F86, 0x7F86, 0x7F86, 0x7F86, 0x7F86, 0x7F86, 0x7F86, 0x7F86, 0x7F86,
0x7F86, 0x7F86, 0x7F86, 0x7F86, 0x7F86, 0x7F86, 0x7F86, 0x7F86, 0x7F86, 0x7F86,
0x7F86, 0x7F86, 0x7F86, 0x7F86, 0x5F86, 0x5F86, 0x5F86, 0x5F86, 0x5F86, 0x5F86,
0x5F86, 0x5F86, 0x5F86, 0x5F86, 0x5F86, 0x5F86, 0x5F86, 0x5F86, 0x5F86, 0x5F86,
0x5F86, 0x5F86, 0x5F86, 0x5E86, 0x5E86, 0x5E86, 0x5E86, 0x5E86, 0x5E86, 0x5E86,
0x5E86, 0x5E86, 0x5E86, 0x5E86, 0x5E86, 0x5E86, 0x5E86, 0x5E86, 0x5E86, 0x5E86,
0x5E86, 0x5E86, 0x5E86, 0x5E86, 0x5E86, 0x5E86, 0x5E86, 0x5E86, 0x5E86, 0x5E86,
0x5E86, 0x5E86, 0x5E86, 0x5E86, 0x5E86, 0x5E86, 0x5E86, 0x5E86, 0x5E86, 0x5E86,
0x5F86, 0x5F86, 0x5F86, 0x5F86, 0x5F86, 0x5F86, 0x5F86, 0x5F86, 0x5F86, 0x5F86,
0x5F86, 0x5F86, 0x5F86, 0x5F86, 0x5F86, 0x5F86, 0x5F86, 0x5F86, 0x5F86, 0x5F86,
0x5F86, 0x5F86, 0x5F86, 0x5F86, 0x5F86, 0x5F86, 0x5F86, 0x5F86, 0x5F86, 0x5F86,
0x5F86, 0x5F86, 0x5F86, 0x5F86, 0x5F86, 0x5F86, 0x5F86, 0x5F86, 0x5F86, 0x5F86,
0x5F86, 0x5F86, 0x5F86, 0x5F86, 0x5F86, 0x5F86, 0x5F86, 0x5F86, 0x5F86, 0x5F86,
0x5F86, 0x5F86, 0x5F86, 0x5F86, 0x5F86, 0x5F86, 0x5F86, 0x5F86, 0x5F86, 0x5F86,
0x5F86, 0x5F86, 0x5F86, 0x5F86, 0x5F7E, 0x5F7E, 0x5F7E, 0x5F7E, 0x5F7E, 0x5F7E,
0x5F7E, 0x5F7E, 0x5F7E, 0x5F7E, 0x5F7E, 0x5F7E, 0x5F7E, 0x5F7E, 0x5F7E, 0x5F7E,
0x5F7E, 0x5F7E, 0x5F7E, 0x5F7E, 0x5F7E, 0x5F7E, 0x5F7E, 0x5F7E, 0x5F7E, 0x5F7E,
0x5F7E, 0x5F7E, 0x5F7E, 0x5F7E, 0x5F7E, 0x5F7E, 0x5F7E, 0x5F7E, 0x5F7E, 0x5F7E,
0x5F7E, 0x5F7E, 0x5F7E, 0x5F7E, 0x5F7E, 0x5F7E, 0x5F7E, 0x5F7E, 0x5F7E, 0x5F7E,
0x5F86, 0x5F86, 0x5F86, 0x5F86, 0x5F86, 0x5F7E, 0x5F7E, 0x5F7E, 0x5F7E, 0x5F7E,
0x5F7E, 0x5F7E, 0x5F7E, 0x5F7E, 0x5F7E, 0x5F7E, 0x5F7E, 0x5F7E, 0x5F7E, 0x5F7E,
0x5F7E, 0x5F7E, 0x5F7E, 0x5F7E, 0x5F7E, 0x5F7E, 0x5F7E, 0x5F7E, 0x5F7E, 0x5F7E,
0x5F7E, 0x5F7E, 0x5F7E, 0x5F7E, 0x5F7E, 0x5F7E, 0x5F7E, 0x5F7E, 0x5F7E, 0x5F7E,
0x5F7E, 0x5F7E, 0x5F7E, 0x5F7E, 0x5F7E, 0x5F7E, 0x5F7E, 0x5F7E, 0x5F7E, 0x5F7E,
0x5F7E, 0x5F7E, 0x5F7E, 0x5F7E, 0x5F7E, 0x5F7E, 0x5F7E, 0x5F7E, 0x5F7E, 0x5F7E,
0x5F7E, 0x5F7E, 0x5F7E, 0x5F7E, 0x5F7E, 0x5F7E, 0x5F7E, 0x5F7E, 0x5F7E, 0x5F7E,
0x5F7E, 0x5F7E, 0x5F7E, 0x5F7E, 0x5F7E, 0x5F7E, 0x5F7E, 0x5F7E, 0x5F7E, 0x5F7E,
0x5F7E, 0x5F7E, 0x5F7E, 0x5F7E, 0x5F7E, 0x5F7E, 0x5F7E, 0x5F7E, 0x5F7E, 0x5F7E,
0x5F7E, 0x5F7E, 0x5F7E, 0x5F7E, 0x5F7E, 0x5F7E, 0x5F7E, 0x5F7E, 0x5F7E, 0x5F7E,
0x5F7E, 0x5F7E, 0x5F7E, 0x5F7E, 0x5F7E, 0x5F7E, 0x5F7E, 0x5F7E, 0x5F7E, 0x5F7E,
0x5F7E, 0x5F7E, 0x5F7E, 0x5F7E, 0x5F7E, 0x5F7E, 0x5F7E, 0x5F7E, 0x5F7E, 0x5F7E,
0x5F7E, 0x5F7E, 0x5F7E, 0x5F7E, 0x5F7E, 0x3F7E, 0x7F86, 0x7F86, 0x7F86, 0x7F86,
0x7F86, 0x7F86, 0x7F86, 0x7F86, 0x7F86, 0x7F86, 0x7F86, 0x7F86, 0x7F86, 0x7F86,
0x7F86, 0x7F86, 0x7F86, 0x7F86, 0x7F86, 0x7F86, 0x7F86, 0x7F86, 0x7F86, 0x7F86,
0x7E86, 0x7E86, 0x7E86, 0x7E86, 0x7F86, 0x7F86, 0x7F86, 0x7F86, 0x7F86, 0x7F86,
0x7F86, 0x7F86, 0x7F86, 0x7F86, 0x7F86, 0x7F86, 0x7F86, 0x7F86, 0x7F86, 0x7F86,
0x7F86, 0x7F86, 0x7F86, 0x7F86, 0x7F86, 0x7F86, 0x7F86, 0x7F86, 0x7F86, 0x7F86,
0x7F86, 0x7F86, 0x7F86, 0x7F86, 0x7F86, 0x7F86, 0x7F86, 0x7F86, 0x7F86, 0x7F86,
0x7F86, 0x7F86, 0x7F86, 0x7F86, 0x7F86, 0x7F86, 0x7F86, 0x7F86, 0x7F86, 0x7F86,
0x5F86, 0x5F86, 0x5F86, 0x5F86, 0x5F86, 0x5F86, 0x5F86, 0x5F86, 0x5F86, 0x5F86,
0x5F86, 0x5F86, 0x5F86, 0x5F86, 0x5F86, 0x5F86, 0x5F86, 0x5F86, 0x5F86, 0x5F86,
0x5F86, 0x5F86, 0x5F86, 0x5F86, 0x5F86, 0x5F86, 0x5F86, 0x5F86, 0x7F86, 0x7F86,
0x7F86, 0x7F86, 0x7F86, 0x7F86, 0x7F86, 0x7F86, 0x7F86, 0x5F86, 0x5F86, 0x5F86,
0x5F86, 0x5F86, 0x5F86, 0x5F86, 0x5F86, 0x5F86, 0x7F86, 0x7F86, 0x7F86, 0x7F86,
0x7F86, 0x7F86, 0x7F86, 0x7F86, 0x7F86, 0x7F86, 0x7F86, 0x7F86, 0x7F86, 0x7F86,
0x7F86, 0x7F86, 0x7F86, 0x7F86, 0x7F86, 0x7F86, 0x7F86, 0x7F86, 0x7F86, 0x5E86,
0x5E86, 0x5E86, 0x5E86, 0x5E86, 0x5E86, 0x5E86, 0x5E86, 0x5E86, 0x5E86, 0x5E86,
0x5E86, 0x5E86, 0x5E86, 0x5F86, 0x5F86, 0x5F86, 0x5F86, 0x5F86, 0x5F86, 0x5F86,
0x5F86, 0x5F86, 0x5F86, 0x5F86, 0x5F86, 0x5F86, 0x5F86, 0x5F86, 0x5F86, 0x5F86,
0x5F86, 0x5F86, 0x5F86, 0x5F86, 0x5F86, 0x5F86, 0x5F86, 0x5F86, 0x5F86, 0x5F86,
0x5F86, 0x5F86, 0x5F86, 0x5F86, 0x5F86, 0x5F86, 0x5F86, 0x5F86, 0x5F86, 0x5F86,
0x5F86, 0x5F86, 0x5F86, 0x5F86, 0x5F86, 0x5F86, 0x5F86, 0x5F86, 0x5F86, 0x5F86,
0x5F86, 0x5F86, 0x5F86, 0x5F86, 0x5F86, 0x5F86, 0x5F86, 0x5F86, 0x5F86, 0x5F86,
0x5F86, 0x5F86, 0x5F86, 0x5F86, 0x5F86, 0x5F86, 0x5F86, 0x5F86, 0x5F86, 0x5F86,
0x5F86, 0x5F86, 0x5F86, 0x5F86, 0x5F86, 0x5F86, 0x5F86, 0x5F86, 0x5F86, 0x5F86,
0x5F86, 0x5F86, 0x5F86, 0x5F86, 0x5F86, 0x5F86, 0x5F86, 0x5F86, 0x5F86, 0x5F86,
0x5F86, 0x5F86, 0x5F86, 0x5F86, 0x5F86, 0x5F86, 0x5F7E, 0x5F7E, 0x5F7E, 0x5F7E,
0x5F7E, 0x5F7E, 0x5F7E, 0x5F7E, 0x5F7E, 0x5E7E, 0x5E7E, 0x5E7E, 0x5E7E, 0x5E7E,
0x5E7E, 0x5E7E, 0x5E7E, 0x5E7E, 0x5E7E, 0x5E7E, 0x5E7E, 0x5E7E, 0x5E7E, 0x5F7E,
0x5F7E, 0x5F7E, 0x5F7E, 0x5F7E, 0x5F7E, 0x5F7E, 0x5F7E, 0x5F7E, 0x5E7E, 0x5E7E,
0x5E7E, 0x5E7E, 0x5E7E, 0x5E7E, 0x5E7E, 0x5E7E, 0x5E7E, 0x5E7E, 0x5E7E, 0x5E7E,
0x5E7E, 0x5E7E, 0x3F7E, 0x3F7E, 0x3F7E, 0x3F7E, 0x3F7E, 0x3F7E, 0x3F7E, 0x3F7E,
0x3F7E, 0x3F7E, 0x3F7E, 0x3F7E, 0x3F7E, 0x3F7E, 0x3F7E, 0x3F7E, 0x3F7E, 0x3F7E,
0x3F7E, 0x3F7E, 0x3F7E, 0x3F7E, 0x3F7E, 0x3F7E, 0x7F86, 0x7F86, 0x7F86, 0x7F86,
0x7F86, 0x7F86, 0x7F86, 0x7F86, 0x7F86, 0x7F86, 0x7F86, 0x7F86, 0x7F86, 0x7F86,
0x7F86, 0x7F86, 0x7F86, 0x7F86, 0x7F86, 0x7F86, 0x7F86, 0x7F86, 0x7F86, 0x7F86,
0x7E86, 0x7E86, 0x7E86, 0x7E86, 0x7F86, 0x7F86, 0x7F86, 0x7F86, 0x7F86, 0x7F86,
0x7F86, 0x7F86, 0x7F86, 0x7F86, 0x7F86, 0x7F86, 0x7F86, 0x7F86, 0x7F86, 0x7F86,
0x7F86, 0x7F86, 0x7F86, 0x7F86, 0x7F86, 0x7F86, 0x7F86, 0x7F86, 0x7F86, 0x7F86,
0x7F86, 0x7F86, 0x7F86, 0x7F86, 0x7F86, 0x7F86, 0x7F86, 0x7F86, 0x7F86, 0x7F86,
0x7F86, 0x7F86, 0x7F86, 0x7F86, 0x7F86, 0x7F86, 0x7F86, 0x7F86, 0x7F86, 0x7F86,
0x5F86, 0x5F86, 0x5F86, 0x5F86, 0x5F86, 0x5F86, 0x5F86, 0x5F86, 0x5F86, 0x5F86,
0x5F86, 0x5F86, 0x5F86, 0x5F86, 0x5F86, 0x5F86, 0x5F86, 0x5F86, 0x5F86, 0x5F86,
0x5F86, 0x5F86, 0x5F86, 0x5F86, 0x5F86, 0x5F86, 0x5F86, 0x5F86, 0x7F86, 0x7F86,
0x7F86, 0x7F86, 0x7F86, 0x7F86, 0x7F86, 0x7F86, 0x7F86, 0x5F86, 0x5F86, 0x5F86,
0x5F86, 0x5F86, 0x5F86, 0x5F86, 0x5F86, 0x5F86, 0x7F86, 0x7F86, 0x7F86, 0x7F86,
0x7F86, 0x7F86, 0x7F86, 0x7F86, 0x7F86, 0x7F86, 0x7F86, 0x7F86, 0x7F86, 0x7F86,
0x7F86, 0x7F86, 0x7F86, 0x7F86, 0x7F86, 0x7F86, 0x7F86, 0x7F86, 0x7F86, 0x5E86,
0x5E86, 0x5E86, 0x5E86, 0x5E86, 0x5E86, 0x5E86, 0x5E86, 0x5E86, 0x5E86, 0x5E86,
0x5E86, 0x5E86, 0x5E86, 0x5F86, 0x5F86, 0x5F86, 0x5F86, 0x5F86, 0x5F86, 0x5F86,
0x5F86, 0x5F86, 0x5F86, 0x5F86, 0x5F86, 0x5F86, 0x5F86, 0x5F86, 0x5F86, 0x5F86,
0x5F86, 0x5F86, 0x5F86, 0x5F86, 0x5F86, 0x5F86, 0x5F86, 0x5F86, 0x5F86, 0x5F86,
0x5F86, 0x5F86, 0x5F86, 0x5F86, 0x5F86, 0x5F86, 0x5F86, 0x5F86, 0x5F86, 0x5F86,
0x5F86, 0x5F86, 0x5F86, 0x5F86, 0x5F86, 0x5F86, 0x5F86, 0x5F86, 0x5F86, 0x5F86,
0x5F86, 0x5F86, 0x5F86, 0x5F86, 0x5F86, 0x5F86, 0x5F86, 0x5F86, 0x5F86, 0x5F86,
0x5F86, 0x5F86, 0x5F86, 0x5F86, 0x5F86, 0x5F86, 0x5F86, 0x5F86, 0x5F86, 0x5F86,
0x5F86, 0x5F86, 0x5F86, 0x5F86, 0x5F86, 0x5F86, 0x5F86, 0x5F86, 0x5F86, 0x5F86,
0x5F86, 0x5F86, 0x5F86, 0x5F86, 0x5F86, 0x5F86, 0x5F86, 0x5F86, 0x5F86, 0x5F86,
0x5F86, 0x5F86, 0x5F86, 0x5F86, 0x5F86, 0x5F86, 0x5F7E, 0x5F7E, 0x5F7E, 0x5F7E,
0x5F7E, 0x5F7E, 0x5F7E, 0x5F7E, 0x5F7E, 0x5E7E, 0x5E7E, 0x5E7E, 0x5E7E, 0x5E7E,
0x5E7E, 0x5E7E, 0x5E7E, 0x5E7E, 0x5E7E, 0x5E7E, 0x5E7E, 0x5E7E, 0x5E7E, 0x5F7E,
0x5F7E, 0x5F7E, 0x5F7E, 0x5F7E, 0x5F7E, 0x5F7E, 0x5F7E, 0x5F7E, 0x5E7E, 0x5E7E,
0x5E7E, 0x5E7E, 0x5E7E, 0x5E7E, 0x5E7E, 0x5E7E, 0x5E7E, 0x5E7E, 0x5E7E, 0x5E7E,
0x5E7E, 0x5E7E, 0x3F7E, 0x3F7E, 0x3F7E, 0x3F7E, 0x3F7E, 0x3F7E, 0x3F7E, 0x3F7E,
0x3F7E, 0x3F7E, 0x3F7E, 0x3F7E, 0x3F7E, 0x3F7E, 0x3F7E, 0x3F7E, 0x3F7E, 0x3F7E,
0x3F7E, 0x3F7E, 0x3F7E, 0x3F7E, 0x3F7E, 0x3F7E, 0x7F86, 0x7F86, 0x7F86, 0x7F86,
0x7F86, 0x7F86, 0x7F86, 0x7F86, 0x7F86, 0x7F86, 0x7F86, 0x7F86, 0x7F86, 0x7F86,
0x7F86, 0x7F86, 0x7F86, 0x7F86, 0x7F86, 0x7F86, 0x7F86, 0x7F86, 0x7F86, 0x7F86,
0x7F86, 0x7F86, 0x7F86, 0x7F86, 0x7F86, 0x7F86, 0x7F86, 0x7F86, 0x7F86, 0x7F86,
0x7F86, 0x7F86, 0x7F86, 0x7F86, 0x7F86, 0x7F86, 0x7F86, 0x7F86, 0x7F86, 0x7F86,
0x7F86, 0x7F86, 0x7F86, 0x7F86, 0x7F86, 0x7F86, 0x7F86, 0x7F86, 0x7F86, 0x7F86,
0x7F86, 0x7F86, 0x7F86, 0x7F86, 0x7F86, 0x7F86, 0x7F86, 0x7F86, 0x7F86, 0x7F86,
0x7F86, 0x7F86, 0x7F86, 0x7F86, 0x7F86, 0x7F86, 0x7F86, 0x7F86, 0x7F86, 0x7F86,
0x5F86, 0x5F86, 0x5F86, 0x5F86, 0x5F86, 0x5F86, 0x5F86, 0x5F86, 0x5F86, 0x5F86,
0x5F86, 0x5F86, 0x5F86, 0x5F86, 0x5F86, 0x5F86, 0x5F86, 0x5F86, 0x5F86, 0x5F86,
0x5F86, 0x5F86, 0x5F86, 0x5F86, 0x5F86, 0x5F86, 0x5F86, 0x5F86, 0x7F86, 0x7F86,
0x7F86, 0x7F86, 0x7F86, 0x7F86, 0x7F86, 0x7F86, 0x7F86, 0x5F86, 0x5F86, 0x5F86,
0x5F86, 0x5F86, 0x5F86, 0x5F86, 0x5F86, 0x5F86, 0x7F86, 0x7F86, 0x7F86, 0x7F86,
0x7F86, 0x7F86, 0x7F86, 0x7F86, 0x7F86, 0x7F86, 0x7F86, 0x7F86, 0x7F86, 0x7F86,
0x7F86, 0x7F86, 0x7F86, 0x7F86, 0x7F86, 0x7F86, 0x7F86, 0x7F86, 0x7F86, 0x5F86,
0x5F86, 0x5F86, 0x5F86, 0x5F86, 0x5F86, 0x5F86, 0x5F86, 0x5F86, 0x5F86, 0x5F86,
0x5F86, 0x5F86, 0x5F86, 0x5F86, 0x5F86, 0x5F86, 0x5F86, 0x5F86, 0x5F86, 0x5F86,
0x5F86, 0x5F86, 0x5F86, 0x5F86, 0x5F86, 0x5F86, 0x5F86, 0x5F86, 0x5F86, 0x5F86,
0x5F86, 0x5F86, 0x5F86, 0x5F86, 0x5F86, 0x5F86, 0x5F86, 0x5F86, 0x5F86, 0x5F86,
0x5F86, 0x5F86, 0x5F86, 0x5F86, 0x5F86, 0x5F86, 0x5F86, 0x5F86, 0x5F86, 0x5F86,
0x5F86, 0x5F86, 0x5F86, 0x5F86, 0x5F86, 0x5F86, 0x5F86, 0x5F86, 0x5F86, 0x5F86,
0x5F86, 0x5F86, 0x5F86, 0x5F86, 0x5F86, 0x5F86, 0x5F86, 0x5F86, 0x5F86, 0x5F86,
0x5F86, 0x5F86, 0x5F86, 0x5F86, 0x5F86, 0x5F86, 0x5F86, 0x5F86, 0x5F86, 0x5F86,
0x5F86, 0x5F86, 0x5F86, 0x5F86, 0x5F86, 0x5F86, 0x5F86, 0x5F86, 0x5F86, 0x5F86,
0x5F86, 0x5F86, 0x5F86, 0x5F86, 0x5F86, 0x5F86, 0x5F86, 0x5F86, 0x5F86, 0x5F86,
0x5F86, 0x5F86, 0x5F86, 0x5F86, 0x5F86, 0x5F86, 0x5F7E, 0x5F7E, 0x5F7E, 0x5F7E,
0x5F7E, 0x5F7E, 0x5F7E, 0x5F7E, 0x5F7E, 0x5E7E, 0x5E7E, 0x5E7E, 0x5E7E, 0x5E7E,
0x5E7E, 0x5E7E, 0x5E7E, 0x5E7E, 0x5E7E, 0x5E7E, 0x5E7E, 0x5E7E, 0x5E7E, 0x5F7E,
0x5F7E, 0x5F7E, 0x5F7E, 0x5F7E, 0x5F7E, 0x5F7E, 0x5F7E, 0x5F7E, 0x5E7E, 0x5E7E,
0x5E7E, 0x5E7E, 0x5E7E, 0x5E7E, 0x5E7E, 0x5E7E, 0x5E7E, 0x5E7E, 0x5E7E, 0x5E7E,
0x5E7E, 0x5E7E, 0x3F7E, 0x3F7E, 0x3F7E, 0x3F7E, 0x3F7E, 0x3F7E, 0x3F7E, 0x3F7E,
0x3F7E, 0x3F7E, 0x3F7E, 0x3F7E, 0x3F7E, 0x3F7E, 0x3F7E, 0x3F7E, 0x3F7E, 0x3F7E,
0x3F7E, 0x3F7E, 0x3F7E, 0x3F7E, 0x3F7E, 0x3F7E, 0x7F86, 0x7F86, 0x7F86, 0x7F86,
0x7F86, 0x7F86, 0x7F86, 0x7F86, 0x7F86, 0x7F86, 0x7F86, 0x7F86, 0x7F86, 0x7F86,
0x7F86, 0x7F86, 0x7F86, 0x7F86, 0x7F86, 0x7F86, 0x7F86, 0x7F86, 0x7F86, 0x7F86,
0x7F86, 0x7F86, 0x7F86, 0x7F86, 0x7F86, 0x7F86, 0x7F86, 0x7F86, 0x7F86, 0x7F86,
0x7F86, 0x7F86, 0x7F86, 0x7F86, 0x7F86, 0x7F86, 0x7F86, 0x7F86, 0x7F86, 0x7F86,
0x7F86, 0x7F86, 0x7F86, 0x7F86, 0x7F86, 0x7F86, 0x7F86, 0x7F86, 0x7F86, 0x7F86,
0x7F86, 0x7F86, 0x7F86, 0x7F86, 0x7F86, 0x7F86, 0x7F86, 0x7F86, 0x7F86, 0x7F86,
0x7F86, 0x7F86, 0x7F86, 0x7F86, 0x7F86, 0x7F86, 0x7F86, 0x7F86, 0x7F86, 0x7F86,
0x5F86, 0x5F86, 0x5F86, 0x5F86, 0x5F86, 0x5F86, 0x5F86, 0x5F86, 0x5F86, 0x5F86,
0x5F86, 0x5F86, 0x5F86, 0x5F86, 0x5F86, 0x5F86, 0x5F86, 0x5F86, 0x5F86, 0x5F86,
0x5F86, 0x5F86, 0x5F86, 0x5F86, 0x5F86, 0x5F86, 0x5F86, 0x5F86, 0x7F86, 0x7F86,
0x7F86, 0x7F86, 0x7F86, 0x7F86, 0x7F86, 0x7F86, 0x7F86, 0x5F86, 0x5F86, 0x5F86,
0x5F86, 0x5F86, 0x5F86, 0x5F86, 0x5F86, 0x5F86, 0x7F86, 0x7F86, 0x7F86, 0x7F86,
0x7F86, 0x7F86, 0x7F86, 0x7F86, 0x7F86, 0x7F86, 0x7F86, 0x7F86, 0x7F86, 0x7F86,
0x7F86, 0x7F86, 0x7F86, 0x7F86, 0x7F86, 0x7F86, 0x7F86, 0x7F86, 0x7F86, 0x5F86,
0x5F86, 0x5F86, 0x5F86, 0x5F86, 0x5F86, 0x5F86, 0x5F86, 0x5F86, 0x5F86, 0x5F86,
0x5F86, 0x5F86, 0x5F86, 0x5F86, 0x5F86, 0x5F86, 0x5F86, 0x5F86, 0x5F86, 0x5F86,
0x5F86, 0x5F86, 0x5F86, 0x5F86, 0x5F86, 0x5F86, 0x5F86, 0x5F86, 0x5F86, 0x5F86,
0x5F86, 0x5F86, 0x5F86, 0x5F86, 0x5F86, 0x5F86, 0x5F86, 0x5F86, 0x5F86, 0x5F86,
0x5F86, 0x5F86, 0x5F86, 0x5F86, 0x5F86, 0x5F86, 0x5F86, 0x5F86, 0x5F86, 0x5F86,
0x5F86, 0x5F86, 0x5F86, 0x5F86, 0x5F86, 0x5F86, 0x5F86, 0x5F86, 0x5F86, 0x5F86,
0x5F86, 0x5F86, 0x5F86, 0x5F86, 0x5F86, 0x5F86, 0x5F86, 0x5F86, 0x5F86, 0x5F86,
0x5F86, 0x5F86, 0x5F86, 0x5F86, 0x5F86, 0x5F86, 0x5F86, 0x5F86, 0x5F86, 0x5F86,
0x5F86, 0x5F86, 0x5F86, 0x5F86, 0x5F86, 0x5F86, 0x5F86, 0x5F86, 0x5F86, 0x5F86,
0x5F86, 0x5F86, 0x5F86, 0x5F86, 0x5F86, 0x5F86, 0x5F86, 0x5F86, 0x5F86, 0x5F86,
0x5F86, 0x5F86, 0x5F86, 0x5F86, 0x5F86, 0x5F86, 0x5F7E, 0x5F7E, 0x5F7E, 0x5F7E,
0x5F7E, 0x5F7E, 0x5F7E, 0x5F7E, 0x5F7E, 0x5F7E, 0x5F7E, 0x5F7E, 0x5F7E, 0x5F7E,
0x5F7E, 0x5F7E, 0x5F7E, 0x5F7E, 0x5F7E, 0x5F7E, 0x5F7E, 0x5F7E, 0x5F7E, 0x5F7E,
0x5F7E, 0x5F7E, 0x5F7E, 0x5F7E, 0x5F7E, 0x5F7E, 0x5F7E, 0x5F7E, 0x5E7E, 0x5E7E,
0x5E7E, 0x5E7E, 0x5E7E, 0x5E7E, 0x5E7E, 0x5E7E, 0x5E7E, 0x5E7E, 0x5E7E, 0x5E7E,
0x5E7E, 0x5E7E, 0x5F7E, 0x5F7E, 0x5F7E, 0x5F7E, 0x5F7E, 0x5F7E, 0x5F7E, 0x5F7E,
0x5F7E, 0x5F7E, 0x5F7E, 0x5F7E, 0x5F7E, 0x5F7E, 0x5F7E, 0x5F7E, 0x5F7E, 0x5F7E,
0x5F7E, 0x5F7E, 0x5F7E, 0x5F7E, 0x5F7E, 0x5F7E, 0x7F8E, 0x7F8E, 0x7F8E, 0x7F8E,
0x7F8E, 0x7F8E, 0x7F8E, 0x7F8E, 0x7F8E, 0x7F8E, 0x7F8E, 0x7F8E, 0x7F8E, 0x7F8E,
0x7F8E, 0x7F8E, 0x7F8E, 0x7F8E, 0x7F8E, 0x7F8E, 0x7F8E, 0x7F8E, 0x7F8E, 0x7F8E,
0x7F8E, 0x7F8E, 0x7F8E, 0x7F8E, 0x7F8E, 0x7F8E, 0x7F8E, 0x7F8E, 0x7F8E, 0x7F8E,
0x7F8E, 0x7F8E, 0x7F8E, 0x7F8E, 0x7F8E, 0x7F8E, 0x7F8E, 0x7F8E, 0x7F8E, 0x7F8E,
0x7F8E, 0x7F8E, 0x7F8E, 0x7F86, 0x7F86, 0x7F86, 0x7F86, 0x7F86, 0x7F86, 0x7F86,
0x7F86, 0x7F86, 0x7F86, 0x7F86, 0x7F86, 0x7F86, 0x7F86, 0x7F86, 0x7F86, 0x7F86,
0x7F86, 0x7F86, 0x7F86, 0x7F86, 0x7F86, 0x7F86, 0x7F86, 0x7F86, 0x7F86, 0x7F86,
0x7F86, 0x7F86, 0x7F86, 0x7F86, 0x7F86, 0x7F86, 0x7F86, 0x7F86, 0x7F86, 0x7F86,
0x7F86, 0x7F86, 0x7F86, 0x7F86, 0x7F86, 0x7F86, 0x7F86, 0x7F86, 0x7F86, 0x7F86,
0x7F86, 0x7F86, 0x7F86, 0x7F86, 0x7F86, 0x7F86, 0x7F86, 0x7F86, 0x7F86, 0x7F86,
0x7F86, 0x7F86, 0x7F86, 0x7F86, 0x7F86, 0x7F86, 0x7F86, 0x5F86, 0x5F86, 0x5F86,
0x5F86, 0x5F86, 0x5F86, 0x5F86, 0x5F86, 0x5F86, 0x7F86, 0x7F86, 0x7F86, 0x7F86,
0x7F86, 0x7F86, 0x7F86, 0x7F86, 0x7F86, 0x7F86, 0x7F86, 0x7F86, 0x7F86, 0x7F86,
0x7F86, 0x7F86, 0x7F86, 0x7F86, 0x7F86, 0x7F86, 0x7F86, 0x7F86, 0x7F86, 0x7F86,
0x7F86, 0x7F86, 0x7F86, 0x7F86, 0x7F86, 0x7F86, 0x7F86, 0x7F86, 0x7F86, 0x7F86,
0x7F86, 0x7F86, 0x7F86, 0x5F86, 0x5F86, 0x5F86, 0x5F86, 0x5F86, 0x5F86, 0x5F86,
0x5F86, 0x5F86, 0x5F86, 0x5F86, 0x5F86, 0x5F86, 0x5F86, 0x5F86, 0x5F86, 0x5F86,
0x5F86, 0x5F86, 0x5F86, 0x5F86, 0x5F86, 0x5F86, 0x5F86, 0x5F86, 0x5F86, 0x5F86,
0x5F86, 0x5F86, 0x5F86, 0x5F86, 0x5F86, 0x5F86, 0x5F86, 0x5F86, 0x5F86, 0x5F86,
0x5F86, 0x5F86, 0x5F86, 0x5F86, 0x5F86, 0x5F86, 0x5F86, 0x5F86, 0x5F86, 0x5F86,
0x5F86, 0x5F86, 0x5F86, 0x5F86, 0x5F86, 0x5F86, 0x5F86, 0x5F86, 0x5F86, 0x5F86,
0x5F86, 0x5F86, 0x5F86, 0x5F86, 0x5F86, 0x5F86, 0x5F86, 0x5F86, 0x5F86, 0x5F86,
0x5F86, 0x5F86, 0x5F86, 0x5F86, 0x5F86, 0x5F86, 0x5F86, 0x5F86, 0x5F86, 0x5F86,
0x5F86, 0x5F86, 0x5F86, 0x5F86, 0x5F86, 0x5F86, 0x5F86, 0x5F86, 0x5F86, 0x5F86,
0x5F86, 0x5F86, 0x5F86, 0x5F86, 0x5F86, 0x5F86, 0x5F86, 0x5F86, 0x5F86, 0x5F86,
0x5F86, 0x5F86, 0x5F86, 0x5F86, 0x5F86, 0x5F86, 0x5F86, 0x5F86, 0x5F86, 0x5F86,
0x5F86, 0x5F86, 0x5F86, 0x5F86, 0x5F86, 0x5F86, 0x5F86, 0x5F86, 0x5F86, 0x5F7E,
0x5F7E, 0x5F7E, 0x5F7E, 0x5F7E, 0x5F7E, 0x5F7E, 0x5F7E, 0x5F7E, 0x5E7E, 0x5E7E,
0x5E7E, 0x5E7E, 0x5E7E, 0x5E7E, 0x5E7E, 0x5E7E, 0x5E7E, 0x5E7E, 0x5E7E, 0x5E7E,
0x5E7E, 0x5E7E, 0x5F7E, 0x5F7E, 0x5F7E, 0x5F7E, 0x5F7E, 0x5F7E, 0x5F7E, 0x5F7E,
0x5F7E, 0x5F7E, 0x5F7E, 0x5F7E, 0x5F7E, 0x5F7E, 0x5F7E, 0x5F7E, 0x5F7E, 0x5F7E,
0x5F7E, 0x5F7E, 0x5F7E, 0x5F7E, 0x5F7E, 0x5F7E, 0x7F8E, 0x7F8E, 0x7F8E, 0x7F8E,
0x7F8E, 0x7F8E, 0x7F8E, 0x7F8E, 0x7F8E, 0x7F8E, 0x7F8E, 0x7F8E, 0x7F8E, 0x7F8E,
0x7F8E, 0x7F8E, 0x7F8E, 0x7F8E, 0x7F8E, 0x7F8E, 0x7F8E, 0x7F8E, 0x7F8E, 0x7F8E,
0x7F8E, 0x7F8E, 0x7F8E, 0x7F8E, 0x7F8E, 0x7F8E, 0x7F8E, 0x7F8E, 0x7F8E, 0x7F8E,
0x7F8E, 0x7F8E, 0x7F8E, 0x7F8E, 0x7F8E, 0x7F8E, 0x7F8E, 0x7F8E, 0x7F8E, 0x7F8E,
0x7F8E, 0x7F8E, 0x7F8E, 0x7F86, 0x7F86, 0x7F86, 0x7F86, 0x7F86, 0x7F86, 0x7F86,
0x7F86, 0x7F86, 0x7F86, 0x7F86, 0x7F86, 0x7F86, 0x7F86, 0x7F86, 0x7F86, 0x7F86,
0x7F86, 0x7F86, 0x7F86, 0x7F86, 0x7F86, 0x7F86, 0x7F86, 0x7F86, 0x7F86, 0x7F86,
0x7F86, 0x7F86, 0x7F86, 0x7F86, 0x7F86, 0x7F86, 0x7F86, 0x7F86, 0x7F86, 0x7F86,
0x7F86, 0x7F86, 0x7F86, 0x7F86, 0x7F86, 0x7F86, 0x7F86, 0x7F86, 0x7F86, 0x7F86,
0x7F86, 0x7F86, 0x7F86, 0x7F86, 0x7F86, 0x7F86, 0x7F86, 0x7F86, 0x5F86, 0x5F86,
0x5F86, 0x5F86, 0x5F86, 0x5F86, 0x5F86, 0x5F86, 0x5F86, 0x5F86, 0x5F86, 0x5F86,
0x5F86, 0x5F86, 0x5F86, 0x5F86, 0x5F86, 0x5F86, 0x7F86, 0x7F86, 0x7F86, 0x7F86,
0x7F86, 0x7F86, 0x7F86, 0x7F86, 0x7F86, 0x7F86, 0x7F86, 0x7F86, 0x7F86, 0x7F86,
0x7F86, 0x7F86, 0x7F86, 0x7F86, 0x7F86, 0x7F86, 0x7F86, 0x7F86, 0x7F86, 0x7F86,
0x7F86, 0x7F86, 0x7F86, 0x7F86, 0x7F86, 0x7F86, 0x7F86, 0x7F86, 0x7F86, 0x7F86,
0x7F86, 0x7F86, 0x7F86, 0x5F86, 0x5F86, 0x5F86, 0x5F86, 0x5F86, 0x5F86, 0x5F86,
0x5F86, 0x5F86, 0x5F86, 0x5F86, 0x5F86, 0x5F86, 0x5F86, 0x5F86, 0x5F86, 0x5F86,
0x5F86, 0x5F86, 0x5E86, 0x5E86, 0x5E86, 0x5E86, 0x5E86, 0x5E86, 0x5E86, 0x5E86,
0x5E86, 0x5E86, 0x5E86, 0x5E86, 0x5E86, 0x5E86, 0x5E86, 0x5E86, 0x5E86, 0x5E86,
0x5E86, 0x5E86, 0x5E86, 0x5E86, 0x5E86, 0x5E86, 0x5E86, 0x5E86, 0x5E86, 0x5E86,
0x5E86, 0x5E86, 0x5E86, 0x5E86, 0x5F86, 0x5F86, 0x5F86, 0x5F86, 0x5F86, 0x5E86,
0x5E86, 0x5E86, 0x5E86, 0x5F86, 0x5F86, 0x5F86, 0x5F86, 0x5F86, 0x5F86, 0x5F86,
0x5F86, 0x5F86, 0x5F86, 0x5F86, 0x5F86, 0x5F86, 0x5F86, 0x5F86, 0x5F86, 0x5F86,
0x5F86, 0x5F86, 0x5F86, 0x5F86, 0x5F86, 0x5F86, 0x5F86, 0x5F86, 0x5F86, 0x5F86,
0x5F86, 0x5F86, 0x5F86, 0x5F86, 0x5F86, 0x5F86, 0x5F86, 0x5F86, 0x5F86, 0x5F86,
0x5F86, 0x5F86, 0x5F86, 0x5F86, 0x5F86, 0x5F86, 0x5F86, 0x5F86, 0x5F86, 0x5F86,
0x5F86, 0x5F86, 0x5F86, 0x5F86, 0x5F86, 0x5F86, 0x5F86, 0x5F86, 0x5F86, 0x5F7E,
0x5F7E, 0x5F7E, 0x5F7E, 0x5F7E, 0x5F7E, 0x5F7E, 0x5F7E, 0x5F7E, 0x5F7E, 0x5F7E,
0x5F7E, 0x5F7E, 0x5F7E, 0x5F7E, 0x5F7E, 0x5F7E, 0x5F7E, 0x5F7E, 0x5F7E, 0x5F7E,
0x5F7E, 0x5F7E, 0x5F7E, 0x5F7E, 0x5F7E, 0x5F7E, 0x5F7E, 0x5F7E, 0x5F7E, 0x5F7E,
0x5F7E, 0x5F7E, 0x5F7E, 0x5F7E, 0x5F7E, 0x5F7E, 0x5F7E, 0x5F7E, 0x5F7E, 0x5F7E,
0x5F7E, 0x5F7E, 0x5F7E, 0x5F7E, 0x5F7E, 0x5F7E, 0x7F8E, 0x7F8E, 0x7F8E, 0x7F8E,
0x7F8E, 0x7F8E, 0x7F8E, 0x7F8E, 0x7F8E, 0x7F8E, 0x7F8E, 0x7F8E, 0x7F8E, 0x7F8E,
0x7F8E, 0x7F8E, 0x7F8E, 0x7F8E, 0x7F8E, 0x7F8E, 0x7F8E, 0x7F8E, 0x7F8E, 0x7F8E,
0x7F8E, 0x7F8E, 0x7F8E, 0x7F8E, 0x7F8E, 0x7F8E, 0x7F8E, 0x7F8E, 0x7F8E, 0x7F8E,
0x7F8E, 0x7F8E, 0x7F8E, 0x7F8E, 0x7F8E, 0x7F8E, 0x7F8E, 0x7F8E, 0x7F8E, 0x7F8E,
0x7F8E, 0x7F8E, 0x7F8E, 0x7F86, 0x7F86, 0x7F86, 0x7F86, 0x7F86, 0x7F86, 0x7F86,
0x7F86, 0x7F86, 0x7F86, 0x7F86, 0x7F86, 0x7F86, 0x7F86, 0x7F86, 0x7F86, 0x7F86,
0x7F86, 0x7F86, 0x7F86, 0x7F86, 0x7F86, 0x7F86, 0x7F86, 0x7F86, 0x7F86, 0x7F86,
0x7F86, 0x7F86, 0x7F86, 0x7F86, 0x7F86, 0x7F86, 0x7F86, 0x7F86, 0x7F86, 0x7F86,
0x7F86, 0x7F86, 0x7F86, 0x7F86, 0x7F86, 0x7F86, 0x7F86, 0x7F86, 0x7F86, 0x7F86,
0x7F86, 0x7F86, 0x7F86, 0x7F86, 0x7F86, 0x7F86, 0x7F86, 0x7F86, 0x5F86, 0x5F86,
0x5F86, 0x5F86, 0x5F86, 0x5F86, 0x5F86, 0x5F86, 0x5F86, 0x5F86, 0x5F86, 0x5F86,
0x5F86, 0x5F86, 0x5F86, 0x5F86, 0x5F86, 0x5F86, 0x7F86, 0x7F86, 0x7F86, 0x7F86,
0x7F86, 0x7F86, 0x7F86, 0x7F86, 0x7F86, 0x7F86, 0x7F86, 0x7F86, 0x7F86, 0x7F86,
0x7F86, 0x7F86, 0x7F86, 0x7F86, 0x7F86, 0x7F86, 0x7F86, 0x7F86, 0x7F86, 0x7F86,
0x7F86, 0x7F86, 0x7F86, 0x7F86, 0x7F86, 0x7F86, 0x7F86, 0x7F86, 0x7F86, 0x7F86,
0x7F86, 0x7F86, 0x7F86, 0x5F86, 0x5F86, 0x5F86, 0x5F86, 0x5F86, 0x5F86, 0x5F86,
0x5F86, 0x5F86, 0x5F86, 0x5F86, 0x5F86, 0x5F86, 0x5F86, 0x5F86, 0x5F86, 0x5F86,
0x5F86, 0x5F86, 0x5E86, 0x5E86, 0x5E86, 0x5E86, 0x5E86, 0x5E86, 0x5E86, 0x5E86,
0x5E86, 0x5E86, 0x5E86, 0x5E86, 0x5E86, 0x5E86, 0x5E86, 0x5E86, 0x5E86, 0x5E86,
0x5E86, 0x5E86, 0x5E86, 0x5E86, 0x5E86, 0x5E86, 0x5E86, 0x5E86, 0x5E86, 0x5E86,
0x5E86, 0x5E86, 0x5E86, 0x5E86, 0x5F86, 0x5F86, 0x5F86, 0x5F86, 0x5F86, 0x5E86,
0x5E86, 0x5E86, 0x5E86, 0x5F86, 0x5F86, 0x5F86, 0x5F86, 0x5F86, 0x5F86, 0x5F86,
0x5F86, 0x5F86, 0x5F86, 0x5F86, 0x5F86, 0x5F86, 0x5F86, 0x5F86, 0x5F86, 0x5F86,
0x5F86, 0x5F86, 0x5F86, 0x5F86, 0x5F86, 0x5F86, 0x5F86, 0x5F86, 0x5F86, 0x5F86,
0x5F86, 0x5F86, 0x5F86, 0x5F86, 0x5F86, 0x5F86, 0x5F86, 0x5F86, 0x5F86, 0x5F86,
0x5F86, 0x5F86, 0x5F86, 0x5F86, 0x5F86, 0x5F86, 0x5F86, 0x5F86, 0x5F86, 0x5F86,
0x5F86, 0x5F86, 0x5F86, 0x5F86, 0x5F86, 0x5F86, 0x5F86, 0x5F86, 0x5F86, 0x5F86,
0x5F86, 0x5F86, 0x5F86, 0x5F86, 0x5F86, 0x5F86, 0x5F86, 0x5F86, 0x5F7E, 0x5F7E,
0x5F7E, 0x5F7E, 0x5F7E, 0x5F7E, 0x5F7E, 0x5F7E, 0x5F7E, 0x5F7E, 0x5F7E, 0x5F7E,
0x5F7E, 0x5F7E, 0x5F7E, 0x5F7E, 0x5F7E, 0x5F7E, 0x5F7E, 0x5F7E, 0x5F7E, 0x5F7E,
0x5F7E, 0x5F7E, 0x5F7E, 0x5F7E, 0x5F7E, 0x5F7E, 0x5F7E, 0x5F7E, 0x5F7E, 0x5F7E,
0x5F7E, 0x5F7E, 0x5F7E, 0x5F7E, 0x5F7E, 0x5F7E, 0x7F8E, 0x7F8E, 0x7F8E, 0x7F8E,
0x7F8E, 0x7F8E, 0x7F8E, 0x7F8E, 0x7F8E, 0x7F8E, 0x7F8E, 0x7F8E, 0x7F8E, 0x7F8E,
0x7F8E, 0x7F8E, 0x7F8E, 0x7F8E, 0x7F8E, 0x7F8E, 0x7F8E, 0x7F8E, 0x7F8E, 0x7F8E,
0x7F8E, 0x7F8E, 0x7F8E, 0x7F8E, 0x7F8E, 0x7F8E, 0x7F8E, 0x7F8E, 0x7F8E, 0x7F8E,
0x7F8E, 0x7F8E, 0x7F8E, 0x7F8E, 0x7F8E, 0x7F8E, 0x7F8E, 0x7F8E, 0x7F8E, 0x7F8E,
0x7F8E, 0x7F8E, 0x7F8E, 0x7F86, 0x7F86, 0x7F86, 0x7F86, 0x7F86, 0x7F86, 0x7F86,
0x7F86, 0x7F86, 0x7F86, 0x7F86, 0x7F86, 0x7F86, 0x7F86, 0x7F86, 0x7F86, 0x7F86,
0x7F86, 0x7F86, 0x7F86, 0x7F86, 0x7F86, 0x7F86, 0x7F86, 0x7F86, 0x7F86, 0x7F86,
0x7F86, 0x7F86, 0x7F86, 0x7F86, 0x7F86, 0x7F86, 0x7F86, 0x7F86, 0x7F86, 0x7F86,
0x7F86, 0x7F86, 0x7F86, 0x7F86, 0x7F86, 0x7F86, 0x7F86, 0x7F86, 0x7F86, 0x7F86,
0x7F86, 0x7F86, 0x7F86, 0x7F86, 0x7F86, 0x7F86, 0x7F86, 0x7F86, 0x5F86, 0x5F86,
0x5F86, 0x5F86, 0x5F86, 0x5F86, 0x5F86, 0x5F86, 0x5F86, 0x5F86, 0x5F86, 0x5F86,
0x5F86, 0x5F86, 0x5F86, 0x5F86, 0x5F86, 0x5F86, 0x7F86, 0x7F86, 0x7F86, 0x7F86,
0x7F86, 0x7F86, 0x7F86, 0x7F86, 0x7F86, 0x7F86, 0x7F86, 0x7F86, 0x7F86, 0x7F86,
0x7F86, 0x7F86, 0x7F86, 0x7F86, 0x7F86, 0x7F86, 0x7F86, 0x7F86, 0x7F86, 0x7F86,
0x7F86, 0x7F86, 0x7F86, 0x7F86, 0x7F86, 0x7F86, 0x7F86, 0x7F86, 0x7F86, 0x7F86,
0x7F86, 0x7F86, 0x7F86, 0x5F86, 0x5F86, 0x5F86, 0x5F86, 0x5F86, 0x5F86, 0x5F86,
0x5F86, 0x5F86, 0x5F86, 0x5F86, 0x5F86, 0x5F86, 0x5F86, 0x5F86, 0x5F86, 0x5F86,
0x5F86, 0x5F86, 0x5E86, 0x5E86, 0x5E86, 0x5E86, 0x5E86, 0x5E86, 0x5E86, 0x5E86,
0x5E86, 0x5E86, 0x5E86, 0x5E86, 0x5E86, 0x5E86, 0x5E86, 0x5E86, 0x5E86, 0x5E86,
0x5E86, 0x5E86, 0x5E86, 0x5E86, 0x5E86, 0x5E86, 0x5E86, 0x5E86, 0x5E86, 0x5E86,
0x5E86, 0x5E86, 0x5E86, 0x5E86, 0x5F86, 0x5F86, 0x5F86, 0x5F86, 0x5F86, 0x5E86,
0x5E86, 0x5E86, 0x5E86, 0x5F86, 0x5F86, 0x5F86, 0x5F86, 0x5F86, 0x5F86, 0x5F86,
0x5F86, 0x5F86, 0x5F86, 0x5F86, 0x5F86, 0x5F86, 0x5F86, 0x5F86, 0x5F86, 0x5F86,
0x5F86, 0x5F86, 0x5F86, 0x5F86, 0x5F86, 0x5F86, 0x5F86, 0x5F86, 0x5F86, 0x5F86,
0x5F86, 0x5F86, 0x5F86, 0x5F86, 0x5F86, 0x5F86, 0x5F86, 0x5F86, 0x5F86, 0x5F86,
0x5F86, 0x5F86, 0x5F86, 0x5F86, 0x5F86, 0x5F86, 0x5F86, 0x5F86, 0x5F86, 0x5F86,
0x5F86, 0x5F86, 0x5F86, 0x5F86, 0x5F86, 0x5F86, 0x5F86, 0x5F86, 0x5F86, 0x5F86,
0x5F86, 0x5F86, 0x5F86, 0x5F86, 0x5F86, 0x5F86, 0x5F86, 0x5F86, 0x5F7E, 0x5F7E,
0x5F7E, 0x5F7E, 0x5F7E, 0x5F7E, 0x5F7E, 0x5F7E, 0x5F7E, 0x5F7E, 0x5F7E, 0x5F7E,
0x5F7E, 0x5F7E, 0x5F7E, 0x5F7E, 0x5F7E, 0x5F7E, 0x5F7E, 0x5F7E, 0x5F7E, 0x5F7E,
0x5F7E, 0x5F7E, 0x5F7E, 0x5F7E, 0x5F7E, 0x5F7E, 0x5F7E, 0x5F7E, 0x5F7E, 0x5F7E,
0x5F7E, 0x5F7E, 0x5F7E, 0x5F7E, 0x5F7E, 0x5F7E, 0x7F8E, 0x7F8E, 0x7F8E, 0x7F8E,
0x7F8E, 0x7F8E, 0x7F8E, 0x7F8E, 0x7F8E, 0x7F8E, 0x7F8E, 0x7F8E, 0x7F8E, 0x7F8E,
0x7F8E, 0x7F8E, 0x7F8E, 0x7F8E, 0x7F8E, 0x7F8E, 0x7F8E, 0x7F8E, 0x7F8E, 0x7F8E,
0x7F8E, 0x7F8E, 0x7F8E, 0x7F8E, 0x7F8E, 0x7F8E, 0x7F8E, 0x7F8E, 0x7F8E, 0x7E8E,
0x7E8E, 0x7E8E, 0x7E8E, 0x7F8E, 0x7F8E, 0x7F8E, 0x7F8E, 0x7F8E, 0x7F8E, 0x7F8E,
0x7F8E, 0x7F8E, 0x7F8E, 0x7F8E, 0x7F8E, 0x7F8E, 0x7F8E, 0x7F8E, 0x7F8E, 0x7F8E,
0x7F8E, 0x7F8E, 0x7F8E, 0x7F8E, 0x7F8E, 0x7F8E, 0x7F8E, 0x7F8E, 0x7F8E, 0x7F8E,
0x7F8E, 0x7F8E, 0x7F8E, 0x7F8E, 0x7F8E, 0x7F8E, 0x7F8E, 0x7F8E, 0x7F8E, 0x7F8E,
0x7F8E, 0x7F8E, 0x7F8E, 0x7F8E, 0x7F8E, 0x7F8E, 0x7F8E, 0x7F8E, 0x7F8E, 0x7F8E,
0x7F8E, 0x7F8E, 0x7F8E, 0x7F8E, 0x7F8E, 0x7F8E, 0x7F8E, 0x7F8E, 0x7F8E, 0x7F8E,
0x7F8E, 0x7F8E, 0x7F8E, 0x7F8E, 0x7F8E, 0x7F8E, 0x7F8E, 0x7F8E, 0x7F8E, 0x7F8E,
0x7F8E, 0x7F8E, 0x7F8E, 0x7F8E, 0x7F8E, 0x7F8E, 0x7F8E, 0x7F8E, 0x7F8E, 0x7F8E,
0x7F8E, 0x7F8E, 0x7E8E, 0x7E8E, 0x7E8E, 0x7E8E, 0x7E8E, 0x7E8E, 0x7E8E, 0x7E8E,
0x7E8E, 0x7E8E, 0x7E8E, 0x7E8E, 0x7E8E, 0x7E8E, 0x7E8E, 0x7E8E, 0x7E8E, 0x7E8E,
0x7E8E, 0x7E8E, 0x7E8E, 0x7E8E, 0x7E8E, 0x7F86, 0x7F86, 0x7F86, 0x7F86, 0x7F86,
0x7F86, 0x7F86, 0x7F86, 0x7F86, 0x7F86, 0x7F86, 0x7F86, 0x7F86, 0x7F86, 0x7F86,
0x7F86, 0x7F86, 0x7F86, 0x7F86, 0x7F86, 0x7F86, 0x7F86, 0x7F86, 0x7F86, 0x7F86,
0x7F86, 0x7F86, 0x7F86, 0x7F86, 0x7F86, 0x7F86, 0x7F86, 0x7F86, 0x7F86, 0x7F86,
0x7F86, 0x7F86, 0x7F86, 0x7F86, 0x7F86, 0x7F86, 0x7F86, 0x7F86, 0x7F86, 0x7F86,
0x7F86, 0x7F86, 0x7F86, 0x7F86, 0x7F86, 0x7F86, 0x7F86, 0x7F86, 0x7F86, 0x7F86,
0x7F86, 0x7F86, 0x7F86, 0x7F86, 0x7F86, 0x7F86, 0x7F86, 0x7F86, 0x7F86, 0x7F86,
0x7F86, 0x7F86, 0x7F86, 0x7F86, 0x7F86, 0x7F86, 0x7F86, 0x7F86, 0x7F86, 0x7F86,
0x7F86, 0x7F86, 0x7F86, 0x7F86, 0x7F86, 0x7F86, 0x7F86, 0x7F86, 0x7F86, 0x7F86,
0x7F86, 0x7F86, 0x7F86, 0x5F86, 0x5F86, 0x5F86, 0x5F86, 0x7F86, 0x7F86, 0x7F86,
0x7F86, 0x7F86, 0x7F86, 0x7F86, 0x7F86, 0x7F86, 0x7F86, 0x7F86, 0x7F86, 0x7F86,
0x7F86, 0x7F86, 0x7F86, 0x7F86, 0x7F86, 0x7F86, 0x7F86, 0x7F86, 0x7F86, 0x7F86,
0x7F86, 0x7F86, 0x7F86, 0x7F86, 0x7F86, 0x7F86, 0x7F86, 0x7F86, 0x7F86, 0x7F86,
0x7F86, 0x7F86, 0x7F86, 0x7F86, 0x7F86, 0x7F86, 0x7F86, 0x7F86, 0x7F86, 0x7F86,
0x7F86, 0x7F86, 0x7F86, 0x5E86, 0x5E86, 0x5E86, 0x5E86, 0x5E86, 0x5E86, 0x5E86,
0x5E86, 0x5E86, 0x5F86, 0x5F86, 0x5F86, 0x5F86, 0x5F86, 0x5F86, 0x5F86, 0x5F86,
0x5F86, 0x5F86, 0x5F86, 0x5F86, 0x5F86, 0x5F86, 0x5F86, 0x5F86, 0x5F86, 0x5F86,
0x5F86, 0x5F86, 0x5F86, 0x5F86, 0x5F86, 0x5F86, 0x5F86, 0x5F86, 0x5F86, 0x5F86,
0x5F86, 0x5F86, 0x5F86, 0x5F86, 0x5F86, 0x5F86, 0x7F8E, 0x7F8E, 0x7F8E, 0x7F8E,
0x7F8E, 0x7F8E, 0x7F8E, 0x7F8E, 0x7F8E, 0x7F8E, 0x7F8E, 0x7F8E, 0x7F8E, 0x7F8E,
0x7F8E, 0x7F8E, 0x7F8E, 0x7F8E, 0x7F8E, 0x7F8E, 0x7F8E, 0x7F8E, 0x7F8E, 0x7F8E,
0x7F8E, 0x7F8E, 0x7F8E, 0x7F8E, 0x7F8E, 0x7F8E, 0x7F8E, 0x7F8E, 0x7F8E, 0x7E8E,
0x7E8E, 0x7E8E, 0x7E8E, 0x7F8E, 0x7F8E, 0x7F8E, 0x7F8E, 0x7F8E, 0x7F8E, 0x7F8E,
0x7F8E, 0x7F8E, 0x7F8E, 0x7F8E, 0x7F8E, 0x7F8E, 0x7F8E, 0x7F8E, 0x7F8E, 0x7F8E,
0x7F8E, 0x7F8E, 0x7F8E, 0x7F8E, 0x7F8E, 0x7F8E, 0x7F8E, 0x7F8E, 0x7F8E, 0x7F8E,
0x7F8E, 0x7F8E, 0x7F8E, 0x7F8E, 0x7F8E, 0x7F8E, 0x7F8E, 0x7F8E, 0x7F8E, 0x7F8E,
0x7F8E, 0x7F8E, 0x7F8E, 0x7F8E, 0x7F8E, 0x7F8E, 0x7F8E, 0x7F8E, 0x7F8E, 0x7F8E,
0x7F8E, 0x7F8E, 0x7F8E, 0x7F8E, 0x7F8E, 0x7F8E, 0x7F8E, 0x7F8E, 0x7F8E, 0x7F8E,
0x7F8E, 0x7F8E, 0x7F8E, 0x7F8E, 0x7F8E, 0x7F8E, 0x7F8E, 0x7F8E, 0x7F8E, 0x7F8E,
0x7F8E, 0x7F8E, 0x7F8E, 0x7F8E, 0x7F8E, 0x7F8E, 0x7F8E, 0x7F8E, 0x7F8E, 0x7F8E,
0x7F8E, 0x7F8E, 0x7E8E, 0x7E8E, 0x7E8E, 0x7E8E, 0x7E8E, 0x7E8E, 0x7E8E, 0x7E8E,
0x7E8E, 0x7E8E, 0x7E8E, 0x7E8E, 0x7E8E, 0x7E8E, 0x7E8E, 0x7E8E, 0x7E8E, 0x7E8E,
0x7E8E, 0x7E8E, 0x7E8E, 0x7E8E, 0x7E8E, 0x7F86, 0x7F86, 0x7F86, 0x7F86, 0x7F86,
0x7F86, 0x7F86, 0x7F86, 0x7F86, 0x7F86, 0x7F86, 0x7F86, 0x7F86, 0x7F86, 0x7F86,
0x7F86, 0x7F86, 0x7F86, 0x7F86, 0x7F86, 0x7F86, 0x7F86, 0x7F86, 0x7F86, 0x7F86,
0x7F86, 0x7F86, 0x7F86, 0x7F86, 0x7F86, 0x7F86, 0x7F86, 0x7F86, 0x7F86, 0x7F86,
0x7F86, 0x7F86, 0x7F86, 0x7F86, 0x7F86, 0x7F86, 0x7F86, 0x7F86, 0x7F86, 0x7F86,
0x7F86, 0x7F86, 0x7F86, 0x7F86, 0x7F86, 0x7F86, 0x7F86, 0x7F86, 0x7F86, 0x7F86,
0x7F86, 0x7F86, 0x7F86, 0x7F86, 0x7F86, 0x7F86, 0x7F86, 0x7F86, 0x7F86, 0x7F86,
0x7F86, 0x7F86, 0x7F86, 0x7F86, 0x7F86, 0x7F86, 0x7F86, 0x7F86, 0x7F86, 0x7F86,
0x7F86, 0x7F86, 0x7F86, 0x7F86, 0x7F86, 0x7F86, 0x7F86, 0x7F86, 0x7F86, 0x7F86,
0x7F86, 0x7F86, 0x7F86, 0x5F86, 0x5F86, 0x5F86, 0x5F86, 0x7F86, 0x7F86, 0x7F86,
0x7F86, 0x7F86, 0x7F86, 0x7F86, 0x7F86, 0x7F86, 0x7F86, 0x7F86, 0x7F86, 0x7F86,
0x7F86, 0x7F86, 0x7F86, 0x7F86, 0x7F86, 0x7F86, 0x7F86, 0x7F86, 0x7F86, 0x7F86,
0x7F86, 0x7F86, 0x7F86, 0x7F86, 0x7F86, 0x7F86, 0x7F86, 0x7F86, 0x7F86, 0x7F86,
0x7F86, 0x7F86, 0x7F86, 0x7F86, 0x7F86, 0x7F86, 0x7F86, 0x7F86, 0x7F86, 0x7F86,
0x7F86, 0x7F86, 0x7F86, 0x5F86, 0x5F86, 0x5F86, 0x5F86, 0x5F86, 0x5F86, 0x5F86,
0x5F86, 0x5F86, 0x5F86, 0x5F86, 0x5F86, 0x5F86, 0x5F86, 0x5F86, 0x5F86, 0x5F86,
0x5F86, 0x5F86, 0x5F86, 0x5F86, 0x5F86, 0x5F86, 0x5F86, 0x5F86, 0x5F86, 0x5F86,
0x5F86, 0x5F86, 0x5F86, 0x5F86, 0x5F86, 0x5F86, 0x5F86, 0x5F86, 0x5F86, 0x5F86,
0x5F86, 0x5F86, 0x5F86, 0x5F86, 0x5F86, 0x5F86, 0x7F8E, 0x7F8E, 0x7F8E, 0x7F8E,
0x7F8E, 0x7F8E, 0x7F8E, 0x7F8E, 0x7F8E, 0x7F8E, 0x7F8E, 0x7F8E, 0x7F8E, 0x7F8E,
0x7F8E, 0x7F8E, 0x7F8E, 0x7F8E, 0x7F8E, 0x7F8E, 0x7F8E, 0x7F8E, 0x7F8E, 0x7F8E,
0x7F8E, 0x7F8E, 0x7F8E, 0x7F8E, 0x7F8E, 0x7F8E, 0x7F8E, 0x7F8E, 0x7F8E, 0x7F8E,
0x7F8E, 0x7F8E, 0x7F8E, 0x7F8E, 0x7F8E, 0x7F8E, 0x7F8E, 0x7F8E, 0x7F8E, 0x7F8E,
0x7F8E, 0x7F8E, 0x7F8E, 0x7F8E, 0x7F8E, 0x7F8E, 0x7F8E, 0x7F8E, 0x7F8E, 0x7F8E,
0x7F8E, 0x7F8E, 0x7F8E, 0x7F8E, 0x7F8E, 0x7F8E, 0x7F8E, 0x7F8E, 0x7F8E, 0x7F8E,
0x7F8E, 0x7F8E, 0x7F8E, 0x7F8E, 0x7F8E, 0x7F8E, 0x7F8E, 0x7F8E, 0x7F8E, 0x7F8E,
0x7F8E, 0x7F8E, 0x7F8E, 0x7F8E, 0x7F8E, 0x7F8E, 0x7F8E, 0x7F8E, 0x7F8E, 0x7F8E,
0x7F8E, 0x7F8E, 0x7F8E, 0x7F8E, 0x7F8E, 0x7F8E, 0x7F8E, 0x7F8E, 0x7F8E, 0x7F8E,
0x7F8E, 0x7F8E, 0x7F8E, 0x7F8E, 0x7F8E, 0x7F8E, 0x7F8E, 0x7F8E, 0x7F8E, 0x7F8E,
0x7F8E, 0x7F8E, 0x7F8E, 0x7F8E, 0x7F8E, 0x7F8E, 0x7F8E, 0x7F8E, 0x7F8E, 0x7F8E,
0x7F8E, 0x7F8E, 0x7E8E, 0x7E8E, 0x7E8E, 0x7E8E, 0x7E8E, 0x7E8E, 0x7E8E, 0x7E8E,
0x7E8E, 0x7E8E, 0x7E8E, 0x7E8E, 0x7E8E, 0x7E8E, 0x7E8E, 0x7E8E, 0x7E8E, 0x7E8E,
0x7E8E, 0x7E8E, 0x7E8E, 0x7E8E, 0x7E8E, 0x7F86, 0x7F86, 0x7F86, 0x7F86, 0x7F86,
0x7F86, 0x7F86, 0x7F86, 0x7F86, 0x7F86, 0x7F86, 0x7F86, 0x7F86, 0x7F86, 0x7F86,
0x7F86, 0x7F86, 0x7F86, 0x7F86, 0x7F86, 0x7F86, 0x7F86, 0x7F86, 0x7F86, 0x7F86,
0x7F86, 0x7F86, 0x7F86, 0x7F86, 0x7F86, 0x7F86, 0x7F86, 0x7F86, 0x7F86, 0x7F86,
0x7F86, 0x7F86, 0x7F86, 0x7F86, 0x7F86, 0x7F86, 0x7F86, 0x7F86, 0x7F86, 0x7F86,
0x7F86, 0x7F86, 0x7F86, 0x7F86, 0x7F86, 0x7F86, 0x7F86, 0x7F86, 0x7F86, 0x7F86,
0x7F86, 0x7F86, 0x7F86, 0x7F86, 0x7F86, 0x7F86, 0x7F86, 0x7F86, 0x7F86, 0x7F86,
0x7F86, 0x7F86, 0x7F86, 0x7F86, 0x7F86, 0x7F86, 0x7F86, 0x7F86, 0x7F86, 0x7F86,
0x7F86, 0x7F86, 0x7F86, 0x7F86, 0x7F86, 0x7F86, 0x7F86, 0x7F86, 0x7F86, 0x7F86,
0x7F86, 0x7F86, 0x7F86, 0x5F86, 0x5F86, 0x5F86, 0x5F86, 0x7F86, 0x7F86, 0x7F86,
0x7F86, 0x7F86, 0x7F86, 0x7F86, 0x7F86, 0x7F86, 0x7F86, 0x7F86, 0x7F86, 0x7F86,
0x7F86, 0x7F86, 0x7F86, 0x7F86, 0x7F86, 0x7F86, 0x7F86, 0x7F86, 0x7F86, 0x7F86,
0x7F86, 0x7F86, 0x7F86, 0x7F86, 0x7F86, 0x7F86, 0x7F86, 0x7F86, 0x7F86, 0x7F86,
0x7F86, 0x7F86, 0x7F86, 0x7F86, 0x7F86, 0x7F86, 0x7F86, 0x7F86, 0x7F86, 0x7F86,
0x7F86, 0x7F86, 0x7F86, 0x5F86, 0x5F86, 0x5F86, 0x5F86, 0x5F86, 0x5F86, 0x5F86,
0x5F86, 0x5F86, 0x5F86, 0x5F86, 0x5F86, 0x5F86, 0x5F86, 0x5F86, 0x5F86, 0x5F86,
0x5F86, 0x5F86, 0x5F86, 0x5F86, 0x5F86, 0x5F86, 0x5F86, 0x5F86, 0x5F86, 0x5F86,
0x5F86, 0x5F86, 0x5F86, 0x5F86, 0x5F86, 0x5F86, 0x5F86, 0x5F86, 0x5F86, 0x5F86,
0x5F86, 0x5F86, 0x5F86, 0x5F86, 0x5F86, 0x5F86, 0x9E8E, 0x9E8E, 0x9E8E, 0x9E8E,
0x9E8E, 0x7F8E, 0x7F8E, 0x7F8E, 0x7F8E, 0x7F8E, 0x7F8E, 0x7F8E, 0x7F8E, 0x7F8E,
0x7F8E, 0x7F8E, 0x7F8E, 0x7F8E, 0x7F8E, 0x7F8E, 0x7F8E, 0x7F8E, 0x7F8E, 0x7F8E,
0x7F8E, 0x7F8E, 0x7F8E, 0x7F8E, 0x7F8E, 0x7F8E, 0x7F8E, 0x7F8E, 0x7F8E, 0x7F8E,
0x7F8E, 0x7F8E, 0x7F8E, 0x7F8E, 0x7F8E, 0x7F8E, 0x7F8E, 0x7F8E, 0x7F8E, 0x7F8E,
0x7F8E, 0x7F8E, 0x7F8E, 0x7F8E, 0x7F8E, 0x7F8E, 0x7F8E, 0x7F8E, 0x7F8E, 0x7F8E,
0x7F8E, 0x7F8E, 0x7F8E, 0x7F8E, 0x7F8E, 0x7F8E, 0x7F8E, 0x7F8E, 0x7F8E, 0x7F8E,
0x7F8E, 0x7F8E, 0x7F8E, 0x7F8E, 0x7F8E, 0x7F8E, 0x7F8E, 0x7F8E, 0x7F8E, 0x7F8E,
0x7F8E, 0x7F8E, 0x7F8E, 0x7F8E, 0x7F8E, 0x7F8E, 0x7F8E, 0x7F8E, 0x7F8E, 0x7F8E,
0x7F8E, 0x7F8E, 0x7F8E, 0x7F8E, 0x7F8E, 0x7F8E, 0x7F8E, 0x7F8E, 0x7F8E, 0x7F8E,
0x7F8E, 0x7F8E, 0x7F8E, 0x7F8E, 0x7F8E, 0x7F8E, 0x7F8E, 0x7F8E, 0x7F8E, 0x7F8E,
0x7F8E, 0x7F8E, 0x7F8E, 0x7F8E, 0x7F8E, 0x7F8E, 0x7F8E, 0x7F8E, 0x7F8E, 0x7F8E,
0x7F8E, 0x7F8E, 0x7E8E, 0x7E8E, 0x7E8E, 0x7E8E, 0x7E8E, 0x7E8E, 0x7E8E, 0x7E8E,
0x7E8E, 0x7E8E, 0x7E8E, 0x7E8E, 0x7E8E, 0x7E8E, 0x7E8E, 0x7E8E, 0x7E8E, 0x7E8E,
0x7E8E, 0x7E8E, 0x7E8E, 0x7E8E, 0x7E8E, 0x7F8E, 0x7F8E, 0x7F8E, 0x7F8E, 0x7F8E,
0x7F8E, 0x7F8E, 0x7F8E, 0x7F8E, 0x7F8E, 0x7F8E, 0x7F8E, 0x7F8E, 0x7F8E, 0x7F8E,
0x7F8E, 0x7F8E, 0x7F8E, 0x7F8E, 0x7F8E, 0x7F8E, 0x7F8E, 0x7F8E, 0x7F8E, 0x7F8E,
0x7F8E, 0x7F8E, 0x7F8E, 0x7F8E, 0x7F8E, 0x7F8E, 0x7F8E, 0x7F8E, 0x7F8E, 0x7F8E,
0x7F8E, 0x7F8E, 0x7F86, 0x7F86, 0x7F86, 0x7F86, 0x7F86, 0x7F86, 0x7F86, 0x7F86,
0x7F86, 0x7F86, 0x7F86, 0x7F86, 0x7F86, 0x7F86, 0x7F86, 0x7F86, 0x7F86, 0x7F86,
0x7F86, 0x7F86, 0x7F86, 0x7F86, 0x7F86, 0x7F86, 0x7F86, 0x7F86, 0x7F86, 0x7F86,
0x7F86, 0x7F86, 0x7F86, 0x7F86, 0x7F86, 0x7F86, 0x7F86, 0x7F86, 0x7F86, 0x7F86,
0x7F86, 0x7F86, 0x7F86, 0x7F86, 0x7F86, 0x7F86, 0x7F86, 0x7F86, 0x7F86, 0x7F86,
0x7F86, 0x7F86, 0x7F86, 0x7F86, 0x7F86, 0x7F86, 0x7F86, 0x7F86, 0x7F86, 0x7F86,
0x7F86, 0x7F86, 0x7F86, 0x7F86, 0x7F86, 0x7F86, 0x7F86, 0x7F86, 0x7F86, 0x7F86,
0x7F86, 0x7F86, 0x7F86, 0x7F86, 0x7F86, 0x7F86, 0x7F86, 0x7F86, 0x7F86, 0x7F86,
0x7F86, 0x7F86, 0x7F86, 0x7F86, 0x7F86, 0x7F86, 0x7F86, 0x7F86, 0x7F86, 0x7F86,
0x7F86, 0x7F86, 0x7F86, 0x7F86, 0x7F86, 0x7F86, 0x7F86, 0x7F86, 0x7F86, 0x7F86,
0x7F86, 0x7F86, 0x7F86, 0x7F86, 0x7F86, 0x7F86, 0x7F86, 0x7F86, 0x7F86, 0x7F86,
0x7F86, 0x7F86, 0x5F86, 0x5F86, 0x5F86, 0x5F86, 0x5F86, 0x5F86, 0x5F86, 0x5F86,
0x5F86, 0x5F86, 0x5F86, 0x5F86, 0x5F86, 0x5F86, 0x5F86, 0x5F86, 0x5F86, 0x5F86,
0x5F86, 0x5F86, 0x5F86, 0x5F86, 0x5F86, 0x5F86, 0x5F86, 0x5F86, 0x5F86, 0x5F86,
0x5F86, 0x5F86, 0x5F86, 0x5F86, 0x5F86, 0x5F86, 0x9E8E, 0x9E8E, 0x9E8E, 0x9E8E,
0x9E8E, 0x7F8E, 0x7F8E, 0x7F8E, 0x7F8E, 0x7F8E, 0x7F8E, 0x7F8E, 0x7F8E, 0x7F8E,
0x7F8E, 0x7F8E, 0x7F8E, 0x7F8E, 0x7F8E, 0x7F8E, 0x7F8E, 0x7F8E, 0x7F8E, 0x7F8E,
0x9F8E, 0x9F8E, 0x9F8E, 0x9F8E, 0x7F8E, 0x7F8E, 0x7F8E, 0x7F8E, 0x7F8E, 0x7F8E,
0x7F8E, 0x7F8E, 0x7F8E, 0x7F8E, 0x7F8E, 0x7F8E, 0x7F8E, 0x7F8E, 0x7F8E, 0x7F8E,
0x7F8E, 0x7F8E, 0x7F8E, 0x7F8E, 0x7F8E, 0x7F8E, 0x7F8E, 0x7F8E, 0x7F8E, 0x7F8E,
0x7F8E, 0x7F8E, 0x7F8E, 0x7F8E, 0x7F8E, 0x7F8E, 0x7F8E, 0x7F8E, 0x7F8E, 0x7F8E,
0x7F8E, 0x7F8E, 0x7F8E, 0x7F8E, 0x7F8E, 0x7F8E, 0x7F8E, 0x7F8E, 0x7F8E, 0x7F8E,
0x7F8E, 0x7F8E, 0x7F8E, 0x7F8E, 0x7F8E, 0x7F8E, 0x7F8E, 0x7F8E, 0x7F8E, 0x7F8E,
0x7F8E, 0x7F8E, 0x7F8E, 0x7F8E, 0x7F8E, 0x7F8E, 0x7F8E, 0x7F8E, 0x7F8E, 0x7F8E,
0x7F8E, 0x7F8E, 0x7F8E, 0x7F8E, 0x7F8E, 0x7F8E, 0x7F8E, 0x7F8E, 0x7F8E, 0x7F8E,
0x7F8E, 0x7F8E, 0x7F8E, 0x7F8E, 0x7F8E, 0x7F8E, 0x7F8E, 0x7F8E, 0x7F8E, 0x7F8E,
0x7F8E, 0x7F8E, 0x7E8E, 0x7E8E, 0x7E8E, 0x7E8E, 0x7E8E, 0x7E8E, 0x7E8E, 0x7E8E,
0x7E8E, 0x7E8E, 0x7E8E, 0x7E8E, 0x7E8E, 0x7E8E, 0x7E8E, 0x7E8E, 0x7E8E, 0x7E8E,
0x7E8E, 0x7E8E, 0x7E8E, 0x7E8E, 0x7E8E, 0x7F8E, 0x7F8E, 0x7F8E, 0x7F8E, 0x7F8E,
0x7F8E, 0x7F8E, 0x7F8E, 0x7F8E, 0x7F8E, 0x7F8E, 0x7F8E, 0x7F8E, 0x7F8E, 0x7F8E,
0x7F8E, 0x7F8E, 0x7F8E, 0x7F8E, 0x7F8E, 0x7F8E, 0x7F8E, 0x7F8E, 0x7F8E, 0x7F8E,
0x7F8E, 0x7F8E, 0x7F8E, 0x7F8E, 0x7F8E, 0x7F8E, 0x7F8E, 0x7F8E, 0x7F8E, 0x7F8E,
0x7F8E, 0x7F8E, 0x7F86, 0x7F86, 0x7F86, 0x7F86, 0x7F86, 0x7F86, 0x7F86, 0x7F86,
0x7F86, 0x7F86, 0x7F86, 0x7F86, 0x7F86, 0x7F86, 0x7F86, 0x7F86, 0x7F86, 0x7F86,
0x7F86, 0x7F86, 0x7F86, 0x7F86, 0x7F86, 0x7F86, 0x7F86, 0x7F86, 0x7F86, 0x7F86,
0x7F86, 0x7F86, 0x7F86, 0x7F86, 0x7F86, 0x7F86, 0x7F86, 0x7F86, 0x7F86, 0x7F86,
0x7F86, 0x7F86, 0x7F86, 0x7F86, 0x7F86, 0x7F86, 0x7F86, 0x7F86, 0x7F86, 0x7F86,
0x7F86, 0x7F86, 0x7F86, 0x7F86, 0x7F86, 0x7F86, 0x7F86, 0x5F86, 0x5F86, 0x5F86,
0x5F86, 0x5F86, 0x5F86, 0x5F86, 0x5F86, 0x5F86, 0x7F86, 0x7F86, 0x7F86, 0x7F86,
0x7F86, 0x7F86, 0x7F86, 0x7F86, 0x7F86, 0x7F86, 0x7F86, 0x7F86, 0x7F86, 0x7F86,
0x7F86, 0x7F86, 0x7F86, 0x7F86, 0x7F86, 0x7F86, 0x7F86, 0x7F86, 0x7F86, 0x7F86,
0x7F86, 0x7F86, 0x7F86, 0x7F86, 0x7F86, 0x7F86, 0x7F86, 0x7F86, 0x7F86, 0x7F86,
0x7F86, 0x7F86, 0x7F86, 0x7F86, 0x7F86, 0x7F86, 0x7F86, 0x7F86, 0x7F86, 0x7F86,
0x7F86, 0x7F86, 0x5F86, 0x5F86, 0x5F86, 0x5F86, 0x5F86, 0x5F86, 0x5F86, 0x5F86,
0x5F86, 0x5F86, 0x5F86, 0x5F86, 0x5F86, 0x5F86, 0x5F86, 0x5F86, 0x5F86, 0x5F86,
0x5F86, 0x5F86, 0x5F86, 0x5F86, 0x5F86, 0x5F86, 0x5F86, 0x5F86, 0x5F86, 0x5F86,
0x5E86, 0x5E86, 0x5E86, 0x5E86, 0x5E86, 0x5E86, 0x9E8E, 0x9E8E, 0x9E8E, 0x9E8E,
0x9E8E, 0x7F8E, 0x7F8E, 0x7F8E, 0x7F8E, 0x7F8E, 0x7F8E, 0x7F8E, 0x7F8E, 0x7F8E,
0x7F8E, 0x7F8E, 0x7F8E, 0x7F8E, 0x7F8E, 0x7F8E, 0x7F8E, 0x7F8E, 0x7F8E, 0x7F8E,
0x9F8E, 0x9F8E, 0x9F8E, 0x9F8E, 0x7F8E, 0x7F8E, 0x7F8E, 0x7F8E, 0x7F8E, 0x7F8E,
0x7F8E, 0x7F8E, 0x7F8E, 0x7F8E, 0x7F8E, 0x7F8E, 0x7F8E, 0x7F8E, 0x7F8E, 0x7F8E,
0x7F8E, 0x7F8E, 0x7F8E, 0x7F8E, 0x7F8E, 0x7F8E, 0x7F8E, 0x7F8E, 0x7F8E, 0x7F8E,
0x7F8E, 0x7F8E, 0x7F8E, 0x7F8E, 0x7F8E, 0x7F8E, 0x7F8E, 0x7F8E, 0x7F8E, 0x7F8E,
0x7F8E, 0x7F8E, 0x7F8E, 0x7F8E, 0x7F8E, 0x7F8E, 0x7F8E, 0x7F8E, 0x7F8E, 0x7F8E,
0x7F8E, 0x7F8E, 0x7F8E, 0x7F8E, 0x7F8E, 0x7F8E, 0x7F8E, 0x7F8E, 0x7F8E, 0x7F8E,
0x7F8E, 0x7F8E, 0x7F8E, 0x7F8E, 0x7F8E, 0x7F8E, 0x7F8E, 0x7F8E, 0x7F8E, 0x7F8E,
0x7F8E, 0x7F8E, 0x7F8E, 0x7F8E, 0x7F8E, 0x7F8E, 0x7F8E, 0x7F8E, 0x7F8E, 0x7F8E,
0x7F8E, 0x7F8E, 0x7F8E, 0x7F8E, 0x7F8E, 0x7F8E, 0x7F8E, 0x7F8E, 0x7F8E, 0x7F8E,
0x7F8E, 0x7F8E, 0x7E8E, 0x7E8E, 0x7E8E, 0x7E8E, 0x7E8E, 0x7E8E, 0x7E8E, 0x7E8E,
0x7E8E, 0x7E8E, 0x7E8E, 0x7E8E, 0x7E8E, 0x7E8E, 0x7E8E, 0x7E8E, 0x7E8E, 0x7E8E,
0x7E8E, 0x7E8E, 0x7E8E, 0x7E8E, 0x7E8E, 0x7F8E, 0x7F8E, 0x7F8E, 0x7F8E, 0x7F8E,
0x7F8E, 0x7F8E, 0x7F8E, 0x7F8E, 0x7F8E, 0x7F8E, 0x7F8E, 0x7F8E, 0x7F8E, 0x7F8E,
0x7F8E, 0x7F8E, 0x7F8E, 0x7F8E, 0x7F8E, 0x7F8E, 0x7F8E, 0x7F8E, 0x7F8E, 0x7F8E,
0x7F8E, 0x7F8E, 0x7F8E, 0x7F8E, 0x7F8E, 0x7F8E, 0x7F8E, 0x7F8E, 0x7F8E, 0x7F8E,
0x7F8E, 0x7F8E, 0x7F86, 0x7F86, 0x7F86, 0x7F86, 0x7F86, 0x7F86, 0x7F86, 0x7F86,
0x7F86, 0x7F86, 0x7F86, 0x7F86, 0x7F86, 0x7F86, 0x7F86, 0x7F86, 0x7F86, 0x7F86,
0x7F86, 0x7F86, 0x7F86, 0x7F86, 0x7F86, 0x7F86, 0x7F86, 0x7F86, 0x7F86, 0x7F86,
0x7F86, 0x7F86, 0x7F86, 0x7F86, 0x7F86, 0x7F86, 0x7F86, 0x7F86, 0x7F86, 0x7F86,
0x7F86, 0x7F86, 0x7F86, 0x7F86, 0x7F86, 0x7F86, 0x7F86, 0x7F86, 0x7F86, 0x7F86,
0x7F86, 0x7F86, 0x7F86, 0x7F86, 0x7F86, 0x7F86, 0x7F86, 0x5F86, 0x5F86, 0x5F86,
0x5F86, 0x5F86, 0x5F86, 0x5F86, 0x5F86, 0x5F86, 0x7F86, 0x7F86, 0x7F86, 0x7F86,
0x7F86, 0x7F86, 0x7F86, 0x7F86, 0x7F86, 0x7F86, 0x7F86, 0x7F86, 0x7F86, 0x7F86,
0x7F86, 0x7F86, 0x7F86, 0x7F86, 0x7F86, 0x7F86, 0x7F86, 0x7F86, 0x7F86, 0x7F86,
0x7F86, 0x7F86, 0x7F86, 0x7F86, 0x7F86, 0x7F86, 0x7F86, 0x7F86, 0x7F86, 0x7F86,
0x7F86, 0x7F86, 0x7F86, 0x7F86, 0x7F86, 0x7F86, 0x7F86, 0x7F86, 0x7F86, 0x7F86,
0x7F86, 0x7F86, 0x5F86, 0x5F86, 0x5F86, 0x5F86, 0x5F86, 0x5F86, 0x5F86, 0x5F86,
0x5F86, 0x5F86, 0x5F86, 0x5F86, 0x5F86, 0x5F86, 0x5F86, 0x5F86, 0x5F86, 0x5F86,
0x5F86, 0x5F86, 0x5F86, 0x5F86, 0x5F86, 0x5F86, 0x5F86, 0x5F86, 0x5F86, 0x5F86,
0x5E86, 0x5E86, 0x5E86, 0x5E86, 0x5E86, 0x5E86, 0x9E8E, 0x9E8E, 0x9E8E, 0x9E8E,
0x9E8E, 0x7F8E, 0x7F8E, 0x7F8E, 0x7F8E, 0x7F8E, 0x7F8E, 0x7F8E, 0x7F8E, 0x7F8E,
0x7F8E, 0x7F8E, 0x7F8E, 0x7F8E, 0x7F8E, 0x7F8E, 0x7F8E, 0x7F8E, 0x7F8E, 0x7F8E,
0x9F8E, 0x9F8E, 0x9F8E, 0x9F8E, 0x7F8E, 0x7F8E, 0x7F8E, 0x7F8E, 0x7F8E, 0x9F8E,
0x9F8E, 0x9F8E, 0x9F8E, 0x7F8E, 0x7F8E, 0x7F8E, 0x7F8E, 0x7F8E, 0x7F8E, 0x7F8E,
0x7F8E, 0x7F8E, 0x7F8E, 0x7F8E, 0x7F8E, 0x7F8E, 0x7F8E, 0x7F8E, 0x7F8E, 0x7F8E,
0x7F8E, 0x7F8E, 0x7F8E, 0x7F8E, 0x7F8E, 0x7F8E, 0x7F8E, 0x7F8E, 0x7F8E, 0x7F8E,
0x7F8E, 0x7F8E, 0x7F8E, 0x7F8E, 0x7F8E, 0x7F8E, 0x7F8E, 0x7F8E, 0x7F8E, 0x7F8E,
0x7F8E, 0x7F8E, 0x7F8E, 0x7F8E, 0x7F8E, 0x7F8E, 0x7F8E, 0x7F8E, 0x7F8E, 0x7F8E,
0x7F8E, 0x7F8E, 0x7F8E, 0x7F8E, 0x7F8E, 0x7F8E, 0x7F8E, 0x7F8E, 0x7F8E, 0x7F8E,
0x7F8E, 0x7F8E, 0x7F8E, 0x7F8E, 0x7F8E, 0x7F8E, 0x7F8E, 0x7F8E, 0x7F8E, 0x7F8E,
0x7F8E, 0x7F8E, 0x7F8E, 0x7F8E, 0x7F8E, 0x7F8E, 0x7F8E, 0x7F8E, 0x7F8E, 0x7F8E,
0x7F8E, 0x7F8E, 0x7E8E, 0x7E8E, 0x7E8E, 0x7E8E, 0x7E8E, 0x7E8E, 0x7E8E, 0x7E8E,
0x7E8E, 0x7E8E, 0x7E8E, 0x7E8E, 0x7E8E, 0x7E8E, 0x7E8E, 0x7E8E, 0x7E8E, 0x7E8E,
0x7E8E, 0x7E8E, 0x7E8E, 0x7E8E, 0x7E8E, 0x7F8E, 0x7F8E, 0x7F8E, 0x7F8E, 0x7F8E,
0x7F8E, 0x7F8E, 0x7F8E, 0x7F8E, 0x7F8E, 0x7F8E, 0x7F8E, 0x7F8E, 0x7F8E, 0x7F8E,
0x7F8E, 0x7F8E, 0x7F8E, 0x7F8E, 0x7F8E, 0x7F8E, 0x7F8E, 0x7F8E, 0x7F8E, 0x7F8E,
0x7F8E, 0x7F8E, 0x7F8E, 0x7F8E, 0x7F8E, 0x7F8E, 0x7F8E, 0x7F8E, 0x7F8E, 0x7F8E,
0x7F8E, 0x7F8E, 0x7F86, 0x7F86, 0x7F86, 0x7F86, 0x7F86, 0x7F86, 0x7F86, 0x7F86,
0x7F86, 0x7F86, 0x7F86, 0x7F86, 0x7F86, 0x7F86, 0x7F86, 0x7F86, 0x7F86, 0x7F86,
0x7F86, 0x7F86, 0x7F86, 0x7F86, 0x7F86, 0x7F86, 0x7F86, 0x7F86, 0x7F86, 0x7F86,
0x7F86, 0x7F86, 0x7F86, 0x7F86, 0x7F86, 0x7F86, 0x7F86, 0x7F86, 0x7F86, 0x7F86,
0x7F86, 0x7F86, 0x7F86, 0x7F86, 0x7F86, 0x7F86, 0x7F86, 0x7F86, 0x7F86, 0x7F86,
0x7F86, 0x7F86, 0x7F86, 0x7F86, 0x7F86, 0x7F86, 0x7F86, 0x5F86, 0x5F86, 0x5F86,
0x5F86, 0x5F86, 0x5F86, 0x5F86, 0x5F86, 0x5F86, 0x7F86, 0x7F86, 0x7F86, 0x7F86,
0x7F86, 0x7F86, 0x7F86, 0x7F86, 0x7F86, 0x7F86, 0x7F86, 0x7F86, 0x7F86, 0x7F86,
0x7F86, 0x7F86, 0x7F86, 0x7F86, 0x7F86, 0x7F86, 0x7F86, 0x7F86, 0x7F86, 0x7F86,
0x7F86, 0x7F86, 0x7F86, 0x7F86, 0x7F86, 0x7F86, 0x7F86, 0x7F86, 0x7F86, 0x7F86,
0x7F86, 0x7F86, 0x7F86, 0x7F86, 0x7F86, 0x7F86, 0x7F86, 0x7F86, 0x7F86, 0x7F86,
0x7F86, 0x7F86, 0x5F86, 0x5F86, 0x5F86, 0x5F86, 0x5F86, 0x5F86, 0x5F86, 0x5F86,
0x5F86, 0x5F86, 0x5F86, 0x5F86, 0x5F86, 0x5F86, 0x5F86, 0x5F86, 0x5F86, 0x5F86,
0x5F86, 0x5F86, 0x5F86, 0x5F86, 0x5F86, 0x5F86, 0x5F86, 0x5F86, 0x5F86, 0x5F86,
0x5E86, 0x5E86, 0x5E86, 0x5E86, 0x5E86, 0x5E86, 0x9E8E, 0x9E8E, 0x9E8E, 0x9E8E,
0x9E8E, 0x9E8E, 0x9E8E, 0x9E8E, 0x9E8E, 0x9E8E, 0x9E96, 0x9E96, 0x9E96, 0x9E96,
0x9E96, 0x9E96, 0x9E96, 0x9E96, 0x9E96, 0x9E96, 0x9E96, 0x9E96, 0x9E96, 0x9E96,
0x9F96, 0x9F96, 0x9F96, 0x9F96, 0x9F96, 0x9F96, 0x9F96, 0x9F96, 0x9F96, 0x9F96,
0x9F96, 0x9F96, 0x9F96, 0x7F8E, 0x7F8E, 0x7F8E, 0x7F8E, 0x7F8E, 0x7F8E, 0x7F8E,
0x7F8E, 0x7F8E, 0x7F8E, 0x7F8E, 0x7F8E, 0x7F8E, 0x7F8E, 0x7F8E, 0x7F8E, 0x7F8E,
0x7F8E, 0x7F8E, 0x7F8E, 0x7F8E, 0x7F8E, 0x7F8E, 0x9E8E, 0x9E8E, 0x9E8E, 0x9E8E,
0x9E8E, 0x9E8E, 0x9E8E, 0x9E8E, 0x9E8E, 0x9E8E, 0x9E8E, 0x9E8E, 0x9E8E, 0x9E8E,
0x7F8E, 0x7F8E, 0x7F8E, 0x7F8E, 0x7F8E, 0x9F8E, 0x9F8E, 0x9F8E, 0x9F8E, 0x9F8E,
0x9F8E, 0x9F8E, 0x9F8E, 0x9F8E, 0x9F8E, 0x9F8E, 0x9F8E, 0x9F8E, 0x9F8E, 0x9F8E,
0x9F8E, 0x9F8E, 0x9F8E, 0x7F8E, 0x7F8E, 0x7F8E, 0x7F8E, 0x7F8E, 0x7F8E, 0x7F8E,
0x7F8E, 0x7F8E, 0x7F8E, 0x7F8E, 0x7F8E, 0x7F8E, 0x7F8E, 0x7F8E, 0x7F8E, 0x7F8E,
0x7F8E, 0x7F8E, 0x7F8E, 0x7F8E, 0x7F8E, 0x7F8E, 0x7F8E, 0x7F8E, 0x7F8E, 0x7F8E,
0x7F8E, 0x7F8E, 0x7F8E, 0x7F8E, 0x7F8E, 0x7F8E, 0x7F8E, 0x7F8E, 0x7F8E, 0x7F8E,
0x7F8E, 0x7F8E, 0x7F8E, 0x7F8E, 0x7F8E, 0x7F8E, 0x7F8E, 0x7F8E, 0x7F8E, 0x7F8E,
0x7F8E, 0x7F8E, 0x7F8E, 0x7F8E, 0x7F8E, 0x7F8E, 0x7F8E, 0x7F8E, 0x7F8E, 0x7F8E,
0x7F8E, 0x7F8E, 0x7F8E, 0x7F8E, 0x7F8E, 0x7F8E, 0x7F8E, 0x7F8E, 0x7F8E, 0x7F8E,
0x7F8E, 0x7F8E, 0x7F8E, 0x7F8E, 0x7F8E, 0x7F8E, 0x7F8E, 0x7F8E, 0x7F8E, 0x7F8E,
0x7F8E, 0x7F8E, 0x7F8E, 0x7F8E, 0x7F8E, 0x7F8E, 0x7F8E, 0x7F8E, 0x7F8E, 0x7F8E,
0x7F8E, 0x7F8E, 0x7F8E, 0x7F8E, 0x7F8E, 0x7F8E, 0x7F8E, 0x7F8E, 0x7F8E, 0x7F8E,
0x7F8E, 0x7F8E, 0x7F8E, 0x7F8E, 0x7F8E, 0x7F8E, 0x7F8E, 0x7F8E, 0x7F8E, 0x7F8E,
0x7F8E, 0x7F8E, 0x7F8E, 0x7F8E, 0x7F8E, 0x7F8E, 0x7F8E, 0x7F8E, 0x7F8E, 0x7F8E,
0x7F8E, 0x7F8E, 0x7F8E, 0x7F8E, 0x7F8E, 0x7F8E, 0x7F8E, 0x7F8E, 0x7F8E, 0x7F8E,
0x7F8E, 0x7F8E, 0x7F8E, 0x7F8E, 0x7F8E, 0x7F8E, 0x7F8E, 0x7F8E, 0x7F8E, 0x7F8E,
0x7F8E, 0x7F8E, 0x7F8E, 0x7F8E, 0x7F8E, 0x7F8E, 0x7F8E, 0x7F8E, 0x7F8E, 0x7F8E,
0x7F8E, 0x7E8E, 0x7E8E, 0x7E8E, 0x7E8E, 0x7E8E, 0x7E8E, 0x7E8E, 0x7E8E, 0x7E8E,
0x7E8E, 0x7E8E, 0x7E8E, 0x7E8E, 0x7E8E, 0x7E8E, 0x7E8E, 0x7E8E, 0x7E8E, 0x7E8E,
0x7E8E, 0x7E8E, 0x7E8E, 0x7E8E, 0x7F86, 0x7F86, 0x7F86, 0x7F86, 0x7F86, 0x7F86,
0x7F86, 0x7F86, 0x7F86, 0x7F86, 0x7F86, 0x7F86, 0x7F86, 0x7F86, 0x7F86, 0x7F86,
0x7F86, 0x7F86, 0x7F86, 0x7F86, 0x7F86, 0x7F86, 0x7F86, 0x7F8E, 0x7F8E, 0x7F8E,
0x7F8E, 0x7F8E, 0x7F86, 0x7F86, 0x7F86, 0x7F86, 0x7F86, 0x7F86, 0x7F86, 0x7F86,
0x7F86, 0x7F86, 0x7F86, 0x7F86, 0x7F86, 0x7F86, 0x7F86, 0x7F86, 0x7F86, 0x7F86,
0x7F86, 0x7F86, 0x7F86, 0x7F86, 0x7F86, 0x7F86, 0x9E8E, 0x9E8E, 0x9E8E, 0x9E8E,
0x9E8E, 0x9E8E, 0x9E8E, 0x9E8E, 0x9E8E, 0x9E8E, 0x9E96, 0x9E96, 0x9E96, 0x9E96,
0x9E96, 0x9E96, 0x9E96, 0x9E96, 0x9E96, 0x9E96, 0x9E96, 0x9E96, 0x9E96, 0x9E96,
0x9F96, 0x9F96, 0x9F96, 0x9F96, 0x9F96, 0x9F96, 0x9F96, 0x9F96, 0x9F96, 0x9F96,
0x9F96, 0x9F96, 0x9F96, 0x7F8E, 0x7F8E, 0x7F8E, 0x7F8E, 0x7F8E, 0x7F8E, 0x7F8E,
0x7F8E, 0x7F8E, 0x7F8E, 0x7F8E, 0x7F8E, 0x7F8E, 0x7F8E, 0x7F8E, 0x7F8E, 0x7F8E,
0x7F8E, 0x7F8E, 0x7F8E, 0x7F8E, 0x7F8E, 0x7F8E, 0x9E8E, 0x9E8E, 0x9E8E, 0x9E8E,
0x9E8E, 0x9E8E, 0x9E8E, 0x9E8E, 0x9E8E, 0x9E8E, 0x9E8E, 0x9E8E, 0x9E8E, 0x9E8E,
0x7F8E, 0x7F8E, 0x7F8E, 0x7F8E, 0x7F8E, 0x9F8E, 0x9F8E, 0x9F8E, 0x9F8E, 0x9F8E,
0x9F8E, 0x9F8E, 0x9F8E, 0x9F8E, 0x9F8E, 0x9F8E, 0x9F8E, 0x9F8E, 0x9F8E, 0x9F8E,
0x9F8E, 0x9F8E, 0x9F8E, 0x7F8E, 0x7F8E, 0x7F8E, 0x7F8E, 0x7F8E, 0x7F8E, 0x7F8E,
0x7F8E, 0x7F8E, 0x7F8E, 0x7F8E, 0x7F8E, 0x7F8E, 0x7F8E, 0x7F8E, 0x7F8E, 0x7F8E,
0x7F8E, 0x7F8E, 0x7F8E, 0x7F8E, 0x7F8E, 0x7F8E, 0x7F8E, 0x7F8E, 0x7F8E, 0x7F8E,
0x7F8E, 0x7F8E, 0x7F8E, 0x7F8E, 0x7F8E, 0x7F8E, 0x7F8E, 0x7F8E, 0x7F8E, 0x7F8E,
0x7F8E, 0x7F8E, 0x7F8E, 0x7F8E, 0x7F8E, 0x7F8E, 0x7F8E, 0x7F8E, 0x7F8E, 0x7F8E,
0x7F8E, 0x7F8E, 0x7F8E, 0x7F8E, 0x7F8E, 0x7F8E, 0x7F8E, 0x7F8E, 0x7F8E, 0x7F8E,
0x7F8E, 0x7F8E, 0x7F8E, 0x7F8E, 0x7F8E, 0x7F8E, 0x7F8E, 0x7F8E, 0x7F8E, 0x7F8E,
0x7F8E, 0x7F8E, 0x7F8E, 0x7F8E, 0x7F8E, 0x7F8E, 0x7F8E, 0x7F8E, 0x7F8E, 0x7F8E,
0x7F8E, 0x7F8E, 0x7F8E, 0x7F8E, 0x7F8E, 0x7F8E, 0x7F8E, 0x7F8E, 0x7F8E, 0x7F8E,
0x7F8E, 0x7F8E, 0x7F8E, 0x7F8E, 0x7F8E, 0x7F8E, 0x7F8E, 0x7F8E, 0x7F8E, 0x7F8E,
0x7F8E, 0x7F8E, 0x7F8E, 0x7F8E, 0x7F8E, 0x7F8E, 0x7F8E, 0x7F8E, 0x7F8E, 0x7F8E,
0x7F8E, 0x7F8E, 0x7F8E, 0x7F8E, 0x7F8E, 0x7F8E, 0x7F8E, 0x7F8E, 0x7F8E, 0x7F8E,
0x7F8E, 0x7F8E, 0x7F8E, 0x7F8E, 0x7F8E, 0x7F8E, 0x7F8E, 0x7F8E, 0x7F8E, 0x7F8E,
0x7F8E, 0x7F8E, 0x7F8E, 0x7F8E, 0x7F8E, 0x7F8E, 0x7F8E, 0x7F8E, 0x7F8E, 0x7F8E,
0x7F8E, 0x7F8E, 0x7F8E, 0x7F8E, 0x7F8E, 0x7F8E, 0x7F8E, 0x7F8E, 0x7F8E, 0x7F8E,
0x7F8E, 0x7E8E, 0x7E8E, 0x7E8E, 0x7E8E, 0x7E8E, 0x7E8E, 0x7E8E, 0x7E8E, 0x7E8E,
0x7E8E, 0x7E8E, 0x7E8E, 0x7E8E, 0x7E8E, 0x7E8E, 0x7E8E, 0x7E8E, 0x7E8E, 0x7E8E,
0x7E8E, 0x7E8E, 0x7E8E, 0x7E8E, 0x7F86, 0x7F86, 0x7F86, 0x7F86, 0x7F86, 0x7F86,
0x7F86, 0x7F86, 0x7F86, 0x7F86, 0x7F86, 0x7F86, 0x7F86, 0x7F86, 0x7F86, 0x7F86,
0x7F86, 0x7F86, 0x7F86, 0x7F86, 0x7F86, 0x7F86, 0x7F86, 0x7F8E, 0x7F8E, 0x7F8E,
0x7F8E, 0x7F8E, 0x7F86, 0x7F86, 0x7F86, 0x7F86, 0x7F86, 0x7F86, 0x7F86, 0x7F86,
0x7F86, 0x7F86, 0x7F86, 0x7F86, 0x7F86, 0x7F86, 0x7F86, 0x7F86, 0x7F86, 0x7F86,
0x7F86, 0x7F86, 0x7F86, 0x7F86, 0x7F86, 0x7F86, 0x9E96, 0x9E96, 0x9E96, 0x9E96,
0x9E96, 0x9E96, 0x9E96, 0x9E96, 0x9E96, 0x9E96, 0x9E96, 0x9E96, 0x9E96, 0x9E96,
0x9E96, 0x9E96, 0x9E96, 0x9E96, 0x9E96, 0x9E96, 0x9E96, 0x9E96, 0x9E96, 0x9E96,
0x9F96, 0x9F96, 0x9F96, 0x9F96, 0x9F96, 0x9F96, 0x9F96, 0x9F96, 0x9F96, 0x9F96,
0x9F96, 0x9F96, 0x9F96, 0x7E8E, 0x7E8E, 0x7E8E, 0x7E8E, 0x7E8E, 0x7E8E, 0x7E8E,
0x7E8E, 0x7E8E, 0x7E8E, 0x7E8E, 0x7E8E, 0x7E8E, 0x7E8E, 0x7E8E, 0x7E8E, 0x7E8E,
0x7E8E, 0x7E8E, 0x7E8E, 0x7E8E, 0x7E8E, 0x7E8E, 0x9E8E, 0x9E8E, 0x9E8E, 0x9E8E,
0x9E8E, 0x9E8E, 0x9E8E, 0x9E8E, 0x9E8E, 0x9E8E, 0x9E8E, 0x9E8E, 0x9E8E, 0x9E8E,
0x9F8E, 0x9F8E, 0x9F8E, 0x9F8E, 0x9F8E, 0x9F8E, 0x9F8E, 0x9F8E, 0x9F8E, 0x9F8E,
0x9F8E, 0x9F8E, 0x9F8E, 0x9F8E, 0x9F8E, 0x9F8E, 0x9F8E, 0x9F8E, 0x9F8E, 0x9F8E,
0x9F8E, 0x9F8E, 0x9F8E, 0x7F8E, 0x7F8E, 0x7F8E, 0x7F8E, 0x7F8E, 0x7F8E, 0x7F8E,
0x7F8E, 0x7F8E, 0x7F8E, 0x7F8E, 0x7F8E, 0x7F8E, 0x7F8E, 0x7F8E, 0x7F8E, 0x7F8E,
0x7F8E, 0x7F8E, 0x7F8E, 0x7F8E, 0x7F8E, 0x7F8E, 0x7F8E, 0x7F8E, 0x7F8E, 0x7F8E,
0x7F8E, 0x7F8E, 0x7F8E, 0x7F8E, 0x7F8E, 0x7F8E, 0x7F8E, 0x7F8E, 0x7F8E, 0x7F8E,
0x7F8E, 0x7F8E, 0x7F8E, 0x7F8E, 0x7F8E, 0x7F8E, 0x7F8E, 0x7F8E, 0x7F8E, 0x7F8E,
0x7F8E, 0x7F8E, 0x7F8E, 0x7F8E, 0x7F8E, 0x7F8E, 0x7F8E, 0x7F8E, 0x7F8E, 0x7F8E,
0x7F8E, 0x7F8E, 0x7F8E, 0x7F8E, 0x7F8E, 0x7F8E, 0x7F8E, 0x7F8E, 0x7F8E, 0x7F8E,
0x7F8E, 0x7F8E, 0x7F8E, 0x7F8E, 0x7F8E, 0x7F8E, 0x7F8E, 0x7F8E, 0x7F8E, 0x7F8E,
0x7F8E, 0x7F8E, 0x7F8E, 0x7F8E, 0x7F8E, 0x7F8E, 0x7F8E, 0x7F8E, 0x7F8E, 0x7F8E,
0x7F8E, 0x7F8E, 0x7F8E, 0x7F8E, 0x7F8E, 0x7F8E, 0x7F8E, 0x7F8E, 0x7F8E, 0x7F8E,
0x7F8E, 0x7F8E, 0x7F8E, 0x7F8E, 0x7F8E, 0x7F8E, 0x7F8E, 0x7F8E, 0x7F8E, 0x7F8E,
0x7F8E, 0x7F8E, 0x7F8E, 0x7F8E, 0x7F8E, 0x7F8E, 0x7F8E, 0x7F8E, 0x7F8E, 0x7F8E,
0x7F8E, 0x7F8E, 0x7F8E, 0x7F8E, 0x7F8E, 0x7F8E, 0x7F8E, 0x7F8E, 0x7F8E, 0x7F8E,
0x7F8E, 0x7F8E, 0x7F8E, 0x7F8E, 0x7F8E, 0x7F8E, 0x7F8E, 0x7F8E, 0x7F8E, 0x7F8E,
0x7F8E, 0x7F8E, 0x7F8E, 0x7F8E, 0x7F8E, 0x7F8E, 0x7F8E, 0x7F8E, 0x7F8E, 0x7F8E,
0x7F8E, 0x7E8E, 0x7E8E, 0x7E8E, 0x7E8E, 0x7E8E, 0x7E8E, 0x7E8E, 0x7E8E, 0x7E8E,
0x7E8E, 0x7E8E, 0x7E8E, 0x7E8E, 0x7E8E, 0x7E8E, 0x7E8E, 0x7E8E, 0x7E8E, 0x7E8E,
0x7E8E, 0x7E8E, 0x7E8E, 0x7E8E, 0x7F86, 0x7F86, 0x7F86, 0x7F86, 0x7F86, 0x7F86,
0x7F86, 0x7F86, 0x7F86, 0x7F86, 0x7F86, 0x7F86, 0x7F86, 0x7F86, 0x7F86, 0x7F86,
0x7F86, 0x7F86, 0x7F86, 0x7F86, 0x7F86, 0x7F86, 0x7F86, 0x7F8E, 0x7F8E, 0x7F8E,
0x7F8E, 0x7F8E, 0x7F86, 0x7F86, 0x7F86, 0x7F86, 0x7F86, 0x7F86, 0x7F86, 0x7F86,
0x7F86, 0x7F86, 0x7F86, 0x7F86, 0x7F86, 0x7F86, 0x7F86, 0x7F86, 0x7F86, 0x7F86,
0x7F86, 0x7F86, 0x7F86, 0x7F86, 0x7F86, 0x7F86, 0x9E96, 0x9E96, 0x9E96, 0x9E96,
0x9E96, 0x9E96, 0x9E96, 0x9E96, 0x9E96, 0x9E96, 0x9E96, 0x9E96, 0x9E96, 0x9E96,
0x9E96, 0x9E96, 0x9E96, 0x9E96, 0x9E96, 0x9E96, 0x9E96, 0x9E96, 0x9E96, 0x9E96,
0x9F96, 0x9F96, 0x9F96, 0x9F96, 0x9F96, 0x9F96, 0x9F96, 0x9F96, 0x9F96, 0x9F96,
0x9F96, 0x9F96, 0x9F96, 0x9F8E, 0x9F8E, 0x9F8E, 0x9F8E, 0x9F8E, 0x9F8E, 0x9F8E,
0x9F8E, 0x9F8E, 0x9F8E, 0x9F8E, 0x9F8E, 0x9F8E, 0x9F8E, 0x9F8E, 0x9F8E, 0x9F8E,
0x9F8E, 0x9F8E, 0x9F8E, 0x9F8E, 0x9F8E, 0x9F8E, 0x9E8E, 0x9E8E, 0x9E8E, 0x9E8E,
0x9E8E, 0x9E8E, 0x9E8E, 0x9E8E, 0x9E8E, 0x9E8E, 0x9E8E, 0x9E8E, 0x9E8E, 0x9E8E,
0x9F8E, 0x9F8E, 0x9F8E, 0x9F8E, 0x9F8E, 0x9F8E, 0x9F8E, 0x9F8E, 0x9F8E, 0x9F8E,
0x9F8E, 0x9F8E, 0x9F8E, 0x9F8E, 0x9F8E, 0x9F8E, 0x9F8E, 0x9F8E, 0x9F8E, 0x9F8E,
0x9F8E, 0x9F8E, 0x9F8E, 0x7F8E, 0x7F8E, 0x7F8E, 0x7F8E, 0x7F8E, 0x7F8E, 0x7F8E,
0x7F8E, 0x7F8E, 0x7F8E, 0x7F8E, 0x7F8E, 0x7F8E, 0x7F8E, 0x7F8E, 0x7F8E, 0x7F8E,
0x7F8E, 0x7F8E, 0x7F8E, 0x7F8E, 0x7F8E, 0x7F8E, 0x7F8E, 0x7F8E, 0x7F8E, 0x7F8E,
0x7F8E, 0x7F8E, 0x7F8E, 0x7F8E, 0x7F8E, 0x7F8E, 0x7F8E, 0x7F8E, 0x7F8E, 0x7F8E,
0x7F8E, 0x7F8E, 0x7F8E, 0x7F8E, 0x7F8E, 0x7F8E, 0x7F8E, 0x7F8E, 0x7F8E, 0x7F8E,
0x7F8E, 0x7F8E, 0x7F8E, 0x7F8E, 0x7F8E, 0x7F8E, 0x7F8E, 0x7F8E, 0x7F8E, 0x7F8E,
0x7F8E, 0x7F8E, 0x7F8E, 0x7F8E, 0x7F8E, 0x7F8E, 0x7F8E, 0x7F8E, 0x7F8E, 0x7F8E,
0x7F8E, 0x7F8E, 0x7F8E, 0x7F8E, 0x7F8E, 0x7F8E, 0x7F8E, 0x7F8E, 0x7F8E, 0x7F8E,
0x7F8E, 0x7F8E, 0x7F8E, 0x7F8E, 0x7F8E, 0x7F8E, 0x7F8E, 0x7F8E, 0x7F8E, 0x7F8E,
0x7F8E, 0x7F8E, 0x7F8E, 0x7F8E, 0x7F8E, 0x7F8E, 0x7F8E, 0x7F8E, 0x7F8E, 0x7F8E,
0x7F8E, 0x7F8E, 0x7F8E, 0x7F8E, 0x7F8E, 0x7F8E, 0x7F8E, 0x7F8E, 0x7F8E, 0x7F8E,
0x7F8E, 0x7F8E, 0x7F8E, 0x7F8E, 0x7F8E, 0x7F8E, 0x7F8E, 0x7F8E, 0x7F8E, 0x7F8E,
0x7F8E, 0x7F8E, 0x7F8E, 0x7F8E, 0x7F8E, 0x7F8E, 0x7F8E, 0x7F8E, 0x7F8E, 0x7F8E,
0x7F8E, 0x7F8E, 0x7F8E, 0x7F8E, 0x7F8E, 0x7F8E, 0x7F8E, 0x7F8E, 0x7F8E, 0x7F8E,
0x7F8E, 0x7F8E, 0x7F8E, 0x7F8E, 0x7F8E, 0x7F8E, 0x7F8E, 0x7F8E, 0x7F8E, 0x7F8E,
0x7F8E, 0x7E8E, 0x7E8E, 0x7E8E, 0x7E8E, 0x7E8E, 0x7E8E, 0x7E8E, 0x7E8E, 0x7E8E,
0x7E8E, 0x7E8E, 0x7E8E, 0x7E8E, 0x7E8E, 0x7E8E, 0x7E8E, 0x7E8E, 0x7E8E, 0x7E8E,
0x7E8E, 0x7E8E, 0x7E8E, 0x7E8E, 0x7F86, 0x7F86, 0x7F86, 0x7F86, 0x7F86, 0x7F86,
0x7F86, 0x7F86, 0x7F86, 0x7F86, 0x7F86, 0x7F86, 0x7F86, 0x7F86, 0x7F86, 0x7F86,
0x7F86, 0x7F86, 0x7F86, 0x7F86, 0x7F86, 0x7F86, 0x7F86, 0x7F8E, 0x7F8E, 0x7F8E,
0x7F8E, 0x7F8E, 0x7F86, 0x7F86, 0x7F86, 0x7F86, 0x7F86, 0x7F86, 0x7F86, 0x7F86,
0x7F86, 0x7F86, 0x7F86, 0x7F86, 0x7F86, 0x7F86, 0x7F86, 0x7F86, 0x7F86, 0x7F86,
0x7F86, 0x7F86, 0x7F86, 0x7F86, 0x7F86, 0x7F86, 0x9F96, 0x9F96, 0x9F96, 0x9F96,
0x9F96, 0x9F96, 0x9F96, 0x9F96, 0x9F96, 0x9F96, 0x9E96, 0x9E96, 0x9E96, 0x9E96,
0x9E96, 0x9E96, 0x9E96, 0x9E96, 0x9E96, 0x9E96, 0x9E96, 0x9E96, 0x9E96, 0x9E96,
0x9E96, 0x9E96, 0x9E96, 0x9E96, 0x9E96, 0x9E96, 0x9E96, 0x9E96, 0x9E96, 0x9E96,
0x9E96, 0x9E96, 0x9E96, 0x9E96, 0x9E96, 0x9E96, 0x9E96, 0x9E96, 0x9E96, 0x9E96,
0x9E96, 0x9E96, 0x9E96, 0x9E96, 0x9E96, 0x9E96, 0x9E96, 0x9E96, 0x9E96, 0x9E96,
0x9E96, 0x9E96, 0x9E96, 0x9E96, 0x9E96, 0x9E96, 0x9E8E, 0x9E8E, 0x9E8E, 0x9E8E,
0x9E8E, 0x9E8E, 0x9E8E, 0x9E8E, 0x9E8E, 0x9E8E, 0x9E8E, 0x9E8E, 0x9E8E, 0x9E8E,
0x9F8E, 0x9F8E, 0x9F8E, 0x9F8E, 0x9F8E, 0x9F8E, 0x9F8E, 0x9F8E, 0x9F8E, 0x9F8E,
0x9F8E, 0x9F8E, 0x9F8E, 0x9F8E, 0x9F8E, 0x9F8E, 0x9F8E, 0x9F8E, 0x9F8E, 0x9F8E,
0x9F8E, 0x9F8E, 0x9F8E, 0x7F8E, 0x7F8E, 0x7F8E, 0x7F8E, 0x7F8E, 0x7F8E, 0x7F8E,
0x7F8E, 0x7F8E, 0x7F8E, 0x7F8E, 0x7F8E, 0x7F8E, 0x7F8E, 0x7F8E, 0x7F8E, 0x7F8E,
0x7F8E, 0x7F8E, 0x7F8E, 0x7F8E, 0x7F8E, 0x7F8E, 0x7F8E, 0x7F8E, 0x7F8E, 0x7F8E,
0x7F8E, 0x7F8E, 0x7F8E, 0x7F8E, 0x7F8E, 0x7F8E, 0x7F8E, 0x7F8E, 0x7F8E, 0x7F8E,
0x7E8E, 0x7E8E, 0x7E8E, 0x7E8E, 0x7E8E, 0x7F8E, 0x7F8E, 0x7F8E, 0x7F8E, 0x7F8E,
0x7F8E, 0x7F8E, 0x7F8E, 0x7F8E, 0x7F8E, 0x7F8E, 0x7F8E, 0x7F8E, 0x7F8E, 0x7F8E,
0x7F8E, 0x7F8E, 0x7F8E, 0x7F8E, 0x7F8E, 0x7F8E, 0x7F8E, 0x7F8E, 0x7F8E, 0x7F8E,
0x7F8E, 0x7F8E, 0x7F8E, 0x7F8E, 0x7F8E, 0x7F8E, 0x7F8E, 0x7F8E, 0x7F8E, 0x7F8E,
0x7F8E, 0x7F8E, 0x7F8E, 0x7F8E, 0x7F8E, 0x7F8E, 0x7F8E, 0x7F8E, 0x7F8E, 0x7F8E,
0x7F8E, 0x7F8E, 0x7F8E, 0x7F8E, 0x7F8E, 0x7F8E, 0x7F8E, 0x7F8E, 0x7F8E, 0x7F8E,
0x7F8E, 0x7F8E, 0x7F8E, 0x7F8E, 0x7F8E, 0x7F8E, 0x7F8E, 0x7F8E, 0x7F8E, 0x7F8E,
0x7F8E, 0x7F8E, 0x7F8E, 0x7F8E, 0x7F8E, 0x7F8E, 0x7F8E, 0x7F8E, 0x7F8E, 0x7F8E,
0x7F8E, 0x7F8E, 0x7F8E, 0x7F8E, 0x7F8E, 0x7F8E, 0x7F8E, 0x7F8E, 0x7F8E, 0x7F8E,
0x7F8E, 0x7F8E, 0x7F8E, 0x7F8E, 0x7F8E, 0x7F8E, 0x7F8E, 0x7F8E, 0x7F8E, 0x7F8E,
0x7F8E, 0x7F8E, 0x7F8E, 0x7F8E, 0x7F8E, 0x7F8E, 0x7F8E, 0x7F8E, 0x7F8E, 0x7F8E,
0x7F8E, 0x7E8E, 0x7E8E, 0x7E8E, 0x7E8E, 0x7E8E, 0x7E8E, 0x7E8E, 0x7E8E, 0x7E8E,
0x7E8E, 0x7E8E, 0x7E8E, 0x7E8E, 0x7E8E, 0x7E8E, 0x7E8E, 0x7E8E, 0x7E8E, 0x7E8E,
0x7E8E, 0x7E8E, 0x7E8E, 0x7E8E, 0x7F8E, 0x7F8E, 0x7F8E, 0x7F8E, 0x7F8E, 0x7F8E,
0x7F8E, 0x7F8E, 0x7F8E, 0x7F8E, 0x7F8E, 0x7F8E, 0x7F8E, 0x7F8E, 0x7F8E, 0x7F8E,
0x7F8E, 0x7F8E, 0x7F8E, 0x7F8E, 0x7F8E, 0x7F8E, 0x7F8E, 0x7F8E, 0x7F8E, 0x7F8E,
0x7F8E, 0x7F8E, 0x7F86, 0x7F86, 0x7F86, 0x7F86, 0x7F86, 0x7F86, 0x7F86, 0x7F86,
0x7F86, 0x7F86, 0x7F86, 0x7F86, 0x7F86, 0x7F86, 0x7F86, 0x7F86, 0x7F86, 0x7F86,
0x7F86, 0x7F86, 0x7F86, 0x7F86, 0x7F86, 0x7F86, 0x9F96, 0x9F96, 0x9F96, 0x9F96,
0x9F96, 0x9F96, 0x9F96, 0x9F96, 0x9F96, 0x9F96, 0x9E96, 0x9E96, 0x9E96, 0x9E96,
0x9E96, 0x9E96, 0x9E96, 0x9E96, 0x9E96, 0x9E96, 0x9E96, 0x9E96, 0x9E96, 0x9E96,
0x9E96, 0x9E96, 0x9E96, 0x9E96, 0x9E96, 0x9E96, 0x9E96, 0x9E96, 0x9E96, 0x9E96,
0x9E96, 0x9E96, 0x9E96, 0x9E96, 0x9E96, 0x9E96, 0x9E96, 0x9E96, 0x9E96, 0x9E96,
0x9E96, 0x9E96, 0x9E96, 0x9E96, 0x9E96, 0x9E96, 0x9E96, 0x9E96, 0x9E96, 0x9E96,
0x9E96, 0x9E96, 0x9E96, 0x9E96, 0x9E96, 0x9E96, 0x9E8E, 0x9E8E, 0x9E8E, 0x9E8E,
0x9E8E, 0x9E8E, 0x9E8E, 0x9E8E, 0x9E8E, 0x9E8E, 0x9E8E, 0x9E8E, 0x9E8E, 0x9E8E,
0x9E8E, 0x9E8E, 0x9E8E, 0x9E8E, 0x9E8E, 0x9F8E, 0x9F8E, 0x9F8E, 0x9F8E, 0x9F8E,
0x9F8E, 0x9F8E, 0x9F8E, 0x9F8E, 0x9F8E, 0x9F8E, 0x9F8E, 0x9F8E, 0x9F8E, 0x9F8E,
0x9F8E, 0x9F8E, 0x9F8E, 0x7F8E, 0x7F8E, 0x7F8E, 0x7F8E, 0x7F8E, 0x7F8E, 0x7F8E,
0x7F8E, 0x7F8E, 0x7F8E, 0x7F8E, 0x7F8E, 0x7F8E, 0x7F8E, 0x7F8E, 0x7F8E, 0x7F8E,
0x7F8E, 0x7F8E, 0x7F8E, 0x7F8E, 0x7F8E, 0x7F8E, 0x7F8E, 0x7F8E, 0x7F8E, 0x7F8E,
0x7F8E, 0x7F8E, 0x7F8E, 0x7F8E, 0x7F8E, 0x7F8E, 0x7F8E, 0x7F8E, 0x7F8E, 0x7F8E,
0x7E8E, 0x7E8E, 0x7E8E, 0x7E8E, 0x7E8E, 0x7F8E, 0x7F8E, 0x7F8E, 0x7F8E, 0x7F8E,
0x7F8E, 0x7F8E, 0x7F8E, 0x7F8E, 0x7F8E, 0x7F8E, 0x7F8E, 0x7F8E, 0x7F8E, 0x7F8E,
0x7F8E, 0x7F8E, 0x7F8E, 0x7F8E, 0x7F8E, 0x7F8E, 0x7F8E, 0x7F8E, 0x9F8E, 0x9F8E,
0x9F8E, 0x9F8E, 0x9F8E, 0x7F8E, 0x7F8E, 0x7F8E, 0x7F8E, 0x7F8E, 0x7F8E, 0x7F8E,
0x7F8E, 0x7F8E, 0x7F8E, 0x7F8E, 0x7F8E, 0x7F8E, 0x7F8E, 0x7F8E, 0x7F8E, 0x7F8E,
0x7F8E, 0x7F8E, 0x7F8E, 0x7F8E, 0x7F8E, 0x7F8E, 0x7F8E, 0x7F8E, 0x7F8E, 0x7F8E,
0x7F8E, 0x7F8E, 0x7F8E, 0x7F8E, 0x7F8E, 0x7F8E, 0x7F8E, 0x7F8E, 0x7F8E, 0x7F8E,
0x7F8E, 0x7F8E, 0x7F8E, 0x7F8E, 0x7F8E, 0x7F8E, 0x7F8E, 0x7F8E, 0x7F8E, 0x7F8E,
0x7F8E, 0x7F8E, 0x7F8E, 0x7F8E, 0x7F8E, 0x7F8E, 0x7F8E, 0x7F8E, 0x7F8E, 0x7F8E,
0x7F8E, 0x7F8E, 0x7F8E, 0x7F8E, 0x7F8E, 0x7F8E, 0x7F8E, 0x7F8E, 0x7F8E, 0x7F8E,
0x7F8E, 0x7F8E, 0x7F8E, 0x7F8E, 0x7F8E, 0x7F8E, 0x7F8E, 0x7F8E, 0x7F8E, 0x7F8E,
0x7F8E, 0x7E8E, 0x7E8E, 0x7E8E, 0x7E8E, 0x7E8E, 0x7E8E, 0x7E8E, 0x7E8E, 0x7E8E,
0x7E8E, 0x7E8E, 0x7E8E, 0x7E8E, 0x7E8E, 0x7E8E, 0x7E8E, 0x7E8E, 0x7E8E, 0x7E8E,
0x7E8E, 0x7E8E, 0x7E8E, 0x7E8E, 0x7F8E, 0x7F8E, 0x7F8E, 0x7F8E, 0x7F8E, 0x7F8E,
0x7F8E, 0x7F8E, 0x7F8E, 0x7F8E, 0x7F8E, 0x7F8E, 0x7F8E, 0x7F8E, 0x7F8E, 0x7F8E,
0x7F8E, 0x7F8E, 0x7F8E, 0x7F8E, 0x7F8E, 0x7F8E, 0x7F8E, 0x7F8E, 0x7F8E, 0x7F8E,
0x7F8E, 0x7F8E, 0x7F86, 0x7F86, 0x7F86, 0x7F86, 0x7F86, 0x7F86, 0x7F86, 0x7F86,
0x7F86, 0x7F86, 0x7F86, 0x7F86, 0x7F86, 0x7F86, 0x7F86, 0x7F86, 0x7F86, 0x7F86,
0x7F86, 0x7F86, 0x7F86, 0x7F86, 0x7F86, 0x7F86, 0x9F96, 0x9F96, 0x9F96, 0x9F96,
0x9F96, 0x9F96, 0x9F96, 0x9F96, 0x9F96, 0x9F96, 0x9E96, 0x9E96, 0x9E96, 0x9E96,
0x9E96, 0x9E96, 0x9E96, 0x9E96, 0x9E96, 0x9E96, 0x9E96, 0x9E96, 0x9E96, 0x9E96,
0x9E96, 0x9E96, 0x9E96, 0x9E96, 0x9E96, 0x9E96, 0x9E96, 0x9E96, 0x9E96, 0x9E96,
0x9E96, 0x9E96, 0x9E96, 0x9E96, 0x9E96, 0x9E96, 0x9E96, 0x9E96, 0x9E96, 0x9E96,
0x9E96, 0x9E96, 0x9E96, 0x9E96, 0x9E96, 0x9E96, 0x9E96, 0x9E96, 0x9E96, 0x9E96,
0x9E96, 0x9E96, 0x9E96, 0x9E96, 0x9E96, 0x9E96, 0x9E8E, 0x9E8E, 0x9E8E, 0x9E8E,
0x9E8E, 0x9E8E, 0x9E8E, 0x9E8E, 0x9E8E, 0x9E8E, 0x9E8E, 0x9E8E, 0x9E8E, 0x9E8E,
0x9E8E, 0x9E8E, 0x9E8E, 0x9E8E, 0x9E8E, 0x9F8E, 0x9F8E, 0x9F8E, 0x9F8E, 0x9F8E,
0x9F8E, 0x9F8E, 0x9F8E, 0x9F8E, 0x9F8E, 0x9F8E, 0x9F8E, 0x9F8E, 0x9F8E, 0x9F8E,
0x9F8E, 0x9F8E, 0x9F8E, 0x7F8E, 0x7F8E, 0x7F8E, 0x7F8E, 0x7F8E, 0x7F8E, 0x7F8E,
0x7F8E, 0x7F8E, 0x7F8E, 0x7F8E, 0x7F8E, 0x7F8E, 0x7F8E, 0x7F8E, 0x7F8E, 0x7F8E,
0x7F8E, 0x7F8E, 0x7F8E, 0x7F8E, 0x7F8E, 0x7F8E, 0x7F8E, 0x7F8E, 0x7F8E, 0x7F8E,
0x7F8E, 0x7F8E, 0x7F8E, 0x7F8E, 0x7F8E, 0x7F8E, 0x7F8E, 0x7F8E, 0x7F8E, 0x7F8E,
0x7E8E, 0x7E8E, 0x7E8E, 0x7E8E, 0x7E8E, 0x7F8E, 0x7F8E, 0x7F8E, 0x7F8E, 0x7F8E,
0x7F8E, 0x7F8E, 0x7F8E, 0x7F8E, 0x7F8E, 0x7F8E, 0x7F8E, 0x7F8E, 0x7F8E, 0x7F8E,
0x7F8E, 0x7F8E, 0x7F8E, 0x7F8E, 0x7F8E, 0x7F8E, 0x7F8E, 0x7F8E, 0x9F8E, 0x9F8E,
0x9F8E, 0x9F8E, 0x9F8E, 0x7F8E, 0x7F8E, 0x7F8E, 0x7F8E, 0x7F8E, 0x7F8E, 0x7F8E,
0x7F8E, 0x7F8E, 0x7F8E, 0x7F8E, 0x7F8E, 0x7F8E, 0x7F8E, 0x7F8E, 0x7F8E, 0x7F8E,
0x7F8E, 0x7F8E, 0x7F8E, 0x7F8E, 0x7F8E, 0x7F8E, 0x7F8E, 0x7F8E, 0x7F8E, 0x7F8E,
0x7F8E, 0x7F8E, 0x7F8E, 0x7F8E, 0x7F8E, 0x7F8E, 0x7F8E, 0x7F8E, 0x7F8E, 0x7F8E,
0x7F8E, 0x7F8E, 0x7F8E, 0x7F8E, 0x7F8E, 0x7F8E, 0x7F8E, 0x7F8E, 0x7F8E, 0x7F8E,
0x7F8E, 0x7F8E, 0x7F8E, 0x7F8E, 0x7F8E, 0x7F8E, 0x7F8E, 0x7F8E, 0x7F8E, 0x7F8E,
0x7F8E, 0x7F8E, 0x7F8E, 0x7F8E, 0x7F8E, 0x7F8E, 0x7F8E, 0x7F8E, 0x7F8E, 0x7F8E,
0x7F8E, 0x7F8E, 0x7F8E, 0x7F8E, 0x7F8E, 0x7F8E, 0x7F8E, 0x7F8E, 0x7F8E, 0x7F8E,
0x7F8E, 0x7E8E, 0x7E8E, 0x7E8E, 0x7E8E, 0x7E8E, 0x7E8E, 0x7E8E, 0x7E8E, 0x7E8E,
0x7E8E, 0x7E8E, 0x7E8E, 0x7E8E, 0x7E8E, 0x7E8E, 0x7E8E, 0x7E8E, 0x7E8E, 0x7E8E,
0x7E8E, 0x7E8E, 0x7E8E, 0x7E8E, 0x7F8E, 0x7F8E, 0x7F8E, 0x7F8E, 0x7F8E, 0x7F8E,
0x7F8E, 0x7F8E, 0x7F8E, 0x7F8E, 0x7F8E, 0x7F8E, 0x7F8E, 0x7F8E, 0x7F8E, 0x7F8E,
0x7F8E, 0x7F8E, 0x7F8E, 0x7F8E, 0x7F8E, 0x7F8E, 0x7F8E, 0x7F8E, 0x7F8E, 0x7F8E,
0x7F8E, 0x7F8E, 0x7F86, 0x7F86, 0x7F86, 0x7F86, 0x7F86, 0x7F86, 0x7F86, 0x7F86,
0x7F86, 0x7F86, 0x7F86, 0x7F86, 0x7F86, 0x7F86, 0x7F86, 0x7F86, 0x7F86, 0x7F86,
0x7F86, 0x7F86, 0x7F86, 0x7F86, 0x7F86, 0x7F86, 0x9F96, 0x9F96, 0x9F96, 0x9F96,
0x9F96, 0x9F96, 0x9F96, 0x9F96, 0x9F96, 0x9F96, 0x9F96, 0x9F96, 0x9F96, 0x9F96,
0x9F96, 0x9F96, 0x9F96, 0x9F96, 0x9F96, 0x9F96, 0x9F96, 0x9F96, 0x9F96, 0x9F96,
0x9E96, 0x9E96, 0x9E96, 0x9E96, 0x9F96, 0x9F96, 0x9F96, 0x9F96, 0x9F96, 0x9F96,
0x9F96, 0x9F96, 0x9F96, 0x9E96, 0x9E96, 0x9E96, 0x9E96, 0x9E96, 0x9E96, 0x9E96,
0x9E96, 0x9E96, 0x9E96, 0x9E96, 0x9E96, 0x9E96, 0x9E96, 0x9E96, 0x9E96, 0x9E96,
0x9E96, 0x9E96, 0x9E96, 0x9E96, 0x9E96, 0x9E96, 0x9E96, 0x9E96, 0x9E96, 0x9E96,
0x9E96, 0x9E96, 0x9E96, 0x9E96, 0x9E96, 0x9E96, 0x9E96, 0x9E96, 0x9E96, 0x9E96,
0x9E96, 0x9E96, 0x9E96, 0x9E96, 0x9E96, 0x9E96, 0x9E96, 0x9E96, 0x9E96, 0x9E96,
0x9E8E, 0x9E8E, 0x9E8E, 0x9E8E, 0x9E8E, 0x9E8E, 0x9E8E, 0x9E8E, 0x9E8E, 0x9E8E,
0x9E8E, 0x9E8E, 0x9E8E, 0x9E8E, 0x9E8E, 0x9E8E, 0x9E8E, 0x9E8E, 0x9E96, 0x9E96,
0x9E96, 0x9E96, 0x9E96, 0x9E96, 0x9E96, 0x9E96, 0x9E96, 0x9E96, 0x9E96, 0x9E96,
0x9E96, 0x9E96, 0x9E96, 0x9E96, 0x9E96, 0x9E96, 0x9E96, 0x9E96, 0x9E96, 0x9E96,
0x9E96, 0x9E96, 0x9E96, 0x9E96, 0x9E96, 0x9E96, 0x9E96, 0x9E96, 0x9E96, 0x9E96,
0x9E96, 0x9E96, 0x9E96, 0x9E96, 0x9E96, 0x9E96, 0x9E96, 0x9E96, 0x9E96, 0x9E96,
0x9E96, 0x9E96, 0x9E96, 0x9E96, 0x9E96, 0x9E96, 0x9E96, 0x9E96, 0x9E96, 0x9F96,
0x9F96, 0x9F96, 0x9F96, 0x9F96, 0x9F96, 0x9F96, 0x9F96, 0x9F96, 0x9F96, 0x9F96,
0x9F96, 0x9F96, 0x9F96, 0x7F8E, 0x7F8E, 0x7F8E, 0x7F8E, 0x7F8E, 0x7F8E, 0x7F8E,
0x7F8E, 0x7F8E, 0x7F8E, 0x7F8E, 0x7F8E, 0x7F8E, 0x7F8E, 0x7F8E, 0x7F8E, 0x7F8E,
0x7F8E, 0x9E8E, 0x9E8E, 0x9E8E, 0x9E8E, 0x9E8E, 0x9E8E, 0x9E8E, 0x9E8E, 0x9E8E,
0x9E8E, 0x9E8E, 0x9E8E, 0x9E8E, 0x9E8E, 0x9E8E, 0x9E8E, 0x9E8E, 0x9E8E, 0x9F8E,
0x9F8E, 0x9F8E, 0x9F8E, 0x9F8E, 0x9F8E, 0x9F8E, 0x9F8E, 0x9F8E, 0x9F8E, 0x9F8E,
0x9F8E, 0x9F8E, 0x9F8E, 0x9F8E, 0x9F8E, 0x9F8E, 0x9F8E, 0x9F8E, 0x9F8E, 0x9F8E,
0x9F8E, 0x9F8E, 0x9F8E, 0x9F8E, 0x9F8E, 0x9F8E, 0x9F8E, 0x7F8E, 0x7F8E, 0x7F8E,
0x7F8E, 0x7F8E, 0x7F8E, 0x7F8E, 0x7F8E, 0x7F8E, 0x7F8E, 0x7F8E, 0x7F8E, 0x7F8E,
0x7F8E, 0x7F8E, 0x7F8E, 0x7F8E, 0x7F8E, 0x7F8E, 0x7F8E, 0x7F8E, 0x7F8E, 0x7F8E,
0x7F8E, 0x7F8E, 0x7F8E, 0x7F8E, 0x7F8E, 0x9F8E, 0x9F8E, 0x9F8E, 0x9F8E, 0x9F8E,
0x9F8E, 0x9F8E, 0x9F8E, 0x9F8E, 0x7F8E, 0x7F8E, 0x7F8E, 0x7F8E, 0x7F8E, 0x7F8E,
0x7F8E, 0x7F8E, 0x7F8E, 0x7F8E, 0x7F8E, 0x7F8E, 0x7F8E, 0x7F8E, 0x7F8E, 0x7F8E,
0x7F8E, 0x7F8E, 0x7F8E, 0x7F8E, 0x7F8E, 0x7F8E, 0x7F8E, 0x7F8E, 0x7F8E, 0x7F8E,
0x7F8E, 0x7F8E, 0x7F8E, 0x7F8E, 0x7F8E, 0x7F8E, 0x7F8E, 0x7F8E, 0x7F8E, 0x7F8E,
0x7F8E, 0x7F8E, 0x7F8E, 0x7F8E, 0x7F8E, 0x7F8E, 0x7F8E, 0x7F8E, 0x7F8E, 0x7F8E,
0x7F8E, 0x7F8E, 0x7F8E, 0x7F8E, 0x7F8E, 0x7F8E, 0x9F96, 0x9F96, 0x9F96, 0x9F96,
0x9F96, 0x9F96, 0x9F96, 0x9F96, 0x9F96, 0x9F96, 0x9F96, 0x9F96, 0x9F96, 0x9F96,
0x9F96, 0x9F96, 0x9F96, 0x9F96, 0x9F96, 0x9F96, 0x9F96, 0x9F96, 0x9F96, 0x9F96,
0x9E96, 0x9E96, 0x9E96, 0x9E96, 0x9F96, 0x9F96, 0x9F96, 0x9F96, 0x9F96, 0x9F96,
0x9F96, 0x9F96, 0x9F96, 0x9E96, 0x9E96, 0x9E96, 0x9E96, 0x9E96, 0x9E96, 0x9E96,
0x9E96, 0x9E96, 0x9E96, 0x9E96, 0x9E96, 0x9E96, 0x9E96, 0x9E96, 0x9E96, 0x9E96,
0x9E96, 0x9E96, 0x9E96, 0x9E96, 0x9E96, 0x9E96, 0x9E96, 0x9E96, 0x9E96, 0x9E96,
0x9E96, 0x9E96, 0x9E96, 0x9E96, 0x9E96, 0x9E96, 0x9E96, 0x9E96, 0x9E96, 0x9E96,
0x9E96, 0x9E96, 0x9E96, 0x9E96, 0x9E96, 0x9E96, 0x9E96, 0x9E96, 0x9E96, 0x9E96,
0x9E8E, 0x9E8E, 0x9E8E, 0x9E8E, 0x9E8E, 0x9E8E, 0x9E8E, 0x9E8E, 0x9E8E, 0x9E8E,
0x9E8E, 0x9E8E, 0x9E8E, 0x9E8E, 0x9E8E, 0x9E8E, 0x9E8E, 0x9E8E, 0x9E96, 0x9E96,
0x9E96, 0x9E96, 0x9E96, 0x9E96, 0x9E96, 0x9E96, 0x9E96, 0x9E96, 0x9E96, 0x9E96,
0x9E96, 0x9E96, 0x9E96, 0x9E96, 0x9E96, 0x9E96, 0x9E96, 0x9E96, 0x9E96, 0x9E96,
0x9E96, 0x9E96, 0x9E96, 0x9E96, 0x9E96, 0x9E96, 0x9E96, 0x9E96, 0x9E96, 0x9E96,
0x9E96, 0x9E96, 0x9E96, 0x9E96, 0x9E96, 0x9E96, 0x9E96, 0x9E96, 0x9E96, 0x9E96,
0x9E96, 0x9E96, 0x9E96, 0x9E96, 0x9E96, 0x9E96, 0x9E96, 0x9E96, 0x9E96, 0x9F96,
0x9F96, 0x9F96, 0x9F96, 0x9F96, 0x9F96, 0x9F96, 0x9F96, 0x9F96, 0x9F96, 0x9F96,
0x9F96, 0x9F96, 0x9F96, 0x7F8E, 0x7F8E, 0x7F8E, 0x7F8E, 0x7F8E, 0x7F8E, 0x7F8E,
0x7F8E, 0x7F8E, 0x7F8E, 0x7F8E, 0x7F8E, 0x7F8E, 0x7F8E, 0x7F8E, 0x7F8E, 0x7F8E,
0x7F8E, 0x9E8E, 0x9E8E, 0x9E8E, 0x9E8E, 0x9E8E, 0x9E8E, 0x9E8E, 0x9E8E, 0x9E8E,
0x9E8E, 0x9E8E, 0x9E8E, 0x9E8E, 0x9E8E, 0x9E8E, 0x9E8E, 0x9E8E, 0x9E8E, 0x9F8E,
0x9F8E, 0x9F8E, 0x9F8E, 0x9F8E, 0x9F8E, 0x9F8E, 0x9F8E, 0x9F8E, 0x9F8E, 0x9F8E,
0x9F8E, 0x9F8E, 0x9F8E, 0x9F8E, 0x9F8E, 0x9F8E, 0x9F8E, 0x9F8E, 0x9F8E, 0x9F8E,
0x9F8E, 0x9F8E, 0x9F8E, 0x9F8E, 0x9F8E, 0x9F8E, 0x9F8E, 0x7F8E, 0x7F8E, 0x7F8E,
0x7F8E, 0x7F8E, 0x7F8E, 0x7F8E, 0x7F8E, 0x7F8E, 0x7F8E, 0x7F8E, 0x7F8E, 0x7F8E,
0x7F8E, 0x7F8E, 0x7F8E, 0x7F8E, 0x7F8E, 0x7F8E, 0x7F8E, 0x7F8E, 0x7F8E, 0x7F8E,
0x7F8E, 0x7F8E, 0x7F8E, 0x7F8E, 0x7F8E, 0x9F8E, 0x9F8E, 0x9F8E, 0x9F8E, 0x9F8E,
0x9F8E, 0x9F8E, 0x9F8E, 0x9F8E, 0x7F8E, 0x7F8E, 0x7F8E, 0x7F8E, 0x7F8E, 0x7F8E,
0x7F8E, 0x7F8E, 0x7F8E, 0x7F8E, 0x7F8E, 0x7F8E, 0x7F8E, 0x7F8E, 0x7F8E, 0x7F8E,
0x7F8E, 0x7F8E, 0x7F8E, 0x7F8E, 0x7F8E, 0x7F8E, 0x7F8E, 0x7F8E, 0x7F8E, 0x7F8E,
0x7F8E, 0x7F8E, 0x7F8E, 0x7F8E, 0x7F8E, 0x7F8E, 0x7F8E, 0x7F8E, 0x7F8E, 0x7F8E,
0x7F8E, 0x7F8E, 0x7F8E, 0x7F8E, 0x7F8E, 0x7F8E, 0x7F8E, 0x7F8E, 0x7F8E, 0x7F8E,
0x7F8E, 0x7F8E, 0x7F8E, 0x7F8E, 0x7F8E, 0x7F8E, 0x9F96, 0x9F96, 0x9F96, 0x9F96,
0x9F96, 0x9F96, 0x9F96, 0x9F96, 0x9F96, 0x9F96, 0x9F96, 0x9F96, 0x9F96, 0x9F96,
0x9F96, 0x9F96, 0x9F96, 0x9F96, 0x9F96, 0x9F96, 0x9F96, 0x9F96, 0x9F96, 0x9F96,
0x9E96, 0x9E96, 0x9E96, 0x9E96, 0x9F96, 0x9F96, 0x9F96, 0x9F96, 0x9F96, 0x9F96,
0x9F96, 0x9F96, 0x9F96, 0xBE96, 0xBE96, 0xBE96, 0xBE96, 0xBE96, 0xBE96, 0xBE96,
0xBE96, 0xBE96, 0xBE96, 0xBE96, 0xBE96, 0xBE96, 0xBE96, 0xBE96, 0xBE96, 0xBE96,
0xBE96, 0xBE96, 0xBE96, 0xBE96, 0xBE96, 0xBE96, 0x9E96, 0x9E96, 0x9E96, 0x9E96,
0x9E96, 0x9E96, 0x9E96, 0x9E96, 0x9E96, 0x9E96, 0x9E96, 0x9E96, 0x9E96, 0x9E96,
0x9E96, 0x9E96, 0x9E96, 0x9E96, 0x9E96, 0x9E96, 0x9E96, 0x9E96, 0x9E96, 0x9E96,
0x9E96, 0x9E96, 0x9E96, 0x9E96, 0x9E96, 0x9E96, 0x9E96, 0x9E96, 0x9E96, 0x9E96,
0x9E96, 0x9E96, 0x9E96, 0x9E96, 0x9E96, 0x9E96, 0x9E96, 0x9E96, 0x9E96, 0x9E96,
0x9E96, 0x9E96, 0x9E96, 0x9E96, 0x9E96, 0x9E96, 0x9E96, 0x9E96, 0x9E96, 0x9E96,
0x9E96, 0x9E96, 0x9E96, 0x9E96, 0x9E96, 0x9E96, 0x9E96, 0x9E96, 0x9E96, 0x9E96,
0x9E96, 0x9E96, 0x9E96, 0x9E96, 0x9E96, 0x9E96, 0x9E96, 0x9E96, 0x9E96, 0x9E96,
0x9E96, 0x9E96, 0x9E96, 0x9E96, 0x9E96, 0x9E96, 0x9E96, 0x9E96, 0x9E96, 0x9E96,
0x9E96, 0x9E96, 0x9E96, 0x9E96, 0x9E96, 0x9E96, 0x9E96, 0x9E96, 0x9E96, 0x9F96,
0x9F96, 0x9F96, 0x9F96, 0x9F96, 0x9F96, 0x9F96, 0x9F96, 0x9F96, 0x9F96, 0x9F96,
0x9F96, 0x9F96, 0x9F96, 0x7E8E, 0x7E8E, 0x7E8E, 0x7E8E, 0x7E8E, 0x7E8E, 0x7E8E,
0x7E8E, 0x7E8E, 0x7E8E, 0x7E8E, 0x7E8E, 0x7E8E, 0x7E8E, 0x7E8E, 0x7E8E, 0x7E8E,
0x7E8E, 0x9E8E, 0x9E8E, 0x9E8E, 0x9E8E, 0x9E8E, 0x9E8E, 0x9E8E, 0x9E8E, 0x9E8E,
0x9E8E, 0x9E8E, 0x9E8E, 0x9E8E, 0x9E8E, 0x9E8E, 0x9E8E, 0x9E8E, 0x9E8E, 0x9F8E,
0x9F8E, 0x9F8E, 0x9F8E, 0x9F8E, 0x9F8E, 0x9F8E, 0x9F8E, 0x9F8E, 0x9F8E, 0x9F8E,
0x9F8E, 0x9F8E, 0x9F8E, 0x9F8E, 0x9F8E, 0x9F8E, 0x9F8E, 0x9F8E, 0x9F8E, 0x9F8E,
0x9F8E, 0x9F8E, 0x9F8E, 0x9F8E, 0x9F8E, 0x9F8E, 0x9F8E, 0x7F8E, 0x7F8E, 0x7F8E,
0x7F8E, 0x7F8E, 0x7F8E, 0x7F8E, 0x7F8E, 0x7F8E, 0x7F8E, 0x7F8E, 0x7F8E, 0x7F8E,
0x7F8E, 0x7F8E, 0x7F8E, 0x7F8E, 0x7F8E, 0x7F8E, 0x7F8E, 0x7F8E, 0x7F8E, 0x7F8E,
0x7F8E, 0x7F8E, 0x7F8E, 0x7F8E, 0x7F8E, 0x9F8E, 0x9F8E, 0x9F8E, 0x9F8E, 0x9F8E,
0x9F8E, 0x9F8E, 0x9F8E, 0x9F8E, 0x7F8E, 0x7F8E, 0x7F8E, 0x7F8E, 0x7F8E, 0x7F8E,
0x7F8E, 0x7F8E, 0x7F8E, 0x7F8E, 0x7F8E, 0x7F8E, 0x7F8E, 0x7F8E, 0x7F8E, 0x7F8E,
0x7F8E, 0x7F8E, 0x7F8E, 0x7F8E, 0x7F8E, 0x7F8E, 0x7F8E, 0x7F8E, 0x7F8E, 0x7F8E,
0x7F8E, 0x7F8E, 0x7F8E, 0x7F8E, 0x7F8E, 0x7F8E, 0x7F8E, 0x7F8E, 0x7F8E, 0x7F8E,
0x7F8E, 0x7F8E, 0x7F8E, 0x7F8E, 0x7F8E, 0x7F8E, 0x7F8E, 0x7F8E, 0x7F8E, 0x7F8E,
0x7F8E, 0x7F8E, 0x7F8E, 0x7F8E, 0x7F8E, 0x7F8E, 0x9F96, 0x9F96, 0x9F96, 0x9F96,
0x9F96, 0x9F96, 0x9F96, 0x9F96, 0x9F96, 0x9F96, 0x9F96, 0x9F96, 0x9F96, 0x9F96,
0x9F96, 0x9F96, 0x9F96, 0x9F96, 0x9F96, 0x9F96, 0x9F96, 0x9F96, 0x9F96, 0x9F96,
0x9E96, 0x9E96, 0x9E96, 0x9E96, 0x9F96, 0x9F96, 0x9F96, 0x9F96, 0x9F96, 0x9F96,
0x9F96, 0x9F96, 0x9F96, 0x9E96, 0x9E96, 0x9E96, 0x9E96, 0x9E96, 0x9E96, 0x9E96,
0x9E96, 0x9E96, 0x9E96, 0x9E96, 0x9E96, 0x9E96, 0x9E96, 0x9E96, 0x9E96, 0x9E96,
0x9E96, 0x9E96, 0x9E96, 0x9E96, 0x9E96, 0x9E96, 0x9E96, 0x9E96, 0x9E96, 0x9E96,
0x9E96, 0x9E96, 0x9E96, 0x9E96, 0x9E96, 0x9E96, 0x9E96, 0x9E96, 0x9E96, 0x9E96,
0x9E96, 0x9E96, 0x9E96, 0x9E96, 0x9E96, 0x9E96, 0x9E96, 0x9E96, 0x9E96, 0x9E96,
0x9E96, 0x9E96, 0x9E96, 0x9E96, 0x9E96, 0x9E96, 0x9E96, 0x9E96, 0x9E96, 0x9E96,
0x9E96, 0x9E96, 0x9E96, 0x9E96, 0x9E96, 0x9E96, 0x9E96, 0x9E96, 0x9E96, 0x9E96,
0x9E96, 0x9E96, 0x9E96, 0x9E96, 0x9E96, 0x9E96, 0x9E96, 0x9E96, 0x9E96, 0x9E96,
0x9E96, 0x9E96, 0x9E96, 0x9E96, 0x9E96, 0x9E96, 0x9E96, 0x9E96, 0x9E96, 0x9E96,
0x9E96, 0x9E96, 0x9E96, 0x9E96, 0x9E96, 0x9E96, 0x9E96, 0x9E96, 0x9E96, 0x9E96,
0x9E96, 0x9E96, 0x9E96, 0x9E96, 0x9E96, 0x9E96, 0x9E96, 0x9E96, 0x9E96, 0x9E96,
0x9E96, 0x9E96, 0x9E96, 0x9E96, 0x9E96, 0x9E96, 0x9E96, 0x9E96, 0x9E96, 0x9F96,
0x9F96, 0x9F96, 0x9F96, 0x9F96, 0x9F96, 0x9F96, 0x9F96, 0x9F96, 0x9F96, 0x9F96,
0x9F96, 0x9F96, 0x9F96, 0x9F8E, 0x9F8E, 0x9F8E, 0x9F8E, 0x9F8E, 0x9F8E, 0x9F8E,
0x9F8E, 0x9F8E, 0x9F8E, 0x9F8E, 0x9F8E, 0x9F8E, 0x9F8E, 0x9F8E, 0x9F8E, 0x9F8E,
0x9F8E, 0x9E8E, 0x9E8E, 0x9E8E, 0x9E8E, 0x9E8E, 0x9E8E, 0x9E8E, 0x9E8E, 0x9E8E,
0x9E8E, 0x9E8E, 0x9E8E, 0x9E8E, 0x9E8E, 0x9E8E, 0x9E8E, 0x9E8E, 0x9E8E, 0x9F8E,
0x9F8E, 0x9F8E, 0x9F8E, 0x9F8E, 0x9F8E, 0x9F8E, 0x9F8E, 0x9F8E, 0x9F8E, 0x9F8E,
0x9F8E, 0x9F8E, 0x9F8E, 0x9F8E, 0x9F8E, 0x9F8E, 0x9F8E, 0x9F8E, 0x9F8E, 0x9F8E,
0x9F8E, 0x9F8E, 0x9F8E, 0x9F8E, 0x9F8E, 0x9F8E, 0x9F8E, 0x7F8E, 0x7F8E, 0x7F8E,
0x7F8E, 0x7F8E, 0x7F8E, 0x7F8E, 0x7F8E, 0x7F8E, 0x7F8E, 0x7F8E, 0x7F8E, 0x7F8E,
0x7F8E, 0x7F8E, 0x7F8E, 0x7F8E, 0x7F8E, 0x7F8E, 0x7F8E, 0x7F8E, 0x7F8E, 0x7F8E,
0x7F8E, 0x7F8E, 0x7F8E, 0x7F8E, 0x7F8E, 0x7F8E, 0x7F8E, 0x7F8E, 0x7F8E, 0x7F8E,
0x7F8E, 0x7F8E, 0x7F8E, 0x7F8E, 0x7F8E, 0x7F8E, 0x7F8E, 0x7F8E, 0x7F8E, 0x7F8E,
0x7F8E, 0x7F8E, 0x7F8E, 0x7F8E, 0x7F8E, 0x7F8E, 0x7F8E, 0x7F8E, 0x7F8E, 0x7F8E,
0x7F8E, 0x7F8E, 0x7F8E, 0x7F8E, 0x7F8E, 0x7F8E, 0x7F8E, 0x7F8E, 0x7F8E, 0x7F8E,
0x7F8E, 0x7F8E, 0x7F8E, 0x7F8E, 0x7F8E, 0x7F8E, 0x7F8E, 0x7F8E, 0x7F8E, 0x7F8E,
0x7F8E, 0x7F8E, 0x7F8E, 0x7F8E, 0x7F8E, 0x7F8E, 0x7F8E, 0x7F8E, 0x7F8E, 0x7F8E,
0x7F8E, 0x7F8E, 0x7F8E, 0x7F8E, 0x7F8E, 0x7F8E, 0x9F96, 0x9F96, 0x9F96, 0x9F96,
0x9F96, 0x9F96, 0x9F96, 0x9F96, 0x9F96, 0x9F96, 0x9F96, 0x9F96, 0x9F96, 0x9F96,
0x9F96, 0x9F96, 0x9F96, 0x9F96, 0x9F96, 0x9F96, 0x9F96, 0x9F96, 0x9F96, 0x9F96,
0x9F96, 0x9F96, 0x9F96, 0x9F96, 0x9F96, 0x9F96, 0x9F96, 0x9F96, 0x9F96, 0x9F96,
0x9F96, 0x9F96, 0x9F96, 0xBF96, 0xBF96, 0xBF96, 0xBF96, 0xBF96, 0xBF96, 0xBF96,
0xBF96, 0xBF96, 0xBF96, 0xBF96, 0xBF96, 0xBF96, 0xBF96, 0xBF96, 0xBF96, 0xBF96,
0xBF96, 0xBF96, 0xBF96, 0xBF96, 0xBF96, 0xBF96, 0x9E96, 0x9E96, 0x9E96, 0x9E96,
0x9E96, 0x9E96, 0x9E96, 0x9E96, 0x9E96, 0x9E96, 0x9E96, 0x9E96, 0x9E96, 0x9E96,
0x9E96, 0x9E96, 0x9E96, 0x9E96, 0x9E96, 0x9E96, 0x9E96, 0x9E96, 0x9E96, 0x9E96,
0x9E96, 0x9E96, 0x9E96, 0x9E96, 0x9E96, 0x9E96, 0x9E96, 0x9E96, 0x9E96, 0x9E96,
0x9E96, 0x9E96, 0x9E96, 0x9E96, 0x9E96, 0x9E96, 0x9E96, 0x9E96, 0x9F96, 0x9F96,
0x9F96, 0x9F96, 0x9F96, 0x9F96, 0x9F96, 0x9F96, 0x9F96, 0x9F96, 0x9F96, 0x9F96,
0x9F96, 0x9F96, 0x9F96, 0x9F96, 0x9F96, 0x9F96, 0x9F96, 0x9F96, 0x9F96, 0x9F96,
0x9F96, 0x9F96, 0x9F96, 0x9F96, 0x9F96, 0x9F96, 0x9E96, 0x9E96, 0x9E96, 0x9E96,
0x9E96, 0x9E96, 0x9E96, 0x9E96, 0x9E96, 0x9E96, 0x9E96, 0x9E96, 0x9E96, 0x9E96,
0x9E96, 0x9E96, 0x9E96, 0x9E96, 0x9E96, 0x9E96, 0x9E96, 0x9E96, 0x9E96, 0x9E96,
0x9E96, 0x9E96, 0x9E96, 0x9E96, 0x9E96, 0x9E96, 0x9E96, 0x9E96, 0x9E96, 0x9E96,
0x9E96, 0x9E96, 0x9E96, 0x9E96, 0x9E96, 0x9E96, 0x9E96, 0x9E96, 0x9E96, 0x9E96,
0x9E96, 0x9E96, 0x9E96, 0x9E96, 0x9E96, 0x9E96, 0x9E96, 0x9E96, 0x9E96, 0x9E96,
0x9E96, 0x9E8E, 0x9E8E, 0x9E8E, 0x9E8E, 0x9E8E, 0x9E8E, 0x9E8E, 0x9E8E, 0x9E8E,
0x9E8E, 0x9E8E, 0x9E8E, 0x9E8E, 0x9E8E, 0x9E8E, 0x9E8E, 0x9E8E, 0x9E8E, 0x9F8E,
0x9F8E, 0x9F8E, 0x9F8E, 0x9F8E, 0x9F8E, 0x9F8E, 0x9F8E, 0x9F8E, 0x9F8E, 0x9F8E,
0x9F8E, 0x9F8E, 0x9F8E, 0x9F8E, 0x9F8E, 0x9F8E, 0x9F8E, 0x9F8E, 0x9F8E, 0x9F8E,
0x9F8E, 0x9F8E, 0x9F8E, 0x9F8E, 0x9F8E, 0x9F8E, 0x9F8E, 0x7F8E, 0x7F8E, 0x7F8E,
0x7F8E, 0x7F8E, 0x7F8E, 0x7F8E, 0x7F8E, 0x7F8E, 0x7F8E, 0x7F8E, 0x7F8E, 0x7F8E,
0x7F8E, 0x7F8E, 0x7F8E, 0x7F8E, 0x7F8E, 0x7F8E, 0x7F8E, 0x7F8E, 0x7F8E, 0x7F8E,
0x7F8E, 0x7F8E, 0x7F8E, 0x7F8E, 0x7F8E, 0x7F8E, 0x7F8E, 0x7F8E, 0x7F8E, 0x7F8E,
0x7F8E, 0x7F8E, 0x7F8E, 0x7F8E, 0x7F8E, 0x7F8E, 0x7F8E, 0x7F8E, 0x7F8E, 0x7F8E,
0x7F8E, 0x7F8E, 0x7F8E, 0x7F8E, 0x7F8E, 0x7F8E, 0x7F8E, 0x7F8E, 0x7F8E, 0x7F8E,
0x7F8E, 0x7F8E, 0x7F8E, 0x7F8E, 0x7F8E, 0x7F8E, 0x7F8E, 0x7F8E, 0x7F8E, 0x7F8E,
0x7F8E, 0x7F8E, 0x7F8E, 0x7F8E, 0x7F8E, 0x7F8E, 0x7F8E, 0x7F8E, 0x7F8E, 0x7F8E,
0x7F8E, 0x7F8E, 0x7F8E, 0x7F8E, 0x7F8E, 0x7F8E, 0x7F8E, 0x7F8E, 0x7F8E, 0x7F8E,
0x7F8E, 0x7F8E, 0x7F8E, 0x7F8E, 0x7F8E, 0x7F8E, 0x9F96, 0x9F96, 0x9F96, 0x9F96,
0x9F96, 0x9F96, 0x9F96, 0x9F96, 0x9F96, 0x9F96, 0x9F96, 0x9F96, 0x9F96, 0x9F96,
0x9F96, 0x9F96, 0x9F96, 0x9F96, 0x9F96, 0x9F96, 0x9F96, 0x9F96, 0x9F96, 0x9F96,
0xBF96, 0xBF96, 0xBF96, 0xBF96, 0x9F96, 0x9F96, 0x9F96, 0x9F96, 0x9F96, 0x9F96,
0x9F96, 0x9F96, 0x9F96, 0xBF96, 0xBF96, 0xBF96, 0xBF96, 0xBF96, 0xBF96, 0xBF96,
0xBF96, 0xBF96, 0xBF96, 0xBF96, 0xBF96, 0xBF96, 0xBF96, 0xBF96, 0xBF96, 0xBF96,
0xBF96, 0xBF96, 0xBF96, 0xBF96, 0xBF96, 0xBF96, 0x9E96, 0x9E96, 0x9E96, 0x9E96,
0x9E96, 0x9E96, 0x9E96, 0x9E96, 0x9E96, 0x9E96, 0x9E96, 0x9E96, 0x9E96, 0x9E96,
0x9E96, 0x9E96, 0x9E96, 0x9E96, 0x9E96, 0x9E96, 0x9E96, 0x9E96, 0x9E96, 0x9E96,
0x9E96, 0x9E96, 0x9E96, 0x9E96, 0x9E96, 0x9E96, 0x9E96, 0x9E96, 0x9E96, 0x9E96,
0x9E96, 0x9E96, 0x9E96, 0x9E96, 0x9E96, 0x9E96, 0x9E96, 0x9E96, 0x9F96, 0x9F96,
0x9F96, 0x9F96, 0x9F96, 0x9F96, 0x9F96, 0x9F96, 0x9F96, 0x9F96, 0x9F96, 0x9F96,
0x9F96, 0x9F96, 0x9F96, 0x9F96, 0x9F96, 0x9F96, 0x9F96, 0x9F96, 0x9F96, 0x9F96,
0x9F96, 0x9F96, 0x9F96, 0x9F96, 0x9F96, 0x9F96, 0x9E96, 0x9E96, 0x9E96, 0x9E96,
0x9E96, 0x9E96, 0x9E96, 0x9E96, 0x9E96, 0x9E96, 0x9E96, 0x9E96, 0x9E96, 0x9E96,
0x9E96, 0x9E96, 0x9E96, 0x9E96, 0x9E96, 0x9E96, 0x9E96, 0x9E96, 0x9E96, 0x9E96,
0x9E96, 0x9E96, 0x9E96, 0x9E96, 0x9E96, 0x9E96, 0x9E96, 0x9E96, 0x9E96, 0x9E96,
0x9E96, 0x9E96, 0x9E96, 0x9E96, 0x9E96, 0x9E96, 0x9E96, 0x9E96, 0x9E96, 0x9E96,
0x9E96, 0x9E96, 0x9E96, 0x9E96, 0x9E96, 0x9E96, 0x9E96, 0x9E96, 0x9E96, 0x9E96,
0x9E96, 0x9E8E, 0x9E8E, 0x9E8E, 0x9E8E, 0x9E8E, 0x9E8E, 0x9E8E, 0x9E8E, 0x9E8E,
0x9E8E, 0x9E8E, 0x9E8E, 0x9E8E, 0x9E8E, 0x9E8E, 0x9E8E, 0x9E8E, 0x9E8E, 0x9F8E,
0x9F8E, 0x9F8E, 0x9F8E, 0x9F8E, 0x9F8E, 0x9F8E, 0x9F8E, 0x9F8E, 0x9F8E, 0x9F8E,
0x9F8E, 0x9F8E, 0x9F8E, 0x9F8E, 0x9F8E, 0x9F8E, 0x9F8E, 0x9F8E, 0x9F8E, 0x9F8E,
0x9F8E, 0x9F8E, 0x9F8E, 0x9F8E, 0x9F8E, 0x9F8E, 0x9F8E, 0x7F8E, 0x7F8E, 0x7F8E,
0x7F8E, 0x7F8E, 0x7F8E, 0x7F8E, 0x7F8E, 0x7F8E, 0x7F8E, 0x7F8E, 0x7F8E, 0x7F8E,
0x7F8E, 0x7F8E, 0x7F8E, 0x7F8E, 0x7F8E, 0x7F8E, 0x7F8E, 0x7F8E, 0x7F8E, 0x7F8E,
0x7F8E, 0x7F8E, 0x7F8E, 0x7F8E, 0x7F8E, 0x7F8E, 0x7F8E, 0x7F8E, 0x7F8E, 0x7F8E,
0x7F8E, 0x7F8E, 0x7F8E, 0x7F8E, 0x7F8E, 0x7F8E, 0x7F8E, 0x7F8E, 0x7F8E, 0x7F8E,
0x7F8E, 0x7F8E, 0x7F8E, 0x7F8E, 0x7F8E, 0x7F8E, 0x7F8E, 0x7F8E, 0x7F8E, 0x7F8E,
0x7F8E, 0x7F8E, 0x7F8E, 0x7F8E, 0x7F8E, 0x7F8E, 0x7F8E, 0x7F8E, 0x7F8E, 0x7F8E,
0x7F8E, 0x7F8E, 0x7F8E, 0x7F8E, 0x7F8E, 0x7F8E, 0x7F8E, 0x7F8E, 0x7F8E, 0x7F8E,
0x7F8E, 0x7F8E, 0x7F8E, 0x7F8E, 0x7F8E, 0x7F8E, 0x7F8E, 0x7F8E, 0x7F8E, 0x7F8E,
0x7F8E, 0x7F8E, 0x7F8E, 0x7F8E, 0x7F8E, 0x7F8E, 0x9F96, 0x9F96, 0x9F96, 0x9F96,
0x9F96, 0x9F96, 0x9F96, 0x9F96, 0x9F96, 0x9F96, 0x9F96, 0x9F96, 0x9F96, 0x9F96,
0x9F96, 0x9F96, 0x9F96, 0x9F96, 0x9F96, 0x9F96, 0x9F96, 0x9F96, 0x9F96, 0x9F96,
0xBF96, 0xBF96, 0xBF96, 0xBF96, 0x9F96, 0x9F96, 0x9F96, 0x9F96, 0x9F96, 0x9F96,
0x9F96, 0x9F96, 0x9F96, 0xBF96, 0xBF96, 0xBF96, 0xBF96, 0xBF96, 0xBF96, 0xBF96,
0xBF96, 0xBF96, 0xBF96, 0xBF96, 0xBF96, 0xBF96, 0xBF96, 0xBF96, 0xBF96, 0xBF96,
0xBF96, 0xBF96, 0xBF96, 0xBF96, 0xBF96, 0xBF96, 0x9E96, 0x9E96, 0x9E96, 0x9E96,
0x9E96, 0x9E96, 0x9E96, 0x9E96, 0x9E96, 0x9E96, 0x9E96, 0x9E96, 0x9E96, 0x9E96,
0x9E96, 0x9E96, 0x9E96, 0x9E96, 0x9E96, 0x9E96, 0x9E96, 0x9E96, 0x9E96, 0x9E96,
0x9E96, 0x9E96, 0x9E96, 0x9E96, 0x9E96, 0x9E96, 0x9E96, 0x9E96, 0x9E96, 0x9E96,
0x9E96, 0x9E96, 0x9E96, 0x9E96, 0x9E96, 0x9E96, 0x9E96, 0x9E96, 0x9F96, 0x9F96,
0x9F96, 0x9F96, 0x9F96, 0x9F96, 0x9F96, 0x9F96, 0x9F96, 0x9F96, 0x9F96, 0x9F96,
0x9F96, 0x9F96, 0x9F96, 0x9F96, 0x9F96, 0x9F96, 0x9F96, 0x9F96, 0x9F96, 0x9F96,
0x9F96, 0x9F96, 0x9F96, 0x9F96, 0x9F96, 0x9F96, 0x9E96, 0x9E96, 0x9E96, 0x9E96,
0x9E96, 0x9E96, 0x9E96, 0x9E96, 0x9E96, 0x9E96, 0x9E96, 0x9E96, 0x9E96, 0x9E96,
0x9E96, 0x9E96, 0x9E96, 0x9E96, 0x9E96, 0x9E96, 0x9E96, 0x9E96, 0x9E96, 0x9E96,
0x9E96, 0x9E96, 0x9E96, 0x9E96, 0x9E96, 0x9E96, 0x9E96, 0x9E96, 0x9E96, 0x9E96,
0x9E96, 0x9E96, 0x9E96, 0x9E96, 0x9E96, 0x9E96, 0x9E96, 0x9E96, 0x9E96, 0x9E96,
0x9E96, 0x9E96, 0x9E96, 0x9E96, 0x9E96, 0x9E96, 0x9E96, 0x9E96, 0x9E96, 0x9E96,
0x9E96, 0x9E8E, 0x9E8E, 0x9E8E, 0x9E8E, 0x9E8E, 0x9E8E, 0x9E8E, 0x9E8E, 0x9E8E,
0x9E8E, 0x9E8E, 0x9E8E, 0x9E8E, 0x9E8E, 0x9E8E, 0x9E8E, 0x9E8E, 0x9E8E, 0x9F8E,
0x9F8E, 0x9F8E, 0x9F8E, 0x9F8E, 0x9F8E, 0x9F8E, 0x9F8E, 0x9F8E, 0x9F8E, 0x9F8E,
0x9F8E, 0x9F8E, 0x9F8E, 0x9F8E, 0x9F8E, 0x9F8E, 0x9F8E, 0x9F8E, 0x9F8E, 0x9F8E,
0x9F8E, 0x9F8E, 0x9F8E, 0x9F8E, 0x9F8E, 0x9F8E, 0x9F8E, 0x7F8E, 0x7F8E, 0x7F8E,
0x7F8E, 0x7F8E, 0x7F8E, 0x7F8E, 0x7F8E, 0x7F8E, 0x7F8E, 0x7F8E, 0x7F8E, 0x7F8E,
0x7F8E, 0x7F8E, 0x7F8E, 0x7F8E, 0x7F8E, 0x7F8E, 0x7F8E, 0x7F8E, 0x7F8E, 0x7F8E,
0x7F8E, 0x7F8E, 0x7F8E, 0x7F8E, 0x7F8E, 0x7F8E, 0x7F8E, 0x7F8E, 0x7F8E, 0x7F8E,
0x7F8E, 0x7F8E, 0x7F8E, 0x7F8E, 0x7F8E, 0x7F8E, 0x7F8E, 0x7F8E, 0x7F8E, 0x7F8E,
0x7F8E, 0x7F8E, 0x7F8E, 0x7F8E, 0x7F8E, 0x7F8E, 0x7F8E, 0x7F8E, 0x7F8E, 0x7F8E,
0x7F8E, 0x7F8E, 0x7F8E, 0x7F8E, 0x7F8E, 0x7F8E, 0x7F8E, 0x7F8E, 0x7F8E, 0x7F8E,
0x7F8E, 0x7F8E, 0x7F8E, 0x7F8E, 0x7F8E, 0x7F8E, 0x7F8E, 0x7F8E, 0x7F8E, 0x7F8E,
0x7F8E, 0x7F8E, 0x7F8E, 0x7F8E, 0x7F8E, 0x7F8E, 0x7F8E, 0x7F8E, 0x7F8E, 0x7F8E,
0x7F8E, 0x7F8E, 0x7F8E, 0x7F8E, 0x7F8E, 0x7F8E, 0x9F96, 0x9F96, 0x9F96, 0x9F96,
0x9F96, 0x9F96, 0x9F96, 0x9F96, 0x9F96, 0x9F96, 0x9F96, 0x9F96, 0x9F96, 0x9F96,
0x9F96, 0x9F96, 0x9F96, 0x9F96, 0x9F96, 0x9F96, 0x9F96, 0x9F96, 0x9F96, 0x9F96,
0xBF96, 0xBF96, 0xBF96, 0xBF96, 0x9F96, 0x9F96, 0x9F96, 0x9F96, 0x9F96, 0x9F96,
0x9F96, 0x9F96, 0x9F96, 0xBF9E, 0xBF9E, 0xBF9E, 0xBF9E, 0xBF9E, 0xBF9E, 0xBF9E,
0xBF9E, 0xBF9E, 0xBF9E, 0xBF9E, 0xBF9E, 0xBF9E, 0xBF9E, 0xBF9E, 0xBF9E, 0xBF9E,
0xBF9E, 0xBF9E, 0xBF9E, 0xBF9E, 0xBF9E, 0xBF9E, 0x9E96, 0x9E96, 0x9E96, 0x9E96,
0x9E96, 0x9E96, 0x9E96, 0x9E96, 0x9E96, 0x9E96, 0x9E96, 0x9E96, 0x9E96, 0x9E96,
0x9E96, 0x9E96, 0x9E96, 0x9E96, 0x9E96, 0x9E96, 0x9E96, 0x9E96, 0x9E96, 0x9E96,
0x9E96, 0x9E96, 0x9E96, 0x9E96, 0x9E96, 0x9E96, 0x9E96, 0x9E96, 0x9E96, 0x9E96,
0x9E96, 0x9E96, 0x9E96, 0x9E96, 0x9E96, 0x9E96, 0x9E96, 0x9E96, 0x9F96, 0x9F96,
0x9F96, 0x9F96, 0x9F96, 0x9F96, 0x9F96, 0x9F96, 0x9F96, 0x9F96, 0x9F96, 0x9F96,
0x9F96, 0x9F96, 0x9F96, 0x9F96, 0x9F96, 0x9F96, 0x9F96, 0x9F96, 0x9F96, 0x9F96,
0x9F96, 0x9F96, 0x9F96, 0x9F96, 0x9F96, 0x9F96, 0x9E96, 0x9E96, 0x9E96, 0x9E96,
0x9E96, 0x9E96, 0x9E96, 0x9E96, 0x9E96, 0x9E96, 0x9E96, 0x9E96, 0x9E96, 0x9E96,
0x9E96, 0x9E96, 0x9E96, 0x9E96, 0x9E96, 0x9E96, 0x9E96, 0x9E96, 0x9E96, 0x9E96,
0x9E96, 0x9E96, 0x9E96, 0x9E96, 0x9E96, 0x9E96, 0x9E96, 0x9E96, 0x9E96, 0x9E96,
0x9E96, 0x9E96, 0x9E96, 0x9E96, 0x9E96, 0x9E96, 0x9E96, 0x9E96, 0x9E96, 0x9E96,
0x9E96, 0x9E96, 0x9E96, 0x9E96, 0x9E96, 0x9E96, 0x9E96, 0x9E96, 0x9E96, 0x9E96,
0x9E96, 0x9E8E, 0x9E8E, 0x9E8E, 0x9E8E, 0x9E8E, 0x9E8E, 0x9E8E, 0x9E8E, 0x9E8E,
0x9E8E, 0x9E8E, 0x9E8E, 0x9E8E, 0x9E8E, 0x9E8E, 0x9E8E, 0x9E8E, 0x9E8E, 0x9F8E,
0x9F8E, 0x9F8E, 0x9F8E, 0x9F8E, 0x9F8E, 0x9F8E, 0x9F8E, 0x9F8E, 0x9F8E, 0x9F8E,
0x9F8E, 0x9F8E, 0x9F8E, 0x9F8E, 0x9F8E, 0x9F8E, 0x9F8E, 0x9F8E, 0x9F8E, 0x9F8E,
0x9F8E, 0x9F8E, 0x9F8E, 0x9F8E, 0x9F8E, 0x9F8E, 0x9F8E, 0x7F8E, 0x7F8E, 0x7F8E,
0x7F8E, 0x7F8E, 0x7F8E, 0x7F8E, 0x7F8E, 0x7F8E, 0x7F8E, 0x7F8E, 0x7F8E, 0x7F8E,
0x7F8E, 0x7F8E, 0x7F8E, 0x7F8E, 0x7F8E, 0x7F8E, 0x7F8E, 0x7F8E, 0x7F8E, 0x7F8E,
0x7F8E, 0x7F8E, 0x7F8E, 0x7F8E, 0x7F8E, 0x7F8E, 0x7F8E, 0x7F8E, 0x7F8E, 0x7F8E,
0x7F8E, 0x7F8E, 0x7F8E, 0x7F8E, 0x7F8E, 0x7F8E, 0x7F8E, 0x7F8E, 0x7F8E, 0x7F8E,
0x7F8E, 0x7F8E, 0x7F8E, 0x7F8E, 0x7F8E, 0x7F8E, 0x7F8E, 0x7F8E, 0x7F8E, 0x7F8E,
0x7F8E, 0x7F8E, 0x7F8E, 0x7F8E, 0x7F8E, 0x7F8E, 0x7F8E, 0x7F8E, 0x7F8E, 0x7F8E,
0x7F8E, 0x7F8E, 0x7F8E, 0x7F8E, 0x7F8E, 0x7F8E, 0x7F8E, 0x7F8E, 0x7F8E, 0x7F8E,
0x7F8E, 0x7F8E, 0x7F8E, 0x7F8E, 0x7F8E, 0x7F8E, 0x7F8E, 0x7F8E, 0x7F8E, 0x7F8E,
0x7F8E, 0x7F8E, 0x7F8E, 0x7F8E, 0x7F8E, 0x7F8E, 0x9E96, 0x9E96, 0x9E96, 0x9E96,
0x9E96, 0xBE9E, 0xBE9E, 0xBE9E, 0xBE9E, 0xBE9E, 0xBE9E, 0xBE9E, 0xBE9E, 0xBE9E,
0xBE9E, 0xBE9E, 0xBE9E, 0xBE9E, 0xBE9E, 0xBE9E, 0xBE9E, 0xBE9E, 0xBE9E, 0xBE9E,
0xBE9E, 0xBE9E, 0xBE9E, 0xBE9E, 0xBE9E, 0xBE9E, 0xBE9E, 0xBE9E, 0xBE9E, 0xBE9E,
0xBE9E, 0xBE9E, 0xBE9E, 0xBE9E, 0xBE9E, 0xBE9E, 0xBE9E, 0xBE9E, 0xBE9E, 0xBE9E,
0xBE9E, 0xBE9E, 0xBE9E, 0xBE9E, 0xBE9E, 0xBE9E, 0xBE9E, 0xBE9E, 0xBE9E, 0xBE9E,
0xBE9E, 0xBE9E, 0xBF9E, 0xBF9E, 0xBF9E, 0xBF9E, 0xBF9E, 0xBF9E, 0xBF9E, 0xBF9E,
0xBF9E, 0xBF9E, 0xBF9E, 0xBF9E, 0xBF9E, 0xBF9E, 0xBF9E, 0xBF9E, 0xBF9E, 0xBF9E,
0xBF9E, 0xBF9E, 0xBF9E, 0xBF9E, 0xBF9E, 0xBF9E, 0xBF9E, 0xBF9E, 0xBF9E, 0xBF9E,
0xBF96, 0xBF96, 0xBF96, 0xBF96, 0xBF96, 0xBF96, 0xBF96, 0xBF96, 0xBF96, 0xBF96,
0xBF96, 0xBF96, 0xBF96, 0xBF96, 0xBF96, 0xBF96, 0xBF96, 0xBF96, 0xBF96, 0xBF96,
0xBF96, 0xBF96, 0xBF96, 0x9F96, 0x9F96, 0x9F96, 0x9F96, 0x9F96, 0x9F96, 0x9F96,
0x9F96, 0x9F96, 0x9F96, 0x9F96, 0x9F96, 0x9F96, 0x9F96, 0x9F96, 0x9F96, 0x9F96,
0x9F96, 0x9F96, 0x9F96, 0x9F96, 0x9F96, 0x9F96, 0x9F96, 0x9F96, 0x9F96, 0x9F96,
0x9F96, 0x9F96, 0x9F96, 0x9F96, 0x9F96, 0x9F96, 0x9F96, 0x9F96, 0x9F96, 0x9F96,
0x9F96, 0x9F96, 0x9F96, 0x9F96, 0x9F96, 0x9F96, 0x9F96, 0x9F96, 0x9F96, 0x9F96,
0x9F96, 0x9F96, 0x9F96, 0x9F96, 0x9F96, 0x9F96, 0x9F96, 0x9F96, 0x9F96, 0x9F96,
0x9F96, 0x9F96, 0x9F96, 0x9E96, 0x9E96, 0x9E96, 0x9E96, 0x9E96, 0x9E96, 0x9E96,
0x9E96, 0x9E96, 0x9E96, 0x9E96, 0x9E96, 0x9E96, 0x9E96, 0x9E96, 0x9E96, 0x9E96,
0x9E96, 0x9E96, 0x9E96, 0x9E96, 0x9E96, 0x9E96, 0x9E96, 0x9E96, 0x9E96, 0x9E96,
0x9E96, 0x9E96, 0x9E96, 0x9E96, 0x9E96, 0x9E96, 0x9E96, 0x9E96, 0x9E96, 0x9E96,
0x9E96, 0x9E96, 0x9E96, 0x9E96, 0x9E96, 0x9E96, 0x9E96, 0x9E96, 0x9E96, 0x9E8E,
0x9E8E, 0x9E8E, 0x9E8E, 0x9E8E, 0x9E8E, 0x9E8E, 0x9E8E, 0x9E8E, 0x9E8E, 0x9E8E,
0x9E8E, 0x9E8E, 0x9E8E, 0x9E8E, 0x9E8E, 0x9E8E, 0x9E8E, 0x9E96, 0x9E96, 0x9E96,
0x9E96, 0x9E96, 0x9E96, 0x9E96, 0x9E96, 0x9E96, 0x9E96, 0x9E96, 0x9E96, 0x9E96,
0x9E96, 0x9E96, 0x9E96, 0x9E96, 0x9E96, 0x9E96, 0x9E96, 0x9E96, 0x9E96, 0x9E96,
0x9E96, 0x9E96, 0x9E96, 0x9E96, 0x9E96, 0x9E96, 0x9E96, 0x9E96, 0x9E96, 0x9E96,
0x9E96, 0x9E96, 0x9E96, 0x9E96, 0x9E8E, 0x9E8E, 0x9E8E, 0x9E8E, 0x9E8E, 0x9E96,
0x9E96, 0x9E96, 0x9E96, 0x9E96, 0x9E96, 0x9E96, 0x9E96, 0x9E96, 0x9E96, 0x9E96,
0x9E96, 0x9E96, 0x9E96, 0x9E96, 0x9E96, 0x9E96, 0x9E96, 0x9E96, 0x9E96, 0x9E96,
0x9E96, 0x9E96, 0x9E96, 0x9E96, 0x9E96, 0x9E96, 0x5E8E, 0x7F8E, 0x9F8E, 0x9F8E,
0x7F8E, 0x9F8E, 0x9F96, 0x7F8E, 0x5E8E, 0x7E8E, 0x9F96, 0x7F96, 0x9E8E, 0x9E8E,
0x9E96, 0x9E96, 0x9E96, 0x9E96, 0x9E96, 0x9E8E, 0xBE9E, 0xBE9E, 0xBE9E, 0xBE9E,
0xBE9E, 0xBE9E, 0xBE9E, 0xBE9E, 0xBE9E, 0xBE9E, 0xBE9E, 0xBE9E, 0xBE9E, 0xBE9E,
0xBE9E, 0xBE9E, 0xBE9E, 0xBE9E, 0xBE9E, 0xBE9E, 0xBE9E, 0xBE9E, 0xBE9E, 0xBE9E,
0xBE9E, 0xBE9E, 0xBE9E, 0xBE9E, 0xBE9E, 0xBE9E, 0xBE9E, 0xBE9E, 0xBE9E, 0xBE9E,
0xBE9E, 0xBE9E, 0xBE9E, 0xBE9E, 0xBE9E, 0xBE9E, 0xBE9E, 0xBE9E, 0xBE9E, 0xBE9E,
0xBE9E, 0xBE9E, 0xBE9E, 0xBE9E, 0xBE9E, 0xBE9E, 0xBE9E, 0xBE9E, 0xBE9E, 0xBE9E,
0xBE9E, 0xBE9E, 0xBF9E, 0xBF9E, 0xBF9E, 0xBF9E, 0xBF9E, 0xBF9E, 0xBF9E, 0xBF9E,
0xBF9E, 0xBF9E, 0xBF9E, 0xBF9E, 0xBF9E, 0xBF9E, 0xBF9E, 0xBF9E, 0xBF9E, 0xBF9E,
0xBF9E, 0xBF9E, 0xBF9E, 0xBF9E, 0xBF9E, 0xBF9E, 0xBF9E, 0xBF9E, 0xBF9E, 0xBF9E,
0xBF96, 0xBF96, 0xBF96, 0xBF96, 0xBF96, 0xBF96, 0xBF96, 0xBF96, 0xBF96, 0xBF96,
0xBF96, 0xBF96, 0xBF96, 0xBF96, 0xBF96, 0xBF96, 0xBF96, 0xBF96, 0xBF96, 0xBF96,
0xBF96, 0xBF96, 0xBF96, 0x9F96, 0x9F96, 0x9F96, 0x9F96, 0x9F96, 0x9F96, 0x9F96,
0x9F96, 0x9F96, 0x9F96, 0x9F96, 0x9F96, 0x9F96, 0x9F96, 0x9F96, 0x9F96, 0x9F96,
0x9F96, 0x9F96, 0x9F96, 0x9F96, 0x9F96, 0x9F96, 0x9F96, 0x9F96, 0x9F96, 0x9F96,
0x9F96, 0x9F96, 0x9F96, 0x9F96, 0x9F96, 0x9F96, 0x9F96, 0x9F96, 0x9F96, 0x9F96,
0x9F96, 0x9F96, 0x9F96, 0x9F96, 0x9F96, 0x9F96, 0x9F96, 0x9F96, 0x9F96, 0x9F96,
0x9F96, 0x9F96, 0x9F96, 0x9F96, 0x9F96, 0x9F96, 0x9F96, 0x9F96, 0x9F96, 0x9F96,
0x9F96, 0x9F96, 0x9F96, 0x9E96, 0x9E96, 0x9E96, 0x9E96, 0x9E96, 0x9E96, 0x9E96,
0x9E96, 0x9E96, 0x9E96, 0x9E96, 0x9E96, 0x9E96, 0x9E96, 0x9E96, 0x9E96, 0x9E96,
0x9E96, 0x9E96, 0x9E96, 0x9E96, 0x9E96, 0x9E96, 0x9E96, 0x9E96, 0x9E96, 0x9E96,
0x9E96, 0x9E96, 0x9E96, 0x9E96, 0x9E96, 0x9E96, 0x9E96, 0x9E96, 0x9E96, 0x9E96,
0x9E96, 0x9E96, 0x9E96, 0x9E96, 0x9E96, 0x9E96, 0x9E96, 0x9E96, 0x9E96, 0x9E8E,
0x9E8E, 0x9E8E, 0x9E8E, 0x9E8E, 0x9E8E, 0x9E8E, 0x9E8E, 0x9E8E, 0x9E8E, 0x9E8E,
0x9E8E, 0x9E8E, 0x9E8E, 0x9E8E, 0x9E8E, 0x9E8E, 0x9E8E, 0x9E96, 0x9E96, 0x9E96,
0x9E96, 0x9E96, 0x9E96, 0x9E96, 0x9E96, 0x9E96, 0x9E96, 0x9E96, 0x9E96, 0x9E96,
0x9E96, 0x9E96, 0x9E96, 0x9E96, 0x9E96, 0x9E96, 0x9E96, 0x9E96, 0x9E96, 0x9E96,
0x9E96, 0x9E96, 0x9E96, 0x9E96, 0x9E96, 0x9E96, 0x9E96, 0x9E96, 0x9E96, 0x9E96,
0x9E96, 0x9E96, 0x9E96, 0x9E96, 0x9E8E, 0x9E8E, 0x9E8E, 0x9E8E, 0x9E8E, 0x9E96,
0x9E96, 0x9E96, 0x9E96, 0x9E96, 0x9E96, 0x9E96, 0x9E96, 0x9E96, 0x9E96, 0x9E96,
0x9E96, 0x9E96, 0x9E96, 0x9E96, 0x9E96, 0x9E96, 0x9E96, 0x9E96, 0x9E96, 0x9E96,
0x9E96, 0x9E96, 0x9E96, 0x9E96, 0x9E96, 0x9E96, 0x5E8E, 0x9F8E, 0x9F96, 0x9F96,
0x9F96, 0x7E8E, 0x9F96, 0x9F8E, 0x7E8E, 0x9F96, 0x5E8E, 0x5E8E, 0x9E8E, 0x9E96,
0x9E96, 0x9E96, 0x9E96, 0x9E96, 0x9E96, 0x9E8E, 0xBE9E, 0xBE9E, 0xBE9E, 0xBE9E,
0xBE9E, 0xBE9E, 0xBE9E, 0xBE9E, 0xBE9E, 0xBE9E, 0xBE9E, 0xBE9E, 0xBE9E, 0xBE9E,
0xBE9E, 0xBE9E, 0xBE9E, 0xBE9E, 0xBE9E, 0xBE9E, 0xBE9E, 0xBE9E, 0xBE9E, 0xBE9E,
0xBE9E, 0xBE9E, 0xBE9E, 0xBE9E, 0xBE9E, 0xBE9E, 0xBE9E, 0xBE9E, 0xBE9E, 0xBE9E,
0xBE9E, 0xBE9E, 0xBE9E, 0xBE9E, 0xBE9E, 0xBE9E, 0xBE9E, 0xBE9E, 0xBE9E, 0xBE9E,
0xBE9E, 0xBE9E, 0xBE9E, 0xBE9E, 0xBE9E, 0xBE9E, 0xBE9E, 0xBE9E, 0xBE9E, 0xBE9E,
0xBE9E, 0xBE9E, 0xBF9E, 0xBF9E, 0xBF9E, 0xBF9E, 0xBF9E, 0xBF9E, 0xBF9E, 0xBF9E,
0xBF9E, 0xBF9E, 0xBF9E, 0xBF9E, 0xBF9E, 0xBF9E, 0xBF9E, 0xBF9E, 0xBF9E, 0xBF9E,
0xBF9E, 0xBF9E, 0xBF9E, 0xBF9E, 0xBF9E, 0xBF9E, 0xBF9E, 0xBF9E, 0xBF9E, 0xBF9E,
0xBF9E, 0xBF9E, 0xBF9E, 0xBF9E, 0xBF9E, 0xBF9E, 0xBF9E, 0xBF9E, 0xBF9E, 0xBF9E,
0xBF9E, 0xBF9E, 0xBF9E, 0xBF9E, 0xBF9E, 0xBF9E, 0xBF9E, 0xBF9E, 0xBF9E, 0xBF9E,
0xBF9E, 0xBF9E, 0xBF9E, 0x9F96, 0x9F96, 0x9F96, 0x9F96, 0x9F96, 0x9F96, 0x9F96,
0x9F96, 0x9F96, 0x9F96, 0x9F96, 0x9F96, 0x9F96, 0x9F96, 0x9F96, 0x9F96, 0x9F96,
0x9F96, 0x9F96, 0x9F96, 0x9F96, 0x9F96, 0x9F96, 0x9F96, 0x9F96, 0x9F96, 0x9F96,
0x9F96, 0x9F96, 0x9F96, 0x9F96, 0x9F96, 0x9F96, 0x9F96, 0x9F96, 0x9F96, 0x9F96,
0x9F96, 0x9F96, 0x9F96, 0x9F96, 0x9F96, 0x9F96, 0x9F96, 0x9F96, 0x9F96, 0x9F96,
0x9F96, 0x9F96, 0x9F96, 0x9F96, 0x9F96, 0x9F96, 0x9F96, 0x9F96, 0x9F96, 0x9F96,
0x9F96, 0x9F96, 0x9F96, 0x9E96, 0x9E96, 0x9E96, 0x9E96, 0x9E96, 0x9E96, 0x9E96,
0x9E96, 0x9E96, 0x9E96, 0x9E96, 0x9E96, 0x9E96, 0x9E96, 0x9E96, 0x9E96, 0x9E96,
0x9E96, 0x9E96, 0x9E96, 0x9E96, 0x9E96, 0x9E96, 0x9E96, 0x9E96, 0x9E96, 0x9E96,
0x9E96, 0x9E96, 0x9E96, 0x9E96, 0x9E96, 0x9E96, 0x9E96, 0x9E96, 0x9E96, 0x9E96,
0x9E96, 0x9E96, 0x9E96, 0x9E96, 0x9E96, 0x9E96, 0x9E96, 0x9E96, 0x9E96, 0x9E96,
0x9E96, 0x9E96, 0x9E96, 0x9E96, 0x9E96, 0x9E96, 0x9E96, 0x9E96, 0x9E96, 0x9E96,
0x9E96, 0x9E96, 0x9E96, 0x9E96, 0x9E96, 0x9E96, 0x9E96, 0x9E96, 0x9E96, 0x9E96,
0x9E96, 0x9E96, 0x9E96, 0x9E96, 0x9E96, 0x9E96, 0x9E96, 0x9E96, 0x9E96, 0x9E96,
0x9E96, 0x9E96, 0x9E96, 0x9E96, 0x9E96, 0x9E96, 0x9E96, 0x9E96, 0x9E96, 0x9E96,
0x9E96, 0x9E96, 0x9E96, 0x9E96, 0x9E96, 0x9E96, 0x9E96, 0x9E96, 0x9E96, 0x9E96,
0x9E96, 0x9E96, 0x9E96, 0x9E96, 0x9E96, 0x9E96, 0x9E96, 0x9E96, 0x9E96, 0x9E96,
0x9E96, 0x9E96, 0x9E96, 0x9E96, 0x9E96, 0x9E96, 0x9E96, 0x9E96, 0x9E96, 0x9E96,
0x9E96, 0x9E96, 0x9E96, 0x9E96, 0x9E96, 0x9E96, 0x9E96, 0x9E96, 0x9E96, 0x9E96,
0x9E96, 0x9E96, 0x9E96, 0x9E96, 0x9E96, 0x9E96, 0x9F96, 0x9F96, 0x9F96, 0x9F96,
0x9F96, 0x9F96, 0x9E8E, 0xBF96, 0xBF96, 0x9F96, 0x9E96, 0x5D8E, 0x5E96, 0x5E96,
0x9E96, 0x9E96, 0x9E96, 0x9E96, 0x9E96, 0x9E8E, 0xBE9E, 0xBE9E, 0xBE9E, 0xBE9E,
0xBE9E, 0xBE9E, 0xBE9E, 0xBE9E, 0xBE9E, 0xBE9E, 0xBE9E, 0xBE9E, 0xBE9E, 0xBE9E,
0xBE9E, 0xBE9E, 0xBE9E, 0xBE9E, 0xBE9E, 0xBE9E, 0xBE9E, 0xBE9E, 0xBE9E, 0xBE9E,
0xBE9E, 0xBE9E, 0xBE9E, 0xBE9E, 0xBE9E, 0xBE9E, 0xBE9E, 0xBE9E, 0xBE9E, 0xBE9E,
0xBE9E, 0xBE9E, 0xBE9E, 0xBE9E, 0xBE9E, 0xBE9E, 0xBE9E, 0xBE9E, 0xBE9E, 0xBE9E,
0xBE9E, 0xBE9E, 0xBE9E, 0xBE9E, 0xBE9E, 0xBE9E, 0xBE9E, 0xBE9E, 0xBE9E, 0xBE9E,
0xBE9E, 0xBE9E, 0xBF9E, 0xBF9E, 0xBF9E, 0xBF9E, 0xBF9E, 0xBF9E, 0xBF9E, 0xBF9E,
0xBF9E, 0xBF9E, 0xBF9E, 0xBF9E, 0xBF9E, 0xBF9E, 0xBF9E, 0xBF9E, 0xBF9E, 0xBF9E,
0xBF9E, 0xBF9E, 0xBF9E, 0xBF9E, 0xBF9E, 0xBF9E, 0xBF9E, 0xBF9E, 0xBF9E, 0xBF9E,
0x9F9E, 0x9F9E, 0x9F9E, 0x9F9E, 0x9F9E, 0x9F9E, 0x9F9E, 0x9F9E, 0x9F9E, 0x9F9E,
0x9F9E, 0x9F9E, 0x9F9E, 0x9F9E, 0x9F9E, 0x9F9E, 0x9F9E, 0x9F9E, 0x9F9E, 0x9F9E,
0x9F9E, 0x9F9E, 0x9F9E, 0x9F96, 0x9F96, 0x9F96, 0x9F96, 0x9F96, 0x9F96, 0x9F96,
0x9F96, 0x9F96, 0x9F96, 0x9F96, 0x9F96, 0x9F96, 0x9F96, 0x9F96, 0x9F96, 0x9F96,
0x9F96, 0x9F96, 0x9F96, 0x9F96, 0x9F96, 0x9F96, 0x9F96, 0x9F96, 0x9F96, 0x9F96,
0x9F96, 0x9F96, 0x9F96, 0x9F96, 0x9F96, 0x9F96, 0x9F96, 0x9F96, 0x9F96, 0x9F96,
0x9F96, 0x9F96, 0x9F96, 0x9F96, 0x9F96, 0x9F96, 0x9F96, 0x9F96, 0x9F96, 0x9F96,
0x9F96, 0x9F96, 0x9F96, 0x9F96, 0x9F96, 0x9F96, 0x9F96, 0x9F96, 0x9F96, 0x9F96,
0x9F96, 0x9F96, 0x9F96, 0xBF96, 0xBF96, 0xBF96, 0xBF96, 0xBF96, 0xBF96, 0xBF96,
0xBF96, 0xBF96, 0xBF96, 0xBF96, 0xBF96, 0xBF96, 0xBF96, 0xBF96, 0xBF96, 0xBF96,
0xBF96, 0xBF96, 0xBF96, 0xBF96, 0xBF96, 0xBF96, 0x9E96, 0x9E96, 0x9E96, 0x9E96,
0x9E96, 0x9E96, 0x9E96, 0x9E96, 0x9E96, 0x9E96, 0x9E96, 0x9E96, 0x9E96, 0x9E96,
0x9E96, 0x9E96, 0x9E96, 0x9E96, 0x9E96, 0x9E96, 0x9E96, 0x9E96, 0x9E96, 0x9E96,
0x9E96, 0x9E96, 0x9E96, 0x9E96, 0x9E96, 0x9E96, 0x9E96, 0x9E96, 0x9E96, 0x9E96,
0x9E96, 0x9E96, 0x9E96, 0x9E96, 0x9E96, 0x9E96, 0x9E96, 0x9F96, 0x9F96, 0x9F96,
0x9F96, 0x9F96, 0x9F96, 0x9F96, 0x9F96, 0x9F96, 0x9F96, 0x9F96, 0x9F96, 0x9F96,
0x9F96, 0x9F96, 0x9F96, 0x9F96, 0x9F96, 0x9F96, 0x9F96, 0x9F96, 0x9F96, 0x9F96,
0x9F96, 0x9F96, 0x9F96, 0x9F96, 0x9F96, 0x9E96, 0x9E96, 0x9E96, 0x9E96, 0x9E96,
0x9E96, 0x9E96, 0x9E96, 0x9E96, 0x9F96, 0x9F96, 0x9F96, 0x9F96, 0x9F96, 0x9E96,
0x9E96, 0x9E96, 0x9E96, 0x9E96, 0x9E96, 0x9E96, 0x9E96, 0x9E96, 0x9E96, 0x9E96,
0x9E96, 0x9E96, 0x9E96, 0x9E96, 0x9E96, 0x9E96, 0x9E96, 0x9E96, 0x9E96, 0x9E96,
0x9E96, 0x9E96, 0x9E96, 0x9E96, 0x9E96, 0x9E96, 0xBF96, 0x9F96, 0x9E96, 0x7E8E,
0x7E8E, 0x7E86, 0x7E8E, 0x9F8E, 0x9F8E, 0x5E86, 0xBE9E, 0xDFA6, 0xBFA6, 0x9F9E,
0x9E96, 0x9E96, 0x9E96, 0x9E96, 0x9E96, 0x9E8E, 0xBF9E, 0xBF9E, 0xBF9E, 0xBF9E,
0xBF9E, 0xBE9E, 0xBE9E, 0xBE9E, 0xBE9E, 0xBE9E, 0xBE9E, 0xBE9E, 0xBE9E, 0xBE9E,
0xBE9E, 0xBE9E, 0xBE9E, 0xBE9E, 0xBE9E, 0xBE9E, 0xBE9E, 0xBE9E, 0xBE9E, 0xBE9E,
0xBE9E, 0xBE9E, 0xBE9E, 0xBE9E, 0xBE9E, 0xBE9E, 0xBE9E, 0xBE9E, 0xBE9E, 0xBE9E,
0xBE9E, 0xBE9E, 0xBE9E, 0xBE9E, 0xBE9E, 0xBE9E, 0xBE9E, 0xBE9E, 0xBE9E, 0xBE9E,
0xBE9E, 0xBE9E, 0xBE9E, 0xBE9E, 0xBE9E, 0xBE9E, 0xBE9E, 0xBE9E, 0xBE9E, 0xBE9E,
0xBE9E, 0xBE9E, 0xBF9E, 0xBF9E, 0xBF9E, 0xBF9E, 0xBF9E, 0xBF9E, 0xBF9E, 0xBF9E,
0xBF9E, 0xBF9E, 0xBF9E, 0xBF9E, 0xBF9E, 0xBF9E, 0xBF9E, 0xBF9E, 0xBF9E, 0xBF9E,
0xBF9E, 0xBF9E, 0xBF9E, 0xBF9E, 0xBF9E, 0xBF9E, 0xBF9E, 0xBF9E, 0xBF9E, 0xBF9E,
0x9F9E, 0x9F9E, 0x9F9E, 0x9F9E, 0x9F9E, 0x9F9E, 0x9F9E, 0x9F9E, 0x9F9E, 0x9F9E,
0x9F9E, 0x9F9E, 0x9F9E, 0x9F9E, 0x9F9E, 0x9F9E, 0x9F9E, 0x9F9E, 0x9F9E, 0x9F9E,
0x9F9E, 0x9F9E, 0x9F9E, 0x9F96, 0x9F96, 0x9F96, 0x9F96, 0x9F96, 0x9F96, 0x9F96,
0x9F96, 0x9F96, 0x9F96, 0x9F96, 0x9F96, 0x9F96, 0x9F96, 0x9F96, 0x9F96, 0x9F96,
0x9F96, 0x9F96, 0x9F96, 0x9F96, 0x9F96, 0x9F96, 0x9F96, 0x9F96, 0x9F96, 0x9F96,
0x9F96, 0x9F96, 0x9F96, 0x9F96, 0x9F96, 0x9F96, 0x9F96, 0x9F96, 0x9F96, 0x9F96,
0x9F96, 0x9F96, 0x9F96, 0x9F96, 0x9F96, 0x9F96, 0x9F96, 0x9F96, 0x9F96, 0x9F96,
0x9F96, 0x9F96, 0x9F96, 0x9F96, 0x9F96, 0x9F96, 0x9F96, 0x9F96, 0x9F96, 0x9F96,
0x9F96, 0x9F96, 0x9F96, 0xBF96, 0xBF96, 0xBF96, 0xBF96, 0xBF96, 0xBF96, 0xBF96,
0xBF96, 0xBF96, 0xBF96, 0xBF96, 0xBF96, 0xBF96, 0xBF96, 0xBF96, 0xBF96, 0xBF96,
0xBF96, 0xBF96, 0xBF96, 0xBF96, 0xBF96, 0xBF96, 0x9E96, 0x9E96, 0x9E96, 0x9E96,
0x9E96, 0x9E96, 0x9E96, 0x9E96, 0x9E96, 0x9E96, 0x9E96, 0x9E96, 0x9E96, 0x9E96,
0x9E96, 0x9E96, 0x9E96, 0x9E96, 0x9E96, 0x9E96, 0x9E96, 0x9E96, 0x9E96, 0x9E96,
0x9E96, 0x9E96, 0x9E96, 0x9E96, 0x9E96, 0x9E96, 0x9E96, 0x9E96, 0x9E96, 0x9E96,
0x9E96, 0x9E96, 0x9E96, 0x9E96, 0x9E96, 0x9E96, 0x9E96, 0x9F96, 0x9F96, 0x9F96,
0x9F96, 0x9F96, 0x9F96, 0x9F96, 0x9F96, 0x9F96, 0x9F96, 0x9F96, 0x9F96, 0x9F96,
0x9F96, 0x9F96, 0x9F96, 0x9F96, 0x9F96, 0x9F96, 0x9F96, 0x9F96, 0x9F96, 0x9F96,
0x9F96, 0x9F96, 0x9F96, 0x9F96, 0x9F96, 0x9E96, 0x9E96, 0x9E96, 0x9E96, 0x9E96,
0x9E96, 0x9E96, 0x9E96, 0x9E96, 0x9F96, 0x9F96, 0x9F96, 0x9F96, 0x9F96, 0x9E96,
0x9E96, 0x9E96, 0x9E96, 0x9E96, 0x9E96, 0x9E96, 0x9E96, 0x9E96, 0x9E96, 0x9E96,
0x9E96, 0x9E96, 0x9E96, 0x9E96, 0x9E96, 0x9E96, 0x9E96, 0x9E96, 0x9E96, 0x9E96,
0x9E96, 0x9E96, 0x9E96, 0x9E96, 0x9E96, 0x9E96, 0x9F96, 0x9E96, 0x7E96, 0x7E96,
0x7E96, 0x3D8E, 0x9E96, 0x9E96, 0x7E96, 0x3D8E, 0x1FBF, 0x5FBF, 0x3FB7, 0x3FB7,
0x9E96, 0x9E96, 0x9E96, 0x9E96, 0x9E96, 0x9E8E, 0xBF9E, 0xBF9E, 0xBF9E, 0xBF9E,
0xBF9E, 0xBE9E, 0xBE9E, 0xBE9E, 0xBE9E, 0xBE9E, 0xBE9E, 0xBE9E, 0xBE9E, 0xBE9E,
0xBE9E, 0xBE9E, 0xBE9E, 0xBE9E, 0xBE9E, 0xBE9E, 0xBE9E, 0xBE9E, 0xBE9E, 0xBE9E,
0xBE9E, 0xBE9E, 0xBE9E, 0xBE9E, 0xBE9E, 0xBE9E, 0xBE9E, 0xBE9E, 0xBE9E, 0xBE9E,
0xBE9E, 0xBE9E, 0xBE9E, 0xBE9E, 0xBE9E, 0xBE9E, 0xBE9E, 0xBE9E, 0xBE9E, 0xBE9E,
0xBE9E, 0xBE9E, 0xBE9E, 0xBE9E, 0xBE9E, 0xBE9E, 0xBE9E, 0xBE9E, 0xBE9E, 0xBE9E,
0xBE9E, 0xBE9E, 0xBF9E, 0xBF9E, 0xBF9E, 0xBF9E, 0xBF9E, 0xBF9E, 0xBF9E, 0xBF9E,
0xBF9E, 0xBF9E, 0xBF9E, 0xBF9E, 0xBF9E, 0xBF9E, 0xBF9E, 0xBF9E, 0xBF9E, 0xBF9E,
0xBF9E, 0xBF9E, 0xBF9E, 0xBF9E, 0xBF9E, 0xBF9E, 0xBF9E, 0xBF9E, 0xBF9E, 0xBF9E,
0x9F9E, 0x9F9E, 0x9F9E, 0x9F9E, 0x9F9E, 0x9F9E, 0x9F9E, 0x9F9E, 0x9F9E, 0x9F9E,
0x9F9E, 0x9F9E, 0x9F9E, 0x9F9E, 0x9F9E, 0x9F9E, 0x9F9E, 0x9F9E, 0x9F9E, 0x9F9E,
0x9F9E, 0x9F9E, 0x9F9E, 0x9F96, 0x9F96, 0x9F96, 0x9F96, 0x9F96, 0x9F96, 0x9F96,
0x9F96, 0x9F96, 0x9F96, 0x9F96, 0x9F96, 0x9F96, 0x9F96, 0x9F96, 0x9F96, 0x9F96,
0x9F96, 0x9F96, 0x9F96, 0x9F96, 0x9F96, 0x9F96, 0x9F96, 0x9F96, 0x9F96, 0x9F96,
0x9F96, 0x9F96, 0x9F96, 0x9F96, 0x9F96, 0x9F96, 0x9F96, 0x9F96, 0x9F96, 0x9F96,
0x9F96, 0x9F96, 0x9F96, 0x9F96, 0x9F96, 0x9F96, 0x9F96, 0x9F96, 0x9F96, 0x9F96,
0x9F96, 0x9F96, 0x9F96, 0x9F96, 0x9F96, 0x9F96, 0x9F96, 0x9F96, 0x9F96, 0x9F96,
0x9F96, 0x9F96, 0x9F96, 0xBF96, 0xBF96, 0xBF96, 0xBF96, 0xBF96, 0xBF96, 0xBF96,
0xBF96, 0xBF96, 0xBF96, 0xBF96, 0xBF96, 0xBF96, 0xBF96, 0xBF96, 0xBF96, 0xBF96,
0xBF96, 0xBF96, 0xBF96, 0xBF96, 0xBF96, 0xBF96, 0x9E96, 0x9E96, 0x9E96, 0x9E96,
0x9E96, 0x9E96, 0x9E96, 0x9E96, 0x9E96, 0x9E96, 0x9E96, 0x9E96, 0x9E96, 0x9E96,
0x9E96, 0x9E96, 0x9E96, 0x9E96, 0x9E96, 0x9E96, 0x9E96, 0x9E96, 0x9E96, 0x9E96,
0x9E96, 0x9E96, 0x9E96, 0x9E96, 0x9E96, 0x9E96, 0x9E96, 0x9E96, 0x9E96, 0x9E96,
0x9E96, 0x9E96, 0x9E96, 0x9E96, 0x9E96, 0x9E96, 0x9E96, 0x9F96, 0x9F96, 0x9F96,
0x9F96, 0x9F96, 0x9F96, 0x9F96, 0x9F96, 0x9F96, 0x9F96, 0x9F96, 0x9F96, 0x9F96,
0x9F96, 0x9F96, 0x9F96, 0x9F96, 0x9F96, 0x9F96, 0x9F96, 0x9F96, 0x9F96, 0x9F96,
0x9F96, 0x9F96, 0x9F96, 0x9F96, 0x9F96, 0x9E96, 0x9E96, 0x9E96, 0x9E96, 0x9E96,
0x9E96, 0x9E96, 0x9E96, 0x9E96, 0x9F96, 0x9F96, 0x9F96, 0x9F96, 0x9F96, 0x9E96,
0x9E96, 0x9E96, 0x9E96, 0x9E96, 0x9E96, 0x9E96, 0x9E96, 0x9E96, 0x9E96, 0x9E96,
0x9E96, 0x9E96, 0x9E96, 0x9E96, 0x9E96, 0x9E96, 0x9E96, 0x9E96, 0x9E96, 0x9E96,
0x9E96, 0x9E96, 0x9E96, 0x9E96, 0x9E96, 0x9E96, 0x9E96, 0x7E96, 0x7E96, 0x9E96,
0xBF9E, 0xDDBE, 0x9FD7, 0x9FD7, 0x7FCF, 0x1EC7, 0x1ECF, 0x1FBF, 0xBEA6, 0x9E9E,
0x9E96, 0x9E96, 0x9E96, 0x9E96, 0x9E96, 0x9E8E, 0xBF9E, 0xBF9E, 0xBF9E, 0xBF9E,
0xBF9E, 0xBE9E, 0xBE9E, 0xBE9E, 0xBE9E, 0xBE9E, 0xBE9E, 0xBE9E, 0xBE9E, 0xBE9E,
0xBE9E, 0xBE9E, 0xBE9E, 0xBE9E, 0xBE9E, 0xBE9E, 0xBE9E, 0xBE9E, 0xBE9E, 0xBE9E,
0xBE9E, 0xBE9E, 0xBE9E, 0xBE9E, 0xBE9E, 0xBE9E, 0xBE9E, 0xBE9E, 0xBE9E, 0xBE9E,
0xBE9E, 0xBE9E, 0xBE9E, 0xBE9E, 0xBE9E, 0xBE9E, 0xBE9E, 0xBE9E, 0xBE9E, 0xBE9E,
0xBE9E, 0xBE9E, 0xBE9E, 0xBE9E, 0xBE9E, 0xBE9E, 0xBE9E, 0xBE9E, 0xBE9E, 0xBE9E,
0xBE9E, 0xBE9E, 0xBF9E, 0xBF9E, 0xBF9E, 0xBF9E, 0xBF9E, 0xBF9E, 0xBF9E, 0xBF9E,
0xBF9E, 0xBF9E, 0xBF9E, 0xBF9E, 0xBF9E, 0xBF9E, 0xBF9E, 0xBF9E, 0xBF9E, 0xBF9E,
0xBF9E, 0xBF9E, 0xBF9E, 0xBF9E, 0xBF9E, 0xBF9E, 0xBF9E, 0xBF9E, 0xBF9E, 0xBF9E,
0x9F9E, 0x9F9E, 0x9F9E, 0x9F9E, 0x9F9E, 0x9F9E, 0x9F9E, 0x9F9E, 0x9F9E, 0x9F9E,
0x9F9E, 0x9F9E, 0x9F9E, 0x9F9E, 0x9F9E, 0x9F9E, 0x9F9E, 0x9F9E, 0x9F9E, 0x9F9E,
0x9F9E, 0x9F9E, 0x9F9E, 0x9F96, 0x9F96, 0x9F96, 0x9F96, 0x9F96, 0x9F96, 0x9F96,
0x9F96, 0x9F96, 0x9F96, 0x9F96, 0x9F96, 0x9F96, 0x9F96, 0x9F96, 0x9F96, 0x9F96,
0x9F96, 0x9F96, 0x9F96, 0x9F96, 0x9F96, 0x9F96, 0x9F96, 0x9F96, 0x9F96, 0x9F96,
0x9F96, 0x9F96, 0x9F96, 0x9F96, 0x9F96, 0x9F96, 0x9F96, 0x9F96, 0x9F96, 0x9F96,
0x9F96, 0x9F96, 0x9F96, 0x9F96, 0x9F96, 0x9F96, 0x9F96, 0x9F96, 0x9F96, 0x9F96,
0x9F96, 0x9F96, 0x9F96, 0x9F96, 0x9F96, 0x9F96, 0x9F96, 0x9F96, 0x9F96, 0x9F96,
0x9F96, 0x9F96, 0x9F96, 0xBF96, 0xBF96, 0xBF96, 0xBF96, 0xBF96, 0xBF96, 0xBF96,
0xBF96, 0xBF96, 0xBF96, 0xBF96, 0xBF96, 0xBF96, 0xBF96, 0xBF96, 0xBF96, 0xBF96,
0xBF96, 0xBF96, 0xBF96, 0xBF96, 0xBF96, 0xBF96, 0x9E96, 0x9E96, 0x9E96, 0x9E96,
0x9E96, 0x9E96, 0x9E96, 0x9E96, 0x9E96, 0x9E96, 0x9E96, 0x9E96, 0x9E96, 0x9E96,
0x9E96, 0x9E96, 0x9E96, 0x9E96, 0x9E96, 0x9E96, 0x9E96, 0x9E96, 0x9E96, 0x9E96,
0x9E96, 0x9E96, 0x9E96, 0x9E96, 0x9E96, 0x9E96, 0x9E96, 0x9E96, 0x9E96, 0x9E96,
0x9E96, 0x9E96, 0x9E96, 0x9E96, 0x9E96, 0x9E96, 0x9E96, 0x9F96, 0x9F96, 0x9F96,
0x9F96, 0x9F96, 0x9F96, 0x9F96, 0x9F96, 0x9F96, 0x9F96, 0x9F96, 0x9F96, 0x9F96,
0x9F96, 0x9F96, 0x9F96, 0x9F96, 0x9F96, 0x9F96, 0x9F96, 0x9F96, 0x9F96, 0x9F96,
0x9F96, 0x9F96, 0x9F96, 0x9F96, 0x9F96, 0x9E96, 0x9E96, 0x9E96, 0x9E96, 0x9E96,
0x9E96, 0x9E96, 0x9E96, 0x9E96, 0x9F96, 0x9F96, 0x9F96, 0x9F96, 0x9F96, 0x9E96,
0x9E96, 0x9E96, 0x9E96, 0x9E96, 0x9E96, 0x9E96, 0x9E96, 0x9E96, 0x9E96, 0x9E96,
0x9E96, 0x9E96, 0x9E96, 0x9E96, 0x9E96, 0x9E96, 0x9E96, 0x9E96, 0x9E96, 0x9E96,
0x9E96, 0x9E96, 0x9E96, 0x9E96, 0x9E96, 0x9E96, 0x9E96, 0x7E96, 0x9E96, 0xBF9E,
0xFFA6, 0x1CDF, 0xFFFF, 0xFFFF, 0xDFF7, 0x9EEF, 0xDFEF, 0x7FCF, 0x9EA6, 0x7D96,
0x9E96, 0x9E96, 0x9E96, 0x9E96, 0x9E96, 0x9E8E, 0xBFA6, 0xBFA6, 0xBFA6, 0xBFA6,
0xBFA6, 0xBFA6, 0xBFA6, 0xBFA6, 0xBFA6, 0xBFA6, 0xBFA6, 0xBFA6, 0xBFA6, 0xBFA6,
0xBFA6, 0xBFA6, 0xBFA6, 0xBFA6, 0xBFA6, 0xBFA6, 0xBFA6, 0xBFA6, 0xBFA6, 0xBFA6,
0xBFA6, 0xBFA6, 0xBFA6, 0xBFA6, 0xBFA6, 0xBFA6, 0xBFA6, 0xBFA6, 0xBFA6, 0xBFA6,
0xBFA6, 0xBFA6, 0xBFA6, 0xBFA6, 0xBFA6, 0xBFA6, 0xBFA6, 0xBFA6, 0xBFA6, 0xBFA6,
0xBFA6, 0xBFA6, 0xBFA6, 0xBE9E, 0xBE9E, 0xBE9E, 0xBE9E, 0xBE9E, 0xBE9E, 0xBE9E,
0xBE9E, 0xBE9E, 0xBE9E, 0xBE9E, 0xBE9E, 0xBE9E, 0xBE9E, 0xBE9E, 0xBE9E, 0xBE9E,
0xBE9E, 0xBF9E, 0xBF9E, 0xBF9E, 0xBF9E, 0xBF9E, 0xBF9E, 0xBF9E, 0xBF9E, 0xBF9E,
0xBF9E, 0xBF9E, 0xBF9E, 0xBF9E, 0xBF9E, 0xBF9E, 0xBF9E, 0xBF9E, 0xBF9E, 0xBF9E,
0xBF9E, 0xBF9E, 0xBF9E, 0xBF9E, 0xBF9E, 0xBF9E, 0xBF9E, 0xBF9E, 0xBF9E, 0xBF9E,
0xBF9E, 0xBF9E, 0xBF9E, 0xBF9E, 0xBF9E, 0xBF9E, 0xBF9E, 0xBF9E, 0xBF9E, 0xBF9E,
0xBF9E, 0xBF9E, 0xBF9E, 0xBF9E, 0xBF9E, 0xBF9E, 0xBF9E, 0x9F96, 0x9F96, 0x9F96,
0x9F96, 0x9F96, 0x9F96, 0x9F96, 0x9F96, 0x9F96, 0xBE9E, 0xBE9E, 0xBE9E, 0xBE9E,
0xBE9E, 0x9E96, 0x9E96, 0x9E96, 0x9E96, 0x9E96, 0xBE9E, 0xBE9E, 0xBE9E, 0xBE9E,
0x9E96, 0xDF9E, 0x9E96, 0xDF9E, 0x9F96, 0xBF9E, 0xBF9E, 0x9E9E, 0x9EA6, 0x5C9E,
0x9DA6, 0x9DAE, 0x7D9E, 0x9F9E, 0xBE96, 0xBE96, 0x9E8E, 0x9E8E, 0xDF9E, 0xDFA6,
0x7D96, 0x9D9E, 0x7D96, 0xBE9E, 0xBE9E, 0xBE9E, 0xBE9E, 0xBE9E, 0xBE9E, 0xBE9E,
0xBE9E, 0xBE9E, 0xBE9E, 0xBE9E, 0xBE9E, 0xBE9E, 0xBE9E, 0xBE9E, 0xBE9E, 0xBE9E,
0xBE9E, 0xBE9E, 0x9E96, 0x9E96, 0xBF96, 0xDF9E, 0x9F8E, 0xBF96, 0x7E96, 0x9E96,
0x9F9E, 0x9D96, 0x9E9E, 0x9E9E, 0x9E8E, 0x9E8E, 0xBF9E, 0xBF9E, 0xBF9E, 0xBF9E,
0xBF9E, 0xBE9E, 0xBE9E, 0x9E96, 0x9E96, 0xBF9E, 0xBF9E, 0xBF9E, 0xBF9E, 0xBF9E,
0xBF9E, 0xBF9E, 0xBF9E, 0xBF9E, 0xBF9E, 0xBF9E, 0xBF9E, 0xBF9E, 0xBF9E, 0xBF9E,
0xBF9E, 0xBF9E, 0xBF9E, 0xBF9E, 0xBF9E, 0xBF9E, 0xBF9E, 0xBF9E, 0xBF96, 0xBF96,
0xBF96, 0xBF96, 0xBF96, 0xBF96, 0xBF96, 0xBF96, 0xBF96, 0xBF96, 0xBF96, 0xBF96,
0xBF96, 0xBF96, 0x9F96, 0x9F96, 0x9F96, 0x9F96, 0x9F96, 0x9F96, 0x9F96, 0x9F96,
0x9F96, 0x9F96, 0x9F96, 0x9F96, 0x9F96, 0x9F96, 0x9F96, 0x9F96, 0x9F96, 0x9F96,
0x9F96, 0x9F96, 0x9F96, 0x9F96, 0x9F96, 0x9F96, 0x9F96, 0x9F96, 0x9F96, 0x9F96,
0x9F96, 0x9F96, 0x9F96, 0x9F96, 0x9F96, 0x9F96, 0x9F96, 0x9F96, 0x9F96, 0x9F96,
0x9F96, 0x9F96, 0x9F96, 0x9F96, 0x9F96, 0x9F96, 0x9F96, 0x9F96, 0x9F96, 0x9F96,
0x9F96, 0x9F96, 0x9E96, 0x9E96, 0x9E96, 0x9E96, 0x9E96, 0x9E8E, 0x7E8E, 0xBF96,
0xBF9E, 0x7E96, 0xDE8E, 0x9E96, 0x7E9E, 0x9E9E, 0x9F96, 0x9F96, 0x9F96, 0x9E96,
0x3B8E, 0x9E9E, 0x9E9E, 0xDFA6, 0xBE9E, 0xBF9E, 0x9E96, 0x9E96, 0x9E96, 0x9E96,
0x9E96, 0x9E96, 0x9E96, 0x9E96, 0x9E96, 0x9E96, 0xBFA6, 0xBFA6, 0xBFA6, 0xBFA6,
0xBFA6, 0xBFA6, 0xBFA6, 0xBFA6, 0xBFA6, 0xBFA6, 0xBFA6, 0xBFA6, 0xBFA6, 0xBFA6,
0xBFA6, 0xBFA6, 0xBFA6, 0xBFA6, 0xBFA6, 0xBFA6, 0xBFA6, 0xBFA6, 0xBFA6, 0xBFA6,
0xBFA6, 0xBFA6, 0xBFA6, 0xBFA6, 0xBFA6, 0xBFA6, 0xBFA6, 0xBFA6, 0xBFA6, 0xBFA6,
0xBFA6, 0xBFA6, 0xBFA6, 0xBFA6, 0xBFA6, 0xBFA6, 0xBFA6, 0xBFA6, 0xBFA6, 0xBFA6,
0xBFA6, 0xBFA6, 0xBFA6, 0xBE9E, 0xBE9E, 0xBE9E, 0xBE9E, 0xBE9E, 0xBE9E, 0xBE9E,
0xBE9E, 0xBE9E, 0xBE9E, 0xBE9E, 0xBE9E, 0xBE9E, 0xBE9E, 0xBE9E, 0xBE9E, 0xBE9E,
0xBE9E, 0xBF9E, 0xBF9E, 0xBF9E, 0xBF9E, 0xBF9E, 0xBF9E, 0xBF9E, 0xBF9E, 0xBF9E,
0xBF9E, 0xBF9E, 0xBF9E, 0xBF9E, 0xBF9E, 0xBF9E, 0xBF9E, 0xBF9E, 0xBF9E, 0xBF9E,
0xBF9E, 0xBF9E, 0xBF9E, 0xBF9E, 0xBF9E, 0xBF9E, 0xBF9E, 0xBF9E, 0xBF9E, 0xBF9E,
0xBF9E, 0xBF9E, 0xBF9E, 0xBF9E, 0xBF9E, 0xBF9E, 0xBF9E, 0xBF9E, 0xBF9E, 0xBF9E,
0xBF9E, 0xBF9E, 0xBF9E, 0xBF9E, 0xBF9E, 0xBF9E, 0xBF9E, 0xBF9E, 0xBF9E, 0xBF9E,
0xBF9E, 0xBF9E, 0xBF9E, 0xBF9E, 0xBF9E, 0xBF9E, 0xBE9E, 0xBE9E, 0xBE9E, 0xBE9E,
0xBE9E, 0xBE9E, 0xBE9E, 0xBE9E, 0xBE9E, 0xBE9E, 0xBE9E, 0xBE9E, 0xBE9E, 0xBE9E,
0x9E96, 0xFFA6, 0xBF9E, 0xBF9E, 0xDF9E, 0x5D9E, 0x9DA6, 0x1FB7, 0x9FCF, 0x5FC7,
0x9FCF, 0x7FCF, 0xFEB6, 0xBEA6, 0x9EA6, 0x9E9E, 0x7E9E, 0x7D96, 0x9EA6, 0xBF9E,
0xFFA6, 0xDF9E, 0xBF9E, 0xBE9E, 0xBE9E, 0xBE9E, 0xBE9E, 0xBE9E, 0xBE9E, 0xBE9E,
0xBE9E, 0xBE9E, 0xBE9E, 0xBE9E, 0xBE9E, 0xBE9E, 0xBE9E, 0xBE9E, 0xBE9E, 0xBE9E,
0xBE9E, 0xBE9E, 0xDE96, 0xBE96, 0xBE96, 0xBF96, 0xBF96, 0xBF96, 0x5D96, 0x9EA6,
0xBF9E, 0x9E96, 0xBE9E, 0xBE9E, 0x9E96, 0x9E96, 0xBF9E, 0xBF9E, 0xBF9E, 0xBF9E,
0x9E96, 0x9E96, 0x9E96, 0x9E96, 0x9E96, 0xBF9E, 0xBF9E, 0xBF9E, 0xBF9E, 0xBF9E,
0xBF9E, 0xBF9E, 0xBF9E, 0xBF9E, 0xBF9E, 0xBF9E, 0xBF9E, 0xBF9E, 0xBF9E, 0xBF9E,
0xBF9E, 0xBF9E, 0xBF9E, 0xBF9E, 0xBF9E, 0xBF9E, 0xBF9E, 0xBF9E, 0xBF96, 0xBF96,
0xBF96, 0xBF96, 0xBF96, 0xBF96, 0xBF96, 0xBF96, 0xBF96, 0xBF96, 0xBF96, 0xBF96,
0xBF96, 0xBF96, 0x9F96, 0x9F96, 0x9F96, 0x9F96, 0x9F96, 0x9F96, 0x9F96, 0x9F96,
0x9F96, 0x9F96, 0x9F96, 0x9F96, 0x9F96, 0x9F96, 0x9F96, 0x9F96, 0x9F96, 0x9F96,
0x9F96, 0x9F96, 0x9F96, 0x9F96, 0x9F96, 0x9F96, 0x9F96, 0x9F96, 0x9F96, 0x9F96,
0x9F96, 0x9F96, 0x9F96, 0x9F96, 0x9F96, 0x9F96, 0x9F96, 0x9F96, 0x9F96, 0x9F96,
0x9F96, 0x9F96, 0x9F96, 0x9F96, 0x9F96, 0x9F96, 0x9F96, 0x9F96, 0x9F96, 0x9F96,
0x9F96, 0x9F96, 0x9E96, 0x9E96, 0x9E96, 0x9E96, 0x9E96, 0xBE96, 0xBF96, 0xBF96,
0xBF96, 0x7F8E, 0x3EBF, 0x5FCF, 0x7FD7, 0xDFDF, 0x9DA6, 0x7D96, 0x7D96, 0xDF9E,
0xBEA6, 0x7E96, 0x9E9E, 0x9E9E, 0x5D96, 0x3D8E, 0x9E96, 0x9E96, 0x9E96, 0x9E96,
0x9E96, 0x9E96, 0x9E96, 0x9E96, 0x9E96, 0x9E96, 0xBFA6, 0xBFA6, 0xBFA6, 0xBFA6,
0xBFA6, 0xBFA6, 0xBFA6, 0xBFA6, 0xBFA6, 0xBFA6, 0xBFA6, 0xBFA6, 0xBFA6, 0xBFA6,
0xBFA6, 0xBFA6, 0xBFA6, 0xBFA6, 0xBFA6, 0xBFA6, 0xBFA6, 0xBFA6, 0xBFA6, 0xBFA6,
0xBFA6, 0xBFA6, 0xBFA6, 0xBFA6, 0xBFA6, 0xBFA6, 0xBFA6, 0xBFA6, 0xBFA6, 0xBFA6,
0xBFA6, 0xBFA6, 0xBFA6, 0xBFA6, 0xBFA6, 0xBFA6, 0xBFA6, 0xBFA6, 0xBFA6, 0xBFA6,
0xBFA6, 0xBFA6, 0xBFA6, 0xBE9E, 0xBE9E, 0xBE9E, 0xBE9E, 0xBE9E, 0xBE9E, 0xBE9E,
0xBE9E, 0xBE9E, 0xBE9E, 0xBE9E, 0xBE9E, 0xBE9E, 0xBE9E, 0xBE9E, 0xBE9E, 0xBE9E,
0xBE9E, 0xBF9E, 0xBF9E, 0xBF9E, 0xBF9E, 0xBF9E, 0xBF9E, 0xBF9E, 0xBF9E, 0xBF9E,
0xBF9E, 0xBF9E, 0xBF9E, 0xBF9E, 0xBF9E, 0xBF9E, 0xBF9E, 0xBF9E, 0xBF9E, 0xBF9E,
0xBF9E, 0xBF9E, 0xBF9E, 0xBF9E, 0xBF9E, 0xBF9E, 0xBF9E, 0xBF9E, 0xBF9E, 0xBF9E,
0xBF9E, 0xBF9E, 0xBF9E, 0xBF9E, 0xBF9E, 0xBF9E, 0xBF9E, 0xBF9E, 0xBF9E, 0xBF9E,
0xBF9E, 0xBF9E, 0xBF9E, 0xBF9E, 0xBF9E, 0xBF9E, 0xBF9E, 0x9F9E, 0x9F9E, 0x9F9E,
0x9F9E, 0x9F9E, 0x9F9E, 0x9F9E, 0x9F9E, 0x9F9E, 0xBE9E, 0xBE9E, 0xBE9E, 0xBE9E,
0xBE9E, 0xBE9E, 0xBE9E, 0xBE9E, 0xBE9E, 0xBE9E, 0xBE9E, 0xBE9E, 0xBE9E, 0xBE9E,
0x9E96, 0xDFA6, 0x9E9E, 0x9E9E, 0xDF9E, 0xFDBE, 0x3EC7, 0x9FDF, 0xFFEF, 0xFFEF,
0xFFF7, 0xFFF7, 0x9FD7, 0xFEBE, 0xBE9E, 0xBE9E, 0xBE96, 0x9E9E, 0xDFA6, 0x9E8E,
0xBF96, 0x7E8E, 0xDFA6, 0xBE9E, 0xBE9E, 0xBE9E, 0xBE9E, 0xBE9E, 0xBE9E, 0xBE9E,
0xBE9E, 0xBE9E, 0xBE9E, 0xBE9E, 0xBE9E, 0xBE9E, 0xBE9E, 0xBE9E, 0xBE9E, 0xBE9E,
0xBE9E, 0xBE9E, 0xBF9E, 0xBF9E, 0x9E96, 0x9E96, 0xBF86, 0xBF8E, 0x7E96, 0x9F9E,
0x7E8E, 0xBF96, 0x9F96, 0xBF9E, 0x9E96, 0x9E96, 0xBF9E, 0xBF9E, 0xBF9E, 0xBF9E,
0xBE9E, 0xBE9E, 0x9E96, 0x9E96, 0x9E96, 0xBF9E, 0xBF9E, 0xBF9E, 0xBF9E, 0xBF9E,
0xBF9E, 0xBF9E, 0xBF9E, 0xBF9E, 0xBF9E, 0xBF9E, 0xBF9E, 0xBF9E, 0xBF9E, 0xBF9E,
0xBF9E, 0xBF9E, 0xBF9E, 0xBF9E, 0xBF9E, 0xBF9E, 0xBF9E, 0xBF9E, 0xBF9E, 0xBF9E,
0xBF9E, 0xBF9E, 0xBF9E, 0xBF9E, 0xBF9E, 0xBF9E, 0xBF9E, 0xBF9E, 0xBF9E, 0xBF9E,
0xBF9E, 0xBF9E, 0x9F96, 0x9F96, 0x9F96, 0x9F96, 0x9F96, 0x9F96, 0x9F96, 0x9F96,
0x9F96, 0x9F96, 0x9F96, 0x9F96, 0x9F96, 0x9F96, 0x9F96, 0x9F96, 0x9F96, 0x9F96,
0x9F96, 0x9F96, 0x9F96, 0x9F96, 0x9F96, 0x9F96, 0x9F96, 0x9F96, 0x9F96, 0x9F96,
0x9F96, 0x9F96, 0x9F96, 0x9F96, 0x9F96, 0x9F96, 0x9F96, 0x9F96, 0x9F96, 0x9F96,
0x9F96, 0x9F96, 0x9F96, 0x9F96, 0x9F96, 0x9F96, 0x9F96, 0x9F96, 0x9F96, 0x9F96,
0x9F96, 0x9F96, 0x9E96, 0x9E96, 0x9E96, 0x9E96, 0x9E96, 0x5D86, 0xBF96, 0x9E96,
0x9E96, 0xBF9E, 0xFFFF, 0xFFFF, 0xFFFF, 0xFFFF, 0xDFEF, 0x7EDF, 0x7FDF, 0xDFEF,
0xDFEF, 0xFFCF, 0x7FB7, 0x9E9E, 0xBE9E, 0x9E9E, 0x9E96, 0x9E96, 0x9E96, 0x9E96,
0x9E96, 0x9E96, 0x9E96, 0x9E96, 0x9E96, 0x9E96, 0xBFA6, 0xBFA6, 0xBFA6, 0xBFA6,
0xBFA6, 0xBFA6, 0xBFA6, 0xBFA6, 0xBFA6, 0xBFA6, 0xBFA6, 0xBFA6, 0xBFA6, 0xBFA6,
0xBFA6, 0xBFA6, 0xBFA6, 0xBFA6, 0xBFA6, 0xBFA6, 0xBFA6, 0xBFA6, 0xBFA6, 0xBFA6,
0xBFA6, 0xBFA6, 0xBFA6, 0xBFA6, 0xBFA6, 0xBFA6, 0xBFA6, 0xBFA6, 0xBFA6, 0xBFA6,
0xBFA6, 0xBFA6, 0xBFA6, 0xBFA6, 0xBFA6, 0xBFA6, 0xBFA6, 0xBFA6, 0xBFA6, 0xBFA6,
0xBFA6, 0xBFA6, 0xBFA6, 0xBE9E, 0xBE9E, 0xBE9E, 0xBE9E, 0xBE9E, 0xBE9E, 0xBE9E,
0xBE9E, 0xBE9E, 0xBE9E, 0xBE9E, 0xBE9E, 0xBE9E, 0xBE9E, 0xBE9E, 0xBE9E, 0xBE9E,
0xBE9E, 0xBF9E, 0xBF9E, 0xBF9E, 0xBF9E, 0xBF9E, 0xBF9E, 0xBF9E, 0xBF9E, 0xBF9E,
0xBF9E, 0xBF9E, 0xBF9E, 0xBF9E, 0xBF9E, 0xBF9E, 0xBF9E, 0xBF9E, 0xBF9E, 0xBF9E,
0xBF9E, 0xBF9E, 0xBF9E, 0xBF9E, 0xBF9E, 0xBF9E, 0xBF9E, 0xBF9E, 0xBF9E, 0xBF9E,
0xBF9E, 0xBF9E, 0xBF9E, 0xBF9E, 0xBF9E, 0xBF9E, 0xBF9E, 0xBF9E, 0xBF9E, 0xBF9E,
0xBF9E, 0xBF9E, 0xBF9E, 0xBF9E, 0xBF9E, 0xBF9E, 0xBF9E, 0xBE9E, 0xBE9E, 0xBE9E,
0xBE9E, 0xBE9E, 0xBE9E, 0xBE9E, 0xBE9E, 0xBE9E, 0xBE9E, 0xBE9E, 0xBE9E, 0xBE9E,
0xBE9E, 0xBE9E, 0xBE9E, 0xBE9E, 0xBE9E, 0xBE9E, 0xBE9E, 0xBE9E, 0xBE9E, 0xBE9E,
0xBF9E, 0xBF9E, 0x9E9E, 0xBE9E, 0xDEAE, 0xFFEF, 0xFFF7, 0xDFF7, 0xFFFF, 0xFFF7,
0xFFF7, 0xFFFF, 0xFFF7, 0x5ED7, 0xBF96, 0xBE8E, 0xDF96, 0xBF96, 0xFF9E, 0xDF96,
0xBF96, 0x5E8E, 0xBF9E, 0xBE9E, 0xBE9E, 0xBE9E, 0xBE9E, 0xBE9E, 0xBE9E, 0xBE9E,
0xBE9E, 0xBE9E, 0xBE9E, 0xBE9E, 0xBE9E, 0xBE9E, 0xBE9E, 0xBE9E, 0xBE9E, 0xBE9E,
0xBE9E, 0xBE9E, 0x9F9E, 0x9F9E, 0x9F9E, 0xBE9E, 0x7E86, 0xBF96, 0xFFB6, 0xFFB6,
0x9E96, 0x9F96, 0x9F96, 0x9F9E, 0x9F9E, 0x9E9E, 0xBF9E, 0xBF9E, 0xBF9E, 0xBF9E,
0xBF9E, 0xBF9E, 0xBE9E, 0xBE9E, 0x9E96, 0xBF9E, 0xBF9E, 0xBF9E, 0xBF9E, 0xBF9E,
0xBF9E, 0xBF9E, 0xBF9E, 0xBF9E, 0xBF9E, 0xBF9E, 0xBF9E, 0xBF9E, 0xBF9E, 0xBF9E,
0xBF9E, 0xBF9E, 0xBF9E, 0xBF9E, 0xBF9E, 0xBF9E, 0xBF9E, 0xBF9E, 0xBF9E, 0xBF9E,
0xBF9E, 0xBF9E, 0xBF9E, 0xBF9E, 0xBF9E, 0xBF9E, 0xBF9E, 0xBF9E, 0xBF9E, 0xBF9E,
0xBF9E, 0xBF9E, 0x9F96, 0x9F96, 0x9F96, 0x9F96, 0x9F96, 0x9F96, 0x9F96, 0x9F96,
0x9F96, 0x9F96, 0x9F96, 0x9F96, 0x9F96, 0x9F96, 0x9F96, 0x9F96, 0x9F96, 0x9F96,
0x9F96, 0x9F96, 0x9F96, 0x9F96, 0x9F96, 0x9F96, 0x9F96, 0x9F96, 0x9F96, 0x9F96,
0x9F96, 0x9F96, 0x9F96, 0x9F96, 0x9F96, 0x9F96, 0x9F96, 0x9F96, 0x9F96, 0x9F96,
0x9F96, 0x9F96, 0x9F96, 0x9F96, 0x9F96, 0x9F96, 0x9F96, 0x9F96, 0x9F96, 0x9F96,
0x9F96, 0x9F96, 0x9E96, 0x9E96, 0x9E96, 0x9E96, 0x9E96, 0x7EA6, 0x1FBF, 0x1ED7,
0x1DDF, 0xBEF7, 0xDFFF, 0xBFFF, 0xBFFF, 0xFFFF, 0xFFFF, 0xBFF7, 0x9FF7, 0xDFF7,
0x5DE7, 0xFFCF, 0x5FB7, 0x7E96, 0x9E9E, 0x9E9E, 0x9E96, 0x9E96, 0x9E96, 0x9E96,
0x9E96, 0x9E96, 0x9E96, 0x9E96, 0x9E96, 0x9E96, 0xBFA6, 0xBFA6, 0xBFA6, 0xBFA6,
0xBFA6, 0xBFA6, 0xBFA6, 0xBFA6, 0xBFA6, 0xBFA6, 0xBFA6, 0xBFA6, 0xBFA6, 0xBFA6,
0xBFA6, 0xBFA6, 0xBFA6, 0xBFA6, 0xBFA6, 0xBFA6, 0xBFA6, 0xBFA6, 0xBFA6, 0xBFA6,
0xBFA6, 0xBFA6, 0xBFA6, 0xBFA6, 0xBFA6, 0xBFA6, 0xBFA6, 0xBFA6, 0xBFA6, 0xBFA6,
0xBFA6, 0xBFA6, 0xBFA6, 0xBFA6, 0xBFA6, 0xBFA6, 0xBFA6, 0xBFA6, 0xBFA6, 0xBFA6,
0xBFA6, 0xBFA6, 0xBFA6, 0xBE9E, 0xBE9E, 0xBE9E, 0xBE9E, 0xBE9E, 0xBE9E, 0xBE9E,
0xBE9E, 0xBE9E, 0xBE9E, 0xBE9E, 0xBE9E, 0xBE9E, 0xBE9E, 0xBE9E, 0xBE9E, 0xBE9E,
0xBE9E, 0xBF9E, 0xBF9E, 0xBF9E, 0xBF9E, 0xBF9E, 0xBF9E, 0xBF9E, 0xBF9E, 0xBF9E,
0xBF9E, 0xBF9E, 0xBF9E, 0xBF9E, 0xBF9E, 0xBF9E, 0xBF9E, 0xBF9E, 0xBF9E, 0xBF9E,
0xBF9E, 0xBF9E, 0xBF9E, 0xBF9E, 0xBF9E, 0xBF9E, 0xBF9E, 0xBF9E, 0xBF9E, 0xBF9E,
0xBF9E, 0xBF9E, 0xBF9E, 0xBF9E, 0xBF9E, 0xBF9E, 0xBF9E, 0xBF9E, 0xBF9E, 0xBF9E,
0xBF9E, 0xBF9E, 0xBF9E, 0xBF9E, 0xBF9E, 0xBF9E, 0xBF9E, 0xBE9E, 0xBE9E, 0xBE9E,
0xBE9E, 0xBE9E, 0xBE9E, 0xBE9E, 0xBE9E, 0xBE9E, 0xBE9E, 0xBE9E, 0xBE9E, 0xBE9E,
0xBE9E, 0xBE9E, 0xBE9E, 0xBE9E, 0xBE9E, 0xBE9E, 0xBE9E, 0xBE9E, 0xBE9E, 0xBE9E,
0xDF9E, 0xDFA6, 0x9E9E, 0xBEA6, 0x3FBF, 0xFFFF, 0xFFFF, 0xFEFF, 0xFEFF, 0xBEF7,
0xDEFF, 0xDEFF, 0xFFFF, 0xBFEF, 0xBFA6, 0x9F96, 0xBF9E, 0x9F9E, 0xBFA6, 0xBE96,
0x9E96, 0xBF9E, 0x9F9E, 0xBE9E, 0xBE9E, 0xBE9E, 0xBE9E, 0xBE9E, 0xBE9E, 0xBE9E,
0xBE9E, 0xBE9E, 0xBE9E, 0xBE9E, 0xBE9E, 0xBE9E, 0xBE9E, 0xBE9E, 0xBE9E, 0xBE9E,
0xBE9E, 0xBE9E, 0x9F9E, 0x9F9E, 0xBF96, 0xBF96, 0x7AA6, 0xFDBE, 0xDFEF, 0xBFEF,
0x9FD7, 0xBF9E, 0x7E96, 0x9F9E, 0xBF9E, 0x9F9E, 0xBF9E, 0xBF9E, 0xBF9E, 0xBF9E,
0x9E96, 0xBE9E, 0xBE9E, 0xBE9E, 0xBE9E, 0xBF9E, 0xBF9E, 0xBF9E, 0xBF9E, 0xBF9E,
0xBF9E, 0xBF9E, 0xBF9E, 0xBF9E, 0xBF9E, 0xBF9E, 0xBF9E, 0xBF9E, 0xBF9E, 0xBF9E,
0xBF9E, 0xBF9E, 0xBF9E, 0xBF9E, 0xBF9E, 0xBF9E, 0xBF9E, 0xBF9E, 0x9F9E, 0x9F9E,
0x9F9E, 0x9F9E, 0x9F9E, 0x9F9E, 0x9F9E, 0x9F9E, 0x9F9E, 0x9F9E, 0x9F9E, 0x9F9E,
0x9F9E, 0x9F9E, 0x9F96, 0x9F96, 0x9F96, 0x9F96, 0x9F96, 0x9F96, 0x9F96, 0x9F96,
0x9F96, 0x9F96, 0x9F96, 0x9F96, 0x9F96, 0x9F96, 0x9F96, 0x9F96, 0x9F96, 0x9F96,
0x9F96, 0x9F96, 0x9F96, 0x9F96, 0x9F96, 0x9F96, 0x9F96, 0x9F96, 0x9F96, 0x9F96,
0x9F96, 0x9F96, 0x9F96, 0x9F96, 0x9F96, 0x9F96, 0x9F96, 0x9F96, 0x9F96, 0x9F96,
0x9F96, 0x9F96, 0x9F96, 0x9F96, 0x9F96, 0x9F96, 0x9F96, 0x9F96, 0x9F96, 0x9F96,
0x9F96, 0x9F96, 0x9F96, 0x9F96, 0x9F96, 0x9F96, 0x9F96, 0x7DA6, 0x1FBF, 0x1ED7,
0x3DDF, 0xDFFF, 0x9FE7, 0x3ED7, 0x1ECF, 0x3ECF, 0xFEB6, 0xDEB6, 0xDEB6, 0xDEAE,
0x5C96, 0x7E96, 0x9E9E, 0x9E9E, 0x5D96, 0x5D96, 0xBF96, 0xBF96, 0xBF96, 0xBF96,
0xBF96, 0xBF96, 0xBF96, 0xBF96, 0xBF96, 0xBF96, 0xBEA6, 0xBEA6, 0xBEA6, 0xBEA6,
0xBEA6, 0xBEA6, 0xBEA6, 0xBEA6, 0xBEA6, 0xBEA6, 0xBFA6, 0xBFA6, 0xBFA6, 0xBFA6,
0xBFA6, 0xBFA6, 0xBFA6, 0xBFA6, 0xBFA6, 0xBFA6, 0xBFA6, 0xBFA6, 0xBFA6, 0xBFA6,
0xBFA6, 0xBFA6, 0xBFA6, 0xBFA6, 0xBFA6, 0xBFA6, 0xBFA6, 0xBFA6, 0xBFA6, 0xBFA6,
0xBFA6, 0xBFA6, 0xBFA6, 0xBFA6, 0xBFA6, 0xBFA6, 0xBFA6, 0xBFA6, 0xBFA6, 0xBFA6,
0xBFA6, 0xBFA6, 0xBFA6, 0xBE9E, 0xBE9E, 0xBE9E, 0xBE9E, 0xBE9E, 0xBE9E, 0xBE9E,
0xBE9E, 0xBE9E, 0xBE9E, 0xBE9E, 0xBE9E, 0xBE9E, 0xBE9E, 0xBE9E, 0xBE9E, 0xBE9E,
0xBE9E, 0xBF9E, 0xBF9E, 0xBF9E, 0xBF9E, 0xBF9E, 0xBF9E, 0xBF9E, 0xBF9E, 0xBF9E,
0xBF9E, 0xBF9E, 0xBF9E, 0xBF9E, 0xBF9E, 0xBF9E, 0xBF9E, 0xBF9E, 0xBF9E, 0xBF9E,
0xBF9E, 0xBF9E, 0xBF9E, 0xBF9E, 0xBF9E, 0xBF9E, 0xBF9E, 0xBF9E, 0xBF9E, 0xBF9E,
0xBF9E, 0xBF9E, 0xBF9E, 0xBF9E, 0xBF9E, 0xBF9E, 0xBF9E, 0xBF9E, 0xBF9E, 0xBF9E,
0xBF9E, 0xBF9E, 0xBF9E, 0xBF9E, 0xBF9E, 0xBF9E, 0xBF9E, 0xBE9E, 0xBE9E, 0xBE9E,
0xBE9E, 0xBE9E, 0xBE9E, 0xBE9E, 0xBE9E, 0xBE9E, 0xBE9E, 0xBE9E, 0xBE9E, 0xBE9E,
0xBE9E, 0xBF9E, 0xBF9E, 0xBF9E, 0xBF9E, 0xBF9E, 0xBE9E, 0xBE9E, 0xBE9E, 0xBE9E,
0xBF9E, 0xDFA6, 0x9E9E, 0x9CA6, 0x7FCF, 0xFFFF, 0xFFFF, 0xDEFF, 0xFEFF, 0xFEFF,
0xFFFF, 0xDEFF, 0xFFFF, 0xFFF7, 0xDFAE, 0x9E9E, 0x9E9E, 0x7E9E, 0x7E9E, 0xFEB6,
0x7D9E, 0xBEA6, 0x9F96, 0xBE9E, 0xBE9E, 0xBE9E, 0xBE9E, 0xBE9E, 0xBE9E, 0xBE9E,
0xBE9E, 0xBE9E, 0xBE9E, 0xBE9E, 0xBE9E, 0xBE9E, 0xBE9E, 0xBE9E, 0xBE9E, 0xBE9E,
0xBE9E, 0xBE9E, 0xBF96, 0x9F96, 0xBE9E, 0xBD9E, 0xDCC6, 0x7DDF, 0xFFFF, 0xFFFF,
0xFFF7, 0x1FBF, 0x9EA6, 0x9E9E, 0xBF9E, 0xBF9E, 0xBF9E, 0xBF9E, 0xBF9E, 0xBF9E,
0x7E96, 0x9E96, 0x9E96, 0xBE9E, 0xBF9E, 0xBF9E, 0xBF9E, 0xBF9E, 0xBF9E, 0xBF9E,
0xBF9E, 0xBF9E, 0xBF9E, 0xBF9E, 0xBF9E, 0xBF9E, 0xBF9E, 0xBF9E, 0xBF9E, 0xBF9E,
0xBF9E, 0xBF9E, 0xBF9E, 0xBF9E, 0xBF9E, 0xBF9E, 0xBF9E, 0xBF9E, 0x9F9E, 0x9F9E,
0x9F9E, 0x9F9E, 0x9F9E, 0x9F9E, 0x9F9E, 0x9F9E, 0x9F9E, 0x9F9E, 0x9F9E, 0x9F9E,
0x9F9E, 0x9F9E, 0x9F96, 0x9F96, 0x9F96, 0x9F96, 0x9F96, 0x9F96, 0x9F96, 0x9F96,
0x9F96, 0x9F96, 0x9F96, 0x9F96, 0x9F96, 0x9F96, 0x9F96, 0x9F96, 0x9F96, 0x9F96,
0x9F96, 0x9F96, 0x9F96, 0x9F96, 0x9F96, 0x9F96, 0x9F96, 0x9F96, 0x9F96, 0x9F96,
0x9F96, 0x9F96, 0x9F96, 0x9F96, 0x9F96, 0x9F96, 0x9F96, 0x9F96, 0x9F96, 0x9F96,
0x9F96, 0x9F96, 0x9F96, 0x9F96, 0x9F96, 0x9F96, 0x9F96, 0x9F96, 0x9F96, 0x9F96,
0x9F96, 0x9F96, 0xBF96, 0xBF96, 0xBF96, 0xBF96, 0xBF96, 0x5D8E, 0x9E96, 0x9E96,
0x9E9E, 0x1FAF, 0x7FBF, 0xDEA6, 0x9D96, 0x5C8E, 0x9F8E, 0xBF96, 0x9E96, 0x9F9E,
0x5E96, 0x5D96, 0x7E96, 0xDFA6, 0x9E9E, 0xBF9E, 0xBF96, 0xBF96, 0xBF96, 0xBF96,
0xBF96, 0xBF96, 0xBF96, 0xBF96, 0xBF96, 0xBF96, 0xBEA6, 0xBEA6, 0xBEA6, 0xBEA6,
0xBEA6, 0xBEA6, 0xBEA6, 0xBEA6, 0xBEA6, 0xBEA6, 0xBFA6, 0xBFA6, 0xBFA6, 0xBFA6,
0xBFA6, 0xBFA6, 0xBFA6, 0xBFA6, 0xBFA6, 0xBFA6, 0xBFA6, 0xBFA6, 0xBFA6, 0xBFA6,
0xBFA6, 0xBFA6, 0xBFA6, 0xBFA6, 0xBFA6, 0xBFA6, 0xBFA6, 0xBFA6, 0xBFA6, 0xBFA6,
0xBFA6, 0xBFA6, 0xBFA6, 0xBFA6, 0xBFA6, 0xBFA6, 0xBFA6, 0xBFA6, 0xBFA6, 0xBFA6,
0xBFA6, 0xBFA6, 0xBFA6, 0xBE9E, 0xBE9E, 0xBE9E, 0xBE9E, 0xBE9E, 0xBE9E, 0xBE9E,
0xBE9E, 0xBE9E, 0xBE9E, 0xBE9E, 0xBE9E, 0xBE9E, 0xBE9E, 0xBE9E, 0xBE9E, 0xBE9E,
0xBE9E, 0xBF9E, 0xBF9E, 0xBF9E, 0xBF9E, 0xBF9E, 0xBF9E, 0xBF9E, 0xBF9E, 0xBF9E,
0xBF9E, 0xBF9E, 0xBF9E, 0xBF9E, 0xBF9E, 0xBF9E, 0xBF9E, 0xBF9E, 0xBF9E, 0xBF9E,
0xBF9E, 0xBF9E, 0xBF9E, 0xBF9E, 0xBF9E, 0xBF9E, 0xBF9E, 0xBF9E, 0xBF9E, 0xBF9E,
0xBF9E, 0xBF9E, 0xBF9E, 0xBF9E, 0xBF9E, 0xBF9E, 0xBF9E, 0xBF9E, 0xBF9E, 0xBF9E,
0xBF9E, 0xBF9E, 0xBF9E, 0xBF9E, 0xBF9E, 0xBF9E, 0xBF9E, 0xBE9E, 0xBE9E, 0xBE9E,
0xBE9E, 0xBE9E, 0xBE9E, 0xBE9E, 0xBE9E, 0xBE9E, 0xBE9E, 0xBE9E, 0xBE9E, 0xBE9E,
0xBE9E, 0xBF9E, 0xBF9E, 0xBF9E, 0xBF9E, 0xBF9E, 0xBE9E, 0xBE9E, 0xBE9E, 0xBE9E,
0xBF9E, 0xDFA6, 0xBEA6, 0xBDAE, 0xDFDF, 0xFFFF, 0xFFFF, 0xDFFF, 0xDEFF, 0xFFFF,
0xFFFF, 0xDEFF, 0xFFFF, 0xFFF7, 0x1EBF, 0xDDAE, 0xFDAE, 0xDDAE, 0xDDAE, 0xFFE7,
0xFEBE, 0xBDAE, 0xBE9E, 0xBE9E, 0xBE9E, 0xBE9E, 0xBE9E, 0xBE9E, 0xBE9E, 0xBE9E,
0xBE9E, 0xBE9E, 0xBE9E, 0xBE9E, 0xBE9E, 0xBE9E, 0xBE9E, 0xBE9E, 0xBE9E, 0xBE9E,
0xBE9E, 0xBE9E, 0x9D96, 0x9D9E, 0x1EB7, 0x3EC7, 0x7EDF, 0xDFEF, 0xFFFF, 0xDFF7,
0xDFF7, 0xBFDF, 0xDDB6, 0x9E9E, 0xBF9E, 0x9F9E, 0xBF9E, 0xBF9E, 0xBF9E, 0xBF9E,
0xBF9E, 0xBF9E, 0xBF9E, 0xBF9E, 0xBF9E, 0xBF9E, 0xBF9E, 0xBF9E, 0xBF9E, 0xBF9E,
0xBF9E, 0xBF9E, 0xBF9E, 0xBF9E, 0xBF9E, 0xBF9E, 0xBF9E, 0xBF9E, 0xBF9E, 0xBF9E,
0xBF9E, 0xBF9E, 0xBF9E, 0xBF9E, 0xBF9E, 0xBF9E, 0xBF9E, 0xBF9E, 0x9F9E, 0x9F9E,
0x9F9E, 0x9F9E, 0x9F9E, 0x9F9E, 0x9F9E, 0x9F9E, 0x9F9E, 0x9F9E, 0x9F9E, 0x9F9E,
0x9F9E, 0x9F9E, 0x9F96, 0x9F96, 0x9F96, 0x9F96, 0x9F96, 0x9F96, 0x9F96, 0x9F96,
0x9F96, 0x9F96, 0x9F96, 0x9F96, 0x9F96, 0x9F96, 0x9F96, 0x9F96, 0x9F96, 0x9F96,
0x9F96, 0x9F96, 0x9F96, 0x9F96, 0x9F96, 0x9F96, 0x9F96, 0x9F96, 0x9F96, 0x9F96,
0x9F96, 0x9F96, 0x9F96, 0x9F96, 0x9F96, 0x9F96, 0x9F96, 0x9F96, 0x9F96, 0x9F96,
0x9F96, 0x9F96, 0x9F96, 0x9F96, 0x9F96, 0x9F96, 0x9F96, 0x9F96, 0x9F96, 0x9F96,
0x9F96, 0x9F96, 0xBF96, 0xBF96, 0xBF96, 0xBF96, 0xBF96, 0xDFA6, 0xBF9E, 0x9F9E,
0xBF9E, 0xBF9E, 0x7E96, 0x9E8E, 0x9E8E, 0xBE8E, 0x7E8E, 0xBF9E, 0x9E9E, 0x9EA6,
0x9FA6, 0xDFA6, 0x9E9E, 0x7E96, 0x9E9E, 0xBF9E, 0xBF96, 0xBF96, 0xBF96, 0xBF96,
0xBF96, 0xBF96, 0xBF96, 0xBF96, 0xBF96, 0xBF96, 0xBEA6, 0xBEA6, 0xBEA6, 0xBEA6,
0xBEA6, 0xBEA6, 0xBEA6, 0xBEA6, 0xBEA6, 0xBEA6, 0xBEA6, 0xBEA6, 0xBEA6, 0xBEA6,
0xBEA6, 0xBEA6, 0xBEA6, 0xBEA6, 0xBEA6, 0xBEA6, 0xBEA6, 0xBEA6, 0xBEA6, 0xBEA6,
0xBEA6, 0xBEA6, 0xBEA6, 0xBEA6, 0xBEA6, 0xBEA6, 0xBEA6, 0xBEA6, 0xBEA6, 0xDE9E,
0xDE9E, 0xDE9E, 0xDE9E, 0xDE9E, 0xDE9E, 0xDE9E, 0xDE9E, 0xDE9E, 0xDE9E, 0xDE9E,
0xDE9E, 0xDE9E, 0xDE9E, 0xDE9E, 0xDE9E, 0xDE9E, 0xDE9E, 0xDE9E, 0xDE9E, 0xDE9E,
0xDE9E, 0xDE9E, 0xBEA6, 0xBEA6, 0xBEA6, 0xBEA6, 0xBEA6, 0xBEA6, 0xBEA6, 0xBEA6,
0xBEA6, 0xBEA6, 0xBEA6, 0xBEA6, 0xBEA6, 0xBEA6, 0xBEA6, 0xBEA6, 0xBEA6, 0xBEA6,
0xDEA6, 0xDEA6, 0xDEA6, 0xDEA6, 0xDEA6, 0xDEA6, 0xDEA6, 0xDEA6, 0xDEA6, 0xDEA6,
0xDEA6, 0xDEA6, 0xDEA6, 0xDEA6, 0xDEA6, 0xDEA6, 0xDEA6, 0xDEA6, 0xDEA6, 0xDEA6,
0xDEA6, 0xDEA6, 0xDEA6, 0xDEA6, 0xDEA6, 0xDEA6, 0xDEA6, 0xDEA6, 0xBFA6, 0xBFA6,
0xBFA6, 0xBFA6, 0xBFA6, 0xBFA6, 0xBFA6, 0xBFA6, 0xBFA6, 0xBFA6, 0xBFA6, 0xBFA6,
0xBFA6, 0xBFA6, 0xBFA6, 0xBFA6, 0xBFA6, 0xBFA6, 0xBFA6, 0xBFA6, 0xBFA6, 0xBFA6,
0xBFA6, 0xBFA6, 0xBFA6, 0xBFA6, 0xBFA6, 0xBFA6, 0xBE9E, 0xDF9E, 0xFF9E, 0xBE96,
0x9DAE, 0xBDBE, 0x3FD7, 0x9FEF, 0xBFFF, 0xDFFF, 0xFFFF, 0xDFFF, 0xFFFF, 0xFFFF,
0xFFFF, 0xFFFF, 0xFFFF, 0xFFFF, 0xFFFF, 0xFFFF, 0xFFFF, 0xFFFF, 0xFFFF, 0xBFF7,
0xDFEF, 0xDCCE, 0xDFEF, 0x9DA6, 0xBEA6, 0xFFAE, 0xBF9E, 0x7E9E, 0xBFA6, 0xBFA6,
0xBFA6, 0xBFA6, 0xBFA6, 0xBE96, 0x9E96, 0xBF9E, 0x9F9E, 0xBF9E, 0xBF9E, 0xFFA6,
0xDF9E, 0x7E96, 0xBCAE, 0x7ED7, 0xFFFF, 0xFFFF, 0xFFFF, 0xFFFF, 0xFFFF, 0xFFFF,
0xFFFF, 0xFEFF, 0xFFF7, 0x9DAE, 0x7E8E, 0x9F8E, 0x7FA6, 0xBF96, 0xDF96, 0xBD9E,
0xDFEF, 0xFFFF, 0xBFEF, 0x9CAE, 0xBD96, 0xBD9E, 0x9DA6, 0x7D9E, 0xFFA6, 0xBF9E,
0xBF9E, 0xBF9E, 0xBF9E, 0xBF9E, 0xBF9E, 0xBF9E, 0xBF9E, 0xBF9E, 0xBF9E, 0xBF9E,
0xBF9E, 0xBF9E, 0xBF9E, 0xBF9E, 0xBF9E, 0xBF9E, 0xBF9E, 0xBF9E, 0xBF9E, 0xBF9E,
0xBF9E, 0xBF9E, 0xBF9E, 0xBF9E, 0xBF9E, 0xBF9E, 0xBF9E, 0xBF9E, 0xBF9E, 0xBF9E,
0xBF9E, 0xBF9E, 0xBF9E, 0xBF9E, 0xBF9E, 0xBF9E, 0x9F96, 0x9F96, 0x9F96, 0x9F96,
0x9F96, 0x9F96, 0x9F96, 0x9F96, 0x9F96, 0x9F96, 0x9E96, 0x9E96, 0x9E96, 0x9E96,
0xBF9E, 0xBF9E, 0xBF9E, 0xBF9E, 0xBF9E, 0xBE9E, 0xBE9E, 0xBE9E, 0xBE9E, 0xBE9E,
0xBE9E, 0xBE9E, 0xBE9E, 0xBE9E, 0xBE9E, 0xBE9E, 0xBE9E, 0xBE9E, 0xBE9E, 0xBE9E,
0xBE9E, 0xBE9E, 0xBE9E, 0xBE9E, 0xBE9E, 0xBE9E, 0xBE9E, 0xBE9E, 0xBE9E, 0xBE9E,
0xBE9E, 0xBE9E, 0xBE9E, 0xBE9E, 0xBE9E, 0xBE9E, 0xBE9E, 0xBE9E, 0xBE9E, 0xBE9E,
0xBE9E, 0xBE9E, 0xBE9E, 0xBE9E, 0xBE9E, 0xBE9E, 0xBE9E, 0xBE9E, 0xBE9E, 0xBE9E,
0xBE9E, 0xBE9E, 0xBE9E, 0xBE9E, 0xBE9E, 0xBE9E, 0xBE9E, 0xBE9E, 0xBE9E, 0xBE9E,
0xBF9E, 0xBF9E, 0xBF9E, 0xBF9E, 0xBF9E, 0xBF9E, 0xBEA6, 0xBEA6, 0xBEA6, 0xBEA6,
0xBEA6, 0xBEA6, 0xBEA6, 0xBEA6, 0xBEA6, 0xBEA6, 0xBEA6, 0xBEA6, 0xBEA6, 0xBEA6,
0xBEA6, 0xBEA6, 0xBEA6, 0xBEA6, 0xBEA6, 0xBEA6, 0xBEA6, 0xBEA6, 0xBEA6, 0xBEA6,
0xBEA6, 0xBEA6, 0xBEA6, 0xBEA6, 0xBEA6, 0xBEA6, 0xBEA6, 0xBEA6, 0xBEA6, 0xDE9E,
0xDE9E, 0xDE9E, 0xDE9E, 0xDE9E, 0xDE9E, 0xDE9E, 0xDE9E, 0xDE9E, 0xDE9E, 0xDE9E,
0xDE9E, 0xDE9E, 0xDE9E, 0xDE9E, 0xDE9E, 0xDE9E, 0xDE9E, 0xDE9E, 0xDE9E, 0xDE9E,
0xDE9E, 0xDE9E, 0xBEA6, 0xBEA6, 0xBEA6, 0xBEA6, 0xBEA6, 0xBEA6, 0xBEA6, 0xBEA6,
0xBEA6, 0xBEA6, 0xBEA6, 0xBEA6, 0xBEA6, 0xBEA6, 0xBEA6, 0xBEA6, 0xBEA6, 0xBEA6,
0xDEA6, 0xDEA6, 0xDEA6, 0xDEA6, 0xDEA6, 0xDEA6, 0xDEA6, 0xDEA6, 0xDEA6, 0xDEA6,
0xDEA6, 0xDEA6, 0xDEA6, 0xDEA6, 0xDEA6, 0xDEA6, 0xDEA6, 0xDEA6, 0xDEA6, 0xDEA6,
0xDEA6, 0xDEA6, 0xDEA6, 0xDEA6, 0xDEA6, 0xDEA6, 0xDEA6, 0xDEA6, 0xBFA6, 0xBFA6,
0xBFA6, 0xBFA6, 0xBFA6, 0xBFA6, 0xBFA6, 0xBFA6, 0xBFA6, 0xBFA6, 0xBFA6, 0xBFA6,
0xBFA6, 0xBFA6, 0xBFA6, 0xBFA6, 0xBFA6, 0xBFA6, 0xBFA6, 0xBFA6, 0xBFA6, 0xBFA6,
0xBFA6, 0xBFA6, 0xBFA6, 0xBFA6, 0xBFA6, 0xBFA6, 0xBEA6, 0xDFA6, 0xDFA6, 0xBE96,
0x9D96, 0xBDA6, 0x1EBF, 0x9FE7, 0xFFFF, 0x9EF7, 0xDFFF, 0xFFFF, 0xFFFF, 0xFFFF,
0xFFFF, 0xFFFF, 0xFFFF, 0xFFFF, 0xFFFF, 0xFFFF, 0xFFFF, 0xFFFF, 0xFFFF, 0xBEF7,
0xFFF7, 0x7EE7, 0xFFF7, 0xBEAE, 0x7D9E, 0x9D9E, 0x9E9E, 0xBF9E, 0xBFA6, 0xBFA6,
0xBFA6, 0xBFA6, 0xBFA6, 0xBF9E, 0xBF9E, 0xBF9E, 0x9E9E, 0x9F9E, 0xBFA6, 0xDFA6,
0xDFA6, 0xBFA6, 0x1DBF, 0x9FDF, 0xFFFF, 0xDFFF, 0xFFFF, 0xFFFF, 0xFFFF, 0xFFFF,
0xFFFF, 0xFEFF, 0xFFF7, 0xDDB6, 0x7E96, 0xBF96, 0x9F9E, 0xFF9E, 0x9E9E, 0xBDAE,
0xDFF7, 0xFFFF, 0xFFFF, 0x1EC7, 0x7C96, 0x5FBF, 0x7FC7, 0x9DA6, 0xBF96, 0xBF9E,
0xBF9E, 0xBF9E, 0xBF9E, 0xBF9E, 0xBF9E, 0xBF9E, 0xBF9E, 0xBF9E, 0xBF9E, 0xBF9E,
0xBF9E, 0xBF9E, 0xBF9E, 0xBF9E, 0xBF9E, 0xBF9E, 0xBF9E, 0xBF9E, 0xBF9E, 0xBF9E,
0xBF9E, 0xBF9E, 0xBF9E, 0xBF9E, 0xBF9E, 0xBF9E, 0xBF9E, 0xBF9E, 0xBF9E, 0xBF9E,
0xBF9E, 0xBF9E, 0xBF9E, 0xBF9E, 0xBF9E, 0xBF9E, 0xBF9E, 0xBF9E, 0xBF9E, 0xBF9E,
0xBF9E, 0xBF9E, 0xBF9E, 0xBF9E, 0xBF9E, 0xBF9E, 0xBE9E, 0xBE9E, 0xBE9E, 0xBE9E,
0xBF9E, 0xBF9E, 0xBF9E, 0xBF9E, 0xBF9E, 0xBE9E, 0xBE9E, 0xBE9E, 0xBE9E, 0xBE9E,
0xBE9E, 0xBE9E, 0xBE9E, 0xBE9E, 0xBE9E, 0xBE9E, 0xBE9E, 0xBE9E, 0xBE9E, 0xBE9E,
0xBE9E, 0xBE9E, 0xBE9E, 0xBE9E, 0xBE9E, 0xBE9E, 0xBE9E, 0xBE9E, 0xBE9E, 0xBE9E,
0xBE9E, 0xBE9E, 0xBE9E, 0xBE9E, 0xBE9E, 0xBE9E, 0xBE9E, 0xBE9E, 0xBE9E, 0xBE9E,
0xBE9E, 0xBE9E, 0xBE9E, 0xBE9E, 0xBE9E, 0xBE9E, 0xBE9E, 0xBE9E, 0xBE9E, 0xBE9E,
0xBE9E, 0xBE9E, 0xBE9E, 0xBE9E, 0xBE9E, 0xBE9E, 0xBE9E, 0xBE9E, 0xBE9E, 0xBE9E,
0xBF9E, 0xBF9E, 0xBF9E, 0xBF9E, 0xBF9E, 0xBF9E, 0xDFA6, 0xDFA6, 0xDFA6, 0xDFA6,
0xDFA6, 0xDFA6, 0xDFA6, 0xDFA6, 0xDFA6, 0xDFA6, 0xDFA6, 0xDFA6, 0xDFA6, 0xDFA6,
0xDFA6, 0xDFA6, 0xDFA6, 0xDFA6, 0xDFA6, 0xDFA6, 0xDFA6, 0xDFA6, 0xDFA6, 0xDFA6,
0xDFA6, 0xDFA6, 0xDFA6, 0xDFA6, 0xDFA6, 0xDFA6, 0xDFA6, 0xDFA6, 0xDFA6, 0xDEA6,
0xDEA6, 0xDEA6, 0xDEA6, 0xDEA6, 0xDEA6, 0xDEA6, 0xDEA6, 0xDEA6, 0xDEA6, 0xDEA6,
0xDEA6, 0xDEA6, 0xDEA6, 0xDEA6, 0xDEA6, 0xDEA6, 0xDEA6, 0xDEA6, 0xDEA6, 0xDEA6,
0xDEA6, 0xDEA6, 0xBEA6, 0xBEA6, 0xBEA6, 0xBEA6, 0xBEA6, 0xBEA6, 0xBEA6, 0xBEA6,
0xBEA6, 0xBEA6, 0xBEA6, 0xBEA6, 0xBEA6, 0xBEA6, 0xBEA6, 0xBEA6, 0xBEA6, 0xBEA6,
0xDEA6, 0xDEA6, 0xDEA6, 0xDEA6, 0xDEA6, 0xDEA6, 0xDEA6, 0xDEA6, 0xDEA6, 0xDEA6,
0xDEA6, 0xDEA6, 0xDEA6, 0xDEA6, 0xDEA6, 0xDEA6, 0xDEA6, 0xDEA6, 0xDEA6, 0xDEA6,
0xDEA6, 0xDEA6, 0xDEA6, 0xDEA6, 0xDEA6, 0xDEA6, 0xDEA6, 0xDEA6, 0xBFA6, 0xBFA6,
0xBFA6, 0xBFA6, 0xBFA6, 0xBFA6, 0xBFA6, 0xBFA6, 0xBFA6, 0xBFA6, 0xBFA6, 0xBFA6,
0xBFA6, 0xBFA6, 0xBFA6, 0xBFA6, 0xBFA6, 0xBFA6, 0xBFA6, 0xBFA6, 0xBFA6, 0xBFA6,
0xBFA6, 0xBFA6, 0xBFA6, 0xBFA6, 0xBFA6, 0xBFA6, 0xBFA6, 0xBFA6, 0xDEA6, 0xBE9E,
0xBEA6, 0x9DB6, 0xBDBE, 0x3EE7, 0x9FF7, 0x9EF7, 0xFFFF, 0xFFFF, 0xFFFF, 0xFFFF,
0xFFFF, 0xFFFF, 0xFFFF, 0xFFFF, 0xFFFF, 0xFFFF, 0xFFFF, 0xFFFF, 0xFFFF, 0xDFFF,
0xFFFF, 0xFFFF, 0xFFFF, 0x7FC7, 0x9EA6, 0x9D9E, 0xBF9E, 0xDFA6, 0xBFA6, 0xBFA6,
0xBFA6, 0xBFA6, 0xBFA6, 0xDF9E, 0xDFA6, 0x9FA6, 0x7EA6, 0x5C96, 0x9EA6, 0x9D9E,
0x9D9E, 0xFFAE, 0x9FD7, 0xFFEF, 0xFFFF, 0xDFFF, 0xFFFF, 0xFFFF, 0xFFFF, 0xFFFF,
0xFFFF, 0xFFFF, 0xFFF7, 0x3FCF, 0x9EA6, 0xFFAE, 0x9D9E, 0xDF9E, 0x7DA6, 0xBDBE,
0xFFF7, 0xFFFF, 0xFFFF, 0x9FDF, 0x7B9E, 0xFFE7, 0xFFE7, 0xDEB6, 0xBF96, 0xBF9E,
0xBF9E, 0xBF9E, 0xBF9E, 0xBF9E, 0xBF9E, 0xBF9E, 0xBF9E, 0xBF9E, 0xBF9E, 0xBF9E,
0xBF9E, 0xBF9E, 0xBF9E, 0xBF9E, 0xBF9E, 0xBF9E, 0xBF9E, 0xBF9E, 0xBF9E, 0xBF9E,
0xBF9E, 0xBF9E, 0xBF9E, 0xBF9E, 0xBF9E, 0xBF9E, 0xBF9E, 0xBF9E, 0xBF9E, 0xBF9E,
0xBF9E, 0xBF9E, 0xBF9E, 0xBF9E, 0xBF9E, 0xBF9E, 0x9F9E, 0x9F9E, 0x9F9E, 0x9F9E,
0x9F9E, 0x9F9E, 0x9F9E, 0x9F9E, 0x9F9E, 0x9F9E, 0xBE9E, 0xBE9E, 0xBE9E, 0xBE9E,
0xBF9E, 0xBF9E, 0xBF9E, 0xBF9E, 0xBF9E, 0xBE9E, 0xBE9E, 0xBE9E, 0xBE9E, 0xBE9E,
0xBE9E, 0xBE9E, 0xBE9E, 0xBE9E, 0xBE9E, 0xBE9E, 0xBE9E, 0xBE9E, 0xBE9E, 0xBE9E,
0xBE9E, 0xBE9E, 0xBE9E, 0xBE9E, 0xBE9E, 0xBE9E, 0xBE9E, 0xBE9E, 0xBE9E, 0xBE9E,
0xBE9E, 0xBE9E, 0xBE9E, 0xBE9E, 0xBE9E, 0xBE9E, 0xBE9E, 0xBE9E, 0xBE9E, 0xBE9E,
0xBE9E, 0xBE9E, 0xBE9E, 0xBE9E, 0xBE9E, 0xBE9E, 0xBE9E, 0xBE9E, 0xBE9E, 0xBE9E,
0xBE9E, 0xBE9E, 0xBE9E, 0xBE9E, 0xBE9E, 0xBE9E, 0xBE9E, 0xBE9E, 0xBE9E, 0xBE9E,
0xBF9E, 0xBF9E, 0xBF9E, 0xBF9E, 0xBF9E, 0xBF9E, 0xDFA6, 0xDFA6, 0xDFA6, 0xDFA6,
0xDFA6, 0xDFA6, 0xDFA6, 0xDFA6, 0xDFA6, 0xDFA6, 0xDFA6, 0xDFA6, 0xDFA6, 0xDFA6,
0xDFA6, 0xDFA6, 0xDFA6, 0xDFA6, 0xDFA6, 0xDFA6, 0xDFA6, 0xDFA6, 0xDFA6, 0xDFA6,
0xDFA6, 0xDFA6, 0xDFA6, 0xDFA6, 0xDFA6, 0xDFA6, 0xDFA6, 0xDFA6, 0xDFA6, 0xDEA6,
0xDEA6, 0xDEA6, 0xDEA6, 0xDEA6, 0xDEA6, 0xDEA6, 0xDEA6, 0xDEA6, 0xDEA6, 0xDEA6,
0xDEA6, 0xDEA6, 0xDEA6, 0xDEA6, 0xDEA6, 0xDEA6, 0xDEA6, 0xDEA6, 0xDEA6, 0xDEA6,
0xDEA6, 0xDEA6, 0xBEA6, 0xBEA6, 0xBEA6, 0xBEA6, 0xBEA6, 0xBEA6, 0xBEA6, 0xBEA6,
0xBEA6, 0xBEA6, 0xBEA6, 0xBEA6, 0xBEA6, 0xBEA6, 0xBEA6, 0xBEA6, 0xBEA6, 0xBEA6,
0xDEA6, 0xDEA6, 0xDEA6, 0xDEA6, 0xDEA6, 0xDEA6, 0xDEA6, 0xDEA6, 0xDEA6, 0xDEA6,
0xDEA6, 0xDEA6, 0xDEA6, 0xDEA6, 0xDEA6, 0xDEA6, 0xDEA6, 0xDEA6, 0xDEA6, 0xDEA6,
0xDEA6, 0xDEA6, 0xDEA6, 0xDEA6, 0xDEA6, 0xDEA6, 0xDEA6, 0xDEA6, 0xBFA6, 0xBFA6,
0xBFA6, 0xBFA6, 0xBFA6, 0xBFA6, 0xBFA6, 0xBFA6, 0xBFA6, 0xBFA6, 0xBFA6, 0xBFA6,
0xBFA6, 0xBFA6, 0xBFA6, 0xBFA6, 0xBFA6, 0xBFA6, 0xBFA6, 0xBFA6, 0xBFA6, 0xBFA6,
0xBFA6, 0xBFA6, 0xBFA6, 0xBFA6, 0xBFA6, 0xBFA6, 0xDFA6, 0xBFA6, 0xBFA6, 0xBEAE,
0x1FCF, 0xFED6, 0xDDD6, 0x5EEF, 0x9EFF, 0xDFFF, 0xFFFF, 0xFFFF, 0xFFFF, 0xFFFF,
0xFFFF, 0xFFFF, 0xFFFF, 0xFFFF, 0xFFFF, 0xFFFF, 0xFFFF, 0xFFFF, 0xFFFF, 0xDFFF,
0xFFFF, 0xFFFF, 0xFFFF, 0xDFCF, 0xFFAE, 0xBEA6, 0xBF9E, 0xDFA6, 0xBFA6, 0xBFA6,
0xBFA6, 0xBFA6, 0xBFA6, 0xDEA6, 0xDFA6, 0x9EA6, 0x7D9E, 0x5B9E, 0xDDAE, 0xBDA6,
0xBDA6, 0x3FB7, 0xFFEF, 0xFFFF, 0xFFFF, 0xFFF7, 0xFFFF, 0xFFFF, 0xFFFF, 0xFFFF,
0xFFFF, 0xFFFF, 0xFFFF, 0xBFDF, 0xFDB6, 0x5FBF, 0xDDB6, 0x7C9E, 0xBEAE, 0x1ECF,
0xFFFF, 0xFFFF, 0xDFFF, 0xDFEF, 0xBCB6, 0xFFF7, 0xFFF7, 0xFEBE, 0xBF9E, 0xBF9E,
0xBF9E, 0xBF9E, 0xBF9E, 0xBF9E, 0xBF9E, 0xBF9E, 0xBF9E, 0xBF9E, 0xBF9E, 0xBF9E,
0xBF9E, 0xBF9E, 0xBF9E, 0xBF9E, 0xBF9E, 0xBF9E, 0xBF9E, 0xBF9E, 0xBF9E, 0xBF9E,
0xBF9E, 0xBF9E, 0xBF9E, 0xBF9E, 0xBF9E, 0xBF9E, 0xBF9E, 0xBF9E, 0xBF9E, 0xBF9E,
0xBF9E, 0xBF9E, 0xBF9E, 0xBF9E, 0xBF9E, 0xBF9E, 0xBE9E, 0xBE9E, 0xBE9E, 0xBE9E,
0xBE9E, 0xBE9E, 0xBE9E, 0xBE9E, 0xBE9E, 0xBE9E, 0xBE9E, 0xBE9E, 0xBE9E, 0xBE9E,
0xBF9E, 0xBF9E, 0xBF9E, 0xBF9E, 0xBF9E, 0xBE9E, 0xBE9E, 0xBE9E, 0xBE9E, 0xBE9E,
0xBE9E, 0xBE9E, 0xBE9E, 0xBE9E, 0xBE9E, 0xBE9E, 0xBE9E, 0xBE9E, 0xBE9E, 0xBE9E,
0xBE9E, 0xBE9E, 0xBE9E, 0xBE9E, 0xBE9E, 0xBE9E, 0xBE9E, 0xBE9E, 0xBE9E, 0xBE9E,
0xBE9E, 0xBE9E, 0xBE9E, 0xBE9E, 0xBE9E, 0xBE9E, 0xBE9E, 0xBE9E, 0xBE9E, 0xBE9E,
0xBE9E, 0xBE9E, 0xBE9E, 0xBE9E, 0xBE9E, 0xBE9E, 0xBE9E, 0xBE9E, 0xBE9E, 0xBE9E,
0xBE9E, 0xBE9E, 0xBE9E, 0xBE9E, 0xBE9E, 0xBE9E, 0xBE9E, 0xBE9E, 0xBE9E, 0xBE9E,
0xBF9E, 0xBF9E, 0xBF9E, 0xBF9E, 0xBF9E, 0xBF9E, 0xDFA6, 0xDFA6, 0xDFA6, 0xDFA6,
0xDFA6, 0xDFA6, 0xDFA6, 0xDFA6, 0xDFA6, 0xDFA6, 0xDFA6, 0xDFA6, 0xDFA6, 0xDFA6,
0xDFA6, 0xDFA6, 0xDFA6, 0xDFA6, 0xDFA6, 0xDFA6, 0xDFA6, 0xDFA6, 0xDFA6, 0xDFA6,
0xDFA6, 0xDFA6, 0xDFA6, 0xDFA6, 0xDFA6, 0xDFA6, 0xDFA6, 0xDFA6, 0xDFA6, 0xDFA6,
0xDFA6, 0xDFA6, 0xDFA6, 0xDFA6, 0xDFA6, 0xDFA6, 0xDFA6, 0xDFA6, 0xDFA6, 0xDFA6,
0xDFA6, 0xDFA6, 0xDFA6, 0xDFA6, 0xDFA6, 0xDFA6, 0xDFA6, 0xDFA6, 0xDFA6, 0xDFA6,
0xDFA6, 0xDFA6, 0xDFA6, 0xDFA6, 0xDFA6, 0xDFA6, 0xDFA6, 0xDFA6, 0xDFA6, 0xDFA6,
0xDFA6, 0xDFA6, 0xDFA6, 0xDFA6, 0xDFA6, 0xDFA6, 0xDFA6, 0xDFA6, 0xDFA6, 0xDFA6,
0xDEA6, 0xDEA6, 0xDEA6, 0xDEA6, 0xDEA6, 0xDEA6, 0xDEA6, 0xDEA6, 0xDEA6, 0xDEA6,
0xDEA6, 0xDEA6, 0xDEA6, 0xDEA6, 0xDEA6, 0xDEA6, 0xDEA6, 0xDEA6, 0xDEA6, 0xDEA6,
0xDEA6, 0xDEA6, 0xDEA6, 0xDEA6, 0xDEA6, 0xDEA6, 0xDEA6, 0xDEA6, 0xBFA6, 0xBFA6,
0xBFA6, 0xBFA6, 0xBFA6, 0xBFA6, 0xBFA6, 0xBFA6, 0xBFA6, 0xBFA6, 0xBFA6, 0xBFA6,
0xBFA6, 0xBFA6, 0xBFA6, 0xBFA6, 0xBFA6, 0xBFA6, 0xBFA6, 0xBFA6, 0xBFA6, 0xBFA6,
0xBFA6, 0xBFA6, 0xBFA6, 0xBFA6, 0xBFA6, 0xBFA6, 0xDFA6, 0xDF9E, 0xBF9E, 0xDEB6,
0x3EDF, 0x7EE7, 0x5DDF, 0xDEF7, 0xFEF7, 0xFFFF, 0xFFFF, 0xDFFF, 0xFFFF, 0xFFFF,
0xFFFF, 0xFFFF, 0xFFFF, 0xFFFF, 0xFFFF, 0xFFFF, 0xFFFF, 0xFFFF, 0xFFFF, 0xFFFF,
0xDEFF, 0xFFFF, 0xBFEF, 0x3FBF, 0xDEAE, 0xBEA6, 0x9E9E, 0xDFA6, 0xBFA6, 0xBFA6,
0xBFA6, 0xBFA6, 0xBFA6, 0xDE9E, 0xDFA6, 0x9E9E, 0x7D9E, 0xDCB6, 0x9FCF, 0x9FCF,
0x7FC7, 0xDFD7, 0xFFFF, 0xFFFF, 0xFFFF, 0xFFFF, 0xFFFF, 0xFFFF, 0xFFFF, 0xFFFF,
0xFFFF, 0xFFFF, 0xFFFF, 0xFFEF, 0x5ED7, 0x9FDF, 0x9FDF, 0x7CAE, 0xDDB6, 0x7FD7,
0xFFFF, 0xDEFF, 0xDEFF, 0xDFF7, 0x1DCF, 0xFFFF, 0xFFFF, 0x3ECF, 0xDEA6, 0xBF9E,
0xBF9E, 0xBF9E, 0xBF9E, 0xBF9E, 0xBF9E, 0xBF9E, 0xBF9E, 0xBF9E, 0xBF9E, 0xBF9E,
0xBF9E, 0xBF9E, 0xBF9E, 0xBF9E, 0xBF9E, 0xBF9E, 0xBF9E, 0xBF9E, 0xBF9E, 0xBF9E,
0xBF9E, 0xBF9E, 0xBF9E, 0xBF9E, 0xBF9E, 0xBF9E, 0xBF9E, 0xBF9E, 0xBF9E, 0xBF9E,
0xBF9E, 0xBF9E, 0xBF9E, 0xBF9E, 0xBF9E, 0xBF9E, 0xBE9E, 0xBE9E, 0xBE9E, 0xBE9E,
0xBE9E, 0xBE9E, 0xBE9E, 0xBE9E, 0xBE9E, 0xBE9E, 0xBE9E, 0xBE9E, 0xBE9E, 0xBE9E,
0xBF9E, 0xBF9E, 0xBF9E, 0xBF9E, 0xBF9E, 0xBE9E, 0xBE9E, 0xBE9E, 0xBE9E, 0xBE9E,
0xBE9E, 0xBE9E, 0xBE9E, 0xBE9E, 0xBE9E, 0xBE9E, 0xBE9E, 0xBE9E, 0xBE9E, 0xBE9E,
0xBE9E, 0xBE9E, 0xBE9E, 0xBE9E, 0xBE9E, 0xBE9E, 0xBE9E, 0xBE9E, 0xBE9E, 0xBE9E,
0xBE9E, 0xBE9E, 0xBE9E, 0xBE9E, 0xBE9E, 0xBE9E, 0xBE9E, 0xBE9E, 0xBE9E, 0xBE9E,
0xBE9E, 0xBE9E, 0xBE9E, 0xBE9E, 0xBE9E, 0xBE9E, 0xBE9E, 0xBE9E, 0xBE9E, 0xBE9E,
0xBE9E, 0xBE9E, 0xBE9E, 0xBE9E, 0xBE9E, 0xBE9E, 0xBE9E, 0xBE9E, 0xBE9E, 0xBE9E,
0xBF9E, 0xBF9E, 0xBF9E, 0xBF9E, 0xBF9E, 0xBF9E, 0xDFA6, 0xDFA6, 0xDFA6, 0xDFA6,
0xDFA6, 0xDFA6, 0xDFA6, 0xDFA6, 0xDFA6, 0xDFA6, 0xDFA6, 0xDFA6, 0xDFA6, 0xDFA6,
0xDFA6, 0xDFA6, 0xDFA6, 0xDFA6, 0xDFA6, 0xDFA6, 0xDFA6, 0xDFA6, 0xDFA6, 0xDFA6,
0xDFA6, 0xDFA6, 0xDFA6, 0xDFA6, 0xDFA6, 0xDFA6, 0xDFA6, 0xDFA6, 0xDFA6, 0xBFA6,
0xBFA6, 0xBFA6, 0xBFA6, 0xBFA6, 0xBFA6, 0xBFA6, 0xBFA6, 0xBFA6, 0xBFA6, 0xBFA6,
0xBFA6, 0xBFA6, 0xBFA6, 0xBFA6, 0xBFA6, 0xBFA6, 0xBFA6, 0xBFA6, 0xBFA6, 0xBFA6,
0xBFA6, 0xBFA6, 0xDFA6, 0xDFA6, 0xDFA6, 0xDFA6, 0xDFA6, 0xDFA6, 0xDFA6, 0xDFA6,
0xDFA6, 0xDFA6, 0xDFA6, 0xDFA6, 0xDFA6, 0xDFA6, 0xDFA6, 0xDFA6, 0xDFA6, 0xDFA6,
0xDEA6, 0xDEA6, 0xDEA6, 0xDEA6, 0xDEA6, 0xDEA6, 0xDEA6, 0xDEA6, 0xDEA6, 0xDEA6,
0xDEA6, 0xDEA6, 0xDEA6, 0xDEA6, 0xDEA6, 0xDEA6, 0xDEA6, 0xDEA6, 0xDEA6, 0xDEA6,
0xDEA6, 0xDEA6, 0xDEA6, 0xDEA6, 0xDEA6, 0xDEA6, 0xDEA6, 0xDEA6, 0xBFA6, 0xBFA6,
0xBFA6, 0xBFA6, 0xBFA6, 0xBFA6, 0xBFA6, 0xBFA6, 0xBFA6, 0xBFA6, 0xBFA6, 0xBFA6,
0xBFA6, 0xBFA6, 0xBFA6, 0xBFA6, 0xBFA6, 0xBFA6, 0xBEA6, 0xBEA6, 0xBEA6, 0xBEA6,
0xBEA6, 0xBEA6, 0xBEA6, 0xBEA6, 0xBEA6, 0xBEA6, 0xDEA6, 0xBF9E, 0xDF9E, 0xBEB6,
0x9FEF, 0xBFF7, 0x9EEF, 0xDEF7, 0xFEFF, 0xFFFF, 0xFFFF, 0xFFFF, 0xFFFF, 0xFFFF,
0xFFFF, 0xFFFF, 0xFFFF, 0xFFFF, 0xFFFF, 0xFFFF, 0xFFFF, 0xFFFF, 0xFFFF, 0xFFFF,
0xFFFF, 0xFFFF, 0x3ED7, 0x9EA6, 0x9EA6, 0xBEA6, 0xBF9E, 0xDFA6, 0xBFA6, 0xBFA6,
0xBFA6, 0xBFA6, 0xBFA6, 0xDE9E, 0xBEA6, 0xBEA6, 0xBEA6, 0x9EE7, 0xFFF7, 0xFFF7,
0xFFF7, 0xFFF7, 0xFFFF, 0xFFFF, 0xFFFF, 0xFFFF, 0xFFFF, 0xFFFF, 0xFFFF, 0xFFFF,
0xFFFF, 0xFFFF, 0xFFFF, 0xFFF7, 0xBEE7, 0xFFEF, 0xFFFF, 0xFDC6, 0xBCAE, 0x9ED7,
0xFFFF, 0xFFFF, 0xFFFF, 0xDFFF, 0x7DE7, 0xFFFF, 0xFFFF, 0x9FE7, 0x5FC7, 0xBF9E,
0xBF9E, 0xBF9E, 0xBF9E, 0xBF9E, 0xBF9E, 0xBF9E, 0xBF9E, 0xBF9E, 0xBF9E, 0xBF9E,
0xBF9E, 0xBF9E, 0xBF9E, 0xBF9E, 0xBF9E, 0xBF9E, 0xBF9E, 0xBF9E, 0xBF9E, 0xBF9E,
0xBF9E, 0xBF9E, 0xBF9E, 0xBF9E, 0xBF9E, 0xBF9E, 0xBF9E, 0xBF9E, 0xBF9E, 0xBF9E,
0xBF9E, 0xBF9E, 0xBF9E, 0xBF9E, 0xBF9E, 0xBF9E, 0xBE9E, 0xBE9E, 0xBE9E, 0xBE9E,
0xBE9E, 0xBE9E, 0xBE9E, 0xBE9E, 0xBE9E, 0xBE9E, 0xBF9E, 0xBF9E, 0xBF9E, 0xBF9E,
0xBF9E, 0xBF9E, 0xBF9E, 0xBF9E, 0xBF9E, 0xBE9E, 0xBE9E, 0xBE9E, 0xBE9E, 0xBE9E,
0xBE9E, 0xBE9E, 0xBE9E, 0xBE9E, 0xBE9E, 0xBE9E, 0xBE9E, 0xBE9E, 0xBE9E, 0xBE9E,
0xBE9E, 0xBE9E, 0xBE9E, 0xBE9E, 0xBE9E, 0xBE9E, 0xBE9E, 0xBE9E, 0xBE9E, 0xBE9E,
0xBE9E, 0xBE9E, 0xBE9E, 0xBE9E, 0xBE9E, 0xBE9E, 0xBE9E, 0xBE9E, 0xBE9E, 0xBE9E,
0xBE9E, 0xBE9E, 0xBE9E, 0xBE9E, 0xBE9E, 0xBE9E, 0xBE9E, 0xBE9E, 0xBE9E, 0xBE9E,
0xBE9E, 0xBE9E, 0xBE9E, 0xBE9E, 0xBE9E, 0xBE9E, 0xBE9E, 0xBE9E, 0xBE9E, 0xBE9E,
0xBF9E, 0xBF9E, 0xBF9E, 0xBF9E, 0xBF9E, 0xBF9E, 0xDFA6, 0xDFA6, 0xDFA6, 0xDFA6,
0xDFA6, 0xDFA6, 0xDFA6, 0xDFA6, 0xDFA6, 0xDFA6, 0xDFA6, 0xDFA6, 0xDFA6, 0xDFA6,
0xDFA6, 0xDFA6, 0xDFA6, 0xDFA6, 0xDFA6, 0xDFA6, 0xDFA6, 0xDFA6, 0xDFA6, 0xDFA6,
0xDFA6, 0xDFA6, 0xDFA6, 0xDFA6, 0xDFA6, 0xDFA6, 0xDFA6, 0xDFA6, 0xDFA6, 0xDFA6,
0xDFA6, 0xDFA6, 0xDFA6, 0xDFA6, 0xDFA6, 0xDFA6, 0xDFA6, 0xDFA6, 0xDFA6, 0xDFA6,
0xDFA6, 0xDFA6, 0xDFA6, 0xDFA6, 0xDFA6, 0xDFA6, 0xDFA6, 0xDFA6, 0xDFA6, 0xDFA6,
0xDFA6, 0xDFA6, 0xDFA6, 0xDFA6, 0xDFA6, 0xDFA6, 0xDFA6, 0xDFA6, 0xDFA6, 0xDFA6,
0xDFA6, 0xDFA6, 0xDFA6, 0xDFA6, 0xDFA6, 0xDFA6, 0xDFA6, 0xDFA6, 0xDFA6, 0xDFA6,
0xDEA6, 0xDEA6, 0xDEA6, 0xDEA6, 0xDEA6, 0xDEA6, 0xDEA6, 0xDEA6, 0xDEA6, 0xDEA6,
0xDEA6, 0xDEA6, 0xDEA6, 0xDEA6, 0xDEA6, 0xDEA6, 0xDEA6, 0xDEA6, 0xDEA6, 0xDEA6,
0xDEA6, 0xDEA6, 0xDEA6, 0xDEA6, 0xDEA6, 0xDEA6, 0xDEA6, 0xDEA6, 0xBFA6, 0xBFA6,
0xBFA6, 0xBFA6, 0xBFA6, 0xBFA6, 0xBFA6, 0xBFA6, 0xBFA6, 0xBFA6, 0xBFA6, 0xBFA6,
0xBFA6, 0xBFA6, 0xBFA6, 0xBFA6, 0xBFA6, 0xBFA6, 0xBEA6, 0xBEA6, 0xBEA6, 0xBEA6,
0xBEA6, 0xBEA6, 0xBEA6, 0xBEA6, 0xBEA6, 0xBEA6, 0xDEA6, 0xBE9E, 0xDFA6, 0xBEAE,
0x7FDF, 0xBFE7, 0x9FEF, 0xBFF7, 0xDFFF, 0x9EF7, 0xBEF7, 0xFFFF, 0xFFFF, 0xFFFF,
0xFFFF, 0xFFFF, 0xFFFF, 0xFFFF, 0xFFFF, 0xFFFF, 0xFFFF, 0xFFFF, 0xFFFF, 0xBEFF,
0xFFFF, 0x9FEF, 0x1FC7, 0xBEAE, 0x9DA6, 0xBEA6, 0xBFA6, 0xDFA6, 0xBFA6, 0xBFA6,
0xBFA6, 0xBFA6, 0xBFA6, 0xDEA6, 0xBDA6, 0xBEAE, 0x1FB7, 0xDFFF, 0xFFFF, 0xFFFF,
0xFFFF, 0xFFFF, 0xFFFF, 0xDFFF, 0xDFFF, 0xFFFF, 0xFFFF, 0xFFFF, 0xFFFF, 0xFFFF,
0xFFFF, 0xFFFF, 0xFFFF, 0xFEFF, 0xFFFF, 0xFFFF, 0xFFFF, 0x9FDF, 0xDCBE, 0xBFE7,
0xFFFF, 0xFFFF, 0xFFFF, 0xFFFF, 0xBFF7, 0xFFFF, 0xFFFF, 0xDFF7, 0x9FDF, 0xBF9E,
0xBF9E, 0xBF9E, 0xBF9E, 0xBF9E, 0xBF9E, 0xBF9E, 0xBF9E, 0xBF9E, 0xBF9E, 0xBF9E,
0xBF9E, 0xBF9E, 0xBF9E, 0xBF9E, 0xBF9E, 0xBF9E, 0xBF9E, 0xBF9E, 0xBF9E, 0xBF9E,
0xBF9E, 0xBF9E, 0xBF9E, 0xBF9E, 0xBF9E, 0xBF9E, 0xBF9E, 0xBF9E, 0xBF9E, 0xBF9E,
0xBF9E, 0xBF9E, 0xBF9E, 0xBF9E, 0xBF9E, 0xBF9E, 0xBE9E, 0xBE9E, 0xBE9E, 0xBE9E,
0xBE9E, 0xBE9E, 0xBE9E, 0xBE9E, 0xBE9E, 0xBE9E, 0xBF9E, 0xBF9E, 0xBF9E, 0xBF9E,
0xBF9E, 0xBF9E, 0xBF9E, 0xBF9E, 0xBF9E, 0xBE9E, 0xBE9E, 0xBE9E, 0xBE9E, 0xBE9E,
0xBE9E, 0xBE9E, 0xBE9E, 0xBE9E, 0xBE9E, 0xBE9E, 0xBE9E, 0xBE9E, 0xBE9E, 0xBE9E,
0xBE9E, 0xBE9E, 0xBE9E, 0xBE9E, 0xBE9E, 0xBE9E, 0xBE9E, 0xBE9E, 0xBE9E, 0xBE9E,
0xBE9E, 0xBE9E, 0xBE9E, 0xBE9E, 0xBE9E, 0xBE9E, 0xBE9E, 0xBE9E, 0xBE9E, 0xBE9E,
0xBE9E, 0xBE9E, 0xBE9E, 0xBE9E, 0xBE9E, 0xBE9E, 0xBE9E, 0xBE9E, 0xBE9E, 0xBE9E,
0xBE9E, 0xBE9E, 0xBE9E, 0xBE9E, 0xBE9E, 0xBE9E, 0xBE9E, 0xBE9E, 0xBE9E, 0xBE9E,
0xBF9E, 0xBF9E, 0xBF9E, 0xBF9E, 0xBF9E, 0xBF9E, 0xDFA6, 0xDFA6, 0xDFA6, 0xDFA6,
0xDFA6, 0xDFA6, 0xDFA6, 0xDFA6, 0xDFA6, 0xDFA6, 0xDFA6, 0xDFA6, 0xDFA6, 0xDFA6,
0xDFA6, 0xDFA6, 0xDFA6, 0xDFA6, 0xDFA6, 0xDFA6, 0xDFA6, 0xDFA6, 0xDFA6, 0xDFA6,
0xDFA6, 0xDFA6, 0xDFA6, 0xDFA6, 0xDFA6, 0xDFA6, 0xDFA6, 0xDFA6, 0xDFA6, 0xDFA6,
0xDFA6, 0xDFA6, 0xDFA6, 0xDFA6, 0xDFA6, 0xDFA6, 0xDFA6, 0xDFA6, 0xDFA6, 0xDFA6,
0xDFA6, 0xDFA6, 0xDFA6, 0xDFA6, 0xDFA6, 0xDFA6, 0xDFA6, 0xDFA6, 0xDFA6, 0xDFA6,
0xDFA6, 0xDFA6, 0xDFA6, 0xDFA6, 0xDFA6, 0xDFA6, 0xDFA6, 0xDFA6, 0xDFA6, 0xDFA6,
0xDFA6, 0xDFA6, 0xDFA6, 0xDFA6, 0xDFA6, 0xDFA6, 0xDFA6, 0xDFA6, 0xDFA6, 0xDFA6,
0xDEA6, 0xDEA6, 0xDEA6, 0xDEA6, 0xDEA6, 0xDEA6, 0xDEA6, 0xDEA6, 0xDEA6, 0xDEA6,
0xDEA6, 0xDEA6, 0xDEA6, 0xDEA6, 0xDEA6, 0xDEA6, 0xDEA6, 0xDEA6, 0xDEA6, 0xDEA6,
0xDEA6, 0xDEA6, 0xDEA6, 0xDEA6, 0xDEA6, 0xDEA6, 0xDEA6, 0xDEA6, 0xBFA6, 0xBFA6,
0xBFA6, 0xBFA6, 0xBFA6, 0xBFA6, 0xBFA6, 0xBFA6, 0xBFA6, 0xBFA6, 0xBFA6, 0xBFA6,
0xBFA6, 0xBFA6, 0xBFA6, 0xBFA6, 0xBFA6, 0xBFA6, 0xBEA6, 0xBEA6, 0xBEA6, 0xBEA6,
0xBEA6, 0xBEA6, 0xBEA6, 0xBEA6, 0xBEA6, 0xBEA6, 0xFFA6, 0xBDA6, 0xDEA6, 0xBE9E,
0xBD9E, 0xFDAE, 0x1EC7, 0x7EE7, 0xFFFF, 0x3CE7, 0x5DEF, 0xBEF7, 0xBEF7, 0xFFFF,
0xFFFF, 0xFFFF, 0xFFFF, 0xFFFF, 0xFFFF, 0xFFFF, 0xFFFF, 0xFFFF, 0xFFFF, 0xBFF7,
0xDFF7, 0x1DD7, 0xDFB6, 0xDEAE, 0x7D9E, 0x9E9E, 0xDFA6, 0xDFA6, 0xBFA6, 0xBFA6,
0xBFA6, 0xBFA6, 0xBFA6, 0xDEAE, 0x9DA6, 0xDFB6, 0x3FC7, 0xFFFF, 0xDFFF, 0xFFFF,
0xFFFF, 0xDEFF, 0xFEFF, 0xDEFF, 0xDEFF, 0xDFFF, 0xFFFF, 0xFFFF, 0xFFFF, 0xFFFF,
0xFFFF, 0xFFFF, 0xFFFF, 0xDEFF, 0xFEFF, 0xFEFF, 0xBDF7, 0xFFEF, 0x9FDF, 0xFFF7,
0xFFFF, 0xFFFF, 0xFFFF, 0xFFFF, 0xFFFF, 0xFFFF, 0xFFFF, 0x9EF7, 0x3EDF, 0xBF9E,
0xBF9E, 0xBF9E, 0xBF9E, 0xBF9E, 0xBF9E, 0xBF9E, 0xBF9E, 0xBF9E, 0xBF9E, 0xBF9E,
0xBF9E, 0xBF9E, 0xBF9E, 0xBF9E, 0xBF9E, 0xBF9E, 0xBF9E, 0xBF9E, 0xBF9E, 0xBF9E,
0xBF9E, 0xBF9E, 0xBF9E, 0xBF9E, 0xBF9E, 0xBF9E, 0xBF9E, 0xBF9E, 0xBF9E, 0xBF9E,
0xBF9E, 0xBF9E, 0xBF9E, 0xBF9E, 0xBF9E, 0xBF9E, 0xBE9E, 0xBE9E, 0xBE9E, 0xBE9E,
0xBE9E, 0xBE9E, 0xBE9E, 0xBE9E, 0xBE9E, 0xBE9E, 0xBF9E, 0xBF9E, 0xBF9E, 0xBF9E,
0xBF9E, 0xBF9E, 0xBF9E, 0xBF9E, 0xBF9E, 0xBE9E, 0xBE9E, 0xBE9E, 0xBE9E, 0xBE9E,
0xBE9E, 0xBE9E, 0xBE9E, 0xBE9E, 0xBE9E, 0xBE9E, 0xBE9E, 0xBE9E, 0xBE9E, 0xBE9E,
0xBE9E, 0xBE9E, 0xBE9E, 0xBE9E, 0xBE9E, 0xBE9E, 0xBE9E, 0xBE9E, 0xBE9E, 0xBE9E,
0xBE9E, 0xBE9E, 0xBE9E, 0xBE9E, 0xBE9E, 0xBE9E, 0xBE9E, 0xBE9E, 0xBE9E, 0xBE9E,
0xBE9E, 0xBE9E, 0xBE9E, 0xBE9E, 0xBE9E, 0xBE9E, 0xBE9E, 0xBE9E, 0xBE9E, 0xBE9E,
0xBE9E, 0xBE9E, 0xBE9E, 0xBE9E, 0xBE9E, 0xBE9E, 0xBE9E, 0xBE9E, 0xBE9E, 0xBE9E,
0xBF9E, 0xBF9E, 0xBF9E, 0xBF9E, 0xBF9E, 0xBF9E, 0xDFAE, 0xDFAE, 0xDFAE, 0xDFAE,
0xDFAE, 0xDFAE, 0xDFAE, 0xDFAE, 0xDFAE, 0xDFAE, 0xDFAE, 0xDFAE, 0xDFAE, 0xDFAE,
0xDFAE, 0xDFAE, 0xDFAE, 0xDFAE, 0xDFAE, 0xDFAE, 0xDFAE, 0xDFAE, 0xDFAE, 0xDFAE,
0xDFAE, 0xDFAE, 0xDFAE, 0xDFAE, 0xDFAE, 0xDFAE, 0xDFAE, 0xDFAE, 0xDFAE, 0xDFAE,
0xDFAE, 0xDFAE, 0xDFAE, 0xDFA6, 0xDFA6, 0xDFA6, 0xDFA6, 0xDFA6, 0xDFA6, 0xDFA6,
0xDFA6, 0xDFA6, 0xDFA6, 0xDFA6, 0xDFA6, 0xDFA6, 0xDFA6, 0xDFA6, 0xDFA6, 0xDFA6,
0xDFA6, 0xDFA6, 0xDFA6, 0xDFA6, 0xDFA6, 0xDFA6, 0xDFA6, 0xDFA6, 0xDFA6, 0xDFA6,
0xDFA6, 0xDFA6, 0xDFA6, 0xDFA6, 0xDFA6, 0xDFA6, 0xDFA6, 0xDFA6, 0xDFA6, 0xDFA6,
0xDFA6, 0xDFA6, 0xDFA6, 0xDFA6, 0xDFA6, 0xDFA6, 0xDFA6, 0xDFA6, 0xDFA6, 0xDFA6,
0xDFA6, 0xDFA6, 0xDFA6, 0xDFA6, 0xDFA6, 0xDFA6, 0xDFA6, 0xDFA6, 0xDFA6, 0xDFA6,
0xDFA6, 0xDFA6, 0xDFA6, 0xDFA6, 0xDFA6, 0xDFA6, 0xDFA6, 0xDFA6, 0xDFA6, 0xDFA6,
0xDFA6, 0xDFA6, 0xDFA6, 0xDFA6, 0xDFA6, 0xDFA6, 0xDFA6, 0xDFA6, 0xDFA6, 0xDFA6,
0xDFA6, 0xDFA6, 0xDFA6, 0xDFA6, 0xDFA6, 0xDFA6, 0xDFA6, 0xDFA6, 0xDFA6, 0xDFA6,
0xDFA6, 0xDFA6, 0xDFA6, 0xDFA6, 0xDFA6, 0xDFA6, 0xDFA6, 0xDFA6, 0xDFA6, 0xDFA6,
0x9EA6, 0xBEAE, 0xFFBE, 0x5FDF, 0x7FEF, 0x1DE7, 0x3DEF, 0x1EE7, 0x1EDF, 0x5DE7,
0x9EEF, 0x5DE7, 0x7EE7, 0x7EE7, 0x9FF7, 0x9EEF, 0x9EEF, 0x9EEF, 0x9EEF, 0x9FEF,
0x3FCF, 0xFFBE, 0xBEA6, 0xDFA6, 0xDFA6, 0xDFA6, 0xDFA6, 0xDFA6, 0xBEA6, 0xBEA6,
0xBEA6, 0xBEA6, 0xBEA6, 0xDE9E, 0x1FAF, 0xBDB6, 0xDFE7, 0xFFFF, 0xFFFF, 0xFFFF,
0xFFFF, 0xDFFF, 0xFFFF, 0xFFFF, 0xFFFF, 0xFFFF, 0xFFFF, 0xFFFF, 0xFFFF, 0xFFFF,
0xFFFF, 0xFFFF, 0xFFFF, 0xFFFF, 0xFFFF, 0xFFFF, 0xDFFF, 0xFFFF, 0xFFFF, 0xFFFF,
0xFFFF, 0xFFFF, 0xFFFF, 0xFFFF, 0xFFFF, 0xFFFF, 0xFFFF, 0x5ED7, 0xDEB6, 0xBEA6,
0xBEA6, 0xBEA6, 0xBEA6, 0xBEA6, 0xBEA6, 0xBEA6, 0xBEA6, 0xBEA6, 0xBEA6, 0xDEA6,
0xDEA6, 0xDEA6, 0xDEA6, 0xDEA6, 0xDEA6, 0xDEA6, 0xDEA6, 0xDEA6, 0xDEA6, 0xDEA6,
0xDEA6, 0xDEA6, 0xDEA6, 0xDEA6, 0xDEA6, 0xDEA6, 0xDEA6, 0xDEA6, 0xDEA6, 0xDEA6,
0xDEA6, 0xDEA6, 0xDEA6, 0xDEA6, 0xDEA6, 0xDEA6, 0xBFA6, 0xBFA6, 0xBFA6, 0xBFA6,
0xBFA6, 0xBFA6, 0xBFA6, 0xBFA6, 0xBFA6, 0xBFA6, 0xBFA6, 0xBFA6, 0xBFA6, 0xBFA6,
0xBFA6, 0xBFA6, 0xBFA6, 0xBFA6, 0xBFA6, 0xBFA6, 0xBFA6, 0xBFA6, 0xBFA6, 0xBFA6,
0xBFA6, 0xBFA6, 0xBFA6, 0xBFA6, 0xBFA6, 0xBFA6, 0xBFA6, 0xBFA6, 0xBFA6, 0xBFA6,
0xBFA6, 0xBFA6, 0xBFA6, 0xBFA6, 0xBFA6, 0xBFA6, 0xBFA6, 0xBFA6, 0xBFA6, 0xBFA6,
0xBFA6, 0xBFA6, 0xBFA6, 0xBFA6, 0xBFA6, 0xBFA6, 0xBFA6, 0xBFA6, 0xBFA6, 0xBFA6,
0xBFA6, 0xBFA6, 0xBF9E, 0xBF9E, 0xBF9E, 0xBF9E, 0xBFA6, 0xBFA6, 0xBFA6, 0xBFA6,
0xBFA6, 0xBFA6, 0xBFA6, 0xBFA6, 0xBFA6, 0xBFA6, 0xBE9E, 0xBE9E, 0xBE9E, 0xBE9E,
0xBE9E, 0xBE9E, 0xBE9E, 0xBE9E, 0xBE9E, 0xBE9E, 0xDFAE, 0xDFAE, 0xDFAE, 0xDFAE,
0xDFAE, 0xDFAE, 0xDFAE, 0xDFAE, 0xDFAE, 0xDFAE, 0xDFAE, 0xDFAE, 0xDFAE, 0xDFAE,
0xDFAE, 0xDFAE, 0xDFAE, 0xDFAE, 0xDFAE, 0xDFAE, 0xDFAE, 0xDFAE, 0xDFAE, 0xDFAE,
0xDFAE, 0xDFAE, 0xDFAE, 0xDFAE, 0xDFAE, 0xDFAE, 0xDFAE, 0xDFAE, 0xDFAE, 0xDFAE,
0xDFAE, 0xDFAE, 0xDFAE, 0xDFA6, 0xDFA6, 0xDFA6, 0xDFA6, 0xDFA6, 0xDFA6, 0xDFA6,
0xDFA6, 0xDFA6, 0xDFA6, 0xDFA6, 0xDFA6, 0xDFA6, 0xDFA6, 0xDFA6, 0xDFA6, 0xDFA6,
0xDFA6, 0xDFA6, 0xDFA6, 0xDFA6, 0xDFA6, 0xDFA6, 0xDFA6, 0xDFA6, 0xDFA6, 0xDFA6,
0xDFA6, 0xDFA6, 0xDFA6, 0xDFA6, 0xDFA6, 0xDFA6, 0xDFA6, 0xDFA6, 0xDFA6, 0xDFA6,
0xDFA6, 0xDFA6, 0xDFA6, 0xDFA6, 0xDFA6, 0xDFA6, 0xDFA6, 0xDFA6, 0xDFA6, 0xDFA6,
0xDFA6, 0xDFA6, 0xDFA6, 0xDFA6, 0xDFA6, 0xDFA6, 0xDFA6, 0xDFA6, 0xDFA6, 0xDFA6,
0xDFA6, 0xDFA6, 0xDFA6, 0xDFA6, 0xDFA6, 0xDFA6, 0xDFA6, 0xDFA6, 0xDFA6, 0xDFA6,
0xDFA6, 0xDFA6, 0xDFA6, 0xDFA6, 0xDFA6, 0xDFA6, 0xDFA6, 0xDFA6, 0xDFA6, 0xDFA6,
0xDFA6, 0xDFA6, 0xDFA6, 0xDFA6, 0xDFA6, 0xDFA6, 0xDFA6, 0xDFA6, 0xDFA6, 0xDFA6,
0xDFA6, 0xDFA6, 0xDFA6, 0xDFA6, 0xDFA6, 0xDFA6, 0xDFA6, 0xDFA6, 0xDFA6, 0xDFA6,
0xBFA6, 0x9EA6, 0xBEB6, 0x1ECF, 0xBFEF, 0x5EE7, 0x5EE7, 0x5EE7, 0x3EDF, 0x3EE7,
0x5FE7, 0x3EDF, 0x5FE7, 0x3EE7, 0x3EE7, 0x3EE7, 0x3EE7, 0x3EE7, 0x1EE7, 0x1FCF,
0xFEBE, 0xDEAE, 0xBEA6, 0xDFA6, 0xDFA6, 0xDFA6, 0xDFA6, 0xDFA6, 0xBEA6, 0xBEA6,
0xBEA6, 0xBEA6, 0xBEA6, 0xFE9E, 0xFFA6, 0xDDB6, 0xFFE7, 0xFFFF, 0xFFFF, 0xFFFF,
0xFFFF, 0xFFFF, 0xFFFF, 0xFFFF, 0xFFFF, 0xFFFF, 0xFFFF, 0xFFFF, 0xFFFF, 0xFFFF,
0xFFFF, 0xFFFF, 0xFFFF, 0xFFFF, 0xDFFF, 0xDFFF, 0xFFFF, 0xFFFF, 0xFFFF, 0xFFFF,
0xFFFF, 0xFFFF, 0xFFFF, 0xDFF7, 0xFFFF, 0xFFFF, 0xFFF7, 0xDDBE, 0xBEAE, 0xBEA6,
0xBEA6, 0xBEA6, 0xBEA6, 0xBEA6, 0xBEA6, 0xBEA6, 0xBEA6, 0xBEA6, 0xBEA6, 0xDEA6,
0xDEA6, 0xDEA6, 0xDEA6, 0xDEA6, 0xDEA6, 0xDEA6, 0xDEA6, 0xDEA6, 0xDEA6, 0xDEA6,
0xDEA6, 0xDEA6, 0xDEA6, 0xDEA6, 0xDEA6, 0xDEA6, 0xDEA6, 0xDEA6, 0xDEA6, 0xDEA6,
0xDEA6, 0xDEA6, 0xDEA6, 0xDEA6, 0xDEA6, 0xDEA6, 0xBFA6, 0xBFA6, 0xBFA6, 0xBFA6,
0xBFA6, 0xBFA6, 0xBFA6, 0xBFA6, 0xBFA6, 0xBFA6, 0xBFA6, 0xBFA6, 0xBFA6, 0xBFA6,
0xBFA6, 0xBFA6, 0xBFA6, 0xBFA6, 0xBFA6, 0xBFA6, 0xBFA6, 0xBFA6, 0xBFA6, 0xBFA6,
0xBFA6, 0xBFA6, 0xBFA6, 0xBFA6, 0xBFA6, 0xBFA6, 0xBFA6, 0xBFA6, 0xBFA6, 0xBFA6,
0xBFA6, 0xBFA6, 0xBFA6, 0xBFA6, 0xBFA6, 0xBFA6, 0xBFA6, 0xBFA6, 0xBFA6, 0xBFA6,
0xBFA6, 0xBFA6, 0xBFA6, 0xBFA6, 0xBFA6, 0xBFA6, 0xBFA6, 0xBFA6, 0xBFA6, 0xBFA6,
0xBFA6, 0xBFA6, 0xBF9E, 0xBF9E, 0xBF9E, 0xBF9E, 0xBFA6, 0xBFA6, 0xBFA6, 0xBFA6,
0xBFA6, 0xBFA6, 0xBFA6, 0xBFA6, 0xBFA6, 0xBFA6, 0xBE9E, 0xBE9E, 0xBE9E, 0xBE9E,
0xBE9E, 0xBE9E, 0xBE9E, 0xBE9E, 0xBE9E, 0xBE9E, 0xDFAE, 0xDFAE, 0xDFAE, 0xDFAE,
0xDFAE, 0xDFAE, 0xDFAE, 0xDFAE, 0xDFAE, 0xDFAE, 0xDFAE, 0xDFAE, 0xDFAE, 0xDFAE,
0xDFAE, 0xDFAE, 0xDFAE, 0xDFAE, 0xDFAE, 0xDFAE, 0xDFAE, 0xDFAE, 0xDFAE, 0xDFAE,
0xDFAE, 0xDFAE, 0xDFAE, 0xDFAE, 0xDFAE, 0xDFAE, 0xDFAE, 0xDFAE, 0xDFAE, 0xDFAE,
0xDFAE, 0xDFAE, 0xDFAE, 0xDFA6, 0xDFA6, 0xDFA6, 0xDFA6, 0xDFA6, 0xDFA6, 0xDFA6,
0xDFA6, 0xDFA6, 0xDFA6, 0xDFA6, 0xDFA6, 0xDFA6, 0xDFA6, 0xDFA6, 0xDFA6, 0xDFA6,
0xDFA6, 0xDFA6, 0xDFA6, 0xDFA6, 0xDFA6, 0xDFA6, 0xDFA6, 0xDFA6, 0xDFA6, 0xDFA6,
0xDFA6, 0xDFA6, 0xDFA6, 0xDFA6, 0xDFA6, 0xDFA6, 0xDFA6, 0xDFA6, 0xDFA6, 0xDFA6,
0xDFA6, 0xDFA6, 0xDFA6, 0xDFA6, 0xDFA6, 0xDFA6, 0xDFA6, 0xDFA6, 0xDFA6, 0xDFA6,
0xDFA6, 0xDFA6, 0xDFA6, 0xDFA6, 0xDFA6, 0xDFA6, 0xDFA6, 0xDFA6, 0xDFA6, 0xDFA6,
0xDFA6, 0xDFA6, 0xDFA6, 0xDFA6, 0xDFA6, 0xDFA6, 0xDFA6, 0xDFA6, 0xDFA6, 0xDFA6,
0xDFA6, 0xDFA6, 0xDFA6, 0xDFA6, 0xDFA6, 0xDFA6, 0xDFA6, 0xDFA6, 0xDFA6, 0xDFA6,
0xDFA6, 0xDFA6, 0xDFA6, 0xDFA6, 0xDFA6, 0xDFA6, 0xDFA6, 0xDFA6, 0xDFA6, 0xDFA6,
0xDFA6, 0xDFA6, 0xDFA6, 0xDFA6, 0xDFA6, 0xDFA6, 0xDFA6, 0xDFA6, 0xDFA6, 0xDFA6,
0xFFA6, 0xBEA6, 0x9DA6, 0xDDBE, 0x9FDF, 0xFFEF, 0xFFEF, 0x5ED7, 0xDDC6, 0xFEBE,
0x3EC7, 0xFEBE, 0x1EC7, 0x1EBF, 0xFEC6, 0xFEC6, 0xFEBE, 0xFEBE, 0xFEBE, 0xBDAE,
0xDEA6, 0xBEA6, 0xBE9E, 0xDFA6, 0xDFA6, 0xDFA6, 0xDFA6, 0xDFA6, 0xBEA6, 0xBEA6,
0xBEA6, 0xBEA6, 0xBEA6, 0xFFA6, 0xDEA6, 0xFDB6, 0xFFEF, 0xFFFF, 0xDFFF, 0xFFFF,
0xFFFF, 0xFFFF, 0xFFFF, 0xFFFF, 0xFFFF, 0xFFFF, 0xFFFF, 0xFFFF, 0xFFFF, 0xFFFF,
0xFFFF, 0xFFFF, 0xFFFF, 0xFFFF, 0xDFFF, 0xDFFF, 0xFFFF, 0xFFFF, 0xFFFF, 0xFFFF,
0xFFFF, 0xFFFF, 0xFFFF, 0xBEF7, 0xFFFF, 0xFFFF, 0xFFEF, 0x9CAE, 0xDEA6, 0xBEA6,
0xBEA6, 0xBEA6, 0xBEA6, 0xBEA6, 0xBEA6, 0xBEA6, 0xBEA6, 0xBEA6, 0xBEA6, 0xDEA6,
0xDEA6, 0xDEA6, 0xDEA6, 0xDEA6, 0xDEA6, 0xDEA6, 0xDEA6, 0xDEA6, 0xDEA6, 0xDEA6,
0xDEA6, 0xDEA6, 0xDEA6, 0xDEA6, 0xDEA6, 0xDEA6, 0xDEA6, 0xDEA6, 0xDEA6, 0xDEA6,
0xDEA6, 0xDEA6, 0xDEA6, 0xDEA6, 0xDEA6, 0xDEA6, 0xBFA6, 0xBFA6, 0xBFA6, 0xBFA6,
0xBFA6, 0xBFA6, 0xBFA6, 0xBFA6, 0xBFA6, 0xBFA6, 0xBFA6, 0xBFA6, 0xBFA6, 0xBFA6,
0xBFA6, 0xBFA6, 0xBFA6, 0xBFA6, 0xBFA6, 0xBFA6, 0xBFA6, 0xBFA6, 0xBFA6, 0xBFA6,
0xBFA6, 0xBFA6, 0xBFA6, 0xBFA6, 0xBFA6, 0xBFA6, 0xBFA6, 0xBFA6, 0xBFA6, 0xBFA6,
0xBFA6, 0xBFA6, 0xBFA6, 0xBFA6, 0xBFA6, 0xBFA6, 0xBFA6, 0xBFA6, 0xBFA6, 0xBFA6,
0xBFA6, 0xBFA6, 0xBFA6, 0xBFA6, 0xBFA6, 0xBFA6, 0xBFA6, 0xBFA6, 0xBFA6, 0xBFA6,
0xBFA6, 0xBFA6, 0xBF9E, 0xBF9E, 0xBF9E, 0xBF9E, 0xBFA6, 0xBFA6, 0xBFA6, 0xBFA6,
0xBFA6, 0xBFA6, 0xBFA6, 0xBFA6, 0xBFA6, 0xBFA6, 0xBE9E, 0xBE9E, 0xBE9E, 0xBE9E,
0xBE9E, 0xBE9E, 0xBE9E, 0xBE9E, 0xBE9E, 0xBE9E, 0xDFAE, 0xDFAE, 0xDFAE, 0xDFAE,
0xDFAE, 0xDFAE, 0xDFAE, 0xDFAE, 0xDFAE, 0xDFAE, 0xDFAE, 0xDFAE, 0xDFAE, 0xDFAE,
0xDFAE, 0xDFAE, 0xDFAE, 0xDFAE, 0xDFAE, 0xDFAE, 0xDFAE, 0xDFAE, 0xDFAE, 0xDFAE,
0xDFAE, 0xDFAE, 0xDFAE, 0xDFAE, 0xDFAE, 0xDFAE, 0xDFAE, 0xDFAE, 0xDFAE, 0xDFAE,
0xDFAE, 0xDFAE, 0xDFAE, 0xDFA6, 0xDFA6, 0xDFA6, 0xDFA6, 0xDFA6, 0xDFA6, 0xDFA6,
0xDFA6, 0xDFA6, 0xDFA6, 0xDFA6, 0xDFA6, 0xDFA6, 0xDFA6, 0xDFA6, 0xDFA6, 0xDFA6,
0xDFA6, 0xDFA6, 0xDFA6, 0xDFA6, 0xDFA6, 0xDFA6, 0xDFA6, 0xDFA6, 0xDFA6, 0xDFA6,
0xDFA6, 0xDFA6, 0xDFA6, 0xDFA6, 0xDFA6, 0xDFA6, 0xDFA6, 0xDFA6, 0xDFA6, 0xDFA6,
0xDFA6, 0xDFA6, 0xDFA6, 0xDFA6, 0xDFA6, 0xDFA6, 0xDFA6, 0xDFA6, 0xDFA6, 0xDFA6,
0xDFA6, 0xDFA6, 0xDFA6, 0xDFA6, 0xDFA6, 0xDFA6, 0xDFA6, 0xDFA6, 0xDFA6, 0xDFA6,
0xDFA6, 0xDFA6, 0xDFA6, 0xDFA6, 0xDFA6, 0xDFA6, 0xDFA6, 0xDFA6, 0xDFA6, 0xDFA6,
0xDFA6, 0xDFA6, 0xDFA6, 0xDFA6, 0xDFA6, 0xDFA6, 0xDFA6, 0xDFA6, 0xDFA6, 0xDFA6,
0xDFA6, 0xDFA6, 0xDFA6, 0xDFA6, 0xDFA6, 0xDFA6, 0xDFA6, 0xDFA6, 0xDFA6, 0xDFA6,
0xDFA6, 0xDFA6, 0xDFA6, 0xDFA6, 0xDFA6, 0xDFA6, 0xDFA6, 0xDFA6, 0xDFA6, 0xDFA6,
0xFFA6, 0xDEA6, 0xDEA6, 0xBDAE, 0x1EBF, 0xDFDF, 0xDFD7, 0xFEBE, 0xBDAE, 0xBEA6,
0xFEA6, 0xBD9E, 0xDEA6, 0xDEA6, 0xFEA6, 0xDEA6, 0xDEA6, 0xDEA6, 0xDEA6, 0xBE9E,
0xDEA6, 0xDEA6, 0xBEA6, 0xDFA6, 0xDFA6, 0xDFA6, 0xDFA6, 0xDFA6, 0xBEA6, 0xBEA6,
0xBEA6, 0xBEA6, 0xBEA6, 0xDFAE, 0xBEA6, 0xDDBE, 0xDFEF, 0xFFFF, 0xDFFF, 0xFFFF,
0xFFFF, 0xFFFF, 0xFFFF, 0xFFFF, 0xFFFF, 0xFFFF, 0xFFFF, 0xFFFF, 0xFFFF, 0xFFFF,
0xFFFF, 0xFFFF, 0xFFFF, 0xFFFF, 0xFFFF, 0xFFFF, 0xFFFF, 0xFFFF, 0xFFFF, 0xFFFF,
0xFFFF, 0xFFFF, 0xFFFF, 0x9EEF, 0xFFFF, 0xFFF7, 0xFFEF, 0x9CAE, 0xBEA6, 0xBEA6,
0xBEA6, 0xBEA6, 0xBEA6, 0xBEA6, 0xBEA6, 0xBEA6, 0xBEA6, 0xBEA6, 0xBEA6, 0xDEA6,
0xDEA6, 0xDEA6, 0xDEA6, 0xDEA6, 0xDEA6, 0xDEA6, 0xDEA6, 0xDEA6, 0xDEA6, 0xDEA6,
0xDEA6, 0xDEA6, 0xDEA6, 0xDEA6, 0xDEA6, 0xDEA6, 0xDEA6, 0xDEA6, 0xDEA6, 0xDEA6,
0xDEA6, 0xDEA6, 0xDEA6, 0xDEA6, 0xDEA6, 0xDEA6, 0xBFA6, 0xBFA6, 0xBFA6, 0xBFA6,
0xBFA6, 0xBFA6, 0xBFA6, 0xBFA6, 0xBFA6, 0xBFA6, 0xBFA6, 0xBFA6, 0xBFA6, 0xBFA6,
0xBFA6, 0xBFA6, 0xBFA6, 0xBFA6, 0xBFA6, 0xBFA6, 0xBFA6, 0xBFA6, 0xBFA6, 0xBFA6,
0xBFA6, 0xBFA6, 0xBFA6, 0xBFA6, 0xBFA6, 0xBFA6, 0xBFA6, 0xBFA6, 0xBFA6, 0xBFA6,
0xBFA6, 0xBFA6, 0xBFA6, 0xBFA6, 0xBFA6, 0xBFA6, 0xBFA6, 0xBFA6, 0xBFA6, 0xBFA6,
0xBFA6, 0xBFA6, 0xBFA6, 0xBFA6, 0xBFA6, 0xBFA6, 0xBFA6, 0xBFA6, 0xBFA6, 0xBFA6,
0xBFA6, 0xBFA6, 0xBE9E, 0xBE9E, 0xBE9E, 0xBE9E, 0xBFA6, 0xBFA6, 0xBFA6, 0xBFA6,
0xBFA6, 0xBFA6, 0xBFA6, 0xBFA6, 0xBFA6, 0xBFA6, 0xBE9E, 0xBE9E, 0xBE9E, 0xBE9E,
0xBE9E, 0xBE9E, 0xBE9E, 0xBE9E, 0xBE9E, 0xBE9E, 0xDFAE, 0xDFAE, 0xDFAE, 0xDFAE,
0xDFAE, 0xDFAE, 0xDFAE, 0xDFAE, 0xDFAE, 0xDFAE, 0xDFAE, 0xDFAE, 0xDFAE, 0xDFAE,
0xDFAE, 0xDFAE, 0xDFAE, 0xDFAE, 0xDFAE, 0xDFAE, 0xDFAE, 0xDFAE, 0xDFAE, 0xDFAE,
0xDFAE, 0xDFAE, 0xDFAE, 0xDFAE, 0xDFAE, 0xDFAE, 0xDFAE, 0xDFAE, 0xDFAE, 0xDFAE,
0xDFAE, 0xDFAE, 0xDFAE, 0xDFA6, 0xDFA6, 0xDFA6, 0xDFA6, 0xDFA6, 0xDFA6, 0xDFA6,
0xDFA6, 0xDFA6, 0xDFA6, 0xDEA6, 0xDEA6, 0xDEA6, 0xDEA6, 0xDEA6, 0xDEA6, 0xDEA6,
0xDEA6, 0xDEA6, 0xDEA6, 0xDEA6, 0xDEA6, 0xDEA6, 0xDFA6, 0xDFA6, 0xDFA6, 0xDFA6,
0xDFA6, 0xDFA6, 0xDFA6, 0xDFA6, 0xDFA6, 0xDFA6, 0xDFA6, 0xDFA6, 0xDFA6, 0xDFA6,
0xDFA6, 0xDFA6, 0xDFA6, 0xDFA6, 0xDFA6, 0xDFA6, 0xDFA6, 0xDFA6, 0xDFA6, 0xDFA6,
0xDFA6, 0xDFA6, 0xDFA6, 0xDFA6, 0xDFA6, 0xDFA6, 0xDFA6, 0xDFA6, 0xDFA6, 0xDFA6,
0xDFA6, 0xDFA6, 0xDFA6, 0xDFA6, 0xDFA6, 0xDFA6, 0xDFA6, 0xDFA6, 0xDFA6, 0xDFA6,
0xDFA6, 0xDFA6, 0xDFA6, 0xDFA6, 0xDFA6, 0xDFA6, 0xDFA6, 0xDFA6, 0xDFA6, 0xDFA6,
0xDFA6, 0xDFA6, 0xDFA6, 0xDFA6, 0xDFA6, 0xDFA6, 0xDFA6, 0xDFA6, 0xDFA6, 0xDFA6,
0xDFA6, 0xDFA6, 0xDFA6, 0xDFA6, 0xDFA6, 0xDFA6, 0xDFA6, 0xDFA6, 0xDFA6, 0xDFA6,
0xDEA6, 0xBE9E, 0xDEA6, 0xFFA6, 0xBE9E, 0xBDA6, 0xBEA6, 0xBEA6, 0xDFA6, 0xDFA6,
0xFFA6, 0xBF9E, 0xFFA6, 0xDFA6, 0xFFA6, 0xFFA6, 0xDF9E, 0xDF9E, 0xDF9E, 0xBE9E,
0xDFA6, 0xDFA6, 0xDFAE, 0xDFA6, 0xDFA6, 0xDFA6, 0xDFA6, 0xDFA6, 0xDFA6, 0xDFA6,
0xDFA6, 0xDFA6, 0xDFA6, 0xDFA6, 0xFEAE, 0xDDB6, 0x7ED7, 0x9EF7, 0x9EF7, 0xDFFF,
0xFFFF, 0xFFFF, 0xFFFF, 0xFFFF, 0xFFFF, 0xFFFF, 0xFFFF, 0xFFFF, 0xFFFF, 0xFFFF,
0xFFFF, 0xFFFF, 0xFFFF, 0xFFFF, 0xDFFF, 0xDFFF, 0x9EF7, 0xFFFF, 0xFFFF, 0xFFFF,
0xFFFF, 0xFFFF, 0xFFFF, 0xBEF7, 0xFFFF, 0xDEFF, 0xDFF7, 0x9FD7, 0x1FBF, 0xDFA6,
0xDFA6, 0xDFA6, 0xDFA6, 0xDFA6, 0xBEA6, 0xBEA6, 0xBEA6, 0xBEA6, 0xBEA6, 0xDEA6,
0xDEA6, 0xDEA6, 0xDEA6, 0xDEA6, 0xDEA6, 0xDEA6, 0xDEA6, 0xDEA6, 0xDEA6, 0xDEA6,
0xDEA6, 0xDEA6, 0xDEA6, 0xDEA6, 0xDEA6, 0xDEA6, 0xDEA6, 0xDEA6, 0xDEA6, 0xDEA6,
0xDEA6, 0xDEA6, 0xDEA6, 0xDEA6, 0xDEA6, 0xDEA6, 0xBFA6, 0xBFA6, 0xBFA6, 0xBFA6,
0xBFA6, 0xBFA6, 0xBFA6, 0xBFA6, 0xBFA6, 0xBFA6, 0xBFA6, 0xBFA6, 0xBFA6, 0xBFA6,
0xBEA6, 0xBEA6, 0xBEA6, 0xBEA6, 0xBEA6, 0xBEA6, 0xBEA6, 0xBEA6, 0xBEA6, 0xBEA6,
0xBEA6, 0xBEA6, 0xBEA6, 0xBEA6, 0xBEA6, 0xBEA6, 0xBEA6, 0xBEA6, 0xBEA6, 0xBFA6,
0xBFA6, 0xBFA6, 0xBFA6, 0xBFA6, 0xBFA6, 0xBFA6, 0xBFA6, 0xBFA6, 0xBFA6, 0xBFA6,
0xBFA6, 0xBFA6, 0xBFA6, 0xBFA6, 0xBFA6, 0xBFA6, 0xBFA6, 0xBFA6, 0xBFA6, 0xBFA6,
0xBFA6, 0xBFA6, 0xBEA6, 0xBEA6, 0xBEA6, 0xBEA6, 0xBFA6, 0xBFA6, 0xBFA6, 0xBFA6,
0xBFA6, 0xBFA6, 0xBFA6, 0xBFA6, 0xBFA6, 0xBFA6, 0xBE9E, 0xBE9E, 0xBE9E, 0xBE9E,
0xBE9E, 0xBE9E, 0xBE9E, 0xBE9E, 0xBE9E, 0xBE9E, 0xDFAE, 0xDFAE, 0xDFAE, 0xDFAE,
0xDFAE, 0xDFAE, 0xDFAE, 0xDFAE, 0xDFAE, 0xDFAE, 0xDEAE, 0xDEAE, 0xDEAE, 0xDEAE,
0xDEAE, 0xDEAE, 0xDEAE, 0xDEAE, 0xDEAE, 0xDEAE, 0xDEAE, 0xDEAE, 0xDEAE, 0xDEAE,
0xDFAE, 0xDFAE, 0xDFAE, 0xDFAE, 0xDFAE, 0xDFAE, 0xDFAE, 0xDFAE, 0xDFAE, 0xDFAE,
0xDFAE, 0xDFAE, 0xDFAE, 0xDFA6, 0xDFA6, 0xDFA6, 0xDFA6, 0xDFA6, 0xDFA6, 0xDFA6,
0xDFA6, 0xDFA6, 0xDFA6, 0xDEA6, 0xDEA6, 0xDEA6, 0xDEA6, 0xDEA6, 0xDEA6, 0xDEA6,
0xDEA6, 0xDEA6, 0xDEA6, 0xDEA6, 0xDEA6, 0xDEA6, 0xDFA6, 0xDFA6, 0xDFA6, 0xDFA6,
0xDFA6, 0xDFA6, 0xDFA6, 0xDFA6, 0xDFA6, 0xDFA6, 0xDFA6, 0xDFA6, 0xDFA6, 0xDFA6,
0xDFA6, 0xDFA6, 0xDFA6, 0xDFA6, 0xDFA6, 0xDFA6, 0xDFA6, 0xDFA6, 0xDFA6, 0xDFA6,
0xDFA6, 0xDFA6, 0xDFA6, 0xDFA6, 0xDFA6, 0xDFA6, 0xDFA6, 0xDFA6, 0xDFA6, 0xDFA6,
0xDFA6, 0xDFA6, 0xDFA6, 0xDFA6, 0xDFA6, 0xDFA6, 0xDFA6, 0xDFA6, 0xDFA6, 0xDFA6,
0xDFA6, 0xDFA6, 0xDFA6, 0xDFA6, 0xDFA6, 0xDFA6, 0xDFA6, 0xDFA6, 0xDFA6, 0xDFA6,
0xDFA6, 0xDFA6, 0xDFA6, 0xDFA6, 0xDFA6, 0xDFA6, 0xDFA6, 0xDFA6, 0xDFA6, 0xDFA6,
0xDFA6, 0xDFA6, 0xDFA6, 0xDFA6, 0xDFA6, 0xDFA6, 0xDFA6, 0xDFA6, 0xDFA6, 0xDFA6,
0xDEA6, 0xBEA6, 0xDEA6, 0xDFA6, 0xFFA6, 0xDEAE, 0xDFA6, 0xDFA6, 0xDFA6, 0xDE9E,
0xFFA6, 0xDE9E, 0xFFA6, 0xFF9E, 0xFF9E, 0xFF9E, 0xFE9E, 0xFE9E, 0xDE9E, 0xDEA6,
0xDEA6, 0xBEA6, 0xDFA6, 0xDFA6, 0xDFA6, 0xDFA6, 0xDFA6, 0xDFA6, 0xDFA6, 0xDFA6,
0xDFA6, 0xDFA6, 0xDFA6, 0x1EB7, 0x1EC7, 0xFDC6, 0x5EDF, 0x9EF7, 0x7DEF, 0xDFFF,
0xDFFF, 0xDFFF, 0xFFFF, 0xFFFF, 0xFFFF, 0xFFFF, 0xFFFF, 0xFFFF, 0xFFFF, 0xFFFF,
0xFFFF, 0xFFFF, 0xFFFF, 0xFFFF, 0xDFFF, 0xDFFF, 0x9EF7, 0xFFFF, 0xFFFF, 0xFFFF,
0xFFFF, 0xFFFF, 0xFFFF, 0xDFF7, 0xFFFF, 0xFEFF, 0xFFFF, 0xDFEF, 0x9FD7, 0xDFA6,
0xDFA6, 0xDFA6, 0xDFA6, 0xDFA6, 0xBEA6, 0xBEA6, 0xBEA6, 0xBEA6, 0xBEA6, 0xDEA6,
0xDEA6, 0xDEA6, 0xDEA6, 0xDEA6, 0xDEA6, 0xDEA6, 0xDEA6, 0xDEA6, 0xDEA6, 0xDEA6,
0xDEA6, 0xDEA6, 0xDEA6, 0xDEA6, 0xDEA6, 0xDEA6, 0xDEA6, 0xDEA6, 0xDEA6, 0xDEA6,
0xDEA6, 0xDEA6, 0xDEA6, 0xDEA6, 0xDEA6, 0xDEA6, 0xBFA6, 0xBFA6, 0xBFA6, 0xBFA6,
0xBFA6, 0xBFA6, 0xBFA6, 0xBFA6, 0xBFA6, 0xBFA6, 0xBFA6, 0xBFA6, 0xBFA6, 0xBFA6,
0xBEA6, 0xBEA6, 0xBEA6, 0xBEA6, 0xBEA6, 0xBEA6, 0xBEA6, 0xBEA6, 0xBEA6, 0xBEA6,
0xBEA6, 0xBEA6, 0xBEA6, 0xBEA6, 0xBEA6, 0xBEA6, 0xBEA6, 0xBEA6, 0xBEA6, 0xBFA6,
0xBFA6, 0xBFA6, 0xBFA6, 0xBFA6, 0xBFA6, 0xBFA6, 0xBFA6, 0xBFA6, 0xBFA6, 0xBFA6,
0xBFA6, 0xBFA6, 0xBFA6, 0xBFA6, 0xBFA6, 0xBFA6, 0xBFA6, 0xBFA6, 0xBFA6, 0xBFA6,
0xBFA6, 0xBFA6, 0xBEA6, 0xBEA6, 0xBEA6, 0xBEA6, 0xBFA6, 0xBFA6, 0xBFA6, 0xBFA6,
0xBFA6, 0xBFA6, 0xBFA6, 0xBFA6, 0xBFA6, 0xBFA6, 0xBE9E, 0xBE9E, 0xBE9E, 0xBE9E,
0xBE9E, 0xBE9E, 0xBE9E, 0xBE9E, 0xBE9E, 0xBE9E, 0xDFAE, 0xDFAE, 0xDFAE, 0xDFAE,
0xDFAE, 0xDFAE, 0xDFAE, 0xDFAE, 0xDFAE, 0xDFAE, 0xDEAE, 0xDEAE, 0xDEAE, 0xDEAE,
0xDEAE, 0xDEAE, 0xDEAE, 0xDEAE, 0xDEAE, 0xDEAE, 0xDEAE, 0xDEAE, 0xDEAE, 0xDEAE,
0xDFAE, 0xDFAE, 0xDFAE, 0xDFAE, 0xDFAE, 0xDFAE, 0xDFAE, 0xDFAE, 0xDFAE, 0xDFAE,
0xDFAE, 0xDFAE, 0xDFAE, 0xDFA6, 0xDFA6, 0xDFA6, 0xDFA6, 0xDFA6, 0xDFA6, 0xDFA6,
0xDFA6, 0xDFA6, 0xDFA6, 0xDEA6, 0xDEA6, 0xDEA6, 0xDEA6, 0xDEA6, 0xDEA6, 0xDEA6,
0xDEA6, 0xDEA6, 0xDEA6, 0xDEA6, 0xDEA6, 0xDEA6, 0xDFA6, 0xDFA6, 0xDFA6, 0xDFA6,
0xDFA6, 0xDFA6, 0xDFA6, 0xDFA6, 0xDFA6, 0xDFA6, 0xDFA6, 0xDFA6, 0xDFA6, 0xDFA6,
0xDFA6, 0xDFA6, 0xDFA6, 0xDFA6, 0xDFA6, 0xDFA6, 0xDFA6, 0xDFA6, 0xDFA6, 0xDFA6,
0xDFA6, 0xDFA6, 0xDFA6, 0xDFA6, 0xDFA6, 0xDFA6, 0xDFA6, 0xDFA6, 0xDFA6, 0xDFA6,
0xDFA6, 0xDFA6, 0xDFA6, 0xDFA6, 0xDFA6, 0xDFA6, 0xDFA6, 0xDFA6, 0xDFA6, 0xDFA6,
0xDFA6, 0xDFA6, 0xDFA6, 0xDFA6, 0xDFA6, 0xDFA6, 0xDFA6, 0xDFA6, 0xDFA6, 0xDFA6,
0xDFA6, 0xDFA6, 0xDFA6, 0xDFA6, 0xDFA6, 0xDFA6, 0xDFA6, 0xDFA6, 0xDFA6, 0xDFA6,
0xDFA6, 0xDFA6, 0xDFA6, 0xDFA6, 0xDFA6, 0xDFA6, 0xDFA6, 0xDFA6, 0xDFA6, 0xDFA6,
0xDEAE, 0xDFAE, 0xDFAE, 0xBFA6, 0x1FAF, 0xBEA6, 0xDFA6, 0xDFA6, 0xDF9E, 0xBEAE,
0xFFB6, 0xBEAE, 0xDEAE, 0xDEAE, 0xDEAE, 0xDEAE, 0xBEA6, 0xBEA6, 0xBEA6, 0xFFAE,
0xDFA6, 0xBEA6, 0xDF9E, 0xDFA6, 0xDFA6, 0xDFA6, 0xDFA6, 0xDFA6, 0xDFA6, 0xDFA6,
0xDFA6, 0xDFA6, 0xDFA6, 0x3ED7, 0x3EE7, 0x1EE7, 0x5EF7, 0xDFFF, 0xDFFF, 0xFFFF,
0xFFFF, 0xFFFF, 0xFFFF, 0xFFFF, 0xFFFF, 0xFFFF, 0xFFFF, 0xFFFF, 0xFFFF, 0xFFFF,
0xFFFF, 0xFFFF, 0xFFFF, 0xFFFF, 0xFFFF, 0xFFFF, 0xDFFF, 0xFFFF, 0xFFFF, 0xFFFF,
0xFFFF, 0xFFFF, 0xFFFF, 0xFFFF, 0xFFFF, 0xBDFF, 0xDEFF, 0x7EEF, 0x9FDF, 0xDFA6,
0xDFA6, 0xDFA6, 0xDFA6, 0xDFA6, 0xBEA6, 0xBEA6, 0xBEA6, 0xBEA6, 0xBEA6, 0xDEA6,
0xDEA6, 0xDEA6, 0xDEA6, 0xDEA6, 0xDEA6, 0xDEA6, 0xDEA6, 0xDEA6, 0xDEA6, 0xDEA6,
0xDEA6, 0xDEA6, 0xDEA6, 0xDEA6, 0xDEA6, 0xDEA6, 0xDEA6, 0xDEA6, 0xDEA6, 0xDEA6,
0xDEA6, 0xDEA6, 0xDEA6, 0xDEA6, 0xDEA6, 0xDEA6, 0xBFA6, 0xBFA6, 0xBFA6, 0xBFA6,
0xBFA6, 0xBFA6, 0xBFA6, 0xBFA6, 0xBFA6, 0xBFA6, 0xBFA6, 0xBFA6, 0xBFA6, 0xBFA6,
0xBEA6, 0xBEA6, 0xBEA6, 0xBEA6, 0xBEA6, 0xBEA6, 0xBEA6, 0xBEA6, 0xBEA6, 0xBEA6,
0xBEA6, 0xBEA6, 0xBEA6, 0xBEA6, 0xBEA6, 0xBEA6, 0xBEA6, 0xBEA6, 0xBEA6, 0xBFA6,
0xBFA6, 0xBFA6, 0xBFA6, 0xBFA6, 0xBFA6, 0xBFA6, 0xBFA6, 0xBFA6, 0xBFA6, 0xBFA6,
0xBFA6, 0xBFA6, 0xBFA6, 0xBFA6, 0xBFA6, 0xBFA6, 0xBFA6, 0xBFA6, 0xBFA6, 0xBFA6,
0xBFA6, 0xBFA6, 0xDEA6, 0xDEA6, 0xDEA6, 0xDEA6, 0xBFA6, 0xBFA6, 0xBFA6, 0xBFA6,
0xBFA6, 0xBFA6, 0xBFA6, 0xBFA6, 0xBFA6, 0xBFA6, 0xBE9E, 0xBE9E, 0xBE9E, 0xBE9E,
0xBE9E, 0xBE9E, 0xBE9E, 0xBE9E, 0xBE9E, 0xBE9E, 0xFFAE, 0xFFAE, 0xFFAE, 0xFFAE,
0xFFAE, 0xFEAE, 0xFEAE, 0xFEAE, 0xFEAE, 0xFEAE, 0xFEAE, 0xFEAE, 0xFEAE, 0xFEAE,
0xFEAE, 0xFEAE, 0xFEAE, 0xFEAE, 0xFEAE, 0xFEAE, 0xFEAE, 0xFEAE, 0xFEAE, 0xFEAE,
0xFEAE, 0xFEAE, 0xFEAE, 0xFEAE, 0xDFAE, 0xDFAE, 0xDFAE, 0xDFAE, 0xDFAE, 0xDFAE,
0xDFAE, 0xDFAE, 0xDFAE, 0xDFAE, 0xDFAE, 0xDFAE, 0xDFAE, 0xDFAE, 0xDFAE, 0xDFAE,
0xDFAE, 0xDFAE, 0xDFAE, 0xDFAE, 0xDFAE, 0xDFAE, 0xDFAE, 0xDFAE, 0xDFAE, 0xDFAE,
0xDFAE, 0xDFAE, 0xDFAE, 0xDFAE, 0xFFAE, 0xDFAE, 0xDEAE, 0xDEAE, 0xBEAE, 0xFFAE,
0xDEAE, 0xFFAE, 0xBEA6, 0xFFAE, 0xDFAE, 0xBFA6, 0xBEA6, 0xDFAE, 0xDFAE, 0xBEA6,
0x1FAF, 0xFEAE, 0xFFAE, 0xFFAE, 0xBEA6, 0xFEA6, 0xFFAE, 0xFEA6, 0xFEA6, 0xFFA6,
0xDFAE, 0xDFAE, 0xDFAE, 0xDFAE, 0xDFAE, 0xDFAE, 0xDFAE, 0xDFAE, 0xDFAE, 0xDFAE,
0xDFAE, 0xDFAE, 0xDFAE, 0xDFAE, 0xDFAE, 0xDFAE, 0xDFAE, 0xDFAE, 0xDFAE, 0xDFAE,
0xDFAE, 0xDFAE, 0xDFAE, 0xDFAE, 0xDFAE, 0xDFAE, 0xDFAE, 0xFFAE, 0xBFA6, 0xDFAE,
0xDFAE, 0xBEAE, 0xDFA6, 0xDEAE, 0x1EC7, 0x7EDF, 0x9FDF, 0x3ECF, 0xBCB6, 0x7FD7,
0xDFE7, 0xFFF7, 0x1DD7, 0xBDB6, 0xDFA6, 0x9F9E, 0xDFA6, 0xDFA6, 0xDFA6, 0xDEA6,
0xDFAE, 0xDFAE, 0xDFAE, 0xDFAE, 0xDFAE, 0xDFAE, 0xDFAE, 0xDFAE, 0xDFAE, 0xDFAE,
0xDFAE, 0xDFAE, 0xDFAE, 0xDFAE, 0xDFAE, 0xDFAE, 0xDFAE, 0xDFAE, 0xDFAE, 0xDFAE,
0xDFAE, 0xDFAE, 0xDFAE, 0x1F9F, 0xFFA6, 0xDFA6, 0xBFA6, 0x9EAE, 0x9EAE, 0xFFBE,
0x1FC7, 0xDDC6, 0xFDD6, 0x3DDF, 0x5DE7, 0xBEF7, 0xFFFF, 0xFFFF, 0xFFFF, 0xFFFF,
0xFFFF, 0xFFFF, 0xFFFF, 0xFFFF, 0xFFFF, 0xFFFF, 0xFFFF, 0xFFFF, 0xDEFF, 0xFFFF,
0xFFFF, 0xFFFF, 0xFFFF, 0xFEFF, 0xFFFF, 0xFFFF, 0xFFFF, 0xFFFF, 0xFFFF, 0xFFFF,
0xFFFF, 0xDEFF, 0xFFFF, 0xFFFF, 0xFFFF, 0xFFFF, 0xBFF7, 0x3FCF, 0xDFB6, 0xDFA6,
0xDFA6, 0xDFA6, 0xDFA6, 0xDFA6, 0xDFA6, 0xDFA6, 0xDFA6, 0xDFA6, 0xDFA6, 0xBFA6,
0xBFA6, 0xBFA6, 0xBFA6, 0xBFA6, 0xBFA6, 0xBFA6, 0xBFA6, 0xBFA6, 0xDFA6, 0xDFA6,
0xDFA6, 0xDFA6, 0xDFA6, 0xDFA6, 0xDFA6, 0xDFA6, 0xDFA6, 0xDFA6, 0xDFA6, 0xDFA6,
0xDFA6, 0xDFA6, 0xDFA6, 0xDFA6, 0xDFA6, 0xDFA6, 0xDFA6, 0xDFA6, 0xDFA6, 0xDFA6,
0xDFA6, 0xDFA6, 0xDFA6, 0xDFA6, 0xDFA6, 0xDFA6, 0xDFA6, 0xDFA6, 0xDFA6, 0xDFA6,
0xDFA6, 0xDFA6, 0xDFA6, 0xDFA6, 0xDFA6, 0xDFA6, 0xDFA6, 0xDFA6, 0xDFA6, 0xDFA6,
0xDFA6, 0xDFA6, 0xDFA6, 0xDFA6, 0xBEA6, 0xBEA6, 0xBEA6, 0xBEA6, 0xBEA6, 0xDFA6,
0xDFA6, 0xDFA6, 0xDFA6, 0xDE9E, 0xBD9E, 0xFEA6, 0x9D96, 0xFEA6, 0xBFA6, 0xBFA6,
0xDFAE, 0xBFA6, 0xDFA6, 0xDFA6, 0xDFA6, 0xDFA6, 0xDFA6, 0xDFA6, 0xDFA6, 0xDFA6,
0xDFA6, 0xDFA6, 0xDFA6, 0xDFA6, 0xDFA6, 0xDFA6, 0xDFA6, 0xDFA6, 0xDFA6, 0xDFA6,
0xDFA6, 0xBEA6, 0xBEA6, 0xBEA6, 0xBEA6, 0xBEA6, 0xBEA6, 0xBEA6, 0xBEA6, 0xBEA6,
0xBEA6, 0xBEA6, 0xBEA6, 0xBEA6, 0xBEA6, 0xDE9E, 0xFFAE, 0xFFAE, 0xFFAE, 0xFFAE,
0xFFAE, 0xFEAE, 0xFEAE, 0xFEAE, 0xFEAE, 0xFEAE, 0xFEAE, 0xFEAE, 0xFEAE, 0xFEAE,
0xFEAE, 0xFEAE, 0xFEAE, 0xFEAE, 0xFEAE, 0xFEAE, 0xFEAE, 0xFEAE, 0xFEAE, 0xFEAE,
0xFEAE, 0xFEAE, 0xFEAE, 0xFEAE, 0xDFAE, 0xDFAE, 0xDFAE, 0xDFAE, 0xDFAE, 0xDFAE,
0xDFAE, 0xDFAE, 0xDFAE, 0xDFAE, 0xDFAE, 0xDFAE, 0xDFAE, 0xDFAE, 0xDFAE, 0xDFAE,
0xDFAE, 0xDFAE, 0xDFAE, 0xDFAE, 0xDFAE, 0xDFAE, 0xDFAE, 0xDFAE, 0xDFAE, 0xDFAE,
0xDFAE, 0xDFAE, 0x9EA6, 0xBEAE, 0xDEAE, 0xFEAE, 0xBDA6, 0xDDAE, 0x9DA6, 0xDEAE,
0x3FB7, 0x5FC7, 0xFFB6, 0xBEAE, 0x9DAE, 0x9DAE, 0x3EC7, 0xBFDF, 0xBFDF, 0x3EC7,
0xFEAE, 0x9EA6, 0xDEA6, 0xDFA6, 0xFFAE, 0xFFAE, 0xFFAE, 0xDEAE, 0x1FAF, 0x1FAF,
0xDFAE, 0xDFAE, 0xDFAE, 0xDFAE, 0xDFAE, 0xDFAE, 0xDFAE, 0xDFAE, 0xDFAE, 0xDFAE,
0xDFAE, 0xDFAE, 0xDFAE, 0xDFAE, 0xDFAE, 0xDFAE, 0xDFAE, 0xDFAE, 0xDFAE, 0xDFAE,
0xDFAE, 0xDFAE, 0xDFAE, 0xDFAE, 0xDFAE, 0xDFAE, 0xDFAE, 0x1FAF, 0xDFA6, 0xBFA6,
0x9DA6, 0xDEAE, 0xDEAE, 0xDDAE, 0x5ED7, 0xFFF7, 0xFFFF, 0xDFEF, 0x7EDF, 0xFFF7,
0xFFFF, 0xFFFF, 0xBFE7, 0xFEC6, 0xDFAE, 0xFFA6, 0xFFAE, 0xDFAE, 0xDFA6, 0xBEA6,
0xDFAE, 0xDFAE, 0xDFAE, 0xDFAE, 0xDFAE, 0xDFAE, 0xDFAE, 0xDFAE, 0xDFAE, 0xDFAE,
0xDFAE, 0xDFAE, 0xDFAE, 0xDFAE, 0xDFAE, 0xDFAE, 0xDFAE, 0xDFAE, 0xDFAE, 0xDFAE,
0xDFAE, 0xDFAE, 0xDFAE, 0xDEA6, 0xDEA6, 0xFEA6, 0xDEA6, 0xBDB6, 0x5EDF, 0x5DE7,
0x5EE7, 0x5DE7, 0x7DEF, 0x3DE7, 0xDFF7, 0xFFFF, 0xFFFF, 0xFFFF, 0xFFFF, 0xFFFF,
0xFFFF, 0xFFFF, 0xFFFF, 0xFFFF, 0xFFFF, 0xFFFF, 0xFFFF, 0xFFFF, 0xFFFF, 0xFFFF,
0xFFFF, 0xFFF7, 0xFFFF, 0xFFFF, 0xFFFF, 0xFFFF, 0xFFFF, 0xFFFF, 0xFFFF, 0xFFFF,
0xFFFF, 0xDEFF, 0xFFFF, 0xFFFF, 0xDFFF, 0xBFF7, 0x7FE7, 0xFEC6, 0xDFAE, 0xDFA6,
0xDFA6, 0xDFA6, 0xDFA6, 0xDFA6, 0xDFA6, 0xDFA6, 0xDFA6, 0xDFA6, 0xDFA6, 0xBFA6,
0xBFA6, 0xBFA6, 0xBFA6, 0xBFA6, 0xBFA6, 0xBFA6, 0xBFA6, 0xBFA6, 0xDFA6, 0xDFA6,
0xDFA6, 0xDFA6, 0xDFA6, 0xDFA6, 0xDFA6, 0xDFA6, 0xDFA6, 0xDFA6, 0xDFA6, 0xDFA6,
0xDFA6, 0xDFA6, 0xDFA6, 0xDFA6, 0xDFA6, 0xDFA6, 0xDFA6, 0xDFA6, 0xDFA6, 0xDFA6,
0xDFA6, 0xDFA6, 0xDFA6, 0xDFA6, 0xDFA6, 0xDFA6, 0xDFA6, 0xDFA6, 0xDFA6, 0xDFA6,
0xDFA6, 0xDFA6, 0xDFA6, 0xDFA6, 0xDFA6, 0xDFA6, 0xDFA6, 0xDFA6, 0xDFA6, 0xDFA6,
0xDFA6, 0xDFA6, 0xDFA6, 0xDFA6, 0xBEA6, 0xBEA6, 0xBEA6, 0xBEA6, 0xBEA6, 0xDFA6,
0xDFA6, 0xDFA6, 0xDFA6, 0xFFA6, 0xFFA6, 0xFFA6, 0xBE9E, 0x1FA7, 0xDFA6, 0xDFA6,
0x9E9E, 0xBEA6, 0xDFA6, 0xDFA6, 0xDFA6, 0xDFA6, 0xDFA6, 0xDFA6, 0xDFA6, 0xDFA6,
0xDFA6, 0xDFA6, 0xDFA6, 0xDFA6, 0xDFA6, 0xDFA6, 0xDFA6, 0xDFA6, 0xDFA6, 0xDFA6,
0xDFA6, 0xBEA6, 0xBEA6, 0xBEA6, 0xBEA6, 0xBEA6, 0xBEA6, 0xBEA6, 0xBEA6, 0xBEA6,
0xBEA6, 0xBEA6, 0xBEA6, 0xBEA6, 0xBEA6, 0xDE9E, 0xFFAE, 0xFFAE, 0xFFAE, 0xFFAE,
0xFFAE, 0xFEAE, 0xFEAE, 0xFEAE, 0xFEAE, 0xFEAE, 0xFEAE, 0xFEAE, 0xFEAE, 0xFEAE,
0xFEAE, 0xFEAE, 0xFEAE, 0xFEAE, 0xFEAE, 0xFEAE, 0xFEAE, 0xFEAE, 0xFEAE, 0xFEAE,
0xFEAE, 0xFEAE, 0xFEAE, 0xFEAE, 0xDFAE, 0xDFAE, 0xDFAE, 0xDFAE, 0xDFAE, 0xDFAE,
0xDFAE, 0xDFAE, 0xDFAE, 0xDFAE, 0xDFAE, 0xDFAE, 0xDFAE, 0xDFAE, 0xDFAE, 0xDFAE,
0xDFAE, 0xDFAE, 0xDFAE, 0xDFAE, 0xDFAE, 0xDFAE, 0xDFAE, 0xDFAE, 0xDFAE, 0xDFAE,
0xDFAE, 0xDFAE, 0xDFB6, 0xDEBE, 0x3ECF, 0x7FD7, 0x1FBF, 0x1EB7, 0xDDAE, 0xDDAE,
0x7FC7, 0x9FD7, 0x5FCF, 0xDDBE, 0x9CB6, 0xFDC6, 0xBFEF, 0xFFFF, 0xFFFF, 0xDFF7,
0x3FC7, 0xDEB6, 0xFEBE, 0xDEB6, 0xFFB6, 0x9FAE, 0x9FAE, 0x7DA6, 0xBEA6, 0xBFA6,
0xDFAE, 0xDFAE, 0xDFAE, 0xDFAE, 0xDFAE, 0xDFAE, 0xDFAE, 0xDFAE, 0xDFAE, 0xDFAE,
0xDFAE, 0xDFAE, 0xDFAE, 0xDFAE, 0xDFAE, 0xDFAE, 0xDFAE, 0xDFAE, 0xDFAE, 0xDFAE,
0xDFAE, 0xDFAE, 0xDFAE, 0xDFAE, 0xDFAE, 0xDFAE, 0xDFAE, 0xDFAE, 0xBEA6, 0xBEAE,
0xDEB6, 0x7FCF, 0xFDBE, 0x1DC7, 0x9FE7, 0xFFFF, 0xFFFF, 0xFFFF, 0xDEFF, 0xFFFF,
0xFEFF, 0xFFF7, 0xFFF7, 0x7FD7, 0xDEB6, 0xFFAE, 0xFFAE, 0xFFAE, 0xFFAE, 0xBEA6,
0xDFAE, 0xDFAE, 0xDFAE, 0xDFAE, 0xDFAE, 0xDFAE, 0xDFAE, 0xDFAE, 0xDFAE, 0xDFAE,
0xDFAE, 0xDFAE, 0xDFAE, 0xDFAE, 0xDFAE, 0xDFAE, 0xDFAE, 0xDFAE, 0xDFAE, 0xDFAE,
0xDFAE, 0xDFAE, 0xDFAE, 0x9FA6, 0xDEA6, 0xFEA6, 0xFFAE, 0xDEBE, 0x3FDF, 0xFEE6,
0x1FEF, 0x1FE7, 0x3FE7, 0x5DE7, 0xFFFF, 0xDFFF, 0xFFFF, 0xFFFF, 0xFFFF, 0xDFF7,
0xFFFF, 0xFFFF, 0xFFFF, 0xDFFF, 0xDFFF, 0xFFFF, 0xFFFF, 0xFFFF, 0xFFFF, 0xFFFF,
0xDFFF, 0xFFFF, 0xFFFF, 0xDEFF, 0xFFFF, 0xFFFF, 0xFFFF, 0xDFFF, 0xDFFF, 0xDFFF,
0xFFFF, 0xDFF7, 0xDFF7, 0xBFEF, 0x9EEF, 0x7FDF, 0x3ECF, 0xBDB6, 0xBEA6, 0xDFA6,
0xDFA6, 0xDFA6, 0xDFA6, 0xDFA6, 0xDFA6, 0xDFA6, 0xDFA6, 0xDFA6, 0xDFA6, 0xDFA6,
0xDFA6, 0xDFA6, 0xDFA6, 0xDFA6, 0xDFA6, 0xDFA6, 0xDFA6, 0xDFA6, 0xDFA6, 0xDFA6,
0xDFA6, 0xDFA6, 0xDFA6, 0xDFA6, 0xDFA6, 0xDFA6, 0xDFA6, 0xDFA6, 0xDFA6, 0xDFA6,
0xDFA6, 0xDFA6, 0xDFA6, 0xDFA6, 0xDFA6, 0xDFA6, 0xDFA6, 0xDFA6, 0xDFA6, 0xDFA6,
0xDFA6, 0xDFA6, 0xDFA6, 0xDFA6, 0xDFA6, 0xDFA6, 0xDFA6, 0xDFA6, 0xDFA6, 0xDFA6,
0xDFA6, 0xDFA6, 0xDFA6, 0xDFA6, 0xDFA6, 0xDFA6, 0xDFA6, 0xDFA6, 0xDFA6, 0xDFA6,
0xDFA6, 0xDFA6, 0xDFA6, 0xDFA6, 0xDFA6, 0xDFA6, 0xDFA6, 0xDFA6, 0xDFA6, 0xDFA6,
0xDFA6, 0xDFA6, 0xDFA6, 0xBFA6, 0xDFA6, 0xDFA6, 0xBFA6, 0xDFA6, 0xDFA6, 0xFFA6,
0xDF9E, 0xDFA6, 0xDFA6, 0xDFA6, 0xDFA6, 0xDFA6, 0xDFA6, 0xDFA6, 0xDFA6, 0xDFA6,
0xDFA6, 0xDFA6, 0xDFA6, 0xDFA6, 0xDFA6, 0xDFA6, 0xDFA6, 0xDFA6, 0xDFA6, 0xDFA6,
0xDFA6, 0xDFA6, 0xDFA6, 0xDFA6, 0xDFA6, 0xDFA6, 0xDFA6, 0xDFA6, 0xDFA6, 0xDFA6,
0xBEA6, 0xBEA6, 0xBEA6, 0xBEA6, 0xBEA6, 0xDEA6, 0xFFAE, 0xFFAE, 0xFFAE, 0xFFAE,
0xFFAE, 0xFEAE, 0xFEAE, 0xFEAE, 0xFEAE, 0xFEAE, 0xFEAE, 0xFEAE, 0xFEAE, 0xFEAE,
0xFEAE, 0xFEAE, 0xFEAE, 0xFEAE, 0xFEAE, 0xFEAE, 0xFEAE, 0xFEAE, 0xFEAE, 0xFEAE,
0xFEAE, 0xFEAE, 0xFEAE, 0xFEAE, 0xDFAE, 0xDFAE, 0xDFAE, 0xDFAE, 0xDFAE, 0xDFAE,
0xDFAE, 0xDFAE, 0xDFAE, 0xDFAE, 0xDFAE, 0xDFAE, 0xDFAE, 0xDFAE, 0xDFAE, 0xDFAE,
0xDFAE, 0xDFAE, 0xDFAE, 0xDFAE, 0xDFAE, 0xDFAE, 0xDFAE, 0xDFAE, 0xDFAE, 0xDFAE,
0xDFAE, 0xDFAE, 0xDEAE, 0xDDB6, 0x3DD7, 0x3EE7, 0x7FCF, 0x3FCF, 0xFDBE, 0x9CB6,
0x1EC7, 0x7FE7, 0x9FE7, 0x3DD7, 0xFDD6, 0x9FE7, 0xFFFF, 0xDEFF, 0xDEFF, 0xFFFF,
0xBFEF, 0x7FE7, 0x9FE7, 0x5FD7, 0x3ECF, 0xBFAE, 0xBFAE, 0xDFAE, 0xDEAE, 0xFFB6,
0xDFAE, 0xDFAE, 0xDFAE, 0xDFAE, 0xDFAE, 0xDFAE, 0xDFAE, 0xDFAE, 0xDFAE, 0xDFAE,
0xDFAE, 0xDFAE, 0xDFAE, 0xDFAE, 0xDFAE, 0xDFAE, 0xDFAE, 0xDFAE, 0xDFAE, 0xDFAE,
0xDFAE, 0xDFAE, 0xDFAE, 0xDFAE, 0xDFAE, 0xDFAE, 0xDFAE, 0xBEA6, 0xBEAE, 0xFEBE,
0x7FD7, 0xFFEF, 0xBFE7, 0x9FE7, 0xDFF7, 0xFFFF, 0xDEFF, 0xFEFF, 0xFFFF, 0xDEFF,
0xBDFF, 0xFFF7, 0xFFF7, 0xDFEF, 0xFEBE, 0xBDAE, 0xDEAE, 0xFFAE, 0xFFAE, 0xDEA6,
0xDFAE, 0xDFAE, 0xDFAE, 0xDFAE, 0xDFAE, 0xDFAE, 0xDFAE, 0xDFAE, 0xDFAE, 0xDFAE,
0xDFAE, 0xDFAE, 0xDFAE, 0xDFAE, 0xDFAE, 0xDFAE, 0xDFAE, 0xDFAE, 0xDFAE, 0xDFAE,
0xDFAE, 0xDFAE, 0xDFAE, 0x9EAE, 0xBEA6, 0xFEA6, 0xFEAE, 0xDEBE, 0x5FDF, 0x7EEF,
0xBFFF, 0xBFF7, 0xBFEF, 0x5EEF, 0xFFFF, 0xDEFF, 0xFFFF, 0xFFFF, 0xBFF7, 0x9EEF,
0xBFF7, 0xFFFF, 0xFFFF, 0xFFFF, 0xFFFF, 0xFFFF, 0xFFFF, 0xFFFF, 0xDFF7, 0xFFFF,
0xFFFF, 0xFFFF, 0xDFFF, 0xBEFF, 0xFFFF, 0xFFFF, 0xBFFF, 0x9EF7, 0x9EF7, 0x9EF7,
0xDFEF, 0x7FDF, 0x9FDF, 0x5EDF, 0x3DD7, 0x1EC7, 0xFEBE, 0xBEAE, 0xDFA6, 0xDFA6,
0xDFA6, 0xDFA6, 0xDFA6, 0xDFA6, 0xDFA6, 0xDFA6, 0xDFA6, 0xDFA6, 0xDFA6, 0xDFA6,
0xDFA6, 0xDFA6, 0xDFA6, 0xDFA6, 0xDFA6, 0xDFA6, 0xDFA6, 0xDFA6, 0xDFA6, 0xDFA6,
0xDFA6, 0xDFA6, 0xDFA6, 0xDFA6, 0xDFA6, 0xDFA6, 0xDFA6, 0xDFA6, 0xDFA6, 0xDFA6,
0xDFA6, 0xDFA6, 0xDFA6, 0xDFA6, 0xDFA6, 0xDFA6, 0xDFA6, 0xDFA6, 0xDFA6, 0xDFA6,
0xDFA6, 0xDFA6, 0xDFA6, 0xDFA6, 0xDFA6, 0xDFA6, 0xDFA6, 0xDFA6, 0xDFA6, 0xDFA6,
0xDFA6, 0xDFA6, 0xDFA6, 0xDFA6, 0xDFA6, 0xDFA6, 0xDFA6, 0xDFA6, 0xDFA6, 0xDFA6,
0xDFA6, 0xDFA6, 0xDFA6, 0xDFA6, 0xDFA6, 0xDFA6, 0xDFA6, 0xDFA6, 0xDFA6, 0xDFA6,
0xDFA6, 0xDFA6, 0xDFA6, 0xBFA6, 0xBFA6, 0xBFA6, 0xDFA6, 0xBFA6, 0xDFA6, 0xFFA6,
0xFFA6, 0xDFA6, 0xDFA6, 0xDFA6, 0xDFA6, 0xDFA6, 0xDFA6, 0xDFA6, 0xDFA6, 0xDFA6,
0xDFA6, 0xDFA6, 0xDFA6, 0xDFA6, 0xDFA6, 0xDFA6, 0xDFA6, 0xDFA6, 0xDFA6, 0xDFA6,
0xDFA6, 0xDFA6, 0xDFA6, 0xDFA6, 0xDFA6, 0xDFA6, 0xDFA6, 0xDFA6, 0xDFA6, 0xDFA6,
0xBEA6, 0xBEA6, 0xBEA6, 0xBEA6, 0xBEA6, 0xDEA6, 0xFEAE, 0xFEAE, 0xFEAE, 0xFEAE,
0xFEAE, 0xFEAE, 0xFEAE, 0xFEAE, 0xFEAE, 0xFEAE, 0xFEAE, 0xFEAE, 0xFEAE, 0xFEAE,
0xFEAE, 0xFEAE, 0xFEAE, 0xFEAE, 0xFEAE, 0xFEAE, 0xFEAE, 0xFEAE, 0xFEAE, 0xFEAE,
0xFEAE, 0xFEAE, 0xFEAE, 0xFEAE, 0xDFAE, 0xDFAE, 0xDFAE, 0xDFAE, 0xDFAE, 0xDFAE,
0xDFAE, 0xDFAE, 0xDFAE, 0xDFAE, 0xDFAE, 0xDFAE, 0xDFAE, 0xDFAE, 0xDFAE, 0xDFAE,
0xDFAE, 0xDFAE, 0xDFAE, 0xDFAE, 0xDFAE, 0xDFAE, 0xDFAE, 0xDFAE, 0xDFAE, 0xDFAE,
0xDFAE, 0xDFAE, 0xFEA6, 0xDDAE, 0x3DD7, 0x7EEF, 0x9FDF, 0x5FDF, 0x1ED7, 0xDDCE,
0xDDCE, 0x5EEF, 0xBFF7, 0x7EEF, 0x5DE7, 0xDFFF, 0xDEFF, 0xFFFF, 0xFFFF, 0xDEFF,
0xFFFF, 0xFFFF, 0xDFFF, 0xFFF7, 0x9EEF, 0xDDB6, 0xBEAE, 0xFFA6, 0xFEAE, 0x1FB7,
0xDFAE, 0xDFAE, 0xDFAE, 0xDFAE, 0xDFAE, 0xDFAE, 0xDFAE, 0xDFAE, 0xDFAE, 0xDFAE,
0xDFAE, 0xDFAE, 0xDFAE, 0xDFAE, 0xDFAE, 0xDFAE, 0xDFAE, 0xDFAE, 0xDFAE, 0xDFAE,
0xDFAE, 0xDFAE, 0xDFAE, 0xDFAE, 0xDFAE, 0xDFAE, 0xDFAE, 0xDEAE, 0xFEBE, 0x5FCF,
0xDFEF, 0xFFF7, 0xFFFF, 0xFFFF, 0xFFFF, 0xFFFF, 0xDEFF, 0xFFFF, 0xFFFF, 0xFFFF,
0xFEFF, 0xFFF7, 0xFFFF, 0xFFF7, 0x3ECF, 0x9BB6, 0xDEA6, 0xFEAE, 0xFFAE, 0xFEAE,
0xDFAE, 0xDFAE, 0xDFAE, 0xDFAE, 0xDFAE, 0xDFAE, 0xDFAE, 0xDFAE, 0xDFAE, 0xDFAE,
0xDFAE, 0xDFAE, 0xDFAE, 0xDFAE, 0xDFAE, 0xDFAE, 0xDFAE, 0xDFAE, 0xDFAE, 0xDFAE,
0xDFAE, 0xDFAE, 0xDFAE, 0xBFAE, 0xDEAE, 0xDEAE, 0xFFAE, 0xDEB6, 0x3ED7, 0xBEEF,
0xFFFF, 0xDFFF, 0xFFFF, 0x3DE7, 0xDFFF, 0xFFFF, 0xFFFF, 0xBEF7, 0x5DE7, 0x1CDF,
0x5DE7, 0xBEF7, 0xBFF7, 0xBFF7, 0x9FEF, 0xBFF7, 0xBFF7, 0xBFF7, 0x7EEF, 0x9EEF,
0x9FEF, 0x7FE7, 0x7FE7, 0x5EE7, 0x9FE7, 0x9FE7, 0x7EEF, 0x5EE7, 0x5EE7, 0x5EE7,
0x7FD7, 0x1EC7, 0x1ECF, 0xFEC6, 0xDDBE, 0xDEAE, 0xDEAE, 0xDFAE, 0xFFA6, 0xDFA6,
0xDFA6, 0xDFA6, 0xDFA6, 0xDFA6, 0xDEA6, 0xDEA6, 0xDEA6, 0xDEA6, 0xDEA6, 0xDEA6,
0xDEA6, 0xDEA6, 0xDEA6, 0xDEA6, 0xDEA6, 0xDEA6, 0xDEA6, 0xDEA6, 0xDFA6, 0xDFA6,
0xDFA6, 0xDFA6, 0xDFA6, 0xDFA6, 0xDFA6, 0xDFA6, 0xDFA6, 0xDFA6, 0xDFA6, 0xDFA6,
0xDFA6, 0xDFA6, 0xDFA6, 0xDFA6, 0xDFA6, 0xDFA6, 0xDFA6, 0xDFA6, 0xDFA6, 0xDFA6,
0xDFA6, 0xDFA6, 0xDFA6, 0xDFA6, 0xDFA6, 0xDFA6, 0xDFA6, 0xDFA6, 0xDFA6, 0xDFA6,
0xDFA6, 0xDFA6, 0xDFA6, 0xDFA6, 0xDFA6, 0xDFA6, 0xDFA6, 0xDFA6, 0xDFA6, 0xDFA6,
0xDFA6, 0xDFA6, 0xDFA6, 0xDFA6, 0xDFA6, 0xDFA6, 0xDFA6, 0xDFA6, 0xDFA6, 0xDFA6,
0xDFA6, 0xDFA6, 0xDFA6, 0xDFAE, 0xBEA6, 0xBEA6, 0xFFB6, 0xBFAE, 0xBEA6, 0xBDA6,
0xBEA6, 0xDFA6, 0xDFA6, 0xDFA6, 0xDFA6, 0xDFA6, 0xDFA6, 0xDFA6, 0xDFA6, 0xDFA6,
0xDFA6, 0xDFA6, 0xDFA6, 0xDFA6, 0xDFA6, 0xDFA6, 0xDFA6, 0xDFA6, 0xDFA6, 0xDFA6,
0xDFA6, 0xDFA6, 0xDFA6, 0xDFA6, 0xDFA6, 0xDFA6, 0xDFA6, 0xDFA6, 0xDFA6, 0xDFA6,
0xDFA6, 0xDFA6, 0xDFA6, 0xDFA6, 0xDFA6, 0xDFA6, 0xFEAE, 0xFEAE, 0xFEAE, 0xFEAE,
0xFEAE, 0xFEAE, 0xFEAE, 0xFEAE, 0xFEAE, 0xFEAE, 0xFEAE, 0xFEAE, 0xFEAE, 0xFEAE,
0xFEAE, 0xFEAE, 0xFEAE, 0xFEAE, 0xFEAE, 0xFEAE, 0xFEAE, 0xFEAE, 0xFEAE, 0xFEAE,
0xFEAE, 0xFEAE, 0xFEAE, 0xFEAE, 0xDFAE, 0xDFAE, 0xDFAE, 0xDFAE, 0xDFAE, 0xDFAE,
0xDFAE, 0xDFAE, 0xDFAE, 0xDFAE, 0xDFAE, 0xDFAE, 0xDFAE, 0xDFAE, 0xDFAE, 0xDFAE,
0xDFAE, 0xDFAE, 0xDFAE, 0xDFAE, 0xDFAE, 0xDFAE, 0xDFAE, 0xDFAE, 0xDFAE, 0xDFAE,
0xDFAE, 0xDFAE, 0xFFB6, 0xDEB6, 0x7FD7, 0xFFF7, 0x7FE7, 0x5EE7, 0x5EE7, 0x5EE7,
0x3EDF, 0x3DE7, 0x7EEF, 0x9FF7, 0x9EF7, 0xFFFF, 0xDFF7, 0xFFFF, 0xFFFF, 0xFFFF,
0xFFFF, 0xFFFF, 0xDEFF, 0xFFFF, 0xDFF7, 0x1DC7, 0xDDBE, 0xDDAE, 0xBDA6, 0xDDAE,
0xDFAE, 0xDFAE, 0xDFAE, 0xDFAE, 0xDFAE, 0xDFAE, 0xDFAE, 0xDFAE, 0xDFAE, 0xDFAE,
0xDFAE, 0xDFAE, 0xDFAE, 0xDFAE, 0xDFAE, 0xDFAE, 0xDFAE, 0xDFAE, 0xDFAE, 0xDFAE,
0xDFAE, 0xDFAE, 0xDFAE, 0xDFAE, 0xDFAE, 0xDFAE, 0xDFAE, 0xDEB6, 0x3FC7, 0x9FDF,
0xFFF7, 0xFFFF, 0xFFFF, 0xFFFF, 0xFFFF, 0xFFFF, 0xDFFF, 0xDFFF, 0xDFF7, 0xDFF7,
0xFFFF, 0xFFFF, 0xFFFF, 0xFFFF, 0x9EE7, 0x3DCF, 0xDEAE, 0xDEAE, 0xDEAE, 0xFFAE,
0xDFAE, 0xDFAE, 0xDFAE, 0xDFAE, 0xDFAE, 0xDFAE, 0xDFAE, 0xDFAE, 0xDFAE, 0xDFAE,
0xDFAE, 0xDFAE, 0xDFAE, 0xDFAE, 0xDFAE, 0xDFAE, 0xDFAE, 0xDFAE, 0xDFAE, 0xDFAE,
0xDFAE, 0xDFAE, 0xDFAE, 0xDFA6, 0xDFAE, 0xDFAE, 0xDFAE, 0xDFAE, 0xBFB6, 0x3FC7,
0x3EC7, 0x1ECF, 0x3EDF, 0x1DDF, 0x9FEF, 0xBFF7, 0xDFFF, 0x5DE7, 0x1CDF, 0x1CDF,
0x1CDF, 0x5DE7, 0x5EE7, 0x3EE7, 0x3EDF, 0x5EE7, 0x5EE7, 0x5EE7, 0x3EE7, 0x5EE7,
0x3DDF, 0x1DE7, 0x3EE7, 0x3DE7, 0x3DDF, 0x1DDF, 0x3ECF, 0x1ECF, 0x1ECF, 0x1ECF,
0x1FBF, 0xDEB6, 0xDEB6, 0xBEB6, 0x9DAE, 0xBEAE, 0xDEAE, 0xFFAE, 0xFFAE, 0xDFA6,
0xDFA6, 0xDFA6, 0xDFA6, 0xDFA6, 0xDEA6, 0xDEA6, 0xDEA6, 0xDEA6, 0xDEA6, 0xDFAE,
0xDFAE, 0xDFAE, 0xDFAE, 0xDFAE, 0xDFAE, 0xDFAE, 0xDFAE, 0xDFAE, 0xDFA6, 0xDFA6,
0xDFA6, 0xDFA6, 0xDFA6, 0xDFA6, 0xDFA6, 0xDFA6, 0xDFA6, 0xDFA6, 0xDFA6, 0xDFA6,
0xDFA6, 0xDFA6, 0xDFA6, 0xDFA6, 0xDFA6, 0xDFA6, 0xDFA6, 0xDFA6, 0xDFA6, 0xDFA6,
0xDFA6, 0xDFA6, 0xDFA6, 0xDFA6, 0xDFA6, 0xDFA6, 0xDFA6, 0xDFA6, 0xDFA6, 0xDFA6,
0xDFA6, 0xDFA6, 0xDFA6, 0xDFA6, 0xDFA6, 0xDFA6, 0xDFA6, 0xDFA6, 0xDFA6, 0xDFA6,
0xDFA6, 0xDFA6, 0xDFA6, 0xDFA6, 0xDFA6, 0xDFA6, 0xDFA6, 0xDFA6, 0xDFA6, 0xDFA6,
0xDFA6, 0xDFA6, 0xDFA6, 0xBEAE, 0x9DA6, 0x9DA6, 0xBEAE, 0xBEAE, 0x1EBF, 0x5FC7,
0x3EC7, 0xFEAE, 0xDFA6, 0xDFA6, 0xDFA6, 0xDFA6, 0xDFA6, 0xDFA6, 0xDFA6, 0xDFA6,
0xDFA6, 0xDFA6, 0xDFA6, 0xDFA6, 0xDFA6, 0xDFA6, 0xDFA6, 0xDFA6, 0xDFA6, 0xDFA6,
0xDFA6, 0xDFA6, 0xDFA6, 0xDFA6, 0xDFA6, 0xDFA6, 0xDFA6, 0xDFA6, 0xDFA6, 0xDFA6,
0xDFA6, 0xDFA6, 0xDFA6, 0xDFA6, 0xDFA6, 0xBFA6, 0xFEAE, 0xFEAE, 0xFEAE, 0xFEAE,
0xFEAE, 0xFEAE, 0xFEAE, 0xFEAE, 0xFEAE, 0xFEAE, 0xFEAE, 0xFEAE, 0xFEAE, 0xFEAE,
0xFEAE, 0xFEAE, 0xFEAE, 0xFEAE, 0xFEAE, 0xFEAE, 0xFEAE, 0xFEAE, 0xFEAE, 0xFEAE,
0xFEAE, 0xFEAE, 0xFEAE, 0xFEAE, 0xDFAE, 0xDFAE, 0xDFAE, 0xDFAE, 0xDFAE, 0xDFAE,
0xDFAE, 0xDFAE, 0xDFAE, 0xDFAE, 0xDFAE, 0xDFAE, 0xDFAE, 0xDFAE, 0xDFAE, 0xDFAE,
0xDFAE, 0xDFAE, 0xDFAE, 0xDFAE, 0xDFAE, 0xDFAE, 0xDFAE, 0xDFAE, 0xDFAE, 0xDFAE,
0xDFAE, 0xDFAE, 0xBEAE, 0xBEAE, 0xFEBE, 0xDFEF, 0x7EEF, 0x7EEF, 0x3DE7, 0x3DE7,
0x5EEF, 0x5DE7, 0x3DE7, 0x9FEF, 0x9FEF, 0xDFFF, 0xFFFF, 0xDFFF, 0xDFFF, 0xFFFF,
0xFFFF, 0xFFFF, 0xDEFF, 0xFFFF, 0xDFF7, 0xDFF7, 0x9FE7, 0x7FD7, 0xFEB6, 0xDEB6,
0xDFAE, 0xDFAE, 0xDFAE, 0xDFAE, 0xDFAE, 0xDFAE, 0xDFAE, 0xDFAE, 0xDFAE, 0xDFAE,
0xDFAE, 0xDFAE, 0xDFAE, 0xDFAE, 0xDFAE, 0xDFAE, 0xDFAE, 0xDFAE, 0xDFAE, 0xDFAE,
0xDFAE, 0xDFAE, 0xDFAE, 0xDFAE, 0xDFAE, 0xDFAE, 0xDFAE, 0xBDB6, 0x5ECF, 0xDFE7,
0xFFFF, 0xFEFF, 0xDFFF, 0xDEFF, 0xFFFF, 0xFFFF, 0xFFFF, 0xFFFF, 0xFFFF, 0xFFFF,
0xFFFF, 0xFFFF, 0xFFFF, 0xFFFF, 0xFFF7, 0xDEEF, 0xFFAE, 0xDEAE, 0xDEAE, 0xDEAE,
0xDFAE, 0xDFAE, 0xDFAE, 0xDFAE, 0xDFAE, 0xDFAE, 0xDFAE, 0xDFAE, 0xDFAE, 0xDFAE,
0xDFAE, 0xDFAE, 0xDFAE, 0xDFAE, 0xDFAE, 0xDFAE, 0xDFAE, 0xDFAE, 0xDFAE, 0xDFAE,
0xDFAE, 0xDFAE, 0xDFAE, 0xFFA6, 0xDEAE, 0xDEAE, 0xFEA6, 0xFEA6, 0xFFA6, 0xFEA6,
0xFE9E, 0xFDAE, 0x1DBF, 0x1EDF, 0x5EE7, 0x5EE7, 0x5DE7, 0x5DE7, 0x3DE7, 0x3DE7,
0x3DE7, 0x5DE7, 0x3EDF, 0x3DDF, 0x1DDF, 0x3EDF, 0x5EE7, 0x5EE7, 0x3EDF, 0x5EE7,
0x3EDF, 0x1DDF, 0x3EDF, 0x3DDF, 0x3EDF, 0x3DD7, 0xFFBE, 0xDEB6, 0xDEB6, 0xFEB6,
0xFFAE, 0xBEA6, 0xDEAE, 0xDEAE, 0xBEAE, 0xDFAE, 0xDFAE, 0xDFAE, 0xDEAE, 0xDFA6,
0xDFA6, 0xDFA6, 0xDFA6, 0xDFA6, 0xDEA6, 0xDEA6, 0xDEA6, 0xDEA6, 0xDEA6, 0xDEAE,
0xDEAE, 0xDEAE, 0xDEAE, 0xDEAE, 0xDEAE, 0xDEAE, 0xDEAE, 0xDEAE, 0xDFA6, 0xDFA6,
0xDFA6, 0xDFA6, 0xDFA6, 0xDFA6, 0xDFA6, 0xDFA6, 0xDFA6, 0xDFA6, 0xDFA6, 0xDFA6,
0xDFA6, 0xDFA6, 0xDFA6, 0xDFA6, 0xDFA6, 0xDFA6, 0xDFA6, 0xDFA6, 0xDFA6, 0xDFA6,
0xDFA6, 0xDFA6, 0xDFA6, 0xDFA6, 0xDFA6, 0xDFA6, 0xDFA6, 0xDFA6, 0xDFA6, 0xDFA6,
0xDFA6, 0xDFA6, 0xDFA6, 0xDFA6, 0xDFA6, 0xDFA6, 0xDFA6, 0xDFA6, 0xDFA6, 0xDFA6,
0xDFA6, 0xDFA6, 0xDFA6, 0xDFA6, 0xDFA6, 0xDFA6, 0xDFA6, 0xDFA6, 0xDFA6, 0xDFA6,
0xDFA6, 0xDFA6, 0xDFA6, 0xBDAE, 0xFEB6, 0xFEB6, 0xBDAE, 0x3FBF, 0xDFEF, 0xFFF7,
0xBFF7, 0x3EC7, 0xDFA6, 0xDFA6, 0xDFA6, 0xDFA6, 0xDFA6, 0xDFA6, 0xDFA6, 0xDFA6,
0xDFA6, 0xDFA6, 0xDFA6, 0xDFA6, 0xDFA6, 0xDFA6, 0xDFA6, 0xDFA6, 0xDFA6, 0xDFA6,
0xDFA6, 0xDFA6, 0xDFA6, 0xDFA6, 0xDFA6, 0xDFA6, 0xDFA6, 0xDFA6, 0xDFA6, 0xDFA6,
0xDFA6, 0xDFA6, 0xDFA6, 0xDFA6, 0xDFA6, 0xDFA6, 0xFEAE, 0xFEAE, 0xFEAE, 0xFEAE,
0xFEAE, 0xFEAE, 0xFEAE, 0xFEAE, 0xFEAE, 0xFEAE, 0xFEAE, 0xFEAE, 0xFEAE, 0xFEAE,
0xFEAE, 0xFEAE, 0xFEAE, 0xFEAE, 0xFEAE, 0xFEAE, 0xFEAE, 0xFEAE, 0xFEAE, 0xFEAE,
0xFEAE, 0xFEAE, 0xFEAE, 0xFEAE, 0xDFAE, 0xDFAE, 0xDFAE, 0xDFAE, 0xDFAE, 0xDFAE,
0xDFAE, 0xDFAE, 0xDFAE, 0xDFAE, 0xDFAE, 0xDFAE, 0xDFAE, 0xDFAE, 0xDFAE, 0xDFAE,
0xDFAE, 0xDFAE, 0xDFAE, 0xDFAE, 0xDFAE, 0xDFAE, 0xDFAE, 0xDFAE, 0xDFAE, 0xDFAE,
0xDFAE, 0xDFAE, 0x3FB7, 0x3FAF, 0x9EA6, 0x5ED7, 0xFFFF, 0xFFFF, 0x5DEF, 0x3DE7,
0x9EF7, 0xDFF7, 0x5EE7, 0x7FEF, 0x7FEF, 0x7FEF, 0xDFFF, 0xDFFF, 0xDFFF, 0xFFFF,
0xFEFF, 0xFEFF, 0xFFFF, 0xFFFF, 0xDEFF, 0xBFFF, 0xBFFF, 0xFFFF, 0x1FC7, 0xDFB6,
0xDFAE, 0xDFAE, 0xDFAE, 0xDFAE, 0xDFAE, 0xDFAE, 0xDFAE, 0xDFAE, 0xDFAE, 0xDFAE,
0xDFAE, 0xDFAE, 0xDFAE, 0xDFAE, 0xDFAE, 0xDFAE, 0xDFAE, 0xDFAE, 0xDFAE, 0xDFAE,
0xDFAE, 0xDFAE, 0xDFAE, 0xDFAE, 0xDFAE, 0xDFAE, 0xDFAE, 0xBDB6, 0x7FDF, 0xFFEF,
0xFEFF, 0xFDFF, 0xFFFF, 0xFFFF, 0xFFFF, 0xFFFF, 0xFFFF, 0xFFFF, 0xDFFF, 0xFFFF,
0xDEFF, 0xFFFF, 0xDFFF, 0xFFFF, 0xFFFF, 0xFFFF, 0x1FB7, 0xDEAE, 0xBDA6, 0xDEAE,
0xDFAE, 0xDFAE, 0xDFAE, 0xDFAE, 0xDFAE, 0xDFAE, 0xDFAE, 0xDFAE, 0xDFAE, 0xDFAE,
0xDFAE, 0xDFAE, 0xDFAE, 0xDFAE, 0xDFAE, 0xDFAE, 0xDFAE, 0xDFAE, 0xDFAE, 0xDFAE,
0xDFAE, 0xDFAE, 0xDFAE, 0xDFA6, 0xDEAE, 0xFEAE, 0x1EA7, 0x1DAF, 0xFFB6, 0xBEAE,
0xDFA6, 0xFFB6, 0xFFBE, 0x3EDF, 0x3EDF, 0x1DDF, 0x5EE7, 0x3CE7, 0x3DE7, 0x3DE7,
0x3DE7, 0x3CE7, 0x3EDF, 0x1DDF, 0x1DDF, 0x3EDF, 0x3EDF, 0x3EDF, 0xFDD6, 0xFDD6,
0x1DDF, 0xFFB6, 0xDEB6, 0xBDA6, 0x1FB7, 0x1FB7, 0xFEAE, 0xDEA6, 0xDEA6, 0xDEA6,
0xDFAE, 0xBEA6, 0xDFAE, 0xDFAE, 0xDFAE, 0xFFAE, 0xDFAE, 0xBEAE, 0xBEAE, 0xDFA6,
0xDFA6, 0xDFA6, 0xDFA6, 0xDFA6, 0xDEA6, 0xDEA6, 0xDEA6, 0xDEA6, 0xDEA6, 0xDEAE,
0xDEAE, 0xDEAE, 0xDEAE, 0xDEAE, 0xDEAE, 0xDEAE, 0xDEAE, 0xDEAE, 0xDFA6, 0xDFA6,
0xDFA6, 0xDFA6, 0xDFA6, 0xDFA6, 0xDFA6, 0xDFA6, 0xDFA6, 0xDFA6, 0xDFA6, 0xDFA6,
0xDFA6, 0xDFA6, 0xDFA6, 0xDFA6, 0xDFA6, 0xDFA6, 0xDFA6, 0xDFA6, 0xDFA6, 0xDFA6,
0xDFA6, 0xDFA6, 0xDFA6, 0xDFA6, 0xDFA6, 0xDFA6, 0xDFA6, 0xDFA6, 0xDFA6, 0xDFA6,
0xDFA6, 0xDFA6, 0xDFA6, 0xDFA6, 0xDFA6, 0xDFA6, 0xDFA6, 0xDFA6, 0xDFA6, 0xDFA6,
0xDFA6, 0xDFA6, 0xDFA6, 0xDFA6, 0xDFA6, 0xDFA6, 0xDFA6, 0xDFA6, 0xDFA6, 0xDFA6,
0xDFA6, 0xDFA6, 0xDFA6, 0x3FBF, 0xDFD7, 0xBFCF, 0x1EBF, 0xFFDF, 0xFFFF, 0xDEFF,
0xBEFF, 0xFFEF, 0xDFA6, 0xDFA6, 0xDFA6, 0xDFA6, 0xDFA6, 0xDFA6, 0xDFA6, 0xDFA6,
0xDFA6, 0xDFA6, 0xDFA6, 0xDFA6, 0xDFA6, 0xDFA6, 0xDFA6, 0xDFA6, 0xDFA6, 0xDFA6,
0xDFA6, 0xDFA6, 0xDFA6, 0xDFA6, 0xDFA6, 0xDFA6, 0xDFA6, 0xDFA6, 0xDFA6, 0xDFA6,
0xDFA6, 0xDFA6, 0xDFA6, 0xDFA6, 0xDFA6, 0xDFA6, 0xFFB6, 0xFFB6, 0xFFB6, 0xFFB6,
0xFFB6, 0xFEB6, 0xFEB6, 0xFEB6, 0xFEB6, 0xFEB6, 0xFEB6, 0xFEB6, 0xFEB6, 0xFEB6,
0xFEB6, 0xFEB6, 0xFEB6, 0xFEB6, 0xFEB6, 0xFEB6, 0xFEB6, 0xFEB6, 0xFEB6, 0xFEB6,
0xFEB6, 0xFEB6, 0xFEB6, 0xFEB6, 0xFEB6, 0xFEB6, 0xFEB6, 0xFEB6, 0xFEB6, 0xFEB6,
0xFEB6, 0xFEB6, 0xFEB6, 0xFEB6, 0xFEB6, 0xFEB6, 0xFEB6, 0xFEB6, 0xFEB6, 0xFEB6,
0xFEB6, 0xFEB6, 0xFEB6, 0xFFAE, 0xFFAE, 0xFFAE, 0xFFAE, 0xFEAE, 0xFEAE, 0xFEAE,
0xFEAE, 0xFEAE, 0xFEAE, 0xFEAE, 0xFEAE, 0xFEAE, 0x7CBE, 0x5FD7, 0x7FE7, 0xDFFF,
0xDFFF, 0xDFFF, 0xFFFF, 0xFFFF, 0xDFFF, 0xBEF7, 0xBEF7, 0xFFFF, 0xFFFF, 0xFFFF,
0xFFFF, 0xFFFF, 0xFFFF, 0xFFFF, 0xFFFF, 0xFFFF, 0xFFFF, 0xFFFF, 0xBEF7, 0x3CE7,
0xDCAE, 0xDEAE, 0xFFB6, 0xDEAE, 0xFEAE, 0xFEAE, 0xFEAE, 0xFEAE, 0xFEAE, 0xFEAE,
0xFEAE, 0xFEAE, 0xFEAE, 0xFEAE, 0xFEAE, 0xFEAE, 0xFEAE, 0xFEAE, 0xFEAE, 0xFEAE,
0xFEAE, 0xFEAE, 0xFEAE, 0xFFAE, 0xDFAE, 0xFFAE, 0xDFAE, 0xBCBE, 0xBEEF, 0xFFFF,
0xFFFF, 0xFFFF, 0xFFFF, 0xFFFF, 0xFFFF, 0xFFFF, 0xFFFF, 0xFFFF, 0xFFFF, 0xFFFF,
0xFFFF, 0xFFFF, 0xFFFF, 0xFFFF, 0xFFFF, 0xFFFF, 0x3DCF, 0xDDA6, 0xDFAE, 0xDFAE,
0xDEAE, 0xBEA6, 0xDEAE, 0x3FB7, 0xDEA6, 0xFEBE, 0x3FC7, 0xBDAE, 0x1FAF, 0xDEAE,
0xFFAE, 0xFFB6, 0xDEAE, 0xDEAE, 0xFEAE, 0xFEAE, 0xFEAE, 0xFEAE, 0xFEAE, 0xFEAE,
0xFEAE, 0xFEAE, 0xFEAE, 0xFEAE, 0xFEAE, 0xFEAE, 0xFEAE, 0xFEAE, 0xFEAE, 0xFEAE,
0xFEAE, 0xFEAE, 0xFEAE, 0x1FBF, 0xFEC6, 0xFFEF, 0xFFF7, 0xFFFF, 0xDFFF, 0x7EEF,
0x5DEF, 0x7EEF, 0xFEAE, 0xFEAE, 0xFEAE, 0xFEAE, 0xFEAE, 0xFEAE, 0xFEAE, 0xFEAE,
0xFEAE, 0xFEAE, 0xFEAE, 0xFEAE, 0xFEAE, 0xFEAE, 0xFEAE, 0xFEAE, 0xFEAE, 0xFEAE,
0xFEAE, 0xFEAE, 0xFEAE, 0xFEAE, 0xFEAE, 0xFEAE, 0xFEAE, 0xFEAE, 0xFEAE, 0xFEAE,
0xFEAE, 0xFEAE, 0xFEAE, 0xFEAE, 0xFEAE, 0xFEAE, 0xFEAE, 0xFEAE, 0xFEAE, 0xDEAE,
0xDEAE, 0xDEAE, 0xDEAE, 0xDEAE, 0xDEAE, 0xDEAE, 0xDEAE, 0xDEAE, 0xDFAE, 0xDFAE,
0xDFAE, 0xDFAE, 0xDFAE, 0xDFAE, 0xDFAE, 0xDFAE, 0xDFAE, 0xDFAE, 0xDFAE, 0xDFAE,
0xDFAE, 0xDFAE, 0xDFAE, 0xDFAE, 0xDFAE, 0xDFAE, 0xDFAE, 0xDFAE, 0xDFAE, 0xDFAE,
0xDFAE, 0xDFAE, 0xDFAE, 0xDFAE, 0xDFAE, 0xDFAE, 0xDFAE, 0xDFAE, 0xDFAE, 0xDFAE,
0xDFAE, 0xDFAE, 0xDFAE, 0xDFAE, 0xDFAE, 0xDFAE, 0xDFAE, 0xDFAE, 0xDFAE, 0xDFAE,
0xDFAE, 0xDFAE, 0xDFAE, 0xDFAE, 0xDFAE, 0xDFAE, 0xDFAE, 0xDFAE, 0xDFAE, 0xBF9E,
0x1FAF, 0xDEAE, 0x5DD7, 0xFFFF, 0xFFFF, 0xFFFF, 0xFFFF, 0xFFFF, 0xFFFF, 0xFFFF,
0xFFFF, 0xFFFF, 0x9FDF, 0xFCBE, 0xFDA6, 0xDFA6, 0x9F9E, 0xFFA6, 0xBEA6, 0xBEAE,
0xBEAE, 0xBDAE, 0xBEAE, 0xDFAE, 0xDFAE, 0xBF9E, 0xDFAE, 0xBFAE, 0xBFAE, 0xDFAE,
0xBFAE, 0xDFAE, 0xDFAE, 0xDFAE, 0xDFAE, 0xDFAE, 0xDFAE, 0xDFAE, 0xDFAE, 0xDFAE,
0xDFAE, 0xDFAE, 0xDFAE, 0xDFAE, 0xDFAE, 0xDFAE, 0xFFB6, 0xFFB6, 0xFFB6, 0xFFB6,
0xFFB6, 0xFEB6, 0xFEB6, 0xFEB6, 0xFEB6, 0xFEB6, 0xFEB6, 0xFEB6, 0xFEB6, 0xFEB6,
0xFEB6, 0xFEB6, 0xFEB6, 0xFEB6, 0xFEB6, 0xFEB6, 0xFEB6, 0xFEB6, 0xFEB6, 0xFEB6,
0xFEB6, 0xFEB6, 0xFEB6, 0xFEB6, 0xFEB6, 0xFEB6, 0xFEB6, 0xFEB6, 0xFEB6, 0xFEB6,
0xFEB6, 0xFEB6, 0xFEB6, 0xFEB6, 0xFEB6, 0xFEB6, 0xFEB6, 0xFEB6, 0xFEB6, 0xFEB6,
0xFEB6, 0xFEB6, 0xFEB6, 0xFEAE, 0xFEAE, 0xFEAE, 0xFEAE, 0xFEAE, 0xFEAE, 0xFEAE,
0xFEAE, 0xFEAE, 0xFEAE, 0xFEAE, 0xFEAE, 0xFEAE, 0x3FCF, 0x7FD7, 0x1DD7, 0x9FF7,
0xBFFF, 0xDFFF, 0xFFFF, 0xFFFF, 0xFFFF, 0xFFFF, 0xFFFF, 0xFFFF, 0xFFFF, 0xFFFF,
0xFFFF, 0xFFFF, 0xFFFF, 0xFFFF, 0xFFFF, 0xFFFF, 0xDFFF, 0xDFFF, 0xFFFF, 0xDEF7,
0xFDBE, 0xDEAE, 0xFFB6, 0xDEAE, 0xFEAE, 0xFEAE, 0xFEAE, 0xFEAE, 0xFEAE, 0xFEAE,
0xFEAE, 0xFEAE, 0xFEAE, 0xFEAE, 0xFEAE, 0xFEAE, 0xFEAE, 0xFEAE, 0xFEAE, 0xFEAE,
0xFEAE, 0xFEAE, 0xFEAE, 0xDEAE, 0xDEB6, 0xBEB6, 0xBEB6, 0xDDC6, 0xBFEF, 0xFFFF,
0xFFFF, 0xFFFF, 0xFFFF, 0xFFFF, 0xFFFF, 0xFFFF, 0xFFFF, 0xFFFF, 0xFFFF, 0xFFFF,
0xFFFF, 0xFFFF, 0xFFFF, 0xFFFF, 0xFFFF, 0xFFFF, 0x7FDF, 0xDDB6, 0xDEB6, 0xDEB6,
0xDDB6, 0x7FCF, 0x5EC7, 0xDDB6, 0xBFD7, 0xFFF7, 0xFFF7, 0xBFE7, 0x1EBF, 0x1FB7,
0xFFAE, 0xDEA6, 0xDFAE, 0xDEA6, 0xFEAE, 0xFEAE, 0xFEAE, 0xFEAE, 0xFEAE, 0xFEAE,
0xFEAE, 0xFEAE, 0xFEAE, 0xFEAE, 0xFEAE, 0xFEAE, 0xFEAE, 0xFEAE, 0xFEAE, 0xFEAE,
0xFEAE, 0xFEAE, 0xFEAE, 0xDEA6, 0xDDAE, 0xDDB6, 0x1DBF, 0xDFE7, 0xDFE7, 0x9FDF,
0x5ED7, 0xBBBE, 0xFEAE, 0xFEAE, 0xFEAE, 0xFEAE, 0xFEAE, 0xFEAE, 0xFEAE, 0xFEAE,
0xFEAE, 0xFEAE, 0xFEAE, 0xFEAE, 0xFEAE, 0xFEAE, 0xFEAE, 0xFEAE, 0xFEAE, 0xFEAE,
0xFEAE, 0xFEAE, 0xFEAE, 0xFEAE, 0xFEAE, 0xFEAE, 0xFEAE, 0xFEAE, 0xFEAE, 0xFEAE,
0xFEAE, 0xFEAE, 0xFEAE, 0xFEAE, 0xFEAE, 0xFEAE, 0xFEAE, 0xFEAE, 0xFEAE, 0xDEAE,
0xDEAE, 0xDEAE, 0xDEAE, 0xDEAE, 0xDEAE, 0xDEAE, 0xDEAE, 0xDEAE, 0xDFAE, 0xDFAE,
0xDFAE, 0xDFAE, 0xDFAE, 0xDFAE, 0xDFAE, 0xDFAE, 0xDFAE, 0xDFAE, 0xDFAE, 0xDFAE,
0xDFAE, 0xDFAE, 0xDFAE, 0xDFAE, 0xDFAE, 0xDFAE, 0xDFAE, 0xDFAE, 0xDFAE, 0xDFAE,
0xDFAE, 0xDFAE, 0xDFAE, 0xDFAE, 0xDFAE, 0xDFAE, 0xDFAE, 0xDFAE, 0xDFAE, 0xDFAE,
0xDFAE, 0xDFAE, 0xDFAE, 0xDFAE, 0xDFAE, 0xDFAE, 0xDFAE, 0xDFAE, 0xDFAE, 0xDFAE,
0xDFAE, 0xDFAE, 0xDFAE, 0xDFAE, 0xDFAE, 0xDFAE, 0xDFAE, 0xDFAE, 0xDFAE, 0xFFAE,
0xDEAE, 0xFEB6, 0xFFEF, 0xFFFF, 0xFFFF, 0xFFFF, 0xFFFF, 0xFFFF, 0xFFFF, 0xFFFF,
0xFFFF, 0xFFFF, 0xFFF7, 0xBFE7, 0xFDB6, 0xFFAE, 0xFFAE, 0xDEA6, 0xFFA6, 0xFFA6,
0xDFA6, 0xDFA6, 0xDDAE, 0x9DA6, 0xBEAE, 0xFFA6, 0xFFAE, 0xDEA6, 0xDFA6, 0xFFAE,
0xDEA6, 0xDFAE, 0xDFAE, 0xDFAE, 0xDFAE, 0xDFAE, 0xDFAE, 0xDFAE, 0xDFAE, 0xDFAE,
0xDFAE, 0xDFAE, 0xDFAE, 0xDFAE, 0xDFAE, 0xDFAE, 0xFFB6, 0xFFB6, 0xFFB6, 0xFFB6,
0xFFB6, 0xFEB6, 0xFEB6, 0xFEB6, 0xFEB6, 0xFEB6, 0xFEB6, 0xFEB6, 0xFEB6, 0xFEB6,
0xFEB6, 0xFEB6, 0xFEB6, 0xFEB6, 0xFEB6, 0xFEB6, 0xFEB6, 0xFEB6, 0xFEB6, 0xFEB6,
0xFEB6, 0xFEB6, 0xFEB6, 0xFEB6, 0xFEB6, 0xFEB6, 0xFEB6, 0xFEB6, 0xFEB6, 0xFEB6,
0xFEB6, 0xFEB6, 0xFEB6, 0xFEB6, 0xFEB6, 0xFEB6, 0xFEB6, 0xFEB6, 0xFEB6, 0xFEB6,
0xFEB6, 0xFEB6, 0xFEB6, 0xFEAE, 0xFEAE, 0xFEAE, 0xFEAE, 0xFEAE, 0xFEAE, 0xFEAE,
0xFEAE, 0xFEAE, 0xFEAE, 0xFEAE, 0xFEAE, 0xFEAE, 0x3FCF, 0x7FD7, 0x3ED7, 0x9EEF,
0x9EF7, 0xFFFF, 0xFFFF, 0xFFFF, 0xFFFF, 0xFFFF, 0xFFFF, 0xFFFF, 0xFFFF, 0xFFFF,
0xFFFF, 0xFFFF, 0xFFFF, 0xFFFF, 0xFFFF, 0xFFFF, 0xFFFF, 0xDFFF, 0xFFFF, 0xFFFF,
0x1EC7, 0xFEAE, 0xFFB6, 0xFEAE, 0xFEAE, 0xFEAE, 0xFEAE, 0xFEAE, 0xFEAE, 0xFEAE,
0xFEAE, 0xFEAE, 0xFEAE, 0xFEAE, 0xFEAE, 0xFEAE, 0xFEAE, 0xFEAE, 0xFEAE, 0xFEAE,
0xFEAE, 0xFEAE, 0xFEAE, 0xFEB6, 0x3FC7, 0x3FCF, 0x3FCF, 0x1DCF, 0xDFEF, 0xFFFF,
0xFFFF, 0xFFFF, 0xFFFF, 0xFFFF, 0xFFFF, 0xFFFF, 0xFFFF, 0xFFFF, 0xFFFF, 0xFFFF,
0xFFFF, 0xFFFF, 0xFFFF, 0xFFFF, 0xFFFF, 0xFFFF, 0xBFEF, 0x7FD7, 0x7FD7, 0x5ECF,
0x5DD7, 0xFFEF, 0xDFE7, 0x5DD7, 0xFFEF, 0xDFF7, 0xFFFF, 0xFFFF, 0x5ED7, 0x1FB7,
0xFFB6, 0xDEAE, 0xDEAE, 0xBEAE, 0xFEAE, 0xFEAE, 0xFEAE, 0xFEAE, 0xFEAE, 0xFEAE,
0xFEAE, 0xFEAE, 0xFEAE, 0xFEAE, 0xFEAE, 0xFEAE, 0xFEAE, 0xFEAE, 0xFEAE, 0xFEAE,
0xFEAE, 0xFEAE, 0xFEAE, 0xDE9E, 0x3FAF, 0xFDAE, 0xDDAE, 0xBEAE, 0xFFB6, 0xFFB6,
0xDEAE, 0xBEAE, 0xFEAE, 0xFEAE, 0xFEAE, 0xFEAE, 0xFEAE, 0xFEAE, 0xFEAE, 0xFEAE,
0xFEAE, 0xFEAE, 0xFEAE, 0xFEAE, 0xFEAE, 0xFEAE, 0xFEAE, 0xFEAE, 0xFEAE, 0xFEAE,
0xFEAE, 0xFEAE, 0xFEAE, 0xFEAE, 0xFEAE, 0xFEAE, 0xFEAE, 0xFEAE, 0xFEAE, 0xFEAE,
0xFEAE, 0xFEAE, 0xFEAE, 0xFEAE, 0xFEAE, 0xFEAE, 0xFEAE, 0xFEAE, 0xFEAE, 0xDEAE,
0xDEAE, 0xDEAE, 0xDEAE, 0xFEAE, 0xFEAE, 0xFEAE, 0xFEAE, 0xFEAE, 0xDFAE, 0xDFAE,
0xDFAE, 0xDFAE, 0xDFAE, 0xDFAE, 0xDFAE, 0xDFAE, 0xDFAE, 0xDFAE, 0xDFAE, 0xDFAE,
0xDFAE, 0xDFAE, 0xDFAE, 0xDFAE, 0xDFAE, 0xDFAE, 0xDFAE, 0xDFAE, 0xDFAE, 0xDFAE,
0xDFAE, 0xDFAE, 0xDFAE, 0xDFAE, 0xDFAE, 0xDFAE, 0xDFAE, 0xDFAE, 0xDFAE, 0xDFAE,
0xDFAE, 0xDFAE, 0xDFAE, 0xDFAE, 0xDFAE, 0xDFAE, 0xDFAE, 0xDFAE, 0xDFAE, 0xDFAE,
0xDFAE, 0xDFAE, 0xDFAE, 0xDFAE, 0xDFAE, 0xDFAE, 0xDFAE, 0xDFAE, 0xDFAE, 0xDFAE,
0xBEAE, 0xFEBE, 0xFFF7, 0xFFFF, 0xFFFF, 0xFFFF, 0xFFFF, 0xFFFF, 0xFFFF, 0xFFFF,
0xFFFF, 0xFFFF, 0xFFF7, 0xFFF7, 0x1EC7, 0xBEAE, 0xDFAE, 0xFEAE, 0xFFAE, 0xDFA6,
0xDFAE, 0xDEAE, 0x1DBF, 0x1EBF, 0xDDB6, 0xFEAE, 0xFFAE, 0xDEA6, 0xFFA6, 0xFFAE,
0xDEA6, 0xDFAE, 0xDFAE, 0xDFAE, 0xDFAE, 0xDFAE, 0xDFAE, 0xDFAE, 0xDFAE, 0xDFAE,
0xDFAE, 0xDFAE, 0xDFAE, 0xDFAE, 0xDFAE, 0xDFAE, 0xFEB6, 0xFEB6, 0xFEB6, 0xFEB6,
0xFEB6, 0xFEB6, 0xFEB6, 0xFEB6, 0xFEB6, 0xFEB6, 0xFEB6, 0xFEB6, 0xFEB6, 0xFEB6,
0xFEB6, 0xFEB6, 0xFEB6, 0xFEB6, 0xFEB6, 0xFEB6, 0xFEB6, 0xFEB6, 0xFEB6, 0xFEB6,
0xFEB6, 0xFEB6, 0xFEB6, 0xFEB6, 0xFEB6, 0xFEB6, 0xFEB6, 0xFEB6, 0xFEB6, 0xFEB6,
0xFEB6, 0xFEB6, 0xFEB6, 0xFEB6, 0xFEB6, 0xFEB6, 0xFEB6, 0xFEB6, 0xFEB6, 0xFEB6,
0xFEB6, 0xFEB6, 0xFEB6, 0xFEAE, 0xFEAE, 0xFEAE, 0xFEAE, 0xFEAE, 0xFEAE, 0xFEAE,
0xFEAE, 0xFEAE, 0xFEAE, 0xFEAE, 0xFEAE, 0xFEAE, 0xFEBE, 0x3FC7, 0x5ED7, 0x7EE7,
0x5DEF, 0xDFFF, 0xDFFF, 0xDFFF, 0xFFFF, 0xFFFF, 0xFFFF, 0xFFFF, 0xFFFF, 0xFFFF,
0xFFFF, 0xFFFF, 0xFFFF, 0xFFFF, 0xFFFF, 0xFFFF, 0xFFFF, 0xFFFF, 0xFFFF, 0xFFFF,
0x1EC7, 0xFEAE, 0xFFB6, 0xFEAE, 0xFEAE, 0xFEAE, 0xFEAE, 0xFEAE, 0xFEAE, 0xFEAE,
0xFEAE, 0xFEAE, 0xFEAE, 0xFEAE, 0xFEAE, 0xFEAE, 0xFEAE, 0xFEAE, 0xFEAE, 0xFEAE,
0xFEAE, 0xFEAE, 0xFEAE, 0x1FBF, 0x5FCF, 0x5FDF, 0x5FDF, 0x3ED7, 0xFFF7, 0xFFFF,
0xFFFF, 0xFFFF, 0xFFFF, 0xFFFF, 0xFFFF, 0xFFFF, 0xFFFF, 0xFFFF, 0xFFFF, 0xFFFF,
0xFFFF, 0xFFFF, 0xFFFF, 0xFFFF, 0xFFFF, 0xFFFF, 0xFFFF, 0xFFF7, 0xFFFF, 0xBFF7,
0xBFF7, 0xFFFF, 0xFFFF, 0xDFF7, 0xFFFF, 0xBEFF, 0xDFFF, 0xFFFF, 0x7FDF, 0xDDB6,
0x1EBF, 0x3FC7, 0xFEBE, 0xBDB6, 0xFEAE, 0xFEAE, 0xFEAE, 0xFEAE, 0xFEAE, 0xFEAE,
0xFEAE, 0xFEAE, 0xFEAE, 0xFEAE, 0xFEAE, 0xFEAE, 0xFEAE, 0xFEAE, 0xFEAE, 0xFEAE,
0xFEAE, 0xFEAE, 0xFEAE, 0x1FAF, 0xDEAE, 0xDEAE, 0xDEAE, 0x1FAF, 0x1FAF, 0xDFA6,
0xBEA6, 0xDFA6, 0xFEAE, 0xFEAE, 0xFEAE, 0xFEAE, 0xFEAE, 0xFEAE, 0xFEAE, 0xFEAE,
0xFEAE, 0xFEAE, 0xFEAE, 0xFEAE, 0xFEAE, 0xFEAE, 0xFEAE, 0xFEAE, 0xFEAE, 0xFEAE,
0xFEAE, 0xFEAE, 0xFEAE, 0xFEAE, 0xFEAE, 0xFEAE, 0xFEAE, 0xFEAE, 0xFEAE, 0xFEAE,
0xFEAE, 0xFEAE, 0xFEAE, 0xFEAE, 0xFEAE, 0xFEAE, 0xFEAE, 0xFEAE, 0xFEAE, 0xDEAE,
0xDEAE, 0xDEAE, 0xDEAE, 0xFEAE, 0xFEAE, 0xFEAE, 0xFEAE, 0xFEAE, 0xDFAE, 0xDFAE,
0xDFAE, 0xDFAE, 0xDFAE, 0xDFAE, 0xDFAE, 0xDFAE, 0xDFAE, 0xDFAE, 0xDFAE, 0xDFAE,
0xDFAE, 0xDFAE, 0xDFAE, 0xDFAE, 0xDFAE, 0xDFAE, 0xDFAE, 0xDFAE, 0xDFAE, 0xDFAE,
0xDFAE, 0xDFAE, 0xDFAE, 0xDFAE, 0xDFAE, 0xDFAE, 0xDFAE, 0xDFAE, 0xDFAE, 0xDFAE,
0xDFAE, 0xDFAE, 0xDFAE, 0xDFAE, 0xDFAE, 0xDFAE, 0xDFAE, 0xDFAE, 0xDFAE, 0xDFAE,
0xDFAE, 0xDFAE, 0xDFAE, 0xDFAE, 0xDFAE, 0xDFAE, 0xDFAE, 0xDFAE, 0xDFAE, 0xDEA6,
0xBEAE, 0x1EC7, 0xFFFF, 0xFFFF, 0xFFFF, 0xFFFF, 0xFFFF, 0xFFFF, 0xFFFF, 0xFFFF,
0xFFFF, 0xFFFF, 0xFFF7, 0xFFFF, 0x7FD7, 0xBDAE, 0xDEAE, 0xFFAE, 0xFFAE, 0xFEAE,
0x3EBF, 0x5ED7, 0xDFDF, 0xBFDF, 0x5ECF, 0xBCB6, 0xFFAE, 0xDEA6, 0xDEA6, 0xFFAE,
0xDEA6, 0xDFAE, 0xDFAE, 0xDFAE, 0xDFAE, 0xDFAE, 0xDFAE, 0xDFAE, 0xDFAE, 0xDFAE,
0xDFAE, 0xDFAE, 0xDFAE, 0xDFAE, 0xDFAE, 0xDFAE, 0xFEB6, 0xFEB6, 0xFEB6, 0xFEB6,
0xFEB6, 0xFEB6, 0xFEB6, 0xFEB6, 0xFEB6, 0xFEB6, 0xFEB6, 0xFEB6, 0xFEB6, 0xFEB6,
0xFEB6, 0xFEB6, 0xFEB6, 0xFEB6, 0xFEB6, 0xFEB6, 0xFEB6, 0xFEB6, 0xFEB6, 0xFEB6,
0xFEB6, 0xFEB6, 0xFEB6, 0xFEB6, 0xFEB6, 0xFEB6, 0xFEB6, 0xFEB6, 0xFEB6, 0xFEB6,
0xFEB6, 0xFEB6, 0xFEB6, 0xFEB6, 0xFEB6, 0xFEB6, 0xFEB6, 0xFEB6, 0xFEB6, 0xFEB6,
0xFEB6, 0xFEB6, 0xFEB6, 0xFEAE, 0xFEAE, 0xFEAE, 0xFEAE, 0xFEAE, 0xFEAE, 0xFEAE,
0xFEAE, 0xFEAE, 0xFEAE, 0xFEAE, 0xFEAE, 0xFEAE, 0xDDB6, 0xFDBE, 0x3ED7, 0x7DE7,
0x5DE7, 0x5EEF, 0x5EEF, 0x5EEF, 0x5EEF, 0x7EEF, 0xFFFF, 0xFFFF, 0xFFFF, 0xFFFF,
0xFFFF, 0xFFFF, 0xFFFF, 0xFFFF, 0xFFFF, 0xFFFF, 0xFFFF, 0xFFFF, 0xFFFF, 0xFFFF,
0x1DC7, 0x1EB7, 0xFFB6, 0xFEB6, 0xFEAE, 0xFEAE, 0xFEAE, 0xFEAE, 0xFEAE, 0xFEAE,
0xFEAE, 0xFEAE, 0xFEAE, 0xFEAE, 0xFEAE, 0xFEAE, 0xFEAE, 0xFEAE, 0xFEAE, 0xFEAE,
0xFEAE, 0xFEAE, 0xFEAE, 0x1FBF, 0x5FD7, 0x1DDF, 0x1DDF, 0x7FD7, 0xFFF7, 0xFFFF,
0xDEFF, 0xFFFF, 0xFFFF, 0xFFFF, 0xFFFF, 0xFFFF, 0xFFFF, 0xFFFF, 0xFFFF, 0xFFFF,
0xFFFF, 0xFFFF, 0xFFFF, 0xFFFF, 0xFFFF, 0xFFFF, 0xFFFF, 0xFFFF, 0xFFFF, 0xBEFF,
0xFFFF, 0xFFFF, 0xFFFF, 0xFFFF, 0xFFFF, 0xDFFF, 0xDFFF, 0xFFFF, 0x9FE7, 0xBCBE,
0x5FD7, 0xDFDF, 0x7FD7, 0xFDC6, 0xFEAE, 0xFEAE, 0xFEAE, 0xFEAE, 0xFEAE, 0xFEAE,
0xFEAE, 0xFEAE, 0xFEAE, 0xFEAE, 0xFEAE, 0xFEAE, 0xFEAE, 0xFEAE, 0xFEAE, 0xFEAE,
0xFEAE, 0xFEAE, 0xFEAE, 0xFFBE, 0xBFB6, 0xDFB6, 0xBEB6, 0x1FB7, 0xFEAE, 0xFEAE,
0x1FB7, 0x3FB7, 0xFEAE, 0xFEAE, 0xFEAE, 0xFEAE, 0xFEAE, 0xFEAE, 0xFEAE, 0xFEAE,
0xFEAE, 0xFEAE, 0xFEAE, 0xFEAE, 0xFEAE, 0xFEAE, 0xFEAE, 0xFEAE, 0xFEAE, 0xFEAE,
0xFEAE, 0xFEAE, 0xFEAE, 0xFEAE, 0xFEAE, 0xFEAE, 0xFEAE, 0xFEAE, 0xFEAE, 0xFEAE,
0xFEAE, 0xFEAE, 0xFEAE, 0xFEAE, 0xFEAE, 0xFEAE, 0xFEAE, 0xFEAE, 0xFEAE, 0xDEAE,
0xDEAE, 0xDEAE, 0xDEAE, 0xFEAE, 0xFEAE, 0xFEAE, 0xFEAE, 0xFEAE, 0xDFAE, 0xDFAE,
0xDFAE, 0xDFAE, 0xDFAE, 0xDFAE, 0xDFAE, 0xDFAE, 0xDFAE, 0xDFAE, 0xDFAE, 0xDFAE,
0xDFAE, 0xDFAE, 0xDFAE, 0xDFAE, 0xDFAE, 0xDFAE, 0xDFAE, 0xDFAE, 0xDFAE, 0xDFAE,
0xDFAE, 0xDFAE, 0xDFAE, 0xDFAE, 0xDFAE, 0xDFAE, 0xDFAE, 0xDFAE, 0xDFAE, 0xDFAE,
0xDFAE, 0xDFAE, 0xDFAE, 0xDFAE, 0xDFAE, 0xDFAE, 0xDFAE, 0xDFAE, 0xDFAE, 0xDFAE,
0xDFAE, 0xDFAE, 0xDFAE, 0xDFAE, 0xDFAE, 0xDFAE, 0xDFAE, 0xDFAE, 0xDFAE, 0xDEAE,
0xDEB6, 0x3EC7, 0xFFFF, 0xFFFF, 0xFFFF, 0xFFFF, 0xFFFF, 0xFFFF, 0xFFFF, 0xFFFF,
0xFFFF, 0xFFFF, 0xDFFF, 0xFFFF, 0xDFEF, 0xFEBE, 0xFEAE, 0xFFAE, 0xFEAE, 0x3EBF,
0xBFDF, 0xFFF7, 0xFFEF, 0xFFEF, 0xDFE7, 0xFCC6, 0xFEAE, 0xDEA6, 0xDEA6, 0xFEAE,
0xDEA6, 0xDFAE, 0xDFAE, 0xDFAE, 0xDFAE, 0xDFAE, 0xDFAE, 0xDFAE, 0xDFAE, 0xDFAE,
0xDFAE, 0xDFAE, 0xDFAE, 0xDFAE, 0xDFAE, 0xDFAE, 0xFEB6, 0xFEB6, 0xFEB6, 0xFEB6,
0xFEB6, 0xFEB6, 0xFEB6, 0xFEB6, 0xFEB6, 0xFEB6, 0xFEB6, 0xFEB6, 0xFEB6, 0xFEB6,
0xFEB6, 0xFEB6, 0xFEB6, 0xFEB6, 0xFEB6, 0xFEB6, 0xFEB6, 0xFEB6, 0xFEB6, 0xFEB6,
0xFEB6, 0xFEB6, 0xFEB6, 0xFEB6, 0xFEB6, 0xFEB6, 0xFEB6, 0xFEB6, 0xFEB6, 0xFEB6,
0xFEB6, 0xFEB6, 0xFEB6, 0xFEB6, 0xFEB6, 0xFEB6, 0xFEB6, 0xFEB6, 0xFEB6, 0xFEB6,
0xFEB6, 0xFEB6, 0xFEB6, 0xFEAE, 0xFEAE, 0xFEAE, 0xFEAE, 0xFEAE, 0xFEAE, 0xFEAE,
0xFEAE, 0xFEAE, 0xFEAE, 0xFEAE, 0xFEAE, 0xFEAE, 0xFEB6, 0xDDB6, 0x3DCF, 0x9EE7,
0x9EEF, 0x5EEF, 0x3DE7, 0x1DE7, 0x3DE7, 0x3EE7, 0xFFFF, 0xFFFF, 0xFFFF, 0xFFFF,
0xFFFF, 0xFFFF, 0xFFFF, 0xFFFF, 0xFFFF, 0xFFFF, 0xFFFF, 0xFFFF, 0xFFFF, 0xFFFF,
0xFDC6, 0x1EAF, 0x1FB7, 0xFEB6, 0xFEAE, 0xFEAE, 0xFEAE, 0xFEAE, 0xFEAE, 0xFEAE,
0xFEAE, 0xFEAE, 0xFEAE, 0xFEAE, 0xFEAE, 0xFEAE, 0xFEAE, 0xFEAE, 0xFEAE, 0xFEAE,
0xFEAE, 0xFEAE, 0xFEAE, 0x1EC7, 0x7FDF, 0xBFF7, 0xBFF7, 0x9FDF, 0xFFF7, 0xFFFF,
0xDEFF, 0xFFFF, 0xFFFF, 0xFFFF, 0xFFFF, 0xFFFF, 0xFFFF, 0xFFFF, 0xFFFF, 0xFFFF,
0xFFFF, 0xFFFF, 0xFFFF, 0xFFFF, 0xFFFF, 0xFFFF, 0xFFFF, 0xFFFF, 0xDEFF, 0xDEFF,
0xFFFF, 0xFFFF, 0xFFFF, 0xFFFF, 0xFFFF, 0xFFFF, 0xDFFF, 0xDFFF, 0xBFEF, 0xFCCE,
0xBFE7, 0xFFF7, 0xDFEF, 0x3DDF, 0xFEAE, 0xFEAE, 0xFEAE, 0xFEAE, 0xFEAE, 0xFEAE,
0xFEAE, 0xFEAE, 0xFEAE, 0xFEAE, 0xFEAE, 0xFEAE, 0xFEAE, 0xFEAE, 0xFEAE, 0xFEAE,
0xFEAE, 0xFEAE, 0xFEAE, 0x9EB6, 0xFFBE, 0xFFB6, 0xDFB6, 0xFEB6, 0xDEAE, 0xFEB6,
0xFEB6, 0xDDAE, 0xFEAE, 0xFEAE, 0xFEAE, 0xFEAE, 0xFEAE, 0xFEAE, 0xFEAE, 0xFEAE,
0xFEAE, 0xFEAE, 0xFEAE, 0xFEAE, 0xFEAE, 0xFEAE, 0xFEAE, 0xFEAE, 0xFEAE, 0xFEAE,
0xFEAE, 0xFEAE, 0xFEAE, 0xFEAE, 0xFEAE, 0xFEAE, 0xFEAE, 0xFEAE, 0xFEAE, 0xFEAE,
0xFEAE, 0xFEAE, 0xFEAE, 0xFEAE, 0xFEAE, 0xFEAE, 0xFEAE, 0xFEAE, 0xFEAE, 0xDEAE,
0xDEAE, 0xDEAE, 0xDEAE, 0xDEAE, 0xDEAE, 0xDEAE, 0xDEAE, 0xDEAE, 0xDFAE, 0xDFAE,
0xDFAE, 0xDFAE, 0xDFAE, 0xDFAE, 0xDFAE, 0xDFAE, 0xDFAE, 0xDFAE, 0xDFAE, 0xDFAE,
0xDFAE, 0xDFAE, 0xDFAE, 0xDFAE, 0xDFAE, 0xDFAE, 0xDFAE, 0xDFAE, 0xDFAE, 0xDFAE,
0xDFAE, 0xDFAE, 0xDFAE, 0xDFAE, 0xDFAE, 0xDFAE, 0xDFAE, 0xDFAE, 0xDFAE, 0xDFAE,
0xDFAE, 0xDFAE, 0xDFAE, 0xDFAE, 0xDFAE, 0xDFAE, 0xDFAE, 0xDFAE, 0xDFAE, 0xDFAE,
0xDFAE, 0xDFAE, 0xDFAE, 0xDFAE, 0xDFAE, 0xDFAE, 0xDFAE, 0xDFAE, 0xDFAE, 0xFEA6,
0xDDAE, 0x1EC7, 0xFFFF, 0xFFFF, 0xFFFF, 0xFFFF, 0xFFFF, 0xFFFF, 0xFFFF, 0xFFFF,
0xFFFF, 0xFFFF, 0xFFFF, 0xDFFF, 0xFFFF, 0x1EC7, 0xDDAE, 0xFFAE, 0xDEAE, 0x5ECF,
0xFFEF, 0xFFFF, 0xFFFF, 0xFFFF, 0xFFFF, 0x7EE7, 0xFEAE, 0xFEAE, 0xFEAE, 0xFEAE,
0xFEAE, 0xDFAE, 0xDFAE, 0xDFAE, 0xDFAE, 0xDFAE, 0xDFAE, 0xDFAE, 0xDFAE, 0xDFAE,
0xDEAE, 0xDEAE, 0xDEAE, 0xDEAE, 0xDEAE, 0xDEAE, 0xFEB6, 0xFEB6, 0xFEB6, 0xFEB6,
0xFEB6, 0xFEB6, 0xFEB6, 0xFEB6, 0xFEB6, 0xFEB6, 0xFEB6, 0xFEB6, 0xFEB6, 0xFEB6,
0xFEB6, 0xFEB6, 0xFEB6, 0xFEB6, 0xFEB6, 0xFEB6, 0xFEB6, 0xFEB6, 0xFEB6, 0xFEB6,
0xFEB6, 0xFEB6, 0xFEB6, 0xFEB6, 0xFEB6, 0xFEB6, 0xFEB6, 0xFEB6, 0xFEB6, 0xFEB6,
0xFEB6, 0xFEB6, 0xFEB6, 0xFEB6, 0xFEB6, 0xFEB6, 0xFEB6, 0xFEB6, 0xFEB6, 0xFEB6,
0xFEB6, 0xFEB6, 0xFEB6, 0xFEAE, 0xFEAE, 0xFEAE, 0xFEAE, 0xFEAE, 0xFEAE, 0xFEAE,
0xFEAE, 0xFEAE, 0xFEAE, 0xFEAE, 0xFEAE, 0xFEAE, 0x5FC7, 0xFDBE, 0x1DC7, 0xDFEF,
0xFFF7, 0x5EEF, 0x3EE7, 0x1DE7, 0x1DE7, 0x3DE7, 0xFFFF, 0xFFFF, 0xFFFF, 0xFFFF,
0xFFFF, 0xFFFF, 0xFFFF, 0xFFFF, 0xFFFF, 0xFFFF, 0xFFFF, 0xFFFF, 0xFFFF, 0xFFFF,
0xDCC6, 0x1FB7, 0x1FB7, 0xFEB6, 0xFEAE, 0xFEAE, 0xFEAE, 0xFEAE, 0xFEAE, 0xFEAE,
0xFEAE, 0xFEAE, 0xFEAE, 0xFEAE, 0xFEAE, 0xFEAE, 0xFEAE, 0xFEAE, 0xFEAE, 0xFEAE,
0xFEAE, 0xFEAE, 0xFEAE, 0xBDBE, 0x5ED7, 0xFFFF, 0xDFFF, 0xBFDF, 0xFFF7, 0xFFFF,
0xDEFF, 0xFFFF, 0xFFFF, 0xFFFF, 0xFFFF, 0xFFFF, 0xFFFF, 0xFFFF, 0xFFFF, 0xFFFF,
0xFFFF, 0xFFFF, 0xFFFF, 0xFFFF, 0xFFFF, 0xFFFF, 0xFFFF, 0xFFFF, 0xDEFF, 0xFFFF,
0xFFFF, 0xFFFF, 0xFFFF, 0xBFF7, 0xFFFF, 0xFFFF, 0xDEFF, 0xBEF7, 0xDFEF, 0x3DDF,
0xDFF7, 0xDFEF, 0xFFF7, 0x7EE7, 0xFEAE, 0xFEAE, 0xFEAE, 0xFEAE, 0xFEAE, 0xFEAE,
0xFEAE, 0xFEAE, 0xFEAE, 0xFEAE, 0xFEAE, 0xFEAE, 0xFEAE, 0xFEAE, 0xFEAE, 0xFEAE,
0xFEAE, 0xFEAE, 0xFEAE, 0xDEAE, 0x1FB7, 0xFFAE, 0xFFAE, 0xBEAE, 0x1FB7, 0x1FB7,
0xFEAE, 0xBEAE, 0xFEAE, 0xFEAE, 0xFEAE, 0xFEAE, 0xFEAE, 0xFEAE, 0xFEAE, 0xFEAE,
0xFEAE, 0xFEAE, 0xFEAE, 0xFEAE, 0xFEAE, 0xFEAE, 0xFEAE, 0xFEAE, 0xFEAE, 0xFEAE,
0xFEAE, 0xFEAE, 0xFEAE, 0xFEAE, 0xFEAE, 0xFEAE, 0xFEAE, 0xFEAE, 0xFEAE, 0xFEAE,
0xFEAE, 0xFEAE, 0xFEAE, 0xFEAE, 0xFEAE, 0xFEAE, 0xFEAE, 0xFEAE, 0xFEAE, 0xDEAE,
0xDEAE, 0xDEAE, 0xDEAE, 0xDEAE, 0xDEAE, 0xDEAE, 0xDEAE, 0xDEAE, 0xDFAE, 0xDFAE,
0xDFAE, 0xDFAE, 0xDFAE, 0xDFAE, 0xDFAE, 0xDFAE, 0xDFAE, 0xDFAE, 0xDFAE, 0xDFAE,
0xDFAE, 0xDFAE, 0xDFAE, 0xDFAE, 0xDFAE, 0xDFAE, 0xDFAE, 0xDFAE, 0xDFAE, 0xDFAE,
0xDFAE, 0xDFAE, 0xDFAE, 0xDFAE, 0xDFAE, 0xDFAE, 0xDFAE, 0xDFAE, 0xDFAE, 0xDFAE,
0xDFAE, 0xDFAE, 0xDFAE, 0xDFAE, 0xDFAE, 0xDFAE, 0xDFAE, 0xDFAE, 0xDFAE, 0xDFAE,
0xDFAE, 0xDFAE, 0xDFAE, 0xDFAE, 0xDFAE, 0xDFAE, 0xDFAE, 0xDFAE, 0xDFAE, 0xDEA6,
0x9CA6, 0xDDBE, 0xFFFF, 0xFFFF, 0xFFFF, 0xFFFF, 0xFFFF, 0xFFFF, 0xFFFF, 0xFFFF,
0xFFFF, 0xFFFF, 0xFFFF, 0x9EFF, 0xFFFF, 0x3EC7, 0xDDAE, 0xDFAE, 0xDEA6, 0x5EC7,
0xFFEF, 0xDEFF, 0xFFFF, 0xFFFF, 0xFFFF, 0xFFFF, 0x3FB7, 0x1FB7, 0x1FB7, 0x3FB7,
0x1FB7, 0xDFAE, 0xDFAE, 0xDFAE, 0xDFAE, 0xDFAE, 0xDFAE, 0xDFAE, 0xDFAE, 0xDFAE,
0xDEAE, 0xDEAE, 0xDEAE, 0xDEAE, 0xDEAE, 0xDEAE, 0xFEB6, 0xFEB6, 0xFEB6, 0xFEB6,
0xFEB6, 0xFEB6, 0xFEB6, 0xFEB6, 0xFEB6, 0xFEB6, 0xFEB6, 0xFEB6, 0xFEB6, 0xFEB6,
0xFEB6, 0xFEB6, 0xFEB6, 0xFEB6, 0xFEB6, 0xFEB6, 0xFEB6, 0xFEB6, 0xFEB6, 0xFEB6,
0xFEB6, 0xFEB6, 0xFEB6, 0xFEB6, 0xFEB6, 0xFEB6, 0xFEB6, 0xFEB6, 0xFEB6, 0xFEB6,
0xFEB6, 0xFEB6, 0xFEB6, 0xFEB6, 0xFEB6, 0xFEB6, 0xFEB6, 0xFEB6, 0xFEB6, 0xFEB6,
0xFEB6, 0xFEB6, 0xFEB6, 0xFEB6, 0xFEB6, 0xFEB6, 0xFEB6, 0xFEB6, 0xFEB6, 0xFEB6,
0xFEB6, 0xFEB6, 0xFEB6, 0xFEB6, 0xFEB6, 0xFEB6, 0x1FB7, 0x1FB7, 0xFEBE, 0xBFE7,
0xFFF7, 0xFFFF, 0x5DDF, 0x3CDF, 0x5DDF, 0x1DE7, 0xBFF7, 0xFFFF, 0xFFFF, 0xFFFF,
0xDFFF, 0xDFFF, 0xDFFF, 0xDFFF, 0xFFFF, 0xFFFF, 0xFFFF, 0xFFFF, 0xFFFF, 0xFFFF,
0xBFE7, 0x1DC7, 0xDDB6, 0xBDAE, 0xFEBE, 0xDDB6, 0xFEB6, 0xFEB6, 0xDEAE, 0xFFBE,
0xDEB6, 0xBEAE, 0xFFB6, 0xFEB6, 0xFEB6, 0xFEB6, 0xFEB6, 0xFEB6, 0xFEAE, 0x1EB7,
0x1EB7, 0x1FB7, 0x1FB7, 0xDDA6, 0x1EC7, 0x5FDF, 0x5FE7, 0x5EEF, 0xBFF7, 0x5EEF,
0xFCDE, 0xBFF7, 0xFFFF, 0xFFFF, 0xFFFF, 0xFFFF, 0xFFFF, 0xFFFF, 0xFFFF, 0xFFFF,
0xFFFF, 0xFFFF, 0xFFFF, 0xFFFF, 0xFFFF, 0xFFFF, 0xFFFF, 0xFFFF, 0xFFFF, 0xFFFF,
0xFFFF, 0xFFFF, 0xFFFF, 0xFFFF, 0xFFFF, 0xFFFF, 0xFFFF, 0xFFFF, 0xFFFF, 0xDDEF,
0xDEEF, 0xFFF7, 0xDFEF, 0x5EDF, 0xDEAE, 0xFFAE, 0x1FB7, 0xDEB6, 0xDEBE, 0xFEB6,
0xFEB6, 0xFEB6, 0xFEB6, 0xFEB6, 0xFEB6, 0xFEB6, 0xFEB6, 0xFEB6, 0xFEB6, 0xFEB6,
0xFEB6, 0xFEB6, 0xFEB6, 0xFEB6, 0xFEB6, 0xFEB6, 0xFEB6, 0xFEB6, 0xFEB6, 0xFEB6,
0xFEB6, 0xFEB6, 0xFEB6, 0xFEB6, 0xFEB6, 0xFEB6, 0xFEB6, 0xFEB6, 0xFEB6, 0xFEB6,
0xFEB6, 0xFEB6, 0xFEB6, 0xFEB6, 0xFEB6, 0xFEB6, 0xFEB6, 0xFEB6, 0xFEB6, 0xFEB6,
0xFFAE, 0xFFAE, 0xFFAE, 0xFFAE, 0xFFAE, 0xFEB6, 0xFEB6, 0xFEB6, 0xFEB6, 0xFEB6,
0xFEB6, 0xFEB6, 0xFEB6, 0xFEB6, 0xFEB6, 0xFEB6, 0xFEB6, 0xFEB6, 0xFEB6, 0xFEB6,
0xFEB6, 0xFEB6, 0xFEB6, 0xFEB6, 0xFEB6, 0xFEB6, 0xFEB6, 0xFEB6, 0xFEB6, 0xFEB6,
0xFEB6, 0xFEB6, 0xFEB6, 0xFFB6, 0xFFB6, 0xFFB6, 0xFFB6, 0xFFAE, 0xFFAE, 0xFFAE,
0xFFAE, 0xFFAE, 0xFFAE, 0xFFAE, 0xFFAE, 0xFFAE, 0xFFAE, 0xFFAE, 0xFFAE, 0xFFAE,
0xFFAE, 0xFFAE, 0xFFAE, 0xFFAE, 0xFFAE, 0xFFAE, 0xFFAE, 0xFFAE, 0xFFAE, 0xFFAE,
0xFEAE, 0xFEAE, 0xFEAE, 0xFEAE, 0xFEAE, 0xFEAE, 0xFEAE, 0xFEAE, 0xFEAE, 0xFFB6,
0xFFAE, 0xFFA6, 0xDEA6, 0xDEAE, 0xBDAE, 0xDEAE, 0xFFB6, 0xFFBE, 0xFFBE, 0xFDD6,
0xBCD6, 0xDDD6, 0x9FEF, 0x5DEF, 0x9EF7, 0xDFFF, 0xFFFF, 0xFFFF, 0xFFFF, 0xFFFF,
0xFFFF, 0xFFFF, 0xFFFF, 0xFFFF, 0xDFFF, 0x5DEF, 0xFBDE, 0x7FDF, 0xDDCE, 0x3ED7,
0x9FE7, 0xFFEF, 0xFFFF, 0xFFFF, 0xFFFF, 0xFFFF, 0xFFF7, 0x9ACE, 0xFCD6, 0xFFF7,
0xDCD6, 0x7DAE, 0xFEB6, 0x1FB7, 0xDEAE, 0x1FAF, 0xFEAE, 0xFEAE, 0xFEAE, 0xFEAE,
0xFEAE, 0xFEAE, 0xFEAE, 0xFEAE, 0xFEAE, 0xFEAE, 0xFEB6, 0xFEB6, 0xFEB6, 0xFEB6,
0xFEB6, 0xFEB6, 0xFEB6, 0xFEB6, 0xFEB6, 0xFEB6, 0xFEB6, 0xFEB6, 0xFEB6, 0xFEB6,
0xFEB6, 0xFEB6, 0xFEB6, 0xFEB6, 0xFEB6, 0xFEB6, 0xFEB6, 0xFEB6, 0xFEB6, 0xFEB6,
0xFEB6, 0xFEB6, 0xFEB6, 0xFEB6, 0xFEB6, 0xFEB6, 0xFEB6, 0xFEB6, 0xFEB6, 0xFEB6,
0xFEB6, 0xFEB6, 0xFEB6, 0xFEB6, 0xFEB6, 0xFEB6, 0xFEB6, 0xFEB6, 0xFEB6, 0xFEB6,
0xFEB6, 0xFEB6, 0xFEB6, 0xFEB6, 0xFEB6, 0xFEB6, 0xFEB6, 0xFEB6, 0xFEB6, 0xFEB6,
0xFEB6, 0xFEB6, 0xFEB6, 0xFEB6, 0xFEB6, 0xFEB6, 0x1FB7, 0x1FB7, 0xFDB6, 0x5ED7,
0xFFF7, 0xFFFF, 0x9FEF, 0x3DDF, 0x3DDF, 0x3DDF, 0x7EE7, 0x9EEF, 0x9EF7, 0xBEFF,
0xFFFF, 0xFFFF, 0xFFFF, 0xFFFF, 0xFFFF, 0xFFFF, 0xFFFF, 0xFFFF, 0xFFFF, 0xFFFF,
0xDFEF, 0x7FDF, 0x1EC7, 0xFEBE, 0xFEB6, 0xDEB6, 0x1FB7, 0x1FB7, 0x1FAF, 0xDFB6,
0xFFB6, 0x1FB7, 0xFEAE, 0xFEB6, 0xFEB6, 0xFEB6, 0xFEB6, 0xFEB6, 0xFEB6, 0xFEB6,
0xDEB6, 0xFEBE, 0xFEBE, 0xDDB6, 0x1EC7, 0x1ED7, 0x3EDF, 0x1DE7, 0x9FF7, 0x7EEF,
0x3DE7, 0xDFFF, 0xFFFF, 0xFFFF, 0xFFFF, 0xFFFF, 0xFFFF, 0xFFFF, 0xFFFF, 0xFFFF,
0xFFFF, 0xFFFF, 0xFFFF, 0xFFFF, 0xFFFF, 0xFFFF, 0xFFFF, 0xFFFF, 0xFFFF, 0xFFFF,
0xFFFF, 0xFFFF, 0xFFFF, 0xFFFF, 0xFFFF, 0xFFFF, 0xFFFF, 0xFFFF, 0xFFFF, 0xFFFF,
0xFFFF, 0xFFFF, 0xFFF7, 0xBFEF, 0x3FC7, 0xFEB6, 0xFEB6, 0xDEB6, 0xFEB6, 0xFEB6,
0xFEB6, 0xFEB6, 0xFEB6, 0xFEB6, 0xFEB6, 0xFEB6, 0xFEB6, 0xFEB6, 0xFEB6, 0xFEB6,
0xFEB6, 0xFEB6, 0xFEB6, 0xFEB6, 0xFEB6, 0xFEB6, 0xFEB6, 0xFEB6, 0xFEB6, 0xFEB6,
0xFEB6, 0xFEB6, 0xFEB6, 0xFEB6, 0xFEB6, 0xFEB6, 0xFEB6, 0xFEB6, 0xFEB6, 0xFEB6,
0xFEB6, 0xFEB6, 0xFEB6, 0xFEB6, 0xFEB6, 0xFEB6, 0xFEB6, 0xFEB6, 0xFEB6, 0xFEB6,
0xFFAE, 0xFFAE, 0xFFAE, 0xFFAE, 0xFFAE, 0xFEB6, 0xFEB6, 0xFEB6, 0xFEB6, 0xFEB6,
0xFEB6, 0xFEB6, 0xFEB6, 0xFEB6, 0xFEB6, 0xFEB6, 0xFEB6, 0xFEB6, 0xFEB6, 0xFEB6,
0xFEB6, 0xFEB6, 0xFEB6, 0xFEB6, 0xFEB6, 0xFEB6, 0xFEB6, 0xFEB6, 0xFEB6, 0xFEB6,
0xFEB6, 0xFEB6, 0xFEB6, 0xFFB6, 0xFFB6, 0xFFB6, 0xFFB6, 0xFFAE, 0xFFAE, 0xFFAE,
0xFFAE, 0xFFAE, 0xFFAE, 0xFFAE, 0xFFAE, 0xFFAE, 0xFFAE, 0xFFAE, 0xFFAE, 0xFFAE,
0xFFAE, 0xFFAE, 0xFFAE, 0xFFAE, 0xFFAE, 0xFFAE, 0xFFAE, 0xFFAE, 0xFFAE, 0xFFAE,
0xFEAE, 0xFEAE, 0xFEAE, 0xFEAE, 0xFEAE, 0xFEAE, 0xFEAE, 0xFEAE, 0xFEAE, 0xDFB6,
0xDFAE, 0xFEAE, 0xFEB6, 0xFFC6, 0x1EBF, 0x1EC7, 0x1FC7, 0x3FCF, 0x3FD7, 0x5EE7,
0x5EE7, 0x7EEF, 0xBFF7, 0x9EEF, 0xBFF7, 0xDFFF, 0xFFFF, 0xFFFF, 0xFFFF, 0xFFFF,
0xFFFF, 0xFFFF, 0xFFFF, 0xFFFF, 0xFFFF, 0x7DEF, 0x3CE7, 0x7EE7, 0x3DDF, 0xBFEF,
0xDFF7, 0xFFF7, 0xFFFF, 0xFFFF, 0xFFFF, 0xFFFF, 0xFFF7, 0xFCD6, 0x3DDF, 0xFFFF,
0x5DE7, 0x7FDF, 0x1EC7, 0xBDAE, 0xFFB6, 0xBEAE, 0xFEAE, 0xFEAE, 0xFEAE, 0xFEAE,
0xFEAE, 0xFEAE, 0xFEAE, 0xFEAE, 0xFEAE, 0xFEAE, 0x1EB7, 0x1EB7, 0x1EB7, 0x1EB7,
0x1EB7, 0x1EB7, 0x1EB7, 0x1EB7, 0x1EB7, 0x1EB7, 0x1EB7, 0x1EB7, 0x1EB7, 0x1EB7,
0x1EB7, 0x1EB7, 0x1EB7, 0x1EB7, 0x1EB7, 0x1EB7, 0x1EB7, 0x1EB7, 0x1EB7, 0x1EB7,
0x1EB7, 0x1EB7, 0x1EB7, 0x1EB7, 0x1EB7, 0x1EB7, 0x1EB7, 0x1EB7, 0x1EB7, 0x1EB7,
0x1EB7, 0x1EB7, 0x1EB7, 0x1EB7, 0x1EB7, 0x1EB7, 0x1EB7, 0x1EB7, 0x1EB7, 0x1EB7,
0x1EB7, 0x1EB7, 0x1EB7, 0x1EB7, 0x1EB7, 0x1EB7, 0x1EB7, 0x1EB7, 0x1EB7, 0x1EB7,
0x1EB7, 0x1EB7, 0x1EB7, 0x1EB7, 0x1EB7, 0x1EB7, 0x1FAF, 0xFEAE, 0xFEB6, 0x1DC7,
0x9FDF, 0xFFFF, 0xFFFF, 0x9EF7, 0x5DEF, 0x5DE7, 0x7EDF, 0x3DE7, 0x5DE7, 0xBFF7,
0xFFFF, 0xFFFF, 0xFFFF, 0xFFFF, 0xFFFF, 0xFFFF, 0xFFFF, 0xFFFF, 0xFFFF, 0xFFFF,
0xFFFF, 0xFFEF, 0x9FDF, 0x9FD7, 0xFEBE, 0xDEB6, 0xFEB6, 0xFFB6, 0xDFAE, 0xFEB6,
0xDEAE, 0xFEAE, 0x1FAF, 0xFEB6, 0xFEB6, 0xFEB6, 0xFEB6, 0xFEB6, 0xFEAE, 0xDEB6,
0xDEBE, 0xFECE, 0x1FCF, 0x1EC7, 0x1ED7, 0x1EDF, 0x3EE7, 0x3DE7, 0xDFFF, 0xDFFF,
0x9FF7, 0xFFFF, 0xFFFF, 0xFFFF, 0xFFFF, 0xFFFF, 0xFFFF, 0xFFFF, 0xFFFF, 0xFFFF,
0xFFFF, 0xFFFF, 0xFFFF, 0xFFFF, 0xFFFF, 0xFFFF, 0xFFFF, 0xFFFF, 0xFFFF, 0xFFFF,
0xFFFF, 0xFFFF, 0xFFFF, 0xFFFF, 0xFFFF, 0xFFFF, 0xFFFF, 0xFFFF, 0xFFFF, 0xFEFF,
0xFEFF, 0xFFFF, 0xFFFF, 0xDFF7, 0x9FE7, 0xFEC6, 0xDEB6, 0xFEAE, 0x1EB7, 0xFEB6,
0xFEB6, 0xFEB6, 0xFEB6, 0xFEB6, 0xFEB6, 0xFEB6, 0xFEB6, 0xFEB6, 0xFEB6, 0xFEB6,
0xFEB6, 0xFEB6, 0xFEB6, 0xFEB6, 0xFEB6, 0xFEB6, 0xFEB6, 0xFEB6, 0xFEB6, 0xFEB6,
0xFEB6, 0xFEB6, 0xFEB6, 0xFEB6, 0xFEB6, 0xFEB6, 0xFEB6, 0xFEB6, 0xFEB6, 0xFEB6,
0xFEB6, 0xFEB6, 0xFEB6, 0xFEB6, 0xFEB6, 0xFEB6, 0xFEB6, 0xFEB6, 0xFEB6, 0xFEB6,
0xFEAE, 0xFEAE, 0xFEAE, 0xFEAE, 0xFEAE, 0xFEB6, 0xFEB6, 0xFEB6, 0xFEB6, 0xFEB6,
0xFEB6, 0xFEB6, 0xFEB6, 0xFEB6, 0xFEB6, 0xFEB6, 0xFEB6, 0xFEB6, 0xFEB6, 0xFEB6,
0xFEB6, 0xFEB6, 0xFEB6, 0xFEB6, 0xFEB6, 0xFEB6, 0xFEB6, 0xFEB6, 0xFEB6, 0xFEB6,
0xFEB6, 0xFEB6, 0xFEB6, 0xFFB6, 0xFFB6, 0xFFB6, 0xFFB6, 0xFEAE, 0xFEAE, 0xFEAE,
0xFEAE, 0xFEAE, 0xFEAE, 0xFEAE, 0xFEAE, 0xFEAE, 0xFEAE, 0xFEAE, 0xFEAE, 0xFEAE,
0xFEAE, 0xFEAE, 0xFEAE, 0xFEAE, 0xFEAE, 0xFEAE, 0xFEAE, 0xFEAE, 0xFEAE, 0xFEAE,
0xFEAE, 0xFEAE, 0xFEAE, 0xFEAE, 0xFEAE, 0xFEAE, 0xFEAE, 0xFEAE, 0xFEAE, 0xDEB6,
0xDEB6, 0xDEAE, 0x1EC7, 0x3FD7, 0x7FDF, 0x5EDF, 0x5EDF, 0x7FE7, 0x7FE7, 0x5EEF,
0xBFF7, 0xDFF7, 0xFFFF, 0xDFF7, 0xFFFF, 0xFFFF, 0xFFFF, 0xFFFF, 0xFFFF, 0xFFFF,
0xFFFF, 0xFFFF, 0xFFFF, 0xFFFF, 0xFFFF, 0xBEF7, 0x9DEF, 0xBEF7, 0x7DEF, 0xFFFF,
0xFFFF, 0xDFFF, 0xFFFF, 0xFFFF, 0xFFFF, 0xFFFF, 0xFFF7, 0x5DE7, 0x9EEF, 0xFFFF,
0xBFEF, 0xBEF7, 0x9FE7, 0x9CAE, 0x1FB7, 0x1FB7, 0xFEAE, 0xFEAE, 0xFEAE, 0xFEAE,
0xFEAE, 0xFEAE, 0xFEAE, 0xFEAE, 0xFEAE, 0xFEAE, 0x1EB7, 0x1EB7, 0x1EB7, 0x1EB7,
0x1EB7, 0x1EB7, 0x1EB7, 0x1EB7, 0x1EB7, 0x1EB7, 0x1EB7, 0x1EB7, 0x1EB7, 0x1EB7,
0x1EB7, 0x1EB7, 0x1EB7, 0x1EB7, 0x1EB7, 0x1EB7, 0x1EB7, 0x1EB7, 0x1EB7, 0x1EB7,
0x1EB7, 0x1EB7, 0x1EB7, 0x1EB7, 0x1EB7, 0x1EB7, 0x1EB7, 0x1EB7, 0x1EB7, 0x1EB7,
0x1EB7, 0x1EB7, 0x1EB7, 0x1EB7, 0x1EB7, 0x1EB7, 0x1EB7, 0x1EB7, 0x1EB7, 0x1EB7,
0x1EB7, 0x1EB7, 0x1EB7, 0x1EB7, 0x1EB7, 0x1EB7, 0x1EB7, 0x1EB7, 0x1EB7, 0x1EB7,
0x1EB7, 0x1EB7, 0x1EB7, 0x1EB7, 0x1EB7, 0x1EB7, 0x3EB7, 0xFEAE, 0xFEB6, 0xFEBE,
0x1EC7, 0x7DDF, 0xDFF7, 0x9FEF, 0x5DE7, 0x3DDF, 0x5EDF, 0x3EDF, 0x5EE7, 0x9FF7,
0xFFFF, 0xFFFF, 0xFFFF, 0xFFFF, 0xFFFF, 0xFFFF, 0xFFFF, 0xFFFF, 0xFFFF, 0xFFFF,
0xFFFF, 0xFFF7, 0xFFF7, 0xFFF7, 0x9FD7, 0x5FCF, 0x3EC7, 0x1EBF, 0xDDB6, 0xFEB6,
0xDDAE, 0xDDA6, 0x3EAF, 0xFEB6, 0xFEB6, 0xFEB6, 0xFEB6, 0xFEB6, 0xDEB6, 0xFEBE,
0x1FCF, 0x3FDF, 0x3FE7, 0x3FDF, 0x5FE7, 0x5EE7, 0x7FEF, 0x9EF7, 0xFFFF, 0xFFFF,
0xDFFF, 0xFFFF, 0xFFFF, 0xFFFF, 0xFFFF, 0xFFFF, 0xFFFF, 0xFFFF, 0xFFFF, 0xFFFF,
0xFFFF, 0xFFFF, 0xFFFF, 0xFFFF, 0xFFFF, 0xFFFF, 0xFFFF, 0xDFFF, 0xDFFF, 0xFFFF,
0xFFFF, 0xFFFF, 0xFFFF, 0xFFFF, 0xFFFF, 0xFFFF, 0xFFFF, 0xFFFF, 0xFFFF, 0xDEFF,
0xDEFF, 0xFFFF, 0xDFFF, 0x9FEF, 0x9FE7, 0xDDC6, 0xDEB6, 0xFEAE, 0x1EB7, 0xFEB6,
0xFEB6, 0xFEB6, 0xFEB6, 0xFEB6, 0xFEB6, 0xFEB6, 0xFEB6, 0xFEB6, 0xFEB6, 0xFEB6,
0xFEB6, 0xFEB6, 0xFEB6, 0xFEB6, 0xFEB6, 0xFEB6, 0xFEB6, 0xFEB6, 0xFEB6, 0xFEB6,
0xFEB6, 0xFEB6, 0xFEB6, 0xFEB6, 0xFEB6, 0xFEB6, 0xFEB6, 0xFEB6, 0xFEB6, 0xFEB6,
0xFEB6, 0xFEB6, 0xFEB6, 0xFEB6, 0xFEB6, 0xFEB6, 0xFEB6, 0xFEB6, 0xFEB6, 0xFEB6,
0xFFB6, 0xFFB6, 0xFFB6, 0xFFB6, 0xFFB6, 0xFEB6, 0xFEB6, 0xFEB6, 0xFEB6, 0xFEB6,
0xFEB6, 0xFEB6, 0xFEB6, 0xFEB6, 0xFEB6, 0xFEB6, 0xFEB6, 0xFEB6, 0xFEB6, 0xFEB6,
0xFEB6, 0xFEB6, 0xFEB6, 0xFEB6, 0xFEB6, 0xFEB6, 0xFEB6, 0xFEB6, 0xFEB6, 0xFEB6,
0xFEB6, 0xFEB6, 0xFEB6, 0xFFB6, 0xFFB6, 0xFFB6, 0xFFB6, 0xFEAE, 0xFEAE, 0xFEAE,
0xFEAE, 0xFEAE, 0xFEAE, 0xFEAE, 0xFEAE, 0xFEAE, 0xFEAE, 0xFEAE, 0xFEAE, 0xFEAE,
0xFEAE, 0xFEAE, 0xFEAE, 0xFEAE, 0xFEAE, 0xFEAE, 0xFEAE, 0xFEAE, 0xFEAE, 0xFEAE,
0xFEAE, 0xFEAE, 0xFEAE, 0xFEAE, 0xFEAE, 0xFEAE, 0xFEAE, 0xFEAE, 0xFEAE, 0xFEB6,
0xFEAE, 0xFDB6, 0x1ECF, 0x5FE7, 0x3DDF, 0x1DDF, 0xFCDE, 0xFDE6, 0xFDE6, 0xDEFF,
0xFFFF, 0xFFFF, 0xFFFF, 0xFFFF, 0xFFFF, 0xFFFF, 0xFFFF, 0xFFFF, 0xFFFF, 0xFFFF,
0xFFFF, 0xFFFF, 0xFFFF, 0xFFFF, 0xFFFF, 0xFFFF, 0xDFF7, 0xDFFF, 0x7DEF, 0xBFF7,
0x9EF7, 0xBEF7, 0xFFFF, 0xFFFF, 0xFFFF, 0xFFFF, 0xFFFF, 0xDFF7, 0xFFFF, 0xFFFF,
0xFFFF, 0xBEFF, 0xFFEF, 0xFEBE, 0xDEA6, 0x1FAF, 0xFEAE, 0xFEAE, 0xFEAE, 0xFEAE,
0xFEAE, 0xFEAE, 0xFEAE, 0xFEAE, 0xFEAE, 0xFEAE, 0x1FB7, 0x1FB7, 0x1FB7, 0x1FB7,
0x1FB7, 0x1FB7, 0x1FB7, 0x1FB7, 0x1FB7, 0x1FB7, 0x1FB7, 0x1FB7, 0x1FB7, 0x1FB7,
0x1FB7, 0x1FB7, 0x1FB7, 0x1FB7, 0x1FB7, 0x1FB7, 0x1FB7, 0x1FB7, 0x1FB7, 0x1FB7,
0x1FB7, 0x1FB7, 0x1FB7, 0x1FB7, 0x1FB7, 0x1FB7, 0x1FB7, 0x1FB7, 0x1FB7, 0x1FB7,
0x1FB7, 0x1FB7, 0x1FB7, 0x1FB7, 0x1FB7, 0x1FB7, 0x1FB7, 0x1FB7, 0x1FB7, 0x1FB7,
0x1FB7, 0x1FB7, 0x1FB7, 0x1FB7, 0x1FB7, 0x1FB7, 0x1FB7, 0x1FB7, 0x1FB7, 0x1FB7,
0x1FB7, 0x1FB7, 0x1FB7, 0x1FB7, 0x1FB7, 0x1FB7, 0x5FB7, 0x3EB7, 0xDDAE, 0xFEB6,
0xFEBE, 0xFEAE, 0x3FBF, 0x3FC7, 0x1FBF, 0xFEB6, 0x1ECF, 0x3ED7, 0x5EDF, 0x7EE7,
0xDFFF, 0xDFFF, 0xFFFF, 0xFFFF, 0xFFFF, 0xFFFF, 0xFFFF, 0xFFFF, 0xFFFF, 0xFFFF,
0xFFFF, 0xFFFF, 0xFFFF, 0xFFFF, 0xFFFF, 0xDFEF, 0xBFE7, 0x9EDF, 0x5ED7, 0xFDB6,
0x1EBF, 0x1EB7, 0x1DAF, 0xFEB6, 0xFEB6, 0xFEB6, 0xFEB6, 0xFEB6, 0xDEB6, 0x1FC7,
0x5FDF, 0x3FE7, 0x3EE7, 0x1EDF, 0x3EE7, 0x7EEF, 0xBFF7, 0xDFFF, 0xFFFF, 0xFFFF,
0xDFFF, 0xFFFF, 0xFFFF, 0xFFFF, 0xFFFF, 0xFFFF, 0xFFFF, 0xFFFF, 0xFFFF, 0xFFFF,
0xFFFF, 0xFFFF, 0xFFFF, 0xFFFF, 0xFFFF, 0xFFFF, 0xFFFF, 0xBEF7, 0xBEF7, 0xFFFF,
0xFFFF, 0xFFFF, 0xFFFF, 0xFFFF, 0xFFFF, 0xFFFF, 0xFFFF, 0xFFFF, 0xFFFF, 0xBEFF,
0xDEFF, 0xFFFF, 0xBFEF, 0x5EDF, 0x5FD7, 0xDEBE, 0xFFB6, 0xFFB6, 0xFEAE, 0xFEB6,
0xFEB6, 0xFEB6, 0xFEB6, 0xFEB6, 0xFEB6, 0xFEB6, 0xFEB6, 0xFEB6, 0xFEB6, 0xFEB6,
0xFEB6, 0xFEB6, 0xFEB6, 0xFEB6, 0xFEB6, 0xFEB6, 0xFEB6, 0xFEB6, 0xFEB6, 0xFEB6,
0xFEB6, 0xFEB6, 0xFEB6, 0xFEB6, 0xFEB6, 0xFEB6, 0xFEB6, 0xFEB6, 0xFEB6, 0xFEB6,
0xFEB6, 0xFEB6, 0xFEB6, 0xFEB6, 0xFEB6, 0xFEB6, 0xFEB6, 0xFEB6, 0xFEB6, 0xFEB6,
0xFEB6, 0xFEB6, 0xFEB6, 0xFEB6, 0xFEB6, 0xFEB6, 0xFEB6, 0xFEB6, 0xFEB6, 0xFEB6,
0xFEB6, 0xFEB6, 0xFEB6, 0xFEB6, 0xFEB6, 0xFEB6, 0xFEB6, 0xFEB6, 0xFEB6, 0xFEB6,
0xFEB6, 0xFEB6, 0xFEB6, 0xFEB6, 0xFEB6, 0xFEB6, 0xFEB6, 0xFEB6, 0xFEB6, 0xFEB6,
0xFEB6, 0xFEB6, 0xFEB6, 0xFEB6, 0xFEB6, 0xFEB6, 0xFEB6, 0xFEAE, 0xFEAE, 0xFEAE,
0xFEAE, 0xFEAE, 0xFEAE, 0xFEAE, 0xFEAE, 0xFEAE, 0xFEAE, 0xFEAE, 0xFEAE, 0xFEAE,
0xFEAE, 0xFEAE, 0xFEAE, 0xFEAE, 0xFEAE, 0xFEAE, 0xFEAE, 0xFEAE, 0xFEAE, 0xFEAE,
0xFEAE, 0xFEAE, 0xFEAE, 0xFEAE, 0xFEAE, 0xFEAE, 0xFEAE, 0xFEAE, 0xFEAE, 0x1FB7,
0x1EAF, 0xFDAE, 0x1EC7, 0x5FDF, 0xBEEF, 0x9EEF, 0x7EEF, 0x3DEF, 0x3DEF, 0xFFFF,
0xFFFF, 0xFFFF, 0xFFFF, 0xFFFF, 0xFFFF, 0xFFFF, 0xFFFF, 0xFFFF, 0xFFFF, 0xFFFF,
0xFFFF, 0xFFFF, 0xFFFF, 0xFFFF, 0xFFFF, 0xFFFF, 0xFFFF, 0xDFF7, 0x5EE7, 0x7EE7,
0x3DE7, 0x5EE7, 0x7DEF, 0x7DEF, 0x7DEF, 0x7DEF, 0xDFF7, 0xDFF7, 0xBFF7, 0xBFF7,
0xFFFF, 0xDFF7, 0x7FDF, 0x3FBF, 0xDEA6, 0xDFA6, 0xFEAE, 0xFEAE, 0xFEAE, 0xFEAE,
0xFEAE, 0xFEAE, 0xFEAE, 0xFEAE, 0xFEAE, 0xFEAE, 0x1FB7, 0x1FB7, 0x1FB7, 0x1FB7,
0x1FB7, 0x1FB7, 0x1FB7, 0x1FB7, 0x1FB7, 0x1FB7, 0x1FB7, 0x1FB7, 0x1FB7, 0x1FB7,
0x1FB7, 0x1FB7, 0x1FB7, 0x1FB7, 0x1FB7, 0x1FB7, 0x1FB7, 0x1FB7, 0x1FB7, 0x1FB7,
0x1FB7, 0x1FB7, 0x1FB7, 0x1FB7, 0x1FB7, 0x1FB7, 0x1FB7, 0x1FB7, 0x1FB7, 0x1FB7,
0x1FB7, 0x1FB7, 0x1FB7, 0x1FB7, 0x1FB7, 0x1FB7, 0x1FB7, 0x1FB7, 0x1FB7, 0x1FB7,
0x1FB7, 0x1FB7, 0x1FB7, 0x1FB7, 0x1FB7, 0x1FB7, 0x1FB7, 0x1FB7, 0x1FB7, 0x1FB7,
0x1FB7, 0x1FB7, 0x1FB7, 0x1FB7, 0x1FB7, 0x1FB7, 0x1EB7, 0x3FB7, 0xFEB6, 0xFEB6,
0xFFB6, 0x1FAF, 0xFEAE, 0xFFB6, 0x1FAF, 0x1FAF, 0xFEBE, 0x3FCF, 0x5FD7, 0x3ED7,
0x5EEF, 0x7EEF, 0x7EEF, 0xDFF7, 0xFFFF, 0xFFFF, 0xFFFF, 0xFFFF, 0xFFFF, 0xFFFF,
0xDEFF, 0xFFFF, 0xFFFF, 0xFFFF, 0xFEFF, 0xFEFF, 0xFFFF, 0xFFFF, 0xDFF7, 0x5FC7,
0x1EBF, 0x1EBF, 0x1DB7, 0xFEB6, 0xFEB6, 0xFEB6, 0xFEB6, 0xFEB6, 0xFEB6, 0x1FC7,
0x5FDF, 0x3EE7, 0x3DE7, 0x1DDF, 0x1DE7, 0x7EEF, 0xDFF7, 0xFFFF, 0xFFFF, 0xFFFF,
0xFFFF, 0xFFFF, 0xFFFF, 0xFFFF, 0xFFFF, 0xFFFF, 0xFFFF, 0xFFFF, 0xFFFF, 0xFFFF,
0xFFFF, 0xFFFF, 0xFFFF, 0xFFFF, 0xFFFF, 0xFFFF, 0xFFFF, 0xBEF7, 0xBEF7, 0xFFFF,
0xFFFF, 0xFFFF, 0xFFFF, 0xFFFF, 0xFFFF, 0xFFFF, 0xFFFF, 0xFFFF, 0xFFFF, 0xBEFF,
0xBFFF, 0xBFEF, 0x3ED7, 0xFDC6, 0x1EC7, 0xDEB6, 0x1FB7, 0xFFB6, 0xDFB6, 0xFEB6,
0xFEB6, 0xFEB6, 0xFEB6, 0xFEB6, 0xFEB6, 0xFEB6, 0xFEB6, 0xFEB6, 0xFEB6, 0xFEB6,
0xFEB6, 0xFEB6, 0xFEB6, 0xFEB6, 0xFEB6, 0xFEB6, 0xFEB6, 0xFEB6, 0xFEB6, 0xFEB6,
0xFEB6, 0xFEB6, 0xFEB6, 0xFEB6, 0xFEB6, 0xFEB6, 0xFEB6, 0xFEB6, 0xFEB6, 0xFEB6,
0xFEB6, 0xFEB6, 0xFEB6, 0xFEB6, 0xFEB6, 0xFEB6, 0xFEB6, 0xFEB6, 0xFEB6, 0xFEB6,
0xFEB6, 0xFEB6, 0xFEB6, 0xFEB6, 0xFEB6, 0xFEB6, 0xFEB6, 0xFEB6, 0xFEB6, 0xFEB6,
0xFEB6, 0xFEB6, 0xFEB6, 0xFEB6, 0xFEB6, 0xFEB6, 0xFEB6, 0xFEB6, 0xFEB6, 0xFEB6,
0xFEB6, 0xFEB6, 0xFEB6, 0xFEB6, 0xFEB6, 0xFEB6, 0xFEB6, 0xFEB6, 0xFEB6, 0xFEB6,
0xFEB6, 0xFEB6, 0xFEB6, 0xFEB6, 0xFEB6, 0xFEB6, 0xFEB6, 0xFEAE, 0xFEAE, 0xFEAE,
0xFEAE, 0xFEAE, 0xFEAE, 0xFEAE, 0xFEAE, 0xFEAE, 0xFEAE, 0xFEAE, 0xFEAE, 0xFEAE,
0xFEAE, 0xFEAE, 0xFEAE, 0xFEAE, 0xFEAE, 0xFEAE, 0xFEAE, 0xFEAE, 0xFEAE, 0xFEAE,
0xFEB6, 0xFEB6, 0xFEB6, 0xFEB6, 0xFEB6, 0xFEAE, 0xFEAE, 0xFEAE, 0xFEAE, 0x1FB7,
0x1FB7, 0x1EAF, 0x1EBF, 0x3FCF, 0xFFF7, 0xFFF7, 0xFFF7, 0xDFF7, 0xBFF7, 0xFFFF,
0xDFFF, 0xFFFF, 0xFFFF, 0xDFF7, 0xFFFF, 0xFFFF, 0xFFFF, 0xFFFF, 0xFFFF, 0xFFFF,
0xFFFF, 0xFFFF, 0xFFFF, 0xFFFF, 0xFFFF, 0xFFFF, 0xFFFF, 0xFFFF, 0xBFF7, 0xBFEF,
0x7EEF, 0x7EEF, 0x7DEF, 0x7DEF, 0x7DEF, 0x7DEF, 0x3DE7, 0x5DEF, 0x5DEF, 0x5DEF,
0xBEF7, 0x7EE7, 0x5ED7, 0xBDAE, 0x1FB7, 0x3FB7, 0xFEAE, 0xFEAE, 0xFEAE, 0xFEAE,
0xFFAE, 0xFFAE, 0xFFAE, 0xFFAE, 0xFFAE, 0xFFAE, 0x1FB7, 0x1FB7, 0x1FB7, 0x1FB7,
0x1FB7, 0x1FB7, 0x1FB7, 0x1FB7, 0x1FB7, 0x1FB7, 0x1FB7, 0x1FB7, 0x1FB7, 0x1FB7,
0x1FB7, 0x1FB7, 0x1FB7, 0x1FB7, 0x1FB7, 0x1FB7, 0x1FB7, 0x1FB7, 0x1FB7, 0x1FB7,
0x1FB7, 0x1FB7, 0x1FB7, 0x1FB7, 0x1FBF, 0x1FBF, 0x1FBF, 0x1FBF, 0x1FBF, 0x1FBF,
0x1FBF, 0x1FBF, 0x1FBF, 0x1FBF, 0x1FBF, 0x1FBF, 0x1FBF, 0x1FBF, 0x1FBF, 0x1FBF,
0x1FBF, 0x1FBF, 0x1FBF, 0x1FBF, 0x1FBF, 0x1FBF, 0x1FBF, 0x1FBF, 0x1FBF, 0x1FBF,
0x1FBF, 0x1FBF, 0x1FB7, 0x1FB7, 0x1FB7, 0x1FB7, 0x1FBF, 0xDEB6, 0xFFB6, 0xFFB6,
0xFFB6, 0xDEB6, 0xFEB6, 0x1FB7, 0x1FB7, 0xFFBE, 0xFEB6, 0xFEBE, 0xFEC6, 0x3ECF,
0x3FE7, 0x1EDF, 0x1DDF, 0x5EE7, 0xDFF7, 0xFFFF, 0xFFFF, 0xFFFF, 0xFFFF, 0xFFFF,
0xFFFF, 0xFFFF, 0xFFFF, 0xFFFF, 0xFFFF, 0xFFFF, 0xFFFF, 0xFFFF, 0xFFF7, 0xFFF7,
0xBFE7, 0x5FD7, 0xDCBE, 0xFEB6, 0xFEB6, 0xFEB6, 0xFEB6, 0xFEB6, 0x1FB7, 0x1EBF,
0x7EDF, 0xFFF7, 0xFFFF, 0xFFF7, 0x9EEF, 0xDEF7, 0xFFFF, 0xFFFF, 0xDEFF, 0xDEFF,
0xFFFF, 0xFFFF, 0xFFFF, 0xFFFF, 0xFFFF, 0xFFFF, 0xFFFF, 0xFFFF, 0xFFFF, 0xFFFF,
0xFFFF, 0xFFFF, 0xFFFF, 0xFFFF, 0xFFFF, 0xFFFF, 0xFFFF, 0xFFFF, 0xFFFF, 0xFFFF,
0xFFFF, 0xFFFF, 0xFFFF, 0xFFFF, 0xFFFF, 0xFFFF, 0xFFFF, 0xFFFF, 0xFFFF, 0xFFFF,
0xFFF7, 0x5FD7, 0x1EBF, 0x1EB7, 0xDEB6, 0xFFB6, 0x1FBF, 0xFFB6, 0xFEBE, 0xFEB6,
0xFEB6, 0xFEB6, 0xFEB6, 0xFEB6, 0xFEB6, 0xFEB6, 0xFEB6, 0xFEB6, 0xFEB6, 0xFEB6,
0xFEB6, 0xFEB6, 0xFEB6, 0xFEB6, 0xFEB6, 0xFEB6, 0xFEB6, 0xFEB6, 0xFEB6, 0xFEB6,
0xFEB6, 0xFEB6, 0xFEB6, 0xFEB6, 0xFEB6, 0xFEB6, 0xFEB6, 0xFEB6, 0xFEB6, 0xFEB6,
0xFEB6, 0xFEB6, 0xFEB6, 0xFEB6, 0xFEB6, 0xFEB6, 0xFEB6, 0xFEB6, 0xFEB6, 0xFEB6,
0x1EB7, 0x1EB7, 0x1EB7, 0x1EB7, 0x1EB7, 0xFEB6, 0xFEB6, 0xFEB6, 0xFEB6, 0xFEB6,
0xFEB6, 0xFEB6, 0xFEB6, 0xFEB6, 0xFEB6, 0xFEB6, 0xFEB6, 0xFEB6, 0xFEB6, 0xFEB6,
0xFEB6, 0xFEB6, 0xFEB6, 0xFEB6, 0xFEB6, 0xFEB6, 0xFEB6, 0xFEB6, 0xFEB6, 0xFEB6,
0xFEB6, 0xFEB6, 0xFEB6, 0xFEB6, 0xFEB6, 0xFEB6, 0xFEB6, 0xFEAE, 0xFEAE, 0xFEAE,
0xFEAE, 0xFEAE, 0xFEAE, 0xFEAE, 0xFEAE, 0xFEAE, 0xFEAE, 0xFEAE, 0xFEAE, 0xFEAE,
0xFEAE, 0xFEAE, 0xFEAE, 0xFEAE, 0xFEAE, 0xFEAE, 0xFEAE, 0xFEAE, 0xFEAE, 0xFEAE,
0xFEB6, 0xFEB6, 0xFEB6, 0xFEB6, 0xFEB6, 0xFEAE, 0xFEAE, 0xFEAE, 0xFEAE, 0xDFB6,
0xDFB6, 0xFFAE, 0xFFB6, 0xFFBE, 0xDDB6, 0xDDBE, 0xFEC6, 0x3FCF, 0x3FD7, 0x9EEF,
0xFFF7, 0xFFF7, 0x9EEF, 0x1CE7, 0x5DEF, 0x9EEF, 0xDFFF, 0xFFFF, 0xFFFF, 0xFFFF,
0xFFFF, 0xFFFF, 0xFFFF, 0xFFFF, 0xFFFF, 0xDFFF, 0xDEF7, 0xFEFF, 0xFFFF, 0xFEFF,
0xFEFF, 0xFFFF, 0xFFFF, 0xFFFF, 0xFFFF, 0xFFFF, 0xFFFF, 0xFFFF, 0xDFFF, 0xFFFF,
0xFFFF, 0xFEFF, 0xBEF7, 0xFFE7, 0xBCAE, 0xBCAE, 0xFEAE, 0xFEAE, 0xFEAE, 0xFEAE,
0xFFB6, 0xFFB6, 0xFFB6, 0xFFB6, 0xFFB6, 0xFFB6, 0x1FBF, 0x1FBF, 0x1FBF, 0x1FBF,
0x1FBF, 0x1FBF, 0x1FBF, 0x1FBF, 0x1FBF, 0x1FBF, 0x1FBF, 0x1FBF, 0x1FBF, 0x1FBF,
0x1FBF, 0x1FBF, 0x1FBF, 0x1FBF, 0x1FBF, 0x1FBF, 0x1FBF, 0x1FBF, 0x1FBF, 0x1FBF,
0x1FBF, 0x1FBF, 0x1FBF, 0x1FBF, 0x1FBF, 0x1FBF, 0x1FBF, 0x1FBF, 0x1FBF, 0x1FBF,
0x1FBF, 0x1FBF, 0x1FBF, 0x1FBF, 0x1FBF, 0x1FBF, 0x1FBF, 0x1FBF, 0x1FBF, 0x1FBF,
0x1FBF, 0x1FBF, 0x1FBF, 0x1FBF, 0x1FBF, 0x1FBF, 0x1FBF, 0x1FBF, 0x1FBF, 0x1FBF,
0x1FBF, 0x1FBF, 0x1FBF, 0x1FBF, 0x1FBF, 0x1FBF, 0x1FBF, 0x1FBF, 0x1FBF, 0x1FBF,
0x1FBF, 0x1FBF, 0x1FBF, 0x1FBF, 0x1FBF, 0x1FBF, 0x1FBF, 0x1FBF, 0x1FBF, 0x1FBF,
0x1ECF, 0x1FD7, 0x1FD7, 0x3FDF, 0x3FDF, 0x5DE7, 0xDEF7, 0xFFFF, 0xDFFF, 0xFFFF,
0xFFFF, 0xFFFF, 0xFFFF, 0xFFFF, 0xFFFF, 0xFFFF, 0xFFFF, 0xDFFF, 0xFFFF, 0xFEFF,
0xFFF7, 0x9FE7, 0x9CA6, 0x1FB7, 0x3FBF, 0x3FB7, 0x3FB7, 0xFEA6, 0x3FAF, 0x1EB7,
0x1FC7, 0xBFEF, 0xDFF7, 0xFFEF, 0xBFEF, 0x5DEF, 0xDFFF, 0xDFF7, 0xFFFF, 0xFFFF,
0xFFFF, 0x7EEF, 0xBEF7, 0xFFFF, 0xFFFF, 0xFFFF, 0xFFFF, 0xFFFF, 0xFFFF, 0xFFFF,
0xFFFF, 0xFFFF, 0xFFFF, 0xFFFF, 0xFFFF, 0xFFFF, 0xFFFF, 0xFFFF, 0xFFFF, 0xFFFF,
0xFFFF, 0xDFFF, 0xFFFF, 0xFFFF, 0xDFFF, 0xFEFF, 0xFFFF, 0xDFFF, 0xFFFF, 0x3DE7,
0x5EE7, 0x3ED7, 0xFEBE, 0x1EB7, 0x1FBF, 0x1FBF, 0x1FBF, 0x1FBF, 0x1FBF, 0xFEB6,
0xFEB6, 0xFEB6, 0xFEB6, 0xFEB6, 0xFEB6, 0xFEB6, 0xFEB6, 0xFEB6, 0xFEB6, 0xFEB6,
0xFEB6, 0xFEB6, 0xFEB6, 0xFEB6, 0xFEB6, 0xFEB6, 0xFEB6, 0xFEB6, 0xFEB6, 0xFEB6,
0xFEB6, 0xFEB6, 0xFEB6, 0xFEB6, 0xFEB6, 0xFEB6, 0xFFB6, 0xFFB6, 0xFFB6, 0xFFB6,
0xFFB6, 0xFFB6, 0xFFB6, 0xFFB6, 0xFFB6, 0xFFB6, 0xFFB6, 0xFFB6, 0xFFB6, 0xFFB6,
0x1FB7, 0x1FB7, 0x1FB7, 0x1FB7, 0x1FB7, 0x1FB7, 0x1FB7, 0x1FB7, 0x1FB7, 0xFEB6,
0xFEB6, 0xFEB6, 0xFEB6, 0xFEB6, 0xFEB6, 0xFEB6, 0xFEB6, 0xFEB6, 0xFEB6, 0xFEB6,
0xFEB6, 0xFEB6, 0xFEB6, 0xFEB6, 0xFEB6, 0xFEB6, 0xFEB6, 0xFEB6, 0xFEB6, 0xFEB6,
0xFEB6, 0xFEB6, 0xFEB6, 0xFEB6, 0xFEB6, 0xFEB6, 0xFEB6, 0xFEB6, 0xFEB6, 0xFEB6,
0xFEB6, 0xFEB6, 0xFEB6, 0xFEB6, 0xFEB6, 0xFEB6, 0xFEB6, 0xFEB6, 0xFEB6, 0xFEB6,
0xFEB6, 0xFEB6, 0xFEB6, 0xFEB6, 0xFEB6, 0xFEB6, 0xFEB6, 0xFEB6, 0xFEB6, 0xFEB6,
0xFEB6, 0xFEB6, 0xFEB6, 0xFEB6, 0xFEB6, 0x1FB7, 0x1FB7, 0x1FB7, 0x1FB7, 0x1FB7,
0x1FB7, 0x1FB7, 0x1FB7, 0x1FB7, 0xFEB6, 0xBDB6, 0xFEC6, 0x5FD7, 0x9FDF, 0x5EE7,
0x3EE7, 0x7FEF, 0x3EE7, 0x1DE7, 0x3DE7, 0x5EE7, 0x7FE7, 0x7FE7, 0x9EEF, 0x9EEF,
0xDFF7, 0xFFF7, 0xFFFF, 0xDFFF, 0xDFFF, 0xFFFF, 0xFFFF, 0xDEF7, 0xFFFF, 0xFFFF,
0xFFFF, 0xFFFF, 0xFFFF, 0xFFFF, 0xFFFF, 0xFFFF, 0xFFFF, 0xFFFF, 0xFFFF, 0xFFFF,
0xFFFF, 0xBFFF, 0x5FE7, 0x5ED7, 0xDCBE, 0xFCBE, 0xFEB6, 0xFEB6, 0xFEB6, 0xFEB6,
0xFEB6, 0xFEB6, 0xFEB6, 0xFEB6, 0xFEB6, 0xFEB6, 0x1FBF, 0x1FBF, 0x1FBF, 0x1FBF,
0x1FBF, 0x1FBF, 0x1FBF, 0x1FBF, 0x1FBF, 0x1FBF, 0x1FBF, 0x1FBF, 0x1FBF, 0x1FBF,
0x1FBF, 0x1FBF, 0x1FBF, 0x1FBF, 0x1FBF, 0x1FBF, 0x1FBF, 0x1FBF, 0x1FBF, 0x1FBF,
0x1FBF, 0x1FBF, 0x1FBF, 0x1FBF, 0x1FBF, 0x1FBF, 0x1FBF, 0x1FBF, 0x1FBF, 0x1FBF,
0x1FBF, 0x1FBF, 0x1FBF, 0x1FBF, 0x1FBF, 0x1FBF, 0x1FBF, 0x1FBF, 0x1FBF, 0x1FBF,
0x1FBF, 0x1FBF, 0x1FBF, 0x1FBF, 0x1FBF, 0x1FBF, 0x1FBF, 0x1FBF, 0x1FBF, 0x1FBF,
0x1FBF, 0x1FBF, 0x1FBF, 0x1FBF, 0x1FBF, 0x1FBF, 0x1FBF, 0x1FBF, 0x1FBF, 0x1FBF,
0x1FBF, 0x1FBF, 0x1FBF, 0x1FBF, 0x1FBF, 0x1FBF, 0x1FBF, 0x1FBF, 0x1FBF, 0x1FBF,
0xFEC6, 0xFEC6, 0x1ECF, 0x1FD7, 0x1FD7, 0x3DE7, 0x7EEF, 0xDEFF, 0xFFFF, 0xFFFF,
0xFFFF, 0xFFFF, 0xFFFF, 0xFFFF, 0xFFFF, 0xFFFF, 0xFFFF, 0xFFFF, 0xFFFF, 0xFEFF,
0xFFFF, 0xBFEF, 0xFEB6, 0xDFB6, 0xFFBE, 0xDEB6, 0x1FB7, 0x1FB7, 0x1EAF, 0xFEB6,
0xDEBE, 0x5FDF, 0x7FDF, 0x7FDF, 0x5EE7, 0x1DE7, 0x9EF7, 0xFFFF, 0xFFFF, 0xFFFF,
0x7EEF, 0x1CDF, 0x9EF7, 0xDFFF, 0xFFFF, 0xFFFF, 0xFFFF, 0xFFFF, 0xFFFF, 0xFFFF,
0xFFFF, 0xFFFF, 0xFFFF, 0xFFFF, 0xFFFF, 0xFFFF, 0xFFFF, 0xFFFF, 0xFFFF, 0xFFFF,
0xFFFF, 0xDFFF, 0xFFFF, 0xFFFF, 0xFFFF, 0xFEFF, 0xFFFF, 0xDFFF, 0xDFF7, 0x3DDF,
0x5EDF, 0x3ECF, 0xFFB6, 0x1FB7, 0x1FBF, 0x1FBF, 0x1FBF, 0x1FBF, 0x1FBF, 0xFEB6,
0xFEB6, 0xFEB6, 0xFEB6, 0xFEB6, 0xFEB6, 0xFEB6, 0xFEB6, 0xFEB6, 0xFEB6, 0xFEB6,
0xFEB6, 0xFEB6, 0xFEB6, 0xFEB6, 0xFEB6, 0xFEB6, 0xFEB6, 0xFEB6, 0xFEB6, 0xFEB6,
0xFEB6, 0xFEB6, 0xFEB6, 0xFEB6, 0xFEB6, 0xFEB6, 0xFFB6, 0xFFB6, 0xFFB6, 0xFFB6,
0xFFB6, 0xFFB6, 0xFFB6, 0xFFB6, 0xFFB6, 0xFFB6, 0xFFB6, 0xFFB6, 0xFFB6, 0xFFB6,
0x1FB7, 0x1FB7, 0x1FB7, 0x1FB7, 0x1FB7, 0x1FB7, 0x1FB7, 0x1FB7, 0x1FB7, 0xFEB6,
0xFEB6, 0xFEB6, 0xFEB6, 0xFEB6, 0xFEB6, 0xFEB6, 0xFEB6, 0xFEB6, 0xFEB6, 0xFEB6,
0xFEB6, 0xFEB6, 0xFEB6, 0xFEB6, 0xFEB6, 0xFEB6, 0xFEB6, 0xFEB6, 0xFEB6, 0xFEB6,
0xFEB6, 0xFEB6, 0xFEB6, 0xFEB6, 0xFEB6, 0xFEB6, 0xFEB6, 0xFEB6, 0xFEB6, 0xFEB6,
0xFEB6, 0xFEB6, 0xFEB6, 0xFEB6, 0xFEB6, 0xFEB6, 0xFEB6, 0xFEB6, 0xFEB6, 0xFEB6,
0xFEB6, 0xFEB6, 0xFEB6, 0xFEB6, 0xFEB6, 0xFEB6, 0xFEB6, 0xFEB6, 0xFEB6, 0xFEB6,
0xFEB6, 0xFEB6, 0xFEB6, 0xFEB6, 0xFEB6, 0x1FB7, 0x1FB7, 0x1FB7, 0x1FB7, 0x1FB7,
0x1FB7, 0x1FB7, 0x1FB7, 0x1FB7, 0x1FB7, 0xFEB6, 0x1EC7, 0x3FCF, 0x5FD7, 0x1DDF,
0x3DDF, 0x3EDF, 0x5EE7, 0x5EEF, 0x5EE7, 0x3EE7, 0x3EDF, 0x1EDF, 0x1CDF, 0x3DE7,
0x7EEF, 0xBFF7, 0x3DE7, 0x3DE7, 0x5DEF, 0xBFF7, 0xDFF7, 0x9EEF, 0xBEEF, 0xFFF7,
0xFFFF, 0xFFFF, 0xFFFF, 0xFFFF, 0xFFFF, 0xFFFF, 0xFFFF, 0xFFFF, 0xFFFF, 0xDFFF,
0xDFFF, 0x7FE7, 0x1ECF, 0x3EC7, 0xBCB6, 0xDCAE, 0xFEB6, 0xFEB6, 0xFEB6, 0xFEB6,
0xFEB6, 0xFEB6, 0xFEB6, 0xFEB6, 0xFEB6, 0xFEB6, 0x1FBF, 0x1FBF, 0x1FBF, 0x1FBF,
0x1FBF, 0x1FBF, 0x1FBF, 0x1FBF, 0x1FBF, 0x1FBF, 0x1FBF, 0x1FBF, 0x1FBF, 0x1FBF,
0x1FBF, 0x1FBF, 0x1FBF, 0x1FBF, 0x1FBF, 0x1FBF, 0x1FBF, 0x1FBF, 0x1FBF, 0x1FBF,
0x1FBF, 0x1FBF, 0x1FBF, 0x1FBF, 0x1FBF, 0x1FBF, 0x1FBF, 0x1FBF, 0x1FBF, 0x1FBF,
0x1FBF, 0x1FBF, 0x1FBF, 0x1FBF, 0x1FBF, 0x1FBF, 0x1FBF, 0x1FBF, 0x1FBF, 0x1FBF,
0x1FBF, 0x1FBF, 0x1FBF, 0x1FBF, 0x1FBF, 0x1FBF, 0x1FBF, 0x1FBF, 0x1FBF, 0x1FBF,
0x1FBF, 0x1FBF, 0x1FBF, 0x1FBF, 0x1FBF, 0x1FBF, 0x1FBF, 0x1FBF, 0x1FBF, 0x1FBF,
0x1FBF, 0x1FBF, 0x1FBF, 0x1FBF, 0x1FBF, 0x1FBF, 0x1FBF, 0x1FBF, 0x1FBF, 0x1FBF,
0xFDBE, 0xFEBE, 0xFEBE, 0xFEC6, 0xFEC6, 0x1DDF, 0x3DE7, 0x9EF7, 0xDFF7, 0xFFF7,
0xFFFF, 0xFFFF, 0xFFFF, 0xFFFF, 0xFFFF, 0xFFFF, 0xFFFF, 0xFFFF, 0xFFFF, 0xFFFF,
0xFFFF, 0xDFEF, 0xFEBE, 0xDFBE, 0xFFBE, 0xDFB6, 0xFFB6, 0x1FB7, 0xFEB6, 0xFEB6,
0xDEB6, 0x1FC7, 0x1FC7, 0xFDC6, 0x3ED7, 0x1DDF, 0x5DEF, 0xFFFF, 0xFFFF, 0xBFF7,
0x5EE7, 0x1CDF, 0x5DE7, 0x9EEF, 0xFFFF, 0xDFF7, 0xDFF7, 0xFFFF, 0xFFFF, 0xFFFF,
0xFFFF, 0xFFFF, 0xFFFF, 0xFFFF, 0xFFFF, 0xFFFF, 0xFFFF, 0xFFFF, 0xFFFF, 0xFFFF,
0xFFFF, 0xFFFF, 0xFFFF, 0xFFFF, 0xFFFF, 0xFFFF, 0xFFFF, 0xFFFF, 0xDFF7, 0x1DCF,
0x3ED7, 0x1EBF, 0x1FB7, 0x1FB7, 0x1FBF, 0x1FBF, 0x1FBF, 0x1FBF, 0x1FBF, 0xFFB6,
0xFFB6, 0xFFB6, 0xFFB6, 0xFFB6, 0xFFB6, 0xFFB6, 0xFFB6, 0xFFB6, 0xFFB6, 0xFFB6,
0xFFB6, 0xFFB6, 0xFFB6, 0xFFB6, 0xFFB6, 0xFFB6, 0xFFB6, 0xFFB6, 0xFFB6, 0xFFB6,
0xFFB6, 0xFFB6, 0xFFB6, 0xFFB6, 0xFFB6, 0xFFB6, 0xFFB6, 0xFFB6, 0xFFB6, 0xFFB6,
0xFFB6, 0xFFB6, 0xFFB6, 0xFFB6, 0xFFB6, 0xFFB6, 0xFFB6, 0xFFB6, 0xFFB6, 0xFFB6,
0x1FB7, 0x1FB7, 0x1FB7, 0x1FB7, 0x1FB7, 0x1FB7, 0x1FB7, 0x1FB7, 0x1FB7, 0x1EB7,
0x1EB7, 0x1EB7, 0x1EB7, 0x1EB7, 0x1EB7, 0x1EB7, 0x1EB7, 0x1EB7, 0x1EB7, 0x1EB7,
0x1EB7, 0x1EB7, 0x1EB7, 0x1EB7, 0x1EB7, 0x1EB7, 0x1EB7, 0x1EB7, 0x1EB7, 0x1EB7,
0x1EB7, 0x1EB7, 0x1EB7, 0x1EB7, 0x1EB7, 0x1EB7, 0x1EB7, 0x1EB7, 0x1EB7, 0x1EB7,
0x1EB7, 0x1EB7, 0x1EB7, 0x1EB7, 0x1EB7, 0x1EB7, 0x1EB7, 0x1EB7, 0x1EB7, 0x1EB7,
0x1EB7, 0x1EB7, 0x1EB7, 0x1EB7, 0x1EB7, 0x1EB7, 0x1EB7, 0x1EB7, 0x1EB7, 0x1EB7,
0x1EB7, 0x1EB7, 0x1EB7, 0x1EB7, 0x1EB7, 0x1FB7, 0x1FB7, 0x1FB7, 0x1FB7, 0x1FB7,
0x1FB7, 0x1FB7, 0x1FB7, 0x1FB7, 0x1FAF, 0xFEAE, 0xDEB6, 0xDEBE, 0xFFC6, 0x1DD7,
0xDFEF, 0xBFEF, 0xBFEF, 0x3DE7, 0x3DE7, 0x3EE7, 0x1EDF, 0x1EDF, 0x3EE7, 0x3EE7,
0x3EE7, 0x3EE7, 0x5EE7, 0x5DE7, 0x5DE7, 0x5DE7, 0x3DDF, 0x3DE7, 0x7EE7, 0x9EEF,
0x9FEF, 0x9FEF, 0x5EEF, 0x7EEF, 0x7EEF, 0x5EEF, 0xBFEF, 0xBFEF, 0x9FEF, 0x9FEF,
0x9FEF, 0x3FCF, 0xFEBE, 0x1EBF, 0xDDAE, 0xFDAE, 0xFFB6, 0xFFB6, 0xFFB6, 0xFFB6,
0xFFB6, 0xFFB6, 0xFFB6, 0xFFB6, 0xFFB6, 0xFEB6, 0x1FBF, 0x1FBF, 0x1FBF, 0x1FBF,
0x1FBF, 0x1FBF, 0x1FBF, 0x1FBF, 0x1FBF, 0x1FBF, 0x1FBF, 0x1FBF, 0x1FBF, 0x1FBF,
0x1FBF, 0x1FBF, 0x1FBF, 0x1FBF, 0x1FBF, 0x1FBF, 0x1FBF, 0x1FBF, 0x1FBF, 0x1FBF,
0x1FBF, 0x1FBF, 0x1FBF, 0x1FBF, 0x1FBF, 0x1FBF, 0x1FBF, 0x1FBF, 0x1FBF, 0x1FBF,
0x1FBF, 0x1FBF, 0x1FBF, 0x1FBF, 0x1FBF, 0x1FBF, 0x1FBF, 0x1FBF, 0x1FBF, 0x1FBF,
0x1FBF, 0x1FBF, 0x1FBF, 0x1FBF, 0x1FBF, 0x1FBF, 0x1FBF, 0x1FBF, 0x1FBF, 0x1FBF,
0x1FBF, 0x1FBF, 0x1FBF, 0x1FBF, 0x1FBF, 0x1FBF, 0x1FBF, 0x1FBF, 0x1FBF, 0x1FBF,
0x1FBF, 0x1FBF, 0x1FBF, 0x1FBF, 0x1FBF, 0x1FBF, 0x1FBF, 0x1FBF, 0x1FBF, 0x1FBF,
0xFDB6, 0xFEB6, 0xFEB6, 0xFEBE, 0xFEBE, 0x1ED7, 0x1ED7, 0x5EEF, 0x7DEF, 0x9EEF,
0xDFFF, 0xFFFF, 0xFFFF, 0xFFFF, 0xFFFF, 0xFFFF, 0xFFFF, 0xFFFF, 0xDEFF, 0xFFFF,
0xFFFF, 0xFFF7, 0xDDBE, 0xDFBE, 0xFFBE, 0xFFBE, 0x1FB7, 0xFFAE, 0xFEBE, 0xFFBE,
0xFEB6, 0x1EB7, 0xFEB6, 0xBCBE, 0x5FD7, 0x5EE7, 0x5EE7, 0xBFF7, 0x7EEF, 0x5EEF,
0x3DE7, 0x1DE7, 0x3DE7, 0x3EE7, 0x9FEF, 0x7FEF, 0x9EEF, 0xBFF7, 0xFFFF, 0xDFF7,
0xBFF7, 0x9EEF, 0xDFF7, 0xFFFF, 0xBEF7, 0x9EEF, 0xFFFF, 0xFFFF, 0xFFFF, 0xFFFF,
0xFFFF, 0xFFFF, 0xFFFF, 0xBEF7, 0xDFFF, 0xFFFF, 0xDFFF, 0xDFF7, 0x9FEF, 0xFDC6,
0x1EC7, 0x1FB7, 0x1FB7, 0x1FBF, 0x1FBF, 0x1FBF, 0x1FBF, 0x1FBF, 0x1FBF, 0xFFB6,
0xFFB6, 0xFFB6, 0xFFB6, 0xFFB6, 0xFFB6, 0xFFB6, 0xFFB6, 0xFFB6, 0xFFB6, 0xFFB6,
0xFFB6, 0xFFB6, 0xFFB6, 0xFFB6, 0xFFB6, 0xFFB6, 0xFFB6, 0xFFB6, 0xFFB6, 0xFFB6,
0xFFB6, 0xFFB6, 0xFFB6, 0xFFB6, 0xFFB6, 0xFFB6, 0xFFB6, 0xFFB6, 0xFFB6, 0xFFB6,
0xFFB6, 0xFFB6, 0xFFB6, 0xFFB6, 0xFFB6, 0xFFB6, 0xFFB6, 0xFFB6, 0xFFB6, 0xFFB6,
0x1FB7, 0x1FB7, 0x1FB7, 0x1FB7, 0x1FB7, 0x1FB7, 0x1FB7, 0x1FB7, 0x1FB7, 0x1EB7,
0x1EB7, 0x1EB7, 0x1EB7, 0x1EB7, 0x1EB7, 0x1EB7, 0x1EB7, 0x1EB7, 0x1EB7, 0x1EB7,
0x1EB7, 0x1EB7, 0x1EB7, 0x1EB7, 0x1EB7, 0x1EB7, 0x1EB7, 0x1EB7, 0x1EB7, 0x1EB7,
0x1EB7, 0x1EB7, 0x1EB7, 0x1EB7, 0x1EB7, 0x1EB7, 0x1EB7, 0x1EB7, 0x1EB7, 0x1EB7,
0x1EB7, 0x1EB7, 0x1EB7, 0x1EB7, 0x1EB7, 0x1EB7, 0x1EB7, 0x1EB7, 0x1EB7, 0x1EB7,
0x1EB7, 0x1EB7, 0x1EB7, 0x1EB7, 0x1EB7, 0x1EB7, 0x1EB7, 0x1EB7, 0x1EB7, 0x1EB7,
0x1EB7, 0x1EB7, 0x1EB7, 0x1EB7, 0x1EB7, 0x1FB7, 0x1FB7, 0x1FB7, 0x1FB7, 0x1FB7,
0x1FB7, 0x1FB7, 0x1FB7, 0x1FB7, 0x3FAF, 0xFFAE, 0xFFB6, 0xDEB6, 0xDEB6, 0xDCC6,
0xFFEF, 0xFFEF, 0xFFF7, 0x9FEF, 0x7FEF, 0x7FE7, 0x3EDF, 0x3ED7, 0x1ED7, 0x1ED7,
0x3ED7, 0x5FDF, 0x5ED7, 0x3ED7, 0x5EDF, 0x7FDF, 0x5EDF, 0x3EDF, 0x3EE7, 0x5EE7,
0x3EE7, 0x3EDF, 0x3EDF, 0x3EDF, 0x3EDF, 0x3EDF, 0x5ED7, 0x3ED7, 0x3ED7, 0x3ED7,
0x3ED7, 0x1FBF, 0xDEB6, 0x1FB7, 0x1FAF, 0x1FAF, 0xFFB6, 0xFFB6, 0xFFB6, 0xFFB6,
0xFFB6, 0xFFB6, 0xFFB6, 0xFFB6, 0xFFB6, 0xFEB6, 0x1FBF, 0x1FBF, 0x1FBF, 0x1FBF,
0x1FBF, 0x1FBF, 0x1FBF, 0x1FBF, 0x1FBF, 0x1FBF, 0x1FBF, 0x1FBF, 0x1FBF, 0x1FBF,
0x1FBF, 0x1FBF, 0x1FBF, 0x1FBF, 0x1FBF, 0x1FBF, 0x1FBF, 0x1FBF, 0x1FBF, 0x1FBF,
0x1FBF, 0x1FBF, 0x1FBF, 0x1FBF, 0x1FBF, 0x1FBF, 0x1FBF, 0x1FBF, 0x1FBF, 0x1FBF,
0x1FBF, 0x1FBF, 0x1FBF, 0x1FBF, 0x1FBF, 0x1FBF, 0x1FBF, 0x1FBF, 0x1FBF, 0x1FBF,
0x1FBF, 0x1FBF, 0x1FBF, 0x1FBF, 0x1FBF, 0x1FBF, 0x1FBF, 0x1FBF, 0x1FBF, 0x1FBF,
0x1FBF, 0x1FBF, 0x1FBF, 0x1FBF, 0x1FBF, 0x1FBF, 0x1FBF, 0x1FBF, 0x1FBF, 0x1FBF,
0x1FBF, 0x1FBF, 0x1FBF, 0x1FBF, 0x1FBF, 0x1FBF, 0x1FBF, 0x1FBF, 0x1FBF, 0x1FBF,
0x1EAF, 0x1EB7, 0x1EB7, 0xFEB6, 0x1EBF, 0x1EC7, 0x1ECF, 0x1EDF, 0x1DE7, 0x3DE7,
0x9EEF, 0x9FF7, 0xFFFF, 0xFFFF, 0xFFFF, 0xFFFF, 0xFFFF, 0xFFFF, 0xDFFF, 0xFFFF,
0xFFFF, 0xFFFF, 0x1DCF, 0xFEB6, 0xFEB6, 0x1FB7, 0x1FB7, 0x1EAF, 0xFEBE, 0x1FBF,
0x1EB7, 0x1EB7, 0xFEAE, 0xBDB6, 0x7FD7, 0x7FDF, 0x5EE7, 0x3DE7, 0x3DE7, 0x1DE7,
0x1DE7, 0x3DE7, 0x3EDF, 0x1DDF, 0x3EE7, 0x3EE7, 0x1DDF, 0x3DE7, 0x9FEF, 0x7EEF,
0x3DE7, 0x3DE7, 0x9EEF, 0xBFF7, 0x5EE7, 0x3DE7, 0xBFF7, 0xFFFF, 0xDFF7, 0x9FF7,
0xBFF7, 0x9FF7, 0x9FF7, 0x3DEF, 0x7EEF, 0x9FF7, 0x7FEF, 0x5FE7, 0x1EDF, 0xDEBE,
0xFEBE, 0x1FB7, 0x1FB7, 0x1FBF, 0x1FBF, 0x1FBF, 0x1FBF, 0x1FBF, 0x1FBF, 0x1FBF,
0x1FBF, 0x1FBF, 0x1FBF, 0x1FBF, 0x1FBF, 0x1FBF, 0x1FBF, 0x1FBF, 0x1FBF, 0x1FBF,
0x1FBF, 0x1FBF, 0x1FBF, 0x1FBF, 0x1FBF, 0x1FBF, 0x1FBF, 0x1FBF, 0x1FBF, 0x1FBF,
0x1FBF, 0x1FBF, 0x1FBF, 0x1FBF, 0x1FBF, 0x1FBF, 0xFFB6, 0xFFB6, 0xFFB6, 0xFFB6,
0xFFB6, 0xFFB6, 0xFFB6, 0xFFB6, 0xFFB6, 0xFFB6, 0xFFB6, 0xFFB6, 0xFFB6, 0xFFB6,
0x1FB7, 0x1FB7, 0x1FB7, 0x1FB7, 0x1FB7, 0x1FB7, 0x1FB7, 0x1FB7, 0x1FB7, 0x1FB7,
0x1FB7, 0x1FB7, 0x1FB7, 0x1FB7, 0x1FB7, 0x1FB7, 0x1FB7, 0x1FB7, 0x1FB7, 0x1FB7,
0x1FB7, 0x1FB7, 0x1FB7, 0x1FB7, 0x1FB7, 0x1FB7, 0x1FB7, 0x1FB7, 0x1FB7, 0x1FB7,
0x1FB7, 0x1FB7, 0x1FB7, 0x1FB7, 0x1FB7, 0x1FB7, 0x1FB7, 0x1FB7, 0x1FB7, 0x1FB7,
0x1FB7, 0x1FB7, 0x1FB7, 0x1FB7, 0x1FB7, 0x1FB7, 0x1FB7, 0x1FB7, 0x1FB7, 0x1FB7,
0x1FB7, 0x1FB7, 0x1FB7, 0x1FB7, 0x1FB7, 0x1FB7, 0x1FB7, 0x1FB7, 0x1FB7, 0x1FB7,
0x1FB7, 0x1FB7, 0x1FB7, 0x1FB7, 0x1FB7, 0x1FB7, 0x1FB7, 0x1FB7, 0x1FB7, 0x1FB7,
0x1FB7, 0x1FB7, 0x1FB7, 0x1FB7, 0x1FAF, 0x1FAF, 0x1FB7, 0xDEB6, 0xDEBE, 0xDCC6,
0xFCCE, 0x7EDF, 0xFFEF, 0xFFF7, 0xFFEF, 0x9FE7, 0x1ECF, 0xBDC6, 0xFEBE, 0x1EBF,
0x1EC7, 0x3EC7, 0xFEC6, 0xFEC6, 0x1ECF, 0x5FD7, 0x3FCF, 0xFDCE, 0xFED6, 0x1ED7,
0x1ED7, 0x1ED7, 0x3ECF, 0x3ECF, 0x3ECF, 0x3ECF, 0xFEC6, 0xFDC6, 0xFDC6, 0xFDC6,
0xFDC6, 0xFFB6, 0xDFB6, 0x1FB7, 0x1FB7, 0x1FB7, 0x1FB7, 0x1FB7, 0x1FB7, 0x1FB7,
0x1FB7, 0x1FB7, 0x1FB7, 0x1FB7, 0x1FB7, 0xFFB6, 0x1FBF, 0x1FBF, 0x1FBF, 0x1FBF,
0x1FBF, 0x1FBF, 0x1FBF, 0x1FBF, 0x1FBF, 0x1FBF, 0x1FBF, 0x1FBF, 0x1FBF, 0x1FBF,
0x1FBF, 0x1FBF, 0x1FBF, 0x1FBF, 0x1FBF, 0x1FBF, 0x1FBF, 0x1FBF, 0x1FBF, 0x1FBF,
0x1FBF, 0x1FBF, 0x1FBF, 0x1FBF, 0x1FBF, 0x1FBF, 0x1FBF, 0x1FBF, 0x1FBF, 0x1FBF,
0x1FBF, 0x1FBF, 0x1FBF, 0x1FBF, 0x1FBF, 0x1FBF, 0x1FBF, 0x1FBF, 0x1FBF, 0x1FBF,
0x1FBF, 0x1FBF, 0x1FBF, 0x1FBF, 0x1FBF, 0x1FBF, 0x1FBF, 0x1FBF, 0x1FBF, 0x1FBF,
0x1FBF, 0x1FBF, 0x1FBF, 0x1FBF, 0x1FBF, 0x1FBF, 0x1FBF, 0x1FBF, 0x1FBF, 0x1FBF,
0x1FBF, 0x1FBF, 0x1FBF, 0x1FBF, 0x1FBF, 0x1FBF, 0x1FBF, 0x1FBF, 0x1FBF, 0x1FBF,
0x3FB7, 0x3FB7, 0x1FB7, 0x1FBF, 0x1FBF, 0x1EB7, 0xFEBE, 0x1ECF, 0x1DDF, 0x3EE7,
0x3DE7, 0x3DE7, 0xBFF7, 0xDFFF, 0xDFFF, 0xFFFF, 0xDFFF, 0xDFFF, 0xFFFF, 0xDFFF,
0x9EF7, 0xBFFF, 0x9FE7, 0x5FC7, 0x3FC7, 0x1EBF, 0xFDB6, 0x1EB7, 0xFEBE, 0x1FBF,
0x1EB7, 0x1EB7, 0xFEAE, 0xDEB6, 0x3FC7, 0x3ED7, 0x5EDF, 0x3DE7, 0x3DE7, 0x3DE7,
0x3DE7, 0x3DE7, 0x5EE7, 0x3EDF, 0x3EDF, 0x3EDF, 0xFDDE, 0x1DDF, 0x5EE7, 0x3EE7,
0x1DE7, 0x1DE7, 0x3EE7, 0x3EE7, 0x1DE7, 0x1DE7, 0x3EE7, 0x7EEF, 0x5EEF, 0x3DE7,
0x5EEF, 0x3EE7, 0x5EEF, 0x3DE7, 0x5EEF, 0x5FE7, 0x5EDF, 0x3ED7, 0xFECE, 0xFEBE,
0xFFBE, 0xFFB6, 0x1FBF, 0x1FBF, 0x1FBF, 0x1FBF, 0x1FBF, 0x1FBF, 0x1FBF, 0x1FBF,
0x1FBF, 0x1FBF, 0x1FBF, 0x1FBF, 0x1FBF, 0x1FBF, 0x1FBF, 0x1FBF, 0x1FBF, 0x1FBF,
0x1FBF, 0x1FBF, 0x1FBF, 0x1FBF, 0x1FBF, 0x1FBF, 0x1FBF, 0x1FBF, 0x1FBF, 0x1FBF,
0x1FBF, 0x1FBF, 0x1FBF, 0x1FBF, 0x1FBF, 0x1FBF, 0xFFB6, 0xFFB6, 0xFFB6, 0xFFB6,
0xFFB6, 0xFFB6, 0xFFB6, 0xFFB6, 0xFFB6, 0xFFB6, 0xFFB6, 0xFFB6, 0xFFB6, 0xFFB6,
0x1FB7, 0x1FB7, 0x1FB7, 0x1FB7, 0x1FB7, 0x1FB7, 0x1FB7, 0x1FB7, 0x1FB7, 0x1FB7,
0x1FB7, 0x1FB7, 0x1FB7, 0x1FB7, 0x1FB7, 0x1FB7, 0x1FB7, 0x1FB7, 0x1FB7, 0x1FB7,
0x1FB7, 0x1FB7, 0x1FB7, 0x1FB7, 0x1FB7, 0x1FB7, 0x1FB7, 0x1FB7, 0x1FB7, 0x1FB7,
0x1FB7, 0x1FB7, 0x1FB7, 0x1FB7, 0x1FB7, 0x1FB7, 0x1FB7, 0x1FB7, 0x1FB7, 0x1FB7,
0x1FB7, 0x1FB7, 0x1FB7, 0x1FB7, 0x1FB7, 0x1FB7, 0x1FB7, 0x1FB7, 0x1FB7, 0x1FB7,
0x1FB7, 0x1FB7, 0x1FB7, 0x1FB7, 0x1FB7, 0x1FB7, 0x1FB7, 0x1FB7, 0x1FB7, 0x1FB7,
0x1FB7, 0x1FB7, 0x1FB7, 0x1FB7, 0x1FB7, 0x1FB7, 0x1FB7, 0x1FB7, 0x1FB7, 0x1FB7,
0x1FB7, 0x1FB7, 0x1FB7, 0x1FB7, 0xFEAE, 0x1EB7, 0x5FC7, 0x1ECF, 0x3ECF, 0x7EE7,
0x1DD7, 0x7EDF, 0x3EDF, 0xBFDF, 0x7FD7, 0x5FCF, 0xDEBE, 0xBDB6, 0x3FBF, 0x1FB7,
0x1EB7, 0xFEAE, 0x1FC7, 0x1FC7, 0xFEBE, 0xFEBE, 0xDEBE, 0xDDBE, 0xFEBE, 0x1EC7,
0x1EC7, 0x1EC7, 0x1EB7, 0x1EB7, 0x1EB7, 0x1EB7, 0xFEBE, 0xFEBE, 0xFEBE, 0xFEBE,
0xFEBE, 0xFFB6, 0xDFAE, 0x1FB7, 0x1FB7, 0xFFB6, 0x1FB7, 0x1FB7, 0x1FB7, 0x1FB7,
0x1FB7, 0x1FB7, 0x1FB7, 0x1FB7, 0x1FB7, 0xFFB6, 0x1FBF, 0x1FBF, 0x1FBF, 0x1FBF,
0x1FBF, 0x1FBF, 0x1FBF, 0x1FBF, 0x1FBF, 0x1FBF, 0x1FBF, 0x1FBF, 0x1FBF, 0x1FBF,
0x1FBF, 0x1FBF, 0x1FBF, 0x1FBF, 0x1FBF, 0x1FBF, 0x1FBF, 0x1FBF, 0x1FBF, 0x1FBF,
0x1FBF, 0x1FBF, 0x1FBF, 0x1FBF, 0x1FBF, 0x1FBF, 0x1FBF, 0x1FBF, 0x1FBF, 0x1FBF,
0x1FBF, 0x1FBF, 0x1FBF, 0x1FBF, 0x1FBF, 0x1FBF, 0x1FBF, 0x1FBF, 0x1FBF, 0x1FBF,
0x1FBF, 0x1FBF, 0x1FBF, 0x1FBF, 0x1FBF, 0x1FBF, 0x1FBF, 0x1FBF, 0x1FBF, 0x1FBF,
0x1FBF, 0x1FBF, 0x1FBF, 0x1FBF, 0x1FBF, 0x1FBF, 0x1FBF, 0x1FBF, 0x1FBF, 0x1FBF,
0x1FBF, 0x1FBF, 0x1FBF, 0x1FBF, 0x1FBF, 0x1FBF, 0x1FBF, 0x1FBF, 0x1FBF, 0x1FBF,
0x3FB7, 0x1FB7, 0x1FB7, 0x1FBF, 0xFFBE, 0x1EB7, 0x1EB7, 0xFEBE, 0x1ECF, 0x5FDF,
0x7FEF, 0x1DE7, 0x5EEF, 0x9FF7, 0x9FF7, 0xDFFF, 0x9EF7, 0x7EF7, 0xBFFF, 0xBEF7,
0x5DF7, 0x9EF7, 0xFFF7, 0xDFEF, 0xBFE7, 0x7FD7, 0x1DC7, 0x1DBF, 0xFEB6, 0x3FB7,
0x1EB7, 0x1EB7, 0xFEB6, 0x1FB7, 0x1EBF, 0xFEC6, 0x3ED7, 0x5DE7, 0x7EEF, 0x9EEF,
0x7EEF, 0x1DE7, 0x5EE7, 0x5EDF, 0x3DDF, 0x3DDF, 0x1DE7, 0x3EE7, 0x3EE7, 0x1EE7,
0x5EE7, 0x3EE7, 0x1DE7, 0x1DDF, 0x1EE7, 0x3EE7, 0x3EE7, 0x3EE7, 0x3EE7, 0x3EE7,
0x3EDF, 0x1DDF, 0x3EDF, 0x3EDF, 0x3EDF, 0x3ECF, 0x3ECF, 0x3ECF, 0x1EC7, 0xFEBE,
0x1FBF, 0xFFB6, 0x3FBF, 0x1EBF, 0x1FBF, 0x1FBF, 0x1FBF, 0x1FBF, 0x1FBF, 0x1FBF,
0x1FBF, 0x1FBF, 0x1FBF, 0x1FBF, 0x1FBF, 0x1FBF, 0x1FBF, 0x1FBF, 0x1FBF, 0x1FBF,
0x1FBF, 0x1FBF, 0x1FBF, 0x1FBF, 0x1FBF, 0x1FBF, 0x1FBF, 0x1FBF, 0x1FBF, 0x1FBF,
0x1FBF, 0x1FBF, 0x1FBF, 0x1FBF, 0x1FBF, 0x1FBF, 0xFFB6, 0xFFB6, 0xFFB6, 0xFFB6,
0xFFB6, 0xFFB6, 0xFFB6, 0xFFB6, 0xFFB6, 0xFFB6, 0xFFB6, 0xFFB6, 0xFFB6, 0xFFB6,
0xFFB6, 0xFFB6, 0xFFB6, 0xFFB6, 0xFFB6, 0xFFB6, 0xFFB6, 0xFFB6, 0xFFB6, 0x1FB7,
0x1FB7, 0x1FB7, 0x1FB7, 0x1FB7, 0x1FB7, 0x1FB7, 0x1FB7, 0x1FB7, 0x1FB7, 0x1FB7,
0x1FB7, 0x1FB7, 0x1FB7, 0x1FB7, 0x1FB7, 0x1FB7, 0x1FB7, 0x1FB7, 0x1FB7, 0x1FB7,
0x1FB7, 0x1FB7, 0x1FB7, 0x1FB7, 0x1FB7, 0x1FB7, 0x1FB7, 0x1FB7, 0x1FB7, 0x1FB7,
0x1FB7, 0x1FB7, 0x1FB7, 0x1FB7, 0x1FB7, 0x1FB7, 0x1FB7, 0x1FB7, 0x1FB7, 0x1FB7,
0x1FB7, 0x1FB7, 0x1FB7, 0x1FB7, 0x1FB7, 0x1FB7, 0x1FB7, 0x1FB7, 0x1FB7, 0x1FB7,
0x1FB7, 0x1FB7, 0x1FB7, 0x1FB7, 0x1FB7, 0x1FB7, 0x1FB7, 0x1FB7, 0x1FB7, 0x1FB7,
0x1FB7, 0x1FB7, 0x1FB7, 0x1FB7, 0x1DBF, 0x5EC7, 0xDFE7, 0xDFE7, 0xDFEF, 0xFFF7,
0xFFF7, 0xFFF7, 0x3EDF, 0xFDBE, 0xFEBE, 0xFEB6, 0xFEB6, 0xFEB6, 0xFEB6, 0x1FB7,
0x1FB7, 0x3FB7, 0xFFB6, 0xFEB6, 0xFEB6, 0x1FBF, 0x1FBF, 0x1EB7, 0x1FB7, 0x3FB7,
0x1FB7, 0x1FB7, 0xFEB6, 0x1FB7, 0x1FB7, 0xFEB6, 0x1FB7, 0x1FB7, 0x1FB7, 0x1FB7,
0xFFB6, 0x1FB7, 0xFEAE, 0x1FB7, 0xFFB6, 0xDEB6, 0x1FB7, 0x1FB7, 0x1FB7, 0x1FB7,
0x1FB7, 0x1FB7, 0x1FB7, 0x1FB7, 0x1FB7, 0x1FB7, 0x1FBF, 0x1FBF, 0x1FBF, 0x1FBF,
0x1FBF, 0x1FBF, 0x1FBF, 0x1FBF, 0x1FBF, 0x1FBF, 0x1FBF, 0x1FBF, 0x1FBF, 0x1FBF,
0x1FBF, 0x1FBF, 0x1FBF, 0x1FBF, 0x1FBF, 0x1FBF, 0x1FBF, 0x1FBF, 0x1FBF, 0x1FBF,
0x1FBF, 0x1FBF, 0x1FBF, 0x1FBF, 0x1FBF, 0x1FBF, 0x1FBF, 0x1FBF, 0x1FBF, 0x1FBF,
0x1FBF, 0x1FBF, 0x1FBF, 0x1FBF, 0x1FBF, 0x1FBF, 0x1FBF, 0x1FBF, 0x1FBF, 0x1FBF,
0x1FBF, 0x1FBF, 0x1FBF, 0x1FBF, 0x1FBF, 0x1FBF, 0x1FBF, 0x1FBF, 0x1FBF, 0x1FBF,
0x1FBF, 0x1FBF, 0x1FBF, 0x1FBF, 0x1FBF, 0x1FBF, 0x1FBF, 0x1FBF, 0x1FBF, 0x1FBF,
0x1FBF, 0x1FBF, 0x1FBF, 0x1FBF, 0x1FBF, 0x1FBF, 0x1FBF, 0x1FBF, 0x1FBF, 0x1FBF,
0x3FB7, 0x1FB7, 0x1FBF, 0xFFBE, 0xFFBE, 0x1EBF, 0x1EB7, 0xDDAE, 0x1EC7, 0x5FD7,
0xFFFF, 0x3DE7, 0x1DE7, 0x3EE7, 0x3EEF, 0xBFF7, 0x3EEF, 0x3DE7, 0x9FF7, 0xFFFF,
0x9DF7, 0xDEFF, 0xFFF7, 0xFFFF, 0xFFF7, 0xDFEF, 0x5EDF, 0x3DD7, 0x3FB7, 0x5FBF,
0x1FB7, 0x1FBF, 0xFEB6, 0x3FB7, 0x3FBF, 0xDDC6, 0x1ECF, 0xBFF7, 0xFFFF, 0xFFFF,
0xDFF7, 0x7EEF, 0x3DDF, 0x5EDF, 0x3DDF, 0x3DDF, 0x1EE7, 0x1EE7, 0x1EDF, 0x1EDF,
0x5FE7, 0x3EE7, 0x3EE7, 0x1EE7, 0x3EE7, 0x3EE7, 0x1EE7, 0xFDE6, 0x3EE7, 0x3EE7,
0x3ED7, 0xFDCE, 0x1ED7, 0x1ED7, 0x1DD7, 0xFDBE, 0x1EBF, 0x1EBF, 0x3FBF, 0x1FBF,
0x1FBF, 0xFFBE, 0x3FBF, 0x1EBF, 0x1FBF, 0x1FBF, 0x1FBF, 0x1FBF, 0x1FBF, 0x1FBF,
0x1FBF, 0x1FBF, 0x1FBF, 0x1FBF, 0x1FBF, 0x1FBF, 0x1FBF, 0x1FBF, 0x1FBF, 0x1FBF,
0x1FBF, 0x1FBF, 0x1FBF, 0x1FBF, 0x1FBF, 0x1FBF, 0x1FBF, 0x1FBF, 0x1FBF, 0x1FBF,
0x1FBF, 0x1FBF, 0x1FBF, 0x1FBF, 0x1FBF, 0x1FBF, 0xFFB6, 0xFFB6, 0xFFB6, 0xFFB6,
0xFFB6, 0xFFB6, 0xFFB6, 0xFFB6, 0xFFB6, 0xFFB6, 0xFFB6, 0xFFB6, 0xFFB6, 0xFFB6,
0xFFB6, 0xFFB6, 0xFFB6, 0xFFB6, 0xFFB6, 0xFFB6, 0xFFB6, 0xFFB6, 0xFFB6, 0x1FB7,
0x1FB7, 0x1FB7, 0x1FB7, 0x1FB7, 0x1FB7, 0x1FB7, 0x1FB7, 0x1FB7, 0x1FB7, 0x1FB7,
0x1FB7, 0x1FB7, 0x1FB7, 0x1FB7, 0x1FB7, 0x1FB7, 0x1FB7, 0x1FB7, 0x1FB7, 0x1FB7,
0x1FB7, 0x1FB7, 0x1FB7, 0x1FB7, 0x1FB7, 0x1FB7, 0x1FB7, 0x1FB7, 0x1FB7, 0x1FB7,
0x1FB7, 0x1FB7, 0x1FB7, 0x1FB7, 0x1FB7, 0x1FB7, 0x1FB7, 0x1FB7, 0x1FB7, 0x1FB7,
0x1FB7, 0x1FB7, 0x1FB7, 0x1FB7, 0x1FB7, 0x1FB7, 0x1FB7, 0x1FB7, 0x1FB7, 0x1FB7,
0x1FB7, 0x1FB7, 0x1FB7, 0x1FB7, 0x1FB7, 0x1FB7, 0x1FB7, 0x1FB7, 0x1FB7, 0x1FB7,
0x1FB7, 0x1FB7, 0x1FB7, 0x1FB7, 0xFCBE, 0x5DCF, 0xFFEF, 0xFFFF, 0xFFFF, 0xDFF7,
0xFFFF, 0xDFF7, 0xDFF7, 0xFDB6, 0xFEB6, 0x1EB7, 0x3FB7, 0x3FAF, 0x1FBF, 0x1FBF,
0xFFB6, 0xFFB6, 0x3FBF, 0x1FB7, 0xFEB6, 0x1EB7, 0x1EB7, 0xFEAE, 0x1FB7, 0x1FB7,
0x1FB7, 0xFEAE, 0xFFB6, 0xFFBE, 0xFFBE, 0xFFB6, 0x1FB7, 0x1FB7, 0x1FB7, 0x1FB7,
0x1FB7, 0x3FB7, 0x1FB7, 0x1FB7, 0x1FB7, 0xFEB6, 0x1FB7, 0x1FB7, 0x1FB7, 0x1FB7,
0x1FB7, 0x1FB7, 0x1FB7, 0x1FB7, 0x1FB7, 0x1FB7, 0x1FBF, 0x1FBF, 0x1FBF, 0x1FBF,
0x1FBF, 0x1FBF, 0x1FBF, 0x1FBF, 0x1FBF, 0x1FBF, 0x1FBF, 0x1FBF, 0x1FBF, 0x1FBF,
0xFFBE, 0xFFBE, 0x1FBF, 0x3FBF, 0x1EB7, 0x1FBF, 0xFEB6, 0xFEB6, 0xFEB6, 0xFEB6,
0x1FBF, 0x1FBF, 0x1FBF, 0x1FBF, 0x1FBF, 0x1FBF, 0x1FBF, 0x1FBF, 0x1FBF, 0x1FBF,
0x1FBF, 0x1FBF, 0x1FBF, 0x5FAF, 0x5FAF, 0x1EB7, 0xFDBE, 0x3DCF, 0x1EC7, 0x3ECF,
0xBFEF, 0xFFFF, 0xFFFF, 0x3DD7, 0xFDBE, 0x1EBF, 0x3FBF, 0x1FBF, 0x1FBF, 0x3FBF,
0x3FBF, 0x3FBF, 0x1EB7, 0x3FBF, 0x1FBF, 0x1EC7, 0x1EBF, 0x1EBF, 0x1EBF, 0x1EBF,
0x1EBF, 0x1FBF, 0x1FBF, 0x1FBF, 0x1FBF, 0x1FBF, 0x1FBF, 0x1FBF, 0x1FBF, 0x1FBF,
0x1FBF, 0x1FBF, 0x1FBF, 0x1FBF, 0x1FBF, 0x1FBF, 0x1FBF, 0x1FBF, 0x1FBF, 0x1FBF,
0xDFF7, 0xFFFF, 0x5EEF, 0x3DE7, 0x3EDF, 0x5FE7, 0xDFF7, 0xDFFF, 0xFFFF, 0xFFFF,
0xFFFF, 0xDFFF, 0xDEFF, 0xFFF7, 0xFFF7, 0xFFF7, 0xBEE7, 0xFCCE, 0x3EC7, 0x1EBF,
0x3FBF, 0x1FBF, 0xFFBE, 0x1FBF, 0x1FBF, 0x1FBF, 0x1FBF, 0x3ED7, 0xDFEF, 0xFFF7,
0xFFFF, 0xFEFF, 0xBFF7, 0x9FEF, 0x3FCF, 0xFEB6, 0x3FB7, 0x3FBF, 0x1EC7, 0xFDCE,
0xFDCE, 0x3DC7, 0x1DCF, 0x1ECF, 0x1FC7, 0x3FC7, 0x3EC7, 0x3EC7, 0x3EC7, 0x3EC7,
0x1FBF, 0x1FBF, 0x1FBF, 0x1FBF, 0x1FBF, 0x1FBF, 0x1FBF, 0x1FBF, 0x1FBF, 0x1FBF,
0x1FBF, 0x1FBF, 0x1FBF, 0x1FBF, 0x1FBF, 0x1FBF, 0x1FBF, 0x1FBF, 0x1FBF, 0x1FBF,
0x1FBF, 0x1FBF, 0x1FBF, 0x1FBF, 0x1FBF, 0x1FBF, 0x1FBF, 0x1FBF, 0xFEB6, 0xFEB6,
0x1EB7, 0x1EB7, 0x1EB7, 0x1FBF, 0x1FBF, 0x1FBF, 0x1FBF, 0x1FBF, 0x1FBF, 0x1FBF,
0x1FBF, 0x1FBF, 0x1FBF, 0x1FBF, 0x1FBF, 0x1FBF, 0x1FBF, 0x1FBF, 0x1FBF, 0x1FBF,
0x1FBF, 0x1FBF, 0x1FBF, 0x1FBF, 0x1FBF, 0x1FBF, 0x1FBF, 0x1FBF, 0x1FBF, 0x1FBF,
0x1FBF, 0x1FBF, 0x1FBF, 0x1FBF, 0x1FBF, 0x1FBF, 0x1FBF, 0x1FBF, 0x1FBF, 0x1FBF,
0x1FBF, 0x1FBF, 0x1FBF, 0x1FBF, 0x1FBF, 0x1FBF, 0x1FBF, 0x1FBF, 0x1FBF, 0x1FBF,
0x1FBF, 0x1FBF, 0x1FBF, 0x1FBF, 0x1FBF, 0x1FBF, 0x1FBF, 0x1FBF, 0x1FBF, 0x1FBF,
0x1FBF, 0x1FBF, 0x1FBF, 0x1FBF, 0x1FBF, 0x1FBF, 0x1FBF, 0x1FBF, 0x1FBF, 0x1FBF,
0x1FBF, 0x1FBF, 0x1FBF, 0x1FBF, 0x1FBF, 0x1FBF, 0x1FBF, 0x1FBF, 0x1FBF, 0x1FBF,
0x1FBF, 0x1FBF, 0x1FBF, 0x1FBF, 0x1FBF, 0x1FBF, 0x1FBF, 0x1FBF, 0x1FBF, 0x1FBF,
0x1FBF, 0x1FBF, 0x1FBF, 0x1FBF, 0x1FBF, 0x1FBF, 0x1FBF, 0x1FBF, 0x1FBF, 0xFEAE,
0x1EAF, 0xDEB6, 0xBDBE, 0x5FD7, 0x3FE7, 0x9FEF, 0xDFF7, 0xFEFF, 0xFEFF, 0xFFF7,
0xFFF7, 0xFFF7, 0xFFF7, 0x1DC7, 0xFDBE, 0x1DC7, 0x7FCF, 0xDEAE, 0x1EB7, 0x1EB7,
0x3FBF, 0x1FBF, 0x1FBF, 0x1FBF, 0x1FBF, 0x1FBF, 0x1FBF, 0x1FBF, 0x1FBF, 0x1FBF,
0x1FBF, 0x1FBF, 0x1FBF, 0x1FBF, 0x1FBF, 0x1FBF, 0x1FBF, 0x1FBF, 0x1FBF, 0x1FBF,
0x1FBF, 0x1FBF, 0x1FBF, 0x1FBF, 0x1FBF, 0x1FBF, 0x1FBF, 0x1FBF, 0x1FBF, 0x1FBF,
0x1FBF, 0x1FBF, 0x1FBF, 0x1FBF, 0x1FBF, 0x1FBF, 0x1FBF, 0x1FBF, 0x1FBF, 0x1FBF,
0x1FBF, 0x1FBF, 0x1FBF, 0x1FBF, 0x1FBF, 0x1FBF, 0x1FBF, 0x1FBF, 0x1FBF, 0x1FBF,
0x1EBF, 0xFEBE, 0x1EBF, 0x3FC7, 0x1EBF, 0x1FBF, 0xFFBE, 0x1FBF, 0x1FBF, 0x1FBF,
0x1FBF, 0x1FBF, 0x1FBF, 0x1FBF, 0x1FBF, 0x1FBF, 0x1FBF, 0x1FBF, 0x1FBF, 0x1FBF,
0x1FBF, 0x1FBF, 0x1FBF, 0x5FB7, 0x5FB7, 0xFEB6, 0x1DC7, 0x9EDF, 0xDFEF, 0xDFEF,
0xFFF7, 0xFFFF, 0xFFFF, 0xBFE7, 0x3ECF, 0x3EC7, 0x3FBF, 0x3FBF, 0xFEB6, 0x1EB7,
0x1EB7, 0x3FBF, 0x1EB7, 0x1FB7, 0x1FBF, 0x1EBF, 0x1EBF, 0x1EBF, 0x1EBF, 0x1EBF,
0x1EBF, 0x1FBF, 0x1FBF, 0x1FBF, 0x1FBF, 0x1FBF, 0x1FBF, 0x1FBF, 0x1FBF, 0x1FBF,
0x1FBF, 0x1FBF, 0x1FBF, 0x1FBF, 0x1FBF, 0x1FBF, 0x1FBF, 0x1FBF, 0x1FBF, 0x1FBF,
0x7FD7, 0xBFE7, 0x3ED7, 0x3ED7, 0x3EDF, 0x3EDF, 0x9FEF, 0x9FF7, 0xDFFF, 0xFFFF,
0xFFFF, 0xFFFF, 0xFFFF, 0xFFF7, 0xFFFF, 0xFFF7, 0xBEEF, 0x9DE7, 0x3FC7, 0xFEBE,
0x1EBF, 0xFFBE, 0xFFBE, 0x1FBF, 0x1FBF, 0x1FBF, 0x1FBF, 0xFDC6, 0xBFE7, 0xFFF7,
0xFFFF, 0xDEFF, 0xDFF7, 0x9FE7, 0x1EC7, 0x1EB7, 0x3FB7, 0x3FB7, 0x1FBF, 0x1EC7,
0x1EC7, 0x1EBF, 0x1EC7, 0xFEC6, 0x1FBF, 0x1FBF, 0x1EBF, 0x1EBF, 0x1EBF, 0x1EBF,
0x1FBF, 0x1FBF, 0x1FBF, 0x1FBF, 0x1FBF, 0x1FBF, 0x1FBF, 0x1FBF, 0x1FBF, 0x1FBF,
0x1FBF, 0x1FBF, 0x1FBF, 0x1FBF, 0x1FBF, 0x1FBF, 0x1FBF, 0x1FBF, 0x1FBF, 0x1FBF,
0x1FBF, 0x1FBF, 0x1FBF, 0x1FBF, 0x1FBF, 0x1FBF, 0x1FBF, 0x1FBF, 0xFEB6, 0x1EB7,
0x3FBF, 0x3FBF, 0x3FBF, 0x1FBF, 0x1FBF, 0x1FBF, 0x1FBF, 0x1FBF, 0x1FBF, 0x1FBF,
0x1FBF, 0x1FBF, 0x1FBF, 0x1FBF, 0x1FBF, 0x1FBF, 0x1FBF, 0x1FBF, 0x1FBF, 0x1FBF,
0x1FBF, 0x1FBF, 0x1FBF, 0x1FBF, 0x1FBF, 0x1FBF, 0x1FBF, 0x1FBF, 0x1FBF, 0x1FBF,
0x1FBF, 0x1FBF, 0x1FBF, 0x1FBF, 0x1FBF, 0x1FBF, 0x1FBF, 0x1FBF, 0x1FBF, 0x1FBF,
0x1FBF, 0x1FBF, 0x1FBF, 0x1FBF, 0x1FBF, 0x1FBF, 0x1FBF, 0x1FBF, 0x1FBF, 0x1FBF,
0x1FBF, 0x1FBF, 0x1FBF, 0x1FBF, 0x1FBF, 0x1FBF, 0x1FBF, 0x1FBF, 0x1FBF, 0x1FBF,
0x1FBF, 0x1FBF, 0x1FBF, 0x1FBF, 0x1FBF, 0x1FBF, 0x1FBF, 0x1FBF, 0x1FBF, 0x1FBF,
0x1FBF, 0x1FBF, 0x1FBF, 0x1FBF, 0x1FBF, 0x1FBF, 0x1FBF, 0x1FBF, 0x1FBF, 0x1FBF,
0x1FBF, 0x1FBF, 0x1FBF, 0x1FBF, 0x1FBF, 0x1FBF, 0x1FBF, 0x1FBF, 0x1FBF, 0x1FBF,
0x1FBF, 0x1FBF, 0x1FBF, 0x1FBF, 0x1FBF, 0x1FBF, 0x1FBF, 0x1FBF, 0x1FBF, 0x3EB7,
0x5EB7, 0x3EBF, 0x1DBF, 0x5ECF, 0x7EEF, 0xBFF7, 0xFFFF, 0xFFFF, 0xFEFF, 0xFFFF,
0xFFFF, 0xFFFF, 0xFFFF, 0xFFEF, 0xBFEF, 0xBFEF, 0xFFF7, 0x9FDF, 0x1EBF, 0xFEBE,
0xFEBE, 0xFFB6, 0x1FBF, 0x1FBF, 0x1FBF, 0x1FBF, 0x1FBF, 0x1FBF, 0x1FBF, 0x1FBF,
0x1FBF, 0x1FBF, 0x1FBF, 0x1FBF, 0x1FBF, 0x1FBF, 0x1FBF, 0x1FBF, 0x1FBF, 0x1FBF,
0x1FBF, 0x1FBF, 0x1FBF, 0x1FBF, 0x1FBF, 0x1FBF, 0x1FBF, 0x1FBF, 0x1FBF, 0x1FBF,
0x1FBF, 0x1FBF, 0x1FBF, 0x1FBF, 0x1FBF, 0x1FBF, 0x1FBF, 0x1FBF, 0x1FBF, 0x1FBF,
0x1FBF, 0x1FBF, 0x1FBF, 0x1FBF, 0x1FBF, 0x1FBF, 0x1FBF, 0x1FBF, 0x1FBF, 0x1FBF,
0x3FBF, 0x1EBF, 0x1EBF, 0x1FC7, 0x1FC7, 0x1FBF, 0x1FBF, 0x1FC7, 0x1FBF, 0xFFBE,
0x1FBF, 0x1FBF, 0x1FBF, 0x1FBF, 0x1FBF, 0x1FBF, 0x1FBF, 0x1FBF, 0x1FBF, 0x1FBF,
0x1FBF, 0x1FBF, 0x1FBF, 0x3FB7, 0x5FBF, 0xFEBE, 0x7FDF, 0xFFEF, 0xFFFF, 0xFFFF,
0xFFFF, 0xFFFF, 0xFFFF, 0xFFF7, 0x7FD7, 0x1EC7, 0x3FBF, 0x3FBF, 0xFEB6, 0xFEB6,
0xFEB6, 0x3FBF, 0x1FB7, 0x1FB7, 0x1FBF, 0x1FBF, 0x1EBF, 0x1EBF, 0x1EBF, 0x1EBF,
0x1EBF, 0x1FBF, 0x1FBF, 0x1FBF, 0x1FBF, 0x1FBF, 0x1FBF, 0x1FBF, 0x1FBF, 0x1FBF,
0x1FBF, 0x1FBF, 0x1FBF, 0x1FBF, 0x1FBF, 0x1FBF, 0x1FBF, 0x1FBF, 0x1FBF, 0x1FBF,
0x1EBF, 0x3FC7, 0x1EC7, 0x3EBF, 0x1ED7, 0x1ED7, 0x5EDF, 0x5EE7, 0x9FEF, 0xBFF7,
0xDFFF, 0xFFFF, 0xFFFF, 0xFFFF, 0xFFFF, 0xFFFF, 0xDEF7, 0xFFFF, 0x5FCF, 0x1EBF,
0x1EBF, 0x1FBF, 0xFFBE, 0x1FBF, 0x1FBF, 0x1FBF, 0x1FBF, 0xFEBE, 0x1ECF, 0x7FD7,
0xFFEF, 0xFFF7, 0x7FDF, 0x5ED7, 0x1EBF, 0x3FBF, 0x3FB7, 0x3FB7, 0x1FBF, 0x1FBF,
0x3FBF, 0x1FB7, 0x1FBF, 0xFFBE, 0x1FBF, 0x1FBF, 0x1FBF, 0x1FBF, 0x1FBF, 0x1FBF,
0x1FBF, 0x1FBF, 0x1FBF, 0x1FBF, 0x1FBF, 0x1FBF, 0x1FBF, 0x1FBF, 0x1FBF, 0x1FBF,
0x1FBF, 0x1FBF, 0x1FBF, 0x1FBF, 0x1FBF, 0x1FBF, 0x1FBF, 0x1FBF, 0x1FBF, 0x1FBF,
0x1FBF, 0x1FBF, 0x1FBF, 0x1FBF, 0x1FBF, 0x1FBF, 0x1FBF, 0x1FBF, 0xFEB6, 0x1FBF,
0x3FBF, 0x3FBF, 0x3FBF, 0x1FBF, 0x1FBF, 0x1FBF, 0x1FBF, 0x1FBF, 0x1FBF, 0x1FBF,
0x1FBF, 0x1FBF, 0x1FBF, 0x1FBF, 0x1FBF, 0x1FBF, 0x1FBF, 0x1FBF, 0x1FBF, 0x1FBF,
0x1FBF, 0x1FBF, 0x1FBF, 0x1FBF, 0x1FBF, 0x1FBF, 0x1FBF, 0x1FBF, 0x1FBF, 0x1FBF,
0x1FBF, 0x1FBF, 0x1FBF, 0x1FBF, 0x1FBF, 0x1FBF, 0x1FBF, 0x1FBF, 0x1FBF, 0x1FBF,
0x1FBF, 0x1FBF, 0x1FBF, 0x1FBF, 0x1FBF, 0x1FBF, 0x1FBF, 0x1FBF, 0x1FBF, 0x1FBF,
0x1FBF, 0x1FBF, 0x1FBF, 0x1FBF, 0x1FBF, 0x1FBF, 0x1FBF, 0x1FBF, 0x1FBF, 0x1FBF,
0x1FBF, 0x1FBF, 0x1FBF, 0x1FBF, 0x1FBF, 0x1FBF, 0x1FBF, 0x1FBF, 0x1FBF, 0x1FBF,
0x1FBF, 0x1FBF, 0x1FBF, 0x1FBF, 0x1FBF, 0x1FBF, 0x1FBF, 0x1FBF, 0x1FBF, 0x1FBF,
0x1FBF, 0x1FBF, 0x1FBF, 0x1FBF, 0x1FBF, 0x1FBF, 0x1FBF, 0x1FBF, 0x1FBF, 0x1FBF,
0x1FBF, 0x1FBF, 0x1FBF, 0x1FBF, 0x1FBF, 0x1FBF, 0x1FBF, 0x1FBF, 0x1FBF, 0xFEBE,
0x1EC7, 0x3ED7, 0x1DD7, 0x1CDF, 0x5DE7, 0xBEF7, 0xDFF7, 0xFFFF, 0xDFF7, 0xDFFF,
0xDFFF, 0xDFFF, 0xDFFF, 0xFFFF, 0xFFFF, 0xFFFF, 0xFFFF, 0xDFF7, 0x9FD7, 0x5FCF,
0xFEBE, 0xFEB6, 0x1FBF, 0x1FBF, 0x1FBF, 0x1FBF, 0x1FBF, 0x1FBF, 0x1FBF, 0x1FBF,
0x1FBF, 0x1FBF, 0x1FBF, 0x1FBF, 0x1FBF, 0x1FBF, 0x1FBF, 0x1FBF, 0x1FBF, 0x1FBF,
0x1FBF, 0x1FBF, 0x1FBF, 0x1FBF, 0x1FBF, 0x1FBF, 0x1FBF, 0x1FBF, 0x1FBF, 0x1FBF,
0x1FBF, 0x1FBF, 0x1FBF, 0x1FBF, 0x1FBF, 0x1FBF, 0x1FBF, 0x1FBF, 0x1FBF, 0x1FBF,
0x1FBF, 0x1FBF, 0x1FBF, 0x1FBF, 0x1FBF, 0x1FBF, 0x1FBF, 0x1FBF, 0x1FBF, 0x1FBF,
0x3FBF, 0x3FBF, 0x3FBF, 0x1FBF, 0xFFB6, 0x1FBF, 0x1FBF, 0x1FBF, 0x1FBF, 0xFFBE,
0x1FBF, 0x1FBF, 0x1FBF, 0x1FBF, 0x1FBF, 0x1FBF, 0x1FBF, 0x1FBF, 0x1FBF, 0x1FBF,
0x1FBF, 0x1FBF, 0x1FBF, 0xFEB6, 0x1FBF, 0x3ECF, 0xFFF7, 0xFFFF, 0xFFFF, 0xFFFF,
0xFFFF, 0xFFFF, 0xFFFF, 0xFFFF, 0xDFEF, 0x5ED7, 0x1EC7, 0xFEBE, 0x1EBF, 0x3FC7,
0x1EBF, 0x1EBF, 0x3FCF, 0x5FCF, 0x1EBF, 0xFEBE, 0x1EBF, 0x1EBF, 0x1EBF, 0x1EBF,
0x1EBF, 0x1FBF, 0x1FBF, 0x1FBF, 0x1FBF, 0x1FBF, 0x1FBF, 0x1FBF, 0x1FBF, 0x1FBF,
0x1FBF, 0x1FBF, 0x1FBF, 0x1FBF, 0x1FBF, 0x1FBF, 0x1FBF, 0x1FBF, 0x1FBF, 0x1FBF,
0x3FBF, 0x1EB7, 0x1EBF, 0x1EBF, 0x1EBF, 0xFEBE, 0xFEC6, 0xFDC6, 0x3ECF, 0x3EDF,
0x7FE7, 0x7FE7, 0xDFF7, 0xDFF7, 0xFFFF, 0xFFFF, 0xFFFF, 0x9DEF, 0x9FD7, 0x3EC7,
0x1EBF, 0x1FBF, 0x1FBF, 0x1FBF, 0x1FBF, 0x1FBF, 0x1FBF, 0x1FBF, 0x3FC7, 0x3FC7,
0xFEBE, 0xDDBE, 0x1EBF, 0x1EBF, 0x1EBF, 0x1FB7, 0x1EBF, 0x1EBF, 0x1EBF, 0x1FBF,
0x1FB7, 0x3FB7, 0x1FBF, 0x1FBF, 0x1EBF, 0x1EBF, 0x1FBF, 0x1FBF, 0x1FBF, 0x1FBF,
0x1FBF, 0x1FBF, 0x1FBF, 0x1FBF, 0x1FBF, 0x1FBF, 0x1FBF, 0x1FBF, 0x1FBF, 0x1FBF,
0x1FBF, 0x1FBF, 0x1FBF, 0x1FBF, 0x1FBF, 0x1FBF, 0x1FBF, 0x1FBF, 0x1FBF, 0x1FBF,
0x1FBF, 0x1FBF, 0x1FBF, 0x1FBF, 0x1FBF, 0x1FBF, 0x1FBF, 0x1FBF, 0x1FBF, 0x1FBF,
0x1FBF, 0xFEBE, 0xFEB6, 0x1FBF, 0x1FBF, 0x1FBF, 0x1FBF, 0x1FBF, 0x1FBF, 0x1FBF,
0x1FBF, 0x1FBF, 0x1FBF, 0x1FBF, 0x1FBF, 0x1FBF, 0x1FBF, 0x1FBF, 0x1FBF, 0x1FBF,
0x1FBF, 0x1FBF, 0x1FBF, 0x1FBF, 0x1FBF, 0x1FBF, 0x1FBF, 0x1FBF, 0x1FBF, 0x1FBF,
0x1FBF, 0x1FBF, 0x1FBF, 0x1FBF, 0x1FBF, 0x1FBF, 0x1FBF, 0x1FBF, 0x1FBF, 0x1FBF,
0x1FBF, 0x1FBF, 0x1FBF, 0x1FBF, 0x1FBF, 0x1FBF, 0x1FBF, 0x1FBF, 0x1FBF, 0x1FBF,
0x1FBF, 0x1FBF, 0x1FBF, 0x1FBF, 0x1FBF, 0x1FBF, 0x1FBF, 0x1FBF, 0x1FBF, 0x1FBF,
0x1FBF, 0x1FBF, 0x1FBF, 0x1FBF, 0x1FBF, 0x1FBF, 0x1FBF, 0x1FBF, 0x1FBF, 0x1FBF,
0x1FBF, 0x1FBF, 0x1FBF, 0x1FBF, 0x1FBF, 0x1FBF, 0x1FBF, 0x1FBF, 0x1FBF, 0x1FBF,
0x1FBF, 0x1FBF, 0x1FBF, 0x1FBF, 0x1FBF, 0x1FBF, 0x1FBF, 0x1FBF, 0x1FBF, 0x1FBF,
0x1FBF, 0x1FBF, 0x1FBF, 0x1FBF, 0x1FBF, 0x1FBF, 0x1FBF, 0x1FBF, 0x1FBF, 0x1EB7,
0x3EB7, 0x5FCF, 0x9FE7, 0xBFF7, 0xFFFF, 0xDFFF, 0x9EF7, 0xDFFF, 0xBFFF, 0xFFFF,
0xFFFF, 0xFFFF, 0xFFFF, 0xDFFF, 0xFFFF, 0xFFFF, 0xFFFF, 0xDFF7, 0x5FD7, 0xFEC6,
0xFDB6, 0x3FB7, 0x1FBF, 0x1FBF, 0x1FBF, 0x1FBF, 0x1FBF, 0x1FBF, 0x1FBF, 0x1FBF,
0x1FBF, 0x1FBF, 0x1FBF, 0x1FBF, 0x1FBF, 0x1FBF, 0x1FBF, 0x1FBF, 0x1FBF, 0x1FBF,
0x1FBF, 0x1FBF, 0x1FBF, 0x1FBF, 0x1FBF, 0x1FBF, 0x1FBF, 0x1FBF, 0x1FBF, 0x1FBF,
0x1FBF, 0x1FBF, 0x1FBF, 0x1FBF, 0x1FBF, 0x1FBF, 0x1FBF, 0x1FBF, 0x1FBF, 0x1FBF,
0x1FBF, 0x1FBF, 0x1FBF, 0x1FBF, 0x1FBF, 0x1FBF, 0x1FBF, 0x1FBF, 0x1FBF, 0x1FBF,
0x1FBF, 0x1FBF, 0x1FBF, 0x1FBF, 0x5FBF, 0x1FBF, 0xFEBE, 0x1FBF, 0x3FBF, 0x3FBF,
0x1FBF, 0x1FBF, 0x1FBF, 0x1FBF, 0x1FBF, 0x1FBF, 0x1FBF, 0x1FBF, 0x1FBF, 0x1FBF,
0x1FBF, 0x1FBF, 0x1FBF, 0xFEBE, 0x1EC7, 0x5ED7, 0xFFF7, 0xFFFF, 0xFFFF, 0xFFFF,
0xFFFF, 0xFFFF, 0xFFFF, 0xFFFF, 0xFFF7, 0x5EDF, 0x1DC7, 0x1EBF, 0xFEBE, 0x1EC7,
0x1EC7, 0x1EC7, 0xBFEF, 0xFFEF, 0x9FDF, 0x1EC7, 0x1EBF, 0x1EBF, 0x1EBF, 0x1EBF,
0x1EBF, 0x1FBF, 0x1FBF, 0x1FBF, 0x1FBF, 0x1FBF, 0x1FBF, 0x1FBF, 0x1FBF, 0x1FBF,
0x1FBF, 0x1FBF, 0x1FBF, 0x1FBF, 0x1FBF, 0x1FBF, 0x1FBF, 0x1FBF, 0x1FBF, 0x1FBF,
0x1EBF, 0xFEB6, 0xFEBE, 0x1EC7, 0x3FBF, 0xFEBE, 0x1EBF, 0xFDBE, 0x1EC7, 0x1ECF,
0x3ED7, 0x5ED7, 0x7FDF, 0x9FE7, 0xDFEF, 0xFFF7, 0x9FE7, 0x3DDF, 0x5FCF, 0x1EBF,
0x1EBF, 0x1FBF, 0xFFBE, 0x1FBF, 0x1FBF, 0x1FBF, 0x1FBF, 0xFEB6, 0x1FBF, 0x1FBF,
0xFEBE, 0x3FC7, 0x3EBF, 0x1EBF, 0x1FBF, 0x3FBF, 0x1EBF, 0x1EBF, 0xFEC6, 0xFFBE,
0x1FBF, 0x1FB7, 0xFFBE, 0xFEBE, 0x1EBF, 0x1EBF, 0x1EBF, 0x1EBF, 0x1EBF, 0x1EBF,
0x1FBF, 0x1FBF, 0x1FBF, 0x1FBF, 0x1FBF, 0x1FBF, 0x1FBF, 0x1FBF, 0x1FBF, 0x1FBF,
0x1FBF, 0x1FBF, 0x1FBF, 0x1FBF, 0x1FBF, 0x1FBF, 0x1FBF, 0x1FBF, 0x1FBF, 0x1FBF,
0x1FBF, 0x1FBF, 0x1FBF, 0x1FBF, 0x1FBF, 0x1FBF, 0x1FBF, 0x1FBF, 0x1FBF, 0x1FBF,
0xFEBE, 0xFEBE, 0xFEBE, 0x1FBF, 0x1FBF, 0x1FBF, 0x1FBF, 0x1FBF, 0x1FBF, 0x1FBF,
0x1FBF, 0x1FBF, 0x1FBF, 0x1FBF, 0x1FBF, 0x1FBF, 0x1FBF, 0x1FBF, 0x1FBF, 0x1FBF,
0x1FBF, 0x1FBF, 0x1FBF, 0x1FBF, 0x1FBF, 0x1FBF, 0x1FBF, 0x1FBF, 0x1FBF, 0x1FBF,
0x1FBF, 0x1FBF, 0x1FBF, 0x1FBF, 0x1FBF, 0x1FBF, 0x1FBF, 0x1FBF, 0x1FBF, 0x1FBF,
0x1FBF, 0x1FBF, 0x1FBF, 0x1FBF, 0x1FBF, 0x1FBF, 0x1FBF, 0x1FBF, 0x1FBF, 0x1FBF,
0x1FBF, 0x1FBF, 0x1FBF, 0x1FBF, 0x1FBF, 0x1FBF, 0x1FBF, 0x1FBF, 0x1FBF, 0x1FBF,
0x1FBF, 0x1FBF, 0x1FBF, 0x1FBF, 0x1FBF, 0x1FBF, 0x1FBF, 0x1FBF, 0x1FBF, 0x1FBF,
0x1FBF, 0x1FBF, 0x1FBF, 0x1FBF, 0x1FBF, 0x1FBF, 0x1FBF, 0x1FBF, 0x1FBF, 0x1FBF,
0x1FBF, 0x1FBF, 0x1FBF, 0x1FBF, 0x1FBF, 0x1FBF, 0x1FBF, 0x1FBF, 0x1FBF, 0x1FBF,
0x1FBF, 0x1FBF, 0x1FBF, 0x1FBF, 0x1FBF, 0x1FBF, 0x1FBF, 0x1FBF, 0x1FBF, 0x1FAF,
0x1FB7, 0xDDBE, 0xFDCE, 0x5FE7, 0x7EEF, 0x1DDF, 0x3DE7, 0x7FEF, 0x3EEF, 0xDFF7,
0xDFF7, 0xDFF7, 0xDFF7, 0xDEFF, 0xFFFF, 0xFFFF, 0xDFF7, 0x9FE7, 0xFEC6, 0xDDBE,
0xDEB6, 0x3FB7, 0x1FBF, 0x1FBF, 0x1FBF, 0x1FBF, 0x1FBF, 0x1FBF, 0x1FBF, 0x1FBF,
0x1FBF, 0x1FBF, 0x1FBF, 0x1FBF, 0x1FBF, 0x1FBF, 0x1FBF, 0x1FBF, 0x1FBF, 0x1FBF,
0x1FBF, 0x1FBF, 0x1FBF, 0x1FBF, 0x1FBF, 0x1FBF, 0x1FBF, 0x1FBF, 0x1FBF, 0x1FBF,
0x1FBF, 0x1FBF, 0x1FBF, 0x1FBF, 0x1FBF, 0x1FBF, 0x1FBF, 0x1FBF, 0x1FBF, 0x1FBF,
0x1FBF, 0x1FBF, 0x1FBF, 0x1FBF, 0x1FBF, 0x1FBF, 0x1FBF, 0x1FBF, 0x1FBF, 0x1FBF,
0x1FBF, 0x1FBF, 0xFEBE, 0x3EC7, 0xBFDF, 0x5FC7, 0x1EBF, 0xFEBE, 0x1EBF, 0x1EC7,
0x1FBF, 0x1FBF, 0x1FBF, 0x1FBF, 0x1FBF, 0x1FBF, 0x1FBF, 0x1FBF, 0x1FBF, 0x1FBF,
0x1FBF, 0x1FBF, 0x1FBF, 0x1EC7, 0x1EC7, 0x3ED7, 0xDFF7, 0xFFFF, 0xDFF7, 0xFFFF,
0xDFFF, 0xFFFF, 0xFFFF, 0xFEFF, 0xFFF7, 0x9EE7, 0x5ED7, 0x7FCF, 0x1EC7, 0xFDBE,
0x1EC7, 0x9FD7, 0xFFFF, 0xFFFF, 0xFFF7, 0x7EDF, 0x1EBF, 0x1EBF, 0x1EBF, 0x1EBF,
0x1EBF, 0x1FBF, 0x1FBF, 0x1FBF, 0x1FBF, 0x1FBF, 0x1FBF, 0x1FBF, 0x1FBF, 0x1FBF,
0x1FBF, 0x1FBF, 0x1FBF, 0x1FBF, 0x1FBF, 0x1FBF, 0x1FBF, 0x1FBF, 0x1FBF, 0x1FBF,
0x1EBF, 0x1EB7, 0xFEBE, 0x1EC7, 0x3FB7, 0x3FB7, 0x3FBF, 0xFEBE, 0x1EBF, 0x1EC7,
0x3EC7, 0x1EC7, 0x3EC7, 0x5FD7, 0x7FD7, 0x7FDF, 0x3ECF, 0xFDC6, 0x3FC7, 0xFEBE,
0x1EBF, 0xFFBE, 0xFFBE, 0x1FBF, 0x1FBF, 0x1FBF, 0x1FBF, 0x5FCF, 0x1EBF, 0xFEBE,
0xFEBE, 0x5FC7, 0x3FB7, 0x1FB7, 0x1FBF, 0x3FC7, 0x1FBF, 0x1FBF, 0xFFC6, 0xFFBE,
0x1FBF, 0xFFBE, 0xFFBE, 0xFEBE, 0x1EB7, 0x1EB7, 0xFEBE, 0xFEBE, 0xFEBE, 0xFEBE,
0x1FBF, 0x1FBF, 0x1FBF, 0x1FBF, 0x1FBF, 0x1FBF, 0x1FBF, 0x1FBF, 0x1FBF, 0x1FBF,
0x1FBF, 0x1FBF, 0x1FBF, 0x1FBF, 0x1FBF, 0x1FBF, 0x1FBF, 0x1FBF, 0x1FBF, 0x1FBF,
0x1FBF, 0x1FBF, 0x1FBF, 0x1FBF, 0x1FBF, 0x1FBF, 0x1FBF, 0x1FBF, 0x1FBF, 0xFEBE,
0xFEBE, 0x3FC7, 0x3FC7, 0x1FBF, 0x1FBF, 0x1FBF, 0x1FBF, 0x1FBF, 0x1FBF, 0x1FBF,
0x1FBF, 0x1FBF, 0x1FBF, 0x1FBF, 0x1FBF, 0x1FBF, 0x1FBF, 0x1FBF, 0x1FBF, 0x1FBF,
0x1FBF, 0x1FBF, 0x1FBF, 0x1FBF, 0x1FBF, 0x1FBF, 0x1FBF, 0x1FBF, 0x1FBF, 0x1FBF,
0x1FBF, 0x1FBF, 0x1FBF, 0x1FBF, 0x1FBF, 0x1FBF, 0x1FBF, 0x1FBF, 0x1FBF, 0x1FBF,
0x1FBF, 0x1FBF, 0x1FBF, 0x1FBF, 0x1FBF, 0x1FBF, 0x1FBF, 0x1FBF, 0x1FBF, 0x1FBF,
0x1FBF, 0x1FBF, 0x1FBF, 0x1FBF, 0x1FBF, 0x1FBF, 0x1FBF, 0x1FBF, 0x1FBF, 0x1FBF,
0x1FBF, 0x1FBF, 0x1FBF, 0x1FBF, 0x1FBF, 0x1FBF, 0x1FBF, 0x1FBF, 0x1FBF, 0x1FBF,
0x1FBF, 0x1FBF, 0x1FBF, 0x1FBF, 0x1FBF, 0x1FBF, 0x1FBF, 0x1FBF, 0x1FBF, 0x1FBF,
0x1FBF, 0x1FBF, 0x1FBF, 0x1FBF, 0x1FBF, 0x1FBF, 0x1FBF, 0x1FBF, 0x1FBF, 0x1FBF,
0x1FBF, 0x1FBF, 0x1FBF, 0x1FBF, 0x1FBF, 0x1FBF, 0x1FBF, 0x1FBF, 0x1FBF, 0x3FBF,
0x3FC7, 0x1FC7, 0xFECE, 0x5FE7, 0xDFF7, 0x9FE7, 0x5EDF, 0x3ED7, 0x1ED7, 0x7EDF,
0x7EDF, 0x7EDF, 0x7EDF, 0x7EDF, 0x7EE7, 0x7EE7, 0x5EDF, 0x1DCF, 0x1EBF, 0xFEBE,
0x1EBF, 0x1FBF, 0x1FBF, 0x1FBF, 0x1FBF, 0x1FBF, 0x1FBF, 0x1FBF, 0x1FBF, 0x1FBF,
0x1FBF, 0x1FBF, 0x1FBF, 0x1FBF, 0x1FBF, 0x1FBF, 0x1FBF, 0x1FBF, 0x1FBF, 0x1FBF,
0x1FBF, 0x1FBF, 0x1FBF, 0x1FBF, 0x1FBF, 0x1FBF, 0x1FBF, 0x1FBF, 0x1FBF, 0x1FBF,
0x1FBF, 0x1FBF, 0x1FBF, 0x1FBF, 0x1FBF, 0x1FBF, 0x1FBF, 0x1FBF, 0x1FBF, 0x1FBF,
0x1FBF, 0x1FBF, 0x1FBF, 0x1FBF, 0x1FBF, 0x1FBF, 0x1FBF, 0x1FBF, 0x1FBF, 0x1FBF,
0x3FBF, 0xFEBE, 0xFDBE, 0x5ED7, 0xFFF7, 0xBFD7, 0x3FC7, 0xFEBE, 0xFEBE, 0xFEBE,
0x1FBF, 0x1FBF, 0x1FBF, 0x1FBF, 0x1FBF, 0x1FBF, 0x1FBF, 0x1FBF, 0x1FBF, 0x1FBF,
0x1FBF, 0x1FBF, 0x1FBF, 0x5FC7, 0x1EC7, 0x3DCF, 0xBEEF, 0xDFFF, 0xDFFF, 0xFFFF,
0xFFFF, 0xFFFF, 0xFFFF, 0xFEFF, 0xFFFF, 0xDFEF, 0xFFE7, 0xFFE7, 0x3EC7, 0xFDBE,
0x3EC7, 0xFFE7, 0xDFFF, 0xDEFF, 0xFFF7, 0xBFE7, 0x1EBF, 0x1EBF, 0x1EBF, 0x1EBF,
0x1EBF, 0x1FBF, 0x1FBF, 0x1FBF, 0x1FBF, 0x1FBF, 0x1FBF, 0x1FBF, 0x1FBF, 0x1FBF,
0x1FBF, 0x1FBF, 0x1FBF, 0x1FBF, 0x1FBF, 0x1FBF, 0x1FBF, 0x1FBF, 0x1FBF, 0x1FBF,
0x3FBF, 0x3FB7, 0x1EBF, 0x1EBF, 0x5FB7, 0x3FB7, 0x5FBF, 0x1EB7, 0xFEBE, 0x3EC7,
0x3EBF, 0x1EBF, 0x1EBF, 0x3FC7, 0x1FC7, 0xFEC6, 0xFEC6, 0xDEBE, 0x3EC7, 0x1EBF,
0x3FBF, 0x1FBF, 0xFFBE, 0x1FBF, 0x1FBF, 0x1FBF, 0x1FBF, 0x1EC7, 0x1EC7, 0x1EC7,
0x1FBF, 0xDEB6, 0x3FB7, 0x3FBF, 0x1FBF, 0xFFBE, 0x1FB7, 0xFFBE, 0xFFBE, 0xFFBE,
0xFFBE, 0x1FBF, 0x1FBF, 0x1FBF, 0x3FB7, 0x3FB7, 0x1EC7, 0x1EC7, 0x1EC7, 0x1EC7,
0x1FBF, 0x1FBF, 0x1FBF, 0x1FBF, 0x1FBF, 0x1FBF, 0x1FBF, 0x1FBF, 0x1FBF, 0x1FBF,
0x1FBF, 0x1FBF, 0x1FBF, 0x1FBF, 0x1FBF, 0x1FBF, 0x1FBF, 0x1FBF, 0x1FBF, 0x1FBF,
0x1FBF, 0x1FBF, 0x1FBF, 0x1FBF, 0x1FBF, 0x1FBF, 0x1FBF, 0x1FBF, 0x1FBF, 0xFEBE,
0x1FBF, 0x5FC7, 0x7FCF, 0x1FBF, 0x1FBF, 0x1FBF, 0x1FBF, 0x1FBF, 0x1FBF, 0x1FBF,
0x1FBF, 0x1FBF, 0x1FBF, 0x1FBF, 0x1FBF, 0x1FBF, 0x1FBF, 0x1FBF, 0x1FBF, 0x1FBF,
0x1FBF, 0x1FBF, 0x1FBF, 0x1FBF, 0x1FBF, 0x1FBF, 0x1FBF, 0x1FBF, 0x1FBF, 0x1FBF,
0x1FBF, 0x1FBF, 0x1FBF, 0x1FBF, 0x1FBF, 0x1FBF, 0x1FBF, 0x1FBF, 0x1FBF, 0x1FBF,
0x1FBF, 0x1FBF, 0x1FBF, 0x1FBF, 0x1FBF, 0x1FBF, 0x1FBF, 0x1FBF, 0x1FBF, 0x1FBF,
0x1FBF, 0x1FBF, 0x1FBF, 0x1FBF, 0x1FBF, 0x1FBF, 0x1FBF, 0x1FBF, 0x1FBF, 0x1FBF,
0x1FBF, 0x1FBF, 0x1FBF, 0x1FBF, 0x1FBF, 0x1FBF, 0x1FBF, 0x1FBF, 0x1FBF, 0x1FBF,
0x1FBF, 0x1FBF, 0x1FBF, 0x1FBF, 0x1FBF, 0x1FBF, 0x1FBF, 0x1FBF, 0x1FBF, 0x1FBF,
0x1FBF, 0x1FBF, 0x1FBF, 0x1FBF, 0x1FBF, 0x1FBF, 0x1FBF, 0x1FBF, 0x1FBF, 0x1FBF,
0x1FBF, 0x1FBF, 0x1FBF, 0x1FBF, 0x1FBF, 0x1FBF, 0x1FBF, 0x1FBF, 0x1FBF, 0xDEAE,
0x1FB7, 0x3FBF, 0xFDB6, 0x1EBF, 0x9EEF, 0xFFEF, 0x5ED7, 0x1EBF, 0x3FC7, 0x1DCF,
0x1DCF, 0x1DCF, 0x1DCF, 0x1FBF, 0xFEBE, 0xFEBE, 0xFEBE, 0xBDB6, 0x1EB7, 0xFEB6,
0x1FBF, 0x1FBF, 0x1FBF, 0x1FBF, 0x1FBF, 0x1FBF, 0x1FBF, 0x1FBF, 0x1FBF, 0x1FBF,
0x1FBF, 0x1FBF, 0x1FBF, 0x1FBF, 0x1FBF, 0x1FBF, 0x1FBF, 0x1FBF, 0x1FBF, 0x1FBF,
0x1FBF, 0x1FBF, 0x1FBF, 0x1FBF, 0x1FBF, 0x1FBF, 0x1FBF, 0x1FBF, 0x1FBF, 0x1FBF,
0x1FBF, 0x1FBF, 0x1FBF, 0x1FBF, 0x1FBF, 0x1FBF, 0x1FBF, 0x1FBF, 0x1FBF, 0x1FBF,
0x1FBF, 0x1EB7, 0x3EBF, 0xFCBE, 0x5ECF, 0xFFEF, 0x5FDF, 0xDEC6, 0x1FC7, 0x3FBF,
0xDEB6, 0x1EBF, 0x3EC7, 0x9FDF, 0xDFF7, 0xDFE7, 0xFFE7, 0x5ED7, 0xFDC6, 0x1DCF,
0x1FBF, 0x1FBF, 0x1FBF, 0x1FBF, 0x1FBF, 0x1FBF, 0x1FBF, 0x1FBF, 0x1FBF, 0x3EB7,
0x3EBF, 0x1EC7, 0x1EC7, 0x1DE7, 0x1DE7, 0x7EEF, 0xBFF7, 0xDFFF, 0xFFFF, 0xDFFF,
0xDFFF, 0xFFFF, 0xFFFF, 0xFFFF, 0xFFFF, 0xFFFF, 0xFFFF, 0xFFFF, 0x9FDF, 0xFCC6,
0x3ED7, 0xFFFF, 0xFFFF, 0xDFFF, 0xDFFF, 0xDFF7, 0xFCC6, 0x3DCF, 0xFFEF, 0xBFE7,
0xBBBE, 0xFEBE, 0x1EBF, 0x1EBF, 0x1FBF, 0x1FC7, 0x1FBF, 0x1FBF, 0x1FBF, 0x1FBF,
0x1FBF, 0x1FBF, 0x1FBF, 0x1FBF, 0x1FBF, 0x1FBF, 0x1FBF, 0x1FBF, 0x1FBF, 0x1FBF,
0x1FBF, 0x1FBF, 0x1FBF, 0x1FBF, 0x1FBF, 0x1FBF, 0x1FBF, 0x1FBF, 0x1FBF, 0x1FBF,
0x1FBF, 0x1FBF, 0x1FBF, 0x1FBF, 0x1FBF, 0x1FBF, 0x1FBF, 0x1FBF, 0x1FBF, 0x1FBF,
0x1FBF, 0x1FBF, 0x1FBF, 0x1FBF, 0x1FBF, 0x1FBF, 0x1FBF, 0x1FBF, 0x1FBF, 0x1FBF,
0x1FBF, 0x1FBF, 0x1FBF, 0x1FBF, 0x1FBF, 0x1FBF, 0x1FBF, 0x1FBF, 0x1FBF, 0x1FBF,
0x1FBF, 0x1FBF, 0x1FBF, 0x1FBF, 0x1FBF, 0x1FBF, 0x1FBF, 0x1FBF, 0x1FBF, 0x1FBF,
0x3FB7, 0x3FB7, 0x1FBF, 0x1FBF, 0x1FBF, 0x1FBF, 0x1FBF, 0x1FBF, 0x1FBF, 0xFFBE,
0xFFBE, 0x1FBF, 0x1EBF, 0xFDBE, 0x3FBF, 0x5FC7, 0x3FBF, 0x1EB7, 0x3EBF, 0x1FBF,
0x1FBF, 0x1FBF, 0x1FBF, 0x3EC7, 0x3EBF, 0x3EBF, 0x3FBF, 0x3FB7, 0x1DC7, 0x1DCF,
0xBFE7, 0xBEF7, 0xDFFF, 0x3ECF, 0x1FBF, 0xFFBE, 0x1FBF, 0x1EC7, 0x1FBF, 0x3FBF,
0x1FBF, 0x3FC7, 0x1FBF, 0x1FBF, 0x1FBF, 0x1FBF, 0x1FBF, 0x1FBF, 0x1FBF, 0x1FBF,
0x1FBF, 0x1FBF, 0x1FBF, 0x1FBF, 0x1FBF, 0x1FBF, 0x1FBF, 0x1FBF, 0x1FBF, 0x1FBF,
0x1FBF, 0x1FBF, 0x1FBF, 0x1FBF, 0x1FBF, 0x1FBF, 0x1FBF, 0x1FBF, 0x1FBF, 0x1FBF,
0x1FBF, 0x1FBF, 0x1FBF, 0x1FBF, 0x1FBF, 0x1FBF, 0x1FBF, 0x1FBF, 0x1FBF, 0x1FBF,
0x1FBF, 0x1FBF, 0x1FBF, 0x1FBF, 0x1FBF, 0x1FBF, 0x1FBF, 0x1FBF, 0x1FBF, 0x1FBF,
0x1FBF, 0x1FBF, 0x1FBF, 0x1FBF, 0x1FBF, 0x1FBF, 0x1FBF, 0x1FBF, 0x1FBF, 0x1FBF,
0x1FBF, 0x1FBF, 0x1FBF, 0x1FBF, 0x1FBF, 0x1FBF, 0x1EB7, 0x3EBF, 0x1EC7, 0xFFC6,
0x1FC7, 0x3FC7, 0x1FC7, 0x1FBF, 0x1FBF, 0x1FBF, 0x1FBF, 0x1FBF, 0x1FBF, 0x1FBF,
0x1FBF, 0x1FBF, 0x1FBF, 0x1FBF, 0x1FBF, 0x1FBF, 0x1FBF, 0x1FBF, 0x1FBF, 0x1FBF,
0x1FBF, 0x1FBF, 0x1FBF, 0x1FBF, 0x1FBF, 0x1FBF, 0x1FBF, 0x1FBF, 0x1FBF, 0x1FBF,
0x1FBF, 0x1FBF, 0x1FBF, 0x1FBF, 0x1FBF, 0x1FBF, 0x1FBF, 0x1FBF, 0x1FBF, 0x1FBF,
0x1FBF, 0x1FBF, 0x1FBF, 0x1FBF, 0x1FBF, 0x1FBF, 0x1FBF, 0x1FBF, 0x1FBF, 0x1FBF,
0x1FBF, 0x1FBF, 0x3FBF, 0x3FBF, 0x3FBF, 0x3FBF, 0x1FBF, 0x1FBF, 0x1FBF, 0x1FBF,
0x1FBF, 0x1FBF, 0x1FBF, 0x1FBF, 0x1FBF, 0x1FBF, 0x3FBF, 0x3FBF, 0x3FBF, 0x3FBF,
0x3FBF, 0x3FBF, 0x3FBF, 0x3FBF, 0x3FBF, 0x1FBF, 0x1FBF, 0x1FBF, 0x1FBF, 0x1FBF,
0x1FBF, 0x3EBF, 0x3EC7, 0x1DC7, 0x9FDF, 0xFFF7, 0x9FE7, 0x1DCF, 0x3EC7, 0x3EBF,
0xFEBE, 0x3FBF, 0x1EBF, 0x5ECF, 0x5ED7, 0x5ECF, 0x7FD7, 0x1EC7, 0x1EC7, 0x1EC7,
0x1FBF, 0x1FBF, 0x1FBF, 0x1FBF, 0x1FBF, 0x1FBF, 0x1FBF, 0x1FBF, 0x1FBF, 0x3EC7,
0x5FCF, 0x3ED7, 0x3ED7, 0x1DE7, 0x9FF7, 0xBFF7, 0xFFFF, 0xFFFF, 0xFFFF, 0xFFFF,
0xDFFF, 0xFFFF, 0xFFFF, 0xFFFF, 0xFFFF, 0xFFFF, 0xFFFF, 0xDFF7, 0x9FE7, 0x1DCF,
0x5EDF, 0xDFF7, 0xFFFF, 0xFFFF, 0xFFFF, 0xDFFF, 0x1CCF, 0x7EDF, 0xFFF7, 0xFFEF,
0x1CCF, 0x1FC7, 0x3FC7, 0x1EBF, 0x1FBF, 0xFEBE, 0x1FBF, 0x1FBF, 0x1FBF, 0x1FBF,
0x1FBF, 0x1FBF, 0x1FBF, 0x1FBF, 0x1FBF, 0x1FBF, 0x1FBF, 0x1FBF, 0x1FBF, 0x1FBF,
0x1FBF, 0x1FBF, 0x1FBF, 0x1FBF, 0x1FBF, 0x1FBF, 0x1FBF, 0x1FBF, 0x1FBF, 0x1FBF,
0x1FBF, 0x1FBF, 0x1FBF, 0x1FBF, 0x1FBF, 0x1FBF, 0x1FBF, 0x1FBF, 0x1FBF, 0x1FBF,
0x1FBF, 0x1FBF, 0x1FBF, 0x1FBF, 0x1FBF, 0x1FBF, 0x1FBF, 0x1FBF, 0x1FBF, 0x1FBF,
0x1FBF, 0x1FBF, 0x1FBF, 0x1FBF, 0x1FBF, 0x1FBF, 0x1FBF, 0x1FBF, 0x1FBF, 0x1FBF,
0x1FBF, 0x1FBF, 0x1FBF, 0x1FBF, 0x1FBF, 0x1FBF, 0x1FBF, 0x1FBF, 0x1FBF, 0x1FBF,
0x5FBF, 0x5FBF, 0x3FBF, 0x1FBF, 0x3FC7, 0x1FBF, 0x1FBF, 0x1FBF, 0x1FBF, 0xFEBE,
0x1FBF, 0x3FC7, 0x3FC7, 0x3EC7, 0xFDB6, 0x3FBF, 0x3FBF, 0x1EBF, 0x3EBF, 0x1FBF,
0x1FBF, 0x1FBF, 0x1FBF, 0x1EBF, 0x1EBF, 0x1EBF, 0x1FBF, 0x1FBF, 0x1EC7, 0x5ED7,
0xFFF7, 0xFFFF, 0xFFFF, 0x7EDF, 0x1EBF, 0x1FBF, 0x1FBF, 0x1EBF, 0x1FBF, 0x3FBF,
0x1FBF, 0x3FC7, 0x1FBF, 0x1FBF, 0x1FBF, 0x1FBF, 0x1FBF, 0x1FBF, 0x1FBF, 0x1FBF,
0x1FBF, 0x1FBF, 0x1FBF, 0x1FBF, 0x1FBF, 0x1FBF, 0x1FBF, 0x1FBF, 0x1FBF, 0x1FBF,
0x1FBF, 0x1FBF, 0x1FBF, 0x1FBF, 0x1FBF, 0x1FBF, 0x1FBF, 0x1FBF, 0x1FBF, 0x1FBF,
0x1FBF, 0x1FBF, 0x1FBF, 0x1FBF, 0x1FBF, 0x1FBF, 0x1FBF, 0x1FBF, 0x1FBF, 0x1FBF,
0x1FBF, 0x1FBF, 0x1FBF, 0x1FBF, 0x1FBF, 0x1FBF, 0x1FBF, 0x1FBF, 0x1FBF, 0x1FBF,
0x1FBF, 0x1FBF, 0x1FBF, 0x1FBF, 0x1FBF, 0x1FBF, 0x1FBF, 0x1FBF, 0x1FBF, 0x1FBF,
0x1FBF, 0x1FBF, 0x1FBF, 0x1FBF, 0x1FBF, 0x1FBF, 0x1FBF, 0x3FBF, 0x3FBF, 0xFFBE,
0x1FBF, 0x3FBF, 0x3FC7, 0x1FBF, 0x1FB7, 0x1FB7, 0x1FBF, 0x1FBF, 0x1FBF, 0x1FBF,
0x1FBF, 0x1FBF, 0x1FBF, 0x1FBF, 0x1FBF, 0x1FBF, 0x1FBF, 0x1FBF, 0x1FBF, 0x1FBF,
0x1FBF, 0x1FBF, 0x1FBF, 0x1FBF, 0x1FBF, 0x1FBF, 0x1FBF, 0x1FBF, 0x1FBF, 0x1FBF,
0x1FBF, 0x1FBF, 0x1FBF, 0x1FBF, 0x1FBF, 0x1FBF, 0x1FBF, 0x1FBF, 0x1FBF, 0x1FBF,
0x1FBF, 0x1FBF, 0x1FBF, 0x1FBF, 0x1FBF, 0x1FBF, 0x1FBF, 0x1FBF, 0x1FBF, 0x1FBF,
0x1FBF, 0x1FBF, 0x3FBF, 0x3FBF, 0x3FBF, 0x3FBF, 0x1FBF, 0x1FBF, 0x1FBF, 0x1FBF,
0x1FBF, 0x1FBF, 0x1FBF, 0x1FBF, 0x1FBF, 0x1FBF, 0x3FBF, 0x3FBF, 0x3FBF, 0x3FBF,
0x3FBF, 0x3FBF, 0x3FBF, 0x3FBF, 0x3FBF, 0x1FBF, 0x1FBF, 0x1FBF, 0x1FBF, 0x1FBF,
0x1FBF, 0x3FC7, 0x1EC7, 0x3ED7, 0xBFE7, 0xFFF7, 0xBFEF, 0x5EDF, 0x9EDF, 0x7ECF,
0xFEBE, 0x3FBF, 0x3FB7, 0x3FBF, 0xFEBE, 0xFEBE, 0x1EBF, 0x1EBF, 0x1FBF, 0x1FBF,
0x1FBF, 0x1FBF, 0x1FBF, 0x1FBF, 0x1FBF, 0x1FBF, 0x1FBF, 0x1FBF, 0x1FBF, 0xFECE,
0x1ED7, 0x5FE7, 0x1DE7, 0xBFFF, 0xFFFF, 0xBFFF, 0xFFFF, 0xDFFF, 0xDFFF, 0xFFFF,
0xDFFF, 0xFFFF, 0xFFFF, 0xFFFF, 0xFFFF, 0xFFFF, 0xFFFF, 0xFFFF, 0xFFF7, 0xBEE7,
0xDFEF, 0xFFFF, 0xFFFF, 0xFFFF, 0xFFFF, 0xFFFF, 0x7EE7, 0xBFEF, 0xFFFF, 0xFFFF,
0x3DDF, 0x1EBF, 0x5FBF, 0x3FBF, 0x3FBF, 0xDEBE, 0x1FBF, 0x1FBF, 0x1FBF, 0x1FBF,
0x1FBF, 0x1FBF, 0x1FBF, 0x1FBF, 0x1FBF, 0x1FBF, 0x1FBF, 0x1FBF, 0x1FBF, 0x1FBF,
0x1FBF, 0x1FBF, 0x1FBF, 0x1FBF, 0x1FBF, 0x1FBF, 0x1FBF, 0x1FBF, 0x1FBF, 0x1FBF,
0x1FBF, 0x1FBF, 0x1FBF, 0x1FBF, 0x1FBF, 0x1FBF, 0x1FBF, 0x1FBF, 0x1FBF, 0x1FBF,
0x1FBF, 0x1FBF, 0x1FBF, 0x1FBF, 0x1FBF, 0x1FBF, 0x1FBF, 0x1FBF, 0x1FBF, 0x1FBF,
0x1FBF, 0x1FBF, 0x1FBF, 0x1FBF, 0x1FBF, 0x1FBF, 0x1FBF, 0x1FBF, 0x1FBF, 0x1FBF,
0x1FBF, 0x1FBF, 0x1FBF, 0x1FBF, 0x1FBF, 0x1FBF, 0x1FBF, 0x1FBF, 0x1FBF, 0x1FBF,
0x5FBF, 0x3FBF, 0x3EBF, 0x1EBF, 0x1EC7, 0x1FBF, 0x1FBF, 0x1FBF, 0x1FBF, 0x3FC7,
0x3FC7, 0x1EC7, 0x5FCF, 0x3EC7, 0xFEBE, 0x3FC7, 0x5FC7, 0x3FBF, 0x3EBF, 0x1FBF,
0x1FBF, 0x1FBF, 0x1FBF, 0x1EB7, 0x1EBF, 0x1EBF, 0x1FC7, 0x1FC7, 0x1EC7, 0x7ED7,
0xFFF7, 0xFFFF, 0xFFFF, 0xBFE7, 0x1DBF, 0x5FBF, 0x3EBF, 0x3FBF, 0x1FBF, 0x3FBF,
0x1FBF, 0x3EC7, 0x1FBF, 0x1FBF, 0x1FBF, 0x1FBF, 0x1FBF, 0x1FBF, 0x1FBF, 0x1FBF,
0x1FBF, 0x1FBF, 0x1FBF, 0x1FBF, 0x1FBF, 0x1FBF, 0x1FBF, 0x1FBF, 0x1FBF, 0x1FBF,
0x1FBF, 0x1FBF, 0x1FBF, 0x1FBF, 0x1FBF, 0x1FBF, 0x1FBF, 0x1FBF, 0x1FBF, 0x1FBF,
0x1FBF, 0x1FBF, 0x1FBF, 0x1FBF, 0x1FBF, 0x1FBF, 0x1FBF, 0x1FBF, 0x1FBF, 0x1FBF,
0x1FBF, 0x1FBF, 0x1FBF, 0x1FBF, 0x1FBF, 0x1FBF, 0x1FBF, 0x1FBF, 0x1FBF, 0x1FBF,
0x1FBF, 0x1FBF, 0x1FBF, 0x1FBF, 0x1FBF, 0x1FBF, 0x1FBF, 0x1FBF, 0x1FBF, 0x1FBF,
0x1FBF, 0x1FBF, 0x1FBF, 0x1FBF, 0x1FBF, 0x1FBF, 0x3FC7, 0x3FC7, 0x3FBF, 0x1FB7,
0x3FBF, 0xFEBE, 0x3FBF, 0x3EBF, 0x3FBF, 0x5FBF, 0x1FBF, 0x1FBF, 0x1FBF, 0x1FBF,
0x1FBF, 0x1FBF, 0x1FBF, 0x1FBF, 0x1FBF, 0x1FBF, 0x1FBF, 0x1FBF, 0x1FBF, 0x1FBF,
0x1FBF, 0x1FBF, 0x1FBF, 0x1FBF, 0x1FBF, 0x1FBF, 0x1FBF, 0x1FBF, 0x1FBF, 0x1FBF,
0x1FBF, 0x1FBF, 0x1FBF, 0x1FBF, 0x1FBF, 0x1FBF, 0x1FBF, 0x1FBF, 0x1FBF, 0x1FBF,
0x1FBF, 0x1FBF, 0x1FBF, 0x1FBF, 0x1FBF, 0x1FBF, 0x1FBF, 0x1FBF, 0x1FBF, 0x1FBF,
0x1FBF, 0x1FBF, 0x1FBF, 0x1FBF, 0x1FBF, 0x1FBF, 0x1FBF, 0x1FBF, 0x1FBF, 0x1FBF,
0x1FBF, 0x1FBF, 0x1FBF, 0x1FBF, 0x1FBF, 0x1FBF, 0x1FBF, 0x1FBF, 0x1FBF, 0x1FBF,
0x1FBF, 0x1FBF, 0x1FBF, 0x1FBF, 0x1FBF, 0x1FBF, 0x1FBF, 0x1FBF, 0x1FBF, 0x1FBF,
0x1FBF, 0x3FC7, 0xFEC6, 0x5FD7, 0xBFE7, 0xDFF7, 0xFFFF, 0xFFFF, 0xFFFF, 0xFFEF,
0xFEC6, 0x5FBF, 0x3FB7, 0x3FBF, 0xFEBE, 0x1EBF, 0xFEBE, 0x1FBF, 0x3FBF, 0x1FBF,
0x1FBF, 0x1FBF, 0x1FBF, 0x1FBF, 0x1FBF, 0x1FBF, 0x1FBF, 0x1FBF, 0x1FBF, 0xFEC6,
0x1ED7, 0xFFFF, 0x9FF7, 0xFFFF, 0xFFFF, 0xFFFF, 0xFFFF, 0xDFFF, 0xFFFF, 0xFFFF,
0xFFFF, 0xFFFF, 0xFFFF, 0xFFFF, 0xFFFF, 0xFFFF, 0xFFFF, 0xFFFF, 0xFFFF, 0xFFF7,
0xFFFF, 0xFFFF, 0xFFFF, 0xFFFF, 0xFFFF, 0xFFFF, 0xDFF7, 0xDFFF, 0xDFFF, 0xFFFF,
0x5EE7, 0xFDBE, 0x3EBF, 0x1EBF, 0x3FBF, 0x1FC7, 0x1FBF, 0x1FBF, 0x1FBF, 0x1FBF,
0x1FBF, 0x1FBF, 0x1FBF, 0x1FBF, 0x1FBF, 0x1FBF, 0x1FBF, 0x1FBF, 0x1FBF, 0x1FBF,
0x1FBF, 0x1FBF, 0x1FBF, 0x1FBF, 0x1FBF, 0x1FBF, 0x1FBF, 0x1FBF, 0x1FBF, 0x1FBF,
0x1FBF, 0x1FBF, 0x1FBF, 0x1FBF, 0x1FBF, 0x1FBF, 0x1FBF, 0x1FBF, 0x1FBF, 0x1FBF,
0x1FBF, 0x1FBF, 0x1FBF, 0x1FBF, 0x1FBF, 0x1FBF, 0x1FBF, 0x1FBF, 0x1FBF, 0x1FBF,
0x1FBF, 0x1FBF, 0x1FBF, 0x1FBF, 0x1FBF, 0x1FBF, 0x1FBF, 0x1FBF, 0x1FBF, 0x1FBF,
0x1FBF, 0x1FBF, 0x1FBF, 0x1FBF, 0x1FBF, 0x1FBF, 0x1FBF, 0x1FBF, 0x1FBF, 0x1FBF,
0x3EBF, 0x1EBF, 0x1EBF, 0xFEC6, 0xDEBE, 0x1FBF, 0x1FBF, 0x1FBF, 0x1FBF, 0x5FC7,
0x3FC7, 0xFEC6, 0xDFDF, 0x7FD7, 0x1EC7, 0x1EC7, 0x3FC7, 0x3FBF, 0x3EBF, 0x1FBF,
0x1FBF, 0x1FBF, 0x1FBF, 0x3FBF, 0x3FBF, 0x3FBF, 0x3FC7, 0x1FC7, 0x1ECF, 0x7FDF,
0xFFF7, 0xFFFF, 0xDFFF, 0xFFF7, 0x1DBF, 0x5EBF, 0x3EBF, 0x5FC7, 0x1FBF, 0x3FBF,
0x1FBF, 0x3EC7, 0x1FBF, 0x1FBF, 0x1FBF, 0x1FBF, 0x1FBF, 0x1FBF, 0x1FBF, 0x1FBF,
0x1FBF, 0x1FBF, 0x1FBF, 0x1FBF, 0x1FBF, 0x1FBF, 0x1FBF, 0x1FBF, 0x1FBF, 0x1FBF,
0x1FBF, 0x1FBF, 0x1FBF, 0x1FBF, 0x1FBF, 0x1FBF, 0x1FBF, 0x1FBF, 0x1FBF, 0x1FBF,
0x1FBF, 0x1FBF, 0x1FBF, 0x1FBF, 0x1FBF, 0x1FBF, 0x1FBF, 0x1FBF, 0x1FBF, 0x1FBF,
0x1FBF, 0x1FBF, 0x1FBF, 0x1FBF, 0x1FBF, 0x1FBF, 0x1FBF, 0x1FBF, 0x1FBF, 0x1FBF,
0x1FBF, 0x1FBF, 0x1FBF, 0x1FBF, 0x1FBF, 0x1FBF, 0x1FBF, 0x1FBF, 0x1FBF, 0x1FBF,
0x1FBF, 0x1FBF, 0x1FBF, 0x1FBF, 0x1FBF, 0x1FBF, 0x1EC7, 0x3EC7, 0x3FBF, 0x1FB7,
0x3FBF, 0x1EBF, 0x3EC7, 0x1EBF, 0x3EBF, 0x5FC7, 0x1FBF, 0x1FBF, 0x1FBF, 0x1FBF,
0x1FBF, 0x1FBF, 0x1FBF, 0x1FBF, 0x1FBF, 0x1FBF, 0x1FBF, 0x1FBF, 0x1FBF, 0x1FBF,
0x1FBF, 0x1FBF, 0x1FBF, 0x1FBF, 0x1FBF, 0x1FBF, 0x1FBF, 0x1FBF, 0x1FBF, 0x1FBF,
0x1FBF, 0x1FBF, 0x1FBF, 0x1FBF, 0x1FBF, 0x1FBF, 0x1FBF, 0x1FBF, 0x1FBF, 0x1FBF,
0x1FBF, 0x1FBF, 0x1FBF, 0x1FBF, 0x1FBF, 0x1FBF, 0x1FBF, 0x1FBF, 0x1FBF, 0x1FBF,
0x1FBF, 0x1FBF, 0x1FBF, 0x1FBF, 0x1FBF, 0x1FBF, 0x1FBF, 0x1FBF, 0x1FBF, 0x1FBF,
0x1FBF, 0x1FBF, 0x1FBF, 0x1FBF, 0x1FBF, 0x1FBF, 0x1FBF, 0x1FBF, 0x1FBF, 0x1FBF,
0x1FBF, 0x1FBF, 0x1FBF, 0x1FBF, 0x1FBF, 0x1FBF, 0x1FBF, 0x1FBF, 0x1FBF, 0x1FBF,
0x1FBF, 0x3FC7, 0xDEBE, 0x3ECF, 0x9FE7, 0x9FE7, 0xBFF7, 0xDFF7, 0xFFF7, 0xDFE7,
0xFEBE, 0x3FBF, 0x3FBF, 0x5FBF, 0x1EBF, 0x3FC7, 0x1EBF, 0x3FC7, 0x3FBF, 0x1FBF,
0x1FBF, 0x1FBF, 0x1FBF, 0x1FBF, 0x1FBF, 0x1FBF, 0x1FBF, 0x1FBF, 0x1FBF, 0x1EBF,
0x1EC7, 0xFFEF, 0xBFEF, 0xDFFF, 0xFFFF, 0xFFFF, 0x3DE7, 0xBFF7, 0xFFFF, 0xFFFF,
0xFFFF, 0xFFFF, 0xFFFF, 0xFFFF, 0xFFFF, 0xFFFF, 0xFFFF, 0xFEFF, 0xFFFF, 0xFEFF,
0xFFFF, 0xFEFF, 0xFFFF, 0xFFFF, 0xFFFF, 0xFFFF, 0xFFFF, 0xDFFF, 0xDFFF, 0xFFFF,
0xBFF7, 0x5ECF, 0x3EC7, 0x1EBF, 0x1EBF, 0x1FC7, 0x1FBF, 0x1FBF, 0x1FBF, 0x1FBF,
0x1FBF, 0x1FBF, 0x1FBF, 0x1FBF, 0x1FBF, 0x1FBF, 0x1FBF, 0x1FBF, 0x1FBF, 0x1FBF,
0x1FBF, 0x1FBF, 0x1FBF, 0x1FBF, 0x1FBF, 0x1FBF, 0x1FBF, 0x1FBF, 0x1FBF, 0x1FBF,
0x1FBF, 0x1FBF, 0x1FBF, 0x1FBF, 0x1FBF, 0x1FBF, 0x1FBF, 0x1FBF, 0x1FBF, 0x1FBF,
0x1FBF, 0x1FBF, 0x1FBF, 0x1FBF, 0x1FBF, 0x1FBF, 0x1FBF, 0x1FBF, 0x1FBF, 0x1FBF,
0x1FBF, 0x1FBF, 0x1FBF, 0x1FBF, 0x1FBF, 0x1FBF, 0x1FBF, 0x1FBF, 0x1FBF, 0x1FBF,
0x1FBF, 0x1FBF, 0x1FBF, 0x1FBF, 0x1FBF, 0x1FBF, 0x1FBF, 0x1FBF, 0x1FBF, 0x1FBF,
0x1EBF, 0xFDBE, 0xFDBE, 0x1ECF, 0xFEC6, 0x1FBF, 0x1FBF, 0x1FBF, 0x1FBF, 0x3EBF,
0x1EBF, 0x1DC7, 0xFFEF, 0xDFE7, 0x3ECF, 0xFEC6, 0x1FBF, 0x1FBF, 0x5FC7, 0x1FBF,
0x1FBF, 0x1FBF, 0x1FBF, 0x5FBF, 0x5FBF, 0x5FBF, 0x3FBF, 0x3FBF, 0x3ECF, 0x9FDF,
0xFFFF, 0xDFFF, 0xDEFF, 0xFFFF, 0x1EC7, 0x3EBF, 0x1EBF, 0x7FCF, 0x1FBF, 0x3FBF,
0x1FBF, 0x1EC7, 0x1FBF, 0x1FBF, 0x1FBF, 0x1FBF, 0x1FBF, 0x1FBF, 0x1FBF, 0x1FBF,
0x1FBF, 0x1FBF, 0x1FBF, 0x1FBF, 0x1FBF, 0x1FBF, 0x1FBF, 0x1FBF, 0x1FBF, 0x1FBF,
0x1FBF, 0x1FBF, 0x1FBF, 0x1FBF, 0x1FBF, 0x1FBF, 0x1FBF, 0x1FBF, 0x1FBF, 0x1FBF,
0x1FBF, 0x1FBF, 0x1FBF, 0x1FBF, 0x1FBF, 0x1FBF, 0x1FBF, 0x1FBF, 0x1FBF, 0x1FBF,
0x1FBF, 0x1FBF, 0x1FBF, 0x1FBF, 0x1FBF, 0x1FBF, 0x1FBF, 0x1FBF, 0x1FBF, 0x1FBF,
0x1FBF, 0x1FBF, 0x1FBF, 0x1FBF, 0x1FBF, 0x1FBF, 0x1FBF, 0x1FBF, 0x1FBF, 0x1FBF,
0x1FBF, 0x1FBF, 0x1FBF, 0x1FBF, 0x1FBF, 0x1FBF, 0x1EBF, 0x1EBF, 0x1FBF, 0x1EC7,
0x5FCF, 0x7FD7, 0x9FDF, 0x5ED7, 0xFDC6, 0xFDC6, 0x1FBF, 0x1FBF, 0x1FBF, 0x1FBF,
0x1FBF, 0x1FBF, 0x1FBF, 0x1FBF, 0x1FBF, 0x1FBF, 0x1FBF, 0x1FBF, 0x1FBF, 0x1FBF,
0x1FBF, 0x1FBF, 0x1FBF, 0x1FBF, 0x1FBF, 0x1FBF, 0x1FBF, 0x1FBF, 0x1FBF, 0x1FBF,
0x1FBF, 0x1FBF, 0x1FBF, 0x1FBF, 0x1FBF, 0x1FBF, 0x1FBF, 0x1FBF, 0x1FBF, 0x1FBF,
0x1FBF, 0x1FBF, 0x1FBF, 0x1FBF, 0x1FBF, 0x1FBF, 0x1FBF, 0x1FBF, 0x1FBF, 0x1FBF,
0x1FBF, 0x1FBF, 0x1FBF, 0x1FBF, 0x1FBF, 0x1FBF, 0x1FBF, 0x1FBF, 0x1FBF, 0x1FBF,
0x1FBF, 0x1FBF, 0x1FBF, 0x1FBF, 0x1FBF, 0x1FBF, 0x1FBF, 0x1FBF, 0x1FBF, 0x1FBF,
0x1FBF, 0x1FBF, 0x1FBF, 0x1FBF, 0x1FBF, 0x1FBF, 0x1FBF, 0x1FBF, 0x1FBF, 0x1FBF,
0x1FBF, 0x1FBF, 0x1EBF, 0x1EC7, 0x5FCF, 0x3ED7, 0x1DCF, 0x3ECF, 0x3ECF, 0xFEC6,
0x1FBF, 0x3FBF, 0x3EBF, 0x1EBF, 0xFDBE, 0x1EC7, 0xFEBE, 0x3FC7, 0x3FBF, 0x1FBF,
0x1FBF, 0x1FBF, 0x1FBF, 0x1FBF, 0x1FBF, 0x1FBF, 0x1FBF, 0x1FBF, 0x1FBF, 0x1EBF,
0x1EBF, 0x3DC7, 0x1DD7, 0x3DE7, 0xBFF7, 0x7EEF, 0x1DE7, 0x1DE7, 0x9EEF, 0xBFF7,
0x9EEF, 0xDFFF, 0xBFF7, 0xDFFF, 0xDFFF, 0xDFFF, 0xDFFF, 0xFFFF, 0xFFFF, 0xFFFF,
0xFFFF, 0xFFFF, 0xFFFF, 0xFFFF, 0xFFFF, 0xFFFF, 0xFFFF, 0xFFFF, 0xFFFF, 0xFFFF,
0xBFF7, 0xDFE7, 0x7FD7, 0x1EBF, 0x1EBF, 0x1EBF, 0x1FBF, 0x1FBF, 0x1FBF, 0x1FBF,
0x1FBF, 0x1FBF, 0x1FBF, 0x1FBF, 0x1FBF, 0x1FBF, 0x1FBF, 0x1FBF, 0x1FBF, 0x1FBF,
0x1FBF, 0x1FBF, 0x1FBF, 0x1FBF, 0x1FBF, 0x1FBF, 0x1FBF, 0x1FBF, 0x1FBF, 0x1FBF,
0x1FBF, 0x1FBF, 0x1FBF, 0x1FBF, 0x1FBF, 0x1FBF, 0x1FBF, 0x1FBF, 0x1FBF, 0x1FBF,
0x1FBF, 0x1FBF, 0x1FBF, 0x1FBF, 0x1FBF, 0x1FBF, 0x1FBF, 0x1FBF, 0x1FBF, 0x1FBF,
0x1FBF, 0x1FBF, 0x1FBF, 0x1FBF, 0x1FBF, 0x1FBF, 0x1FBF, 0x1FBF, 0x1FBF, 0x1FBF,
0x1FBF, 0x1FBF, 0x1FBF, 0x1FBF, 0x1FBF, 0x1FBF, 0x1FBF, 0x1FBF, 0x1FBF, 0x1FBF,
0x1EC7, 0xFDBE, 0x1EC7, 0x7FD7, 0x5FD7, 0x1FBF, 0x1FBF, 0x1FBF, 0x1FBF, 0x1EBF,
0x3EBF, 0x5ECF, 0xFFF7, 0xFFF7, 0xDFE7, 0x5FCF, 0x1FC7, 0x1FBF, 0x3FBF, 0x1FBF,
0x1FBF, 0x1FBF, 0x1FBF, 0x3FBF, 0x3EBF, 0x3EBF, 0x3EBF, 0x3EBF, 0xFDCE, 0x7EDF,
0xDFF7, 0xFFFF, 0xDEFF, 0xFFFF, 0x5FD7, 0x1EC7, 0x1EC7, 0xBFDF, 0x3EC7, 0x3FC7,
0x1FBF, 0x1EC7, 0x1FBF, 0x1FBF, 0x1FBF, 0x1FBF, 0x1FBF, 0x1FBF, 0x1FBF, 0x1FBF,
0x1FBF, 0x1FBF, 0x1FBF, 0x1FBF, 0x1FBF, 0x1FBF, 0x1FBF, 0x1FBF, 0x1FBF, 0x1FBF,
0x1FBF, 0x1FBF, 0x1FBF, 0x1FBF, 0x1FBF, 0x1FBF, 0x1FBF, 0x1FBF, 0x1FBF, 0x1FBF,
0x1FBF, 0x1FBF, 0x1FBF, 0x1FBF, 0x1FBF, 0x1FBF, 0x1FBF, 0x1FBF, 0x1FBF, 0x1FBF,
0x1FBF, 0x1FBF, 0x1FBF, 0x1FBF, 0x1FBF, 0x1FBF, 0x1FBF, 0x1FBF, 0x1FBF, 0x1FBF,
0x1FBF, 0x1FBF, 0x1FBF, 0x1FBF, 0x1FBF, 0x1FBF, 0x1FBF, 0x1FBF, 0x1FBF, 0x1FBF,
0x1FBF, 0x1FBF, 0x1FBF, 0x1FBF, 0x1FBF, 0x1FBF, 0x1EB7, 0x3FB7, 0x1FBF, 0x1EC7,
0x5EDF, 0xDFEF, 0xFFF7, 0xDFEF, 0xFCCE, 0x9BC6, 0x1FBF, 0x1FBF, 0x1FBF, 0x1FBF,
0x1FBF, 0x1FBF, 0x1FBF, 0x1FBF, 0x1FBF, 0x1FBF, 0x1FBF, 0x1FBF, 0x1FBF, 0x1FBF,
0x1FBF, 0x1FBF, 0x1FBF, 0x1FBF, 0x1FBF, 0x1FBF, 0x1FBF, 0x1FBF, 0x1FBF, 0x1FBF,
0x1FBF, 0x1FBF, 0x1FBF, 0x1FBF, 0x1FBF, 0x1FBF, 0x1FBF, 0x1FBF, 0x1FBF, 0x1FBF,
0x1FBF, 0x1FBF, 0x1FBF, 0x1FBF, 0x1FBF, 0x1FBF, 0x1FBF, 0x1FBF, 0x1FBF, 0x1FBF,
0x1FBF, 0x1FBF, 0x1FBF, 0x1FBF, 0x1FBF, 0x1FBF, 0x1FBF, 0x1FBF, 0x1FBF, 0x1FBF,
0x1FBF, 0x1FBF, 0x1FBF, 0x1FBF, 0x1FBF, 0x1FBF, 0x1FBF, 0x1FBF, 0x1FBF, 0x1FBF,
0x1FBF, 0x1FBF, 0x1FBF, 0x1FBF, 0x1FBF, 0x1FBF, 0x1FBF, 0x1FBF, 0x1FBF, 0x1FBF,
0x1FBF, 0x3FB7, 0x5FBF, 0xFDBE, 0xFEC6, 0x1DC7, 0xFDBE, 0x1EBF, 0x1EBF, 0xFFBE,
0x1FBF, 0x1EBF, 0xFDBE, 0x1EBF, 0x1EBF, 0x1EBF, 0x1EBF, 0x1FBF, 0x1FBF, 0x1FBF,
0x1FBF, 0x1FBF, 0x1FBF, 0x1FBF, 0x1FBF, 0x1FBF, 0x1FBF, 0x1FBF, 0x1FBF, 0x3FBF,
0x3FBF, 0x1EBF, 0x3FD7, 0xFCDE, 0x3DE7, 0x1DDF, 0x5EE7, 0x1EDF, 0x1DDF, 0x3EE7,
0x3EE7, 0x9FEF, 0x7FEF, 0x7EEF, 0x7EEF, 0x7EEF, 0x7EEF, 0xBFF7, 0xFFFF, 0xFFFF,
0xDFFF, 0xFFFF, 0xFFFF, 0xFFFF, 0xDFF7, 0xFFFF, 0xFFFF, 0xFFFF, 0xFFFF, 0xFFFF,
0x7DEF, 0x9FEF, 0x7FDF, 0x1DBF, 0x1EBF, 0xFEBE, 0x1FBF, 0x1FBF, 0x1FBF, 0x1FBF,
0x1FBF, 0x1FBF, 0x1FBF, 0x1FBF, 0x1FBF, 0x1FBF, 0x1FBF, 0x1FBF, 0x1FBF, 0x1FBF,
0x1FBF, 0x1FBF, 0x1FBF, 0x1FBF, 0x1FBF, 0x1FBF, 0x1FBF, 0x1FBF, 0x1FBF, 0x1FBF,
0x1FBF, 0x1FBF, 0x1FBF, 0x1FBF, 0x1FBF, 0x1FBF, 0x1FBF, 0x1FBF, 0x1FBF, 0x1FBF,
0x1FBF, 0x1FBF, 0x1FBF, 0x1FBF, 0x1FBF, 0x1FBF, 0x1FBF, 0x1FBF, 0x1FBF, 0x1FBF,
0x1FBF, 0x1FBF, 0x1FBF, 0x1FBF, 0x1FBF, 0x1FBF, 0x1FBF, 0x1FBF, 0x1FBF, 0x1FBF,
0x1FBF, 0x1FBF, 0x1FBF, 0x1FBF, 0x1FBF, 0x1FBF, 0x1FBF, 0x1FBF, 0x1FBF, 0x1FBF,
0x1EC7, 0x1DC7, 0x5FCF, 0xDFE7, 0xDFE7, 0x1FBF, 0x1FBF, 0x1FBF, 0x1FBF, 0x1DBF,
0x3DBF, 0x7FD7, 0xFFF7, 0xFFF7, 0xFFEF, 0x5FD7, 0x1FC7, 0x1FBF, 0x1EBF, 0x1FBF,
0x1FBF, 0x1FBF, 0x1FBF, 0x1EBF, 0x1EBF, 0x1EBF, 0x3EC7, 0x3ECF, 0x3DD7, 0x7FE7,
0xDFFF, 0xFFFF, 0xDFFF, 0xFFFF, 0xBFE7, 0x1ECF, 0x1DCF, 0xDFEF, 0x5ECF, 0x3FC7,
0x3FC7, 0xFEBE, 0x1FBF, 0x1FBF, 0x1FBF, 0x1FBF, 0x1FBF, 0x1FBF, 0x1FBF, 0x1FBF,
0x1FBF, 0x1FBF, 0x1FBF, 0x1FBF, 0x1FBF, 0x1FBF, 0x1FBF, 0x1FBF, 0x1FBF, 0x1FBF,
0x1FBF, 0x1FBF, 0x1FBF, 0x1FBF, 0x1FBF, 0x1FBF, 0x1FBF, 0x1FBF, 0x1FBF, 0x1FBF,
0x1FBF, 0x1FBF, 0x1FBF, 0x1FBF, 0x1FBF, 0x1FBF, 0x1FBF, 0x1FBF, 0x1FBF, 0x1FBF,
0x1FBF, 0x1FBF, 0x1FBF, 0x1FBF, 0x1FBF, 0x1FBF, 0x1FBF, 0x1FBF, 0x1FBF, 0x1FBF,
0x1FBF, 0x1FBF, 0x1FBF, 0x1FBF, 0x1FBF, 0x1FBF, 0x1FBF, 0x1FBF, 0x1FBF, 0x1FBF,
0x1FBF, 0x1FBF, 0x1FBF, 0x1FBF, 0x1FBF, 0x1FBF, 0x1EBF, 0x3FBF, 0x3FB7, 0x3EC7,
0x5ED7, 0xBFEF, 0xDFF7, 0xFFF7, 0x7EE7, 0x1DD7, 0x1FBF, 0x1FBF, 0x1FBF, 0x1FBF,
0x1FBF, 0x1FBF, 0x1FBF, 0x1FBF, 0x1FBF, 0x1FBF, 0x1FBF, 0x1FBF, 0x1FBF, 0x1FBF,
0x1FBF, 0x1FBF, 0x1FBF, 0x1FBF, 0x1FBF, 0x1FBF, 0x1FBF, 0x1FBF, 0x1FBF, 0x1FBF,
0x1FBF, 0x1FBF, 0x1FBF, 0x1FBF, 0x1FBF, 0x1FBF, 0x1FBF, 0x1FBF, 0x1FBF, 0x1FBF,
0x1FBF, 0x1FBF, 0x1FBF, 0x1FBF, 0x1FBF, 0x1FBF, 0x1FBF, 0x1FBF, 0x1FBF, 0x1FBF,
0x1FBF, 0x1FBF, 0x1FBF, 0x1FBF, 0x1FBF, 0x1FBF, 0x1FBF, 0x1FBF, 0x1FBF, 0x1FBF,
0x1FBF, 0x1FBF, 0x1FBF, 0x1FBF, 0x1FBF, 0x1FBF, 0x1FBF, 0x1FBF, 0x1FBF, 0x1FBF,
0x1FBF, 0x1FBF, 0x1FBF, 0x1FBF, 0x1FBF, 0x1FBF, 0x1FBF, 0x1FBF, 0x1FBF, 0x1FBF,
0x1FBF, 0x3FAF, 0x7FBF, 0xDDB6, 0xDDB6, 0xFDBE, 0xFEB6, 0x3FBF, 0x3FBF, 0x3FBF,
0x1FB7, 0x1EBF, 0xFDBE, 0x3EBF, 0x5FBF, 0x3FBF, 0x3FBF, 0x1FBF, 0x1FB7, 0x1FB7,
0x1FBF, 0x1FBF, 0x1FBF, 0x1FBF, 0x1FBF, 0x1FBF, 0x1FBF, 0x1FBF, 0x1FBF, 0xFFBE,
0x1FBF, 0x1EBF, 0xFFCE, 0x7EE7, 0x9EEF, 0x9FEF, 0xFDDE, 0x5FE7, 0x5EE7, 0x3EE7,
0x3EE7, 0x3EE7, 0x3EE7, 0x3CE7, 0x3CE7, 0x3CE7, 0x3CE7, 0x3DDF, 0x7EEF, 0x9EEF,
0x5DE7, 0x9EEF, 0xBEF7, 0xBFF7, 0x9EF7, 0xBEF7, 0xBEEF, 0xFFF7, 0xDFFF, 0xFFFF,
0x5DE7, 0xFDE6, 0x1DD7, 0x1DC7, 0x3EBF, 0x1EBF, 0x1FBF, 0x1FBF, 0x1FBF, 0x1FBF,
0x1FBF, 0x1FBF, 0x1FBF, 0x1FBF, 0x1FBF, 0x1FBF, 0x1FBF, 0x1FBF, 0x1FBF, 0x1FBF,
0x1FBF, 0x1FBF, 0x1FBF, 0x1FBF, 0x1FBF, 0x1FBF, 0x1FBF, 0x1FBF, 0x1FBF, 0x1FBF,
0x1FBF, 0x1FBF, 0x1FBF, 0x1FBF, 0x1FBF, 0x1FBF, 0x1FBF, 0x1FBF, 0x1FBF, 0x1FBF,
0x1FBF, 0x1FBF, 0x1FBF, 0x1FBF, 0x1FBF, 0x1FBF, 0x1FBF, 0x1FBF, 0x1FBF, 0x1FBF,
0x1FBF, 0x1FBF, 0x1FBF, 0x1FBF, 0x1FBF, 0x1FBF, 0x1FBF, 0x1FBF, 0x1FBF, 0x1FBF,
0x1FBF, 0x1FBF, 0x1FBF, 0x1FBF, 0x1FBF, 0x1FBF, 0x1FBF, 0x1FBF, 0x1FBF, 0x1FBF,
0x1DC7, 0x1EC7, 0x5FD7, 0xFFEF, 0xFFF7, 0x1FBF, 0x1FBF, 0x1FBF, 0x1FBF, 0x1DBF,
0x1CBF, 0x1DCF, 0x3DDF, 0x1DDF, 0x7EDF, 0xFECE, 0xFEC6, 0x1EBF, 0x1EBF, 0x1FBF,
0x1FBF, 0x1FBF, 0x1FBF, 0x1EB7, 0x1EBF, 0x3EC7, 0x5ED7, 0x5FDF, 0x7FDF, 0xDFEF,
0xFFFF, 0xFFFF, 0xFFFF, 0xFFFF, 0xFFEF, 0x1DCF, 0x1DD7, 0xFFF7, 0x5ED7, 0x3FCF,
0x3FC7, 0xFEBE, 0x1FBF, 0x1FBF, 0x1FBF, 0x1FBF, 0x1FBF, 0x1FBF, 0x1FBF, 0x1FBF,
0x1FBF, 0x1FBF, 0x1FBF, 0x1FBF, 0x1FBF, 0x1FBF, 0x1FBF, 0x1FBF, 0x1FBF, 0x1FBF,
0x1FBF, 0x1FBF, 0x1FBF, 0x1FBF, 0x1FBF, 0x1FBF, 0x1FBF, 0x1FBF, 0x1FBF, 0x1FBF,
0x1FBF, 0x1FBF, 0x1FBF, 0x1FBF, 0x1FBF, 0x1FBF, 0x1FBF, 0x1FBF, 0x1FBF, 0x1FBF,
0x1FBF, 0x1FBF, 0x1FBF, 0x1FBF, 0x1FBF, 0x1FBF, 0x1FBF, 0x1FBF, 0x1FBF, 0x1FBF,
0x1FBF, 0x1FBF, 0x1FBF, 0x1FBF, 0x1FBF, 0x1FBF, 0x1FBF, 0x1FBF, 0x1FBF, 0x1FBF,
0x1FBF, 0x1FBF, 0x1FBF, 0x1FBF, 0x1FBF, 0x1FBF, 0x1ECF, 0x3EC7, 0x3FB7, 0x3FB7,
0x9FC7, 0x3DDF, 0x5EE7, 0xFFF7, 0xFFF7, 0xDFEF, 0x1FBF, 0x1FBF, 0x1FBF, 0x1FBF,
0x1FBF, 0x1FBF, 0x1FBF, 0x1FBF, 0x1FBF, 0x1FBF, 0x1FBF, 0x1FBF, 0x1FBF, 0x1FBF,
0x1FBF, 0x1FBF, 0x1FBF, 0x1FBF, 0x1FBF, 0x1FBF, 0x1FBF, 0x1FBF, 0x1FBF, 0x1FBF,
0x1FBF, 0x1FBF, 0x1FBF, 0x1FBF, 0x1FBF, 0x1FBF, 0x1FBF, 0x1FBF, 0x1FBF, 0x1FBF,
0x1FBF, 0x1FBF, 0x1FBF, 0x1FBF, 0x1FBF, 0x1FBF, 0x1FBF, 0x1FBF, 0x1FBF, 0x1FBF,
0x1FBF, 0x1FBF, 0x1FBF, 0x1FBF, 0x1FBF, 0x1FBF, 0x1FBF, 0x1FBF, 0x1FBF, 0x1FBF,
0x1FBF, 0x1FBF, 0x1FBF, 0x1FBF, 0x1FBF, 0x1FBF, 0x1FBF, 0x1FBF, 0x1FBF, 0x1FBF,
0x1FBF, 0x1FBF, 0x1FBF, 0x1FBF, 0x1FBF, 0x1FBF, 0x1FBF, 0x1FBF, 0x1FBF, 0x1FBF,
0x1FBF, 0x1FBF, 0x1FBF, 0x1FBF, 0x1FBF, 0x1FBF, 0x1FBF, 0x1FBF, 0x1FBF, 0x1FBF,
0x1FBF, 0x1FBF, 0x1FBF, 0x1FBF, 0x1FBF, 0x1FBF, 0x1FBF, 0x1FBF, 0x1FBF, 0x1FBF,
0x1FBF, 0x1FBF, 0x1FBF, 0x1FBF, 0x1FBF, 0x1FBF, 0x1FBF, 0x1FBF, 0x1FBF, 0x1FBF,
0x1FBF, 0x1FBF, 0x1FBF, 0x1DD7, 0x5EDF, 0xFFF7, 0xFFEF, 0x9FDF, 0xFEC6, 0x1EBF,
0x3EC7, 0x3EC7, 0x3ECF, 0x3ECF, 0x5ECF, 0x5ECF, 0x3ECF, 0x3FD7, 0x3FD7, 0x3FD7,
0x3FD7, 0x3FD7, 0x3ED7, 0x3ED7, 0x3ED7, 0x3ED7, 0x1ED7, 0x1ED7, 0x3ED7, 0x3ECF,
0xFEC6, 0x1FBF, 0x1FBF, 0x1FBF, 0x1FBF, 0x1FBF, 0x1FBF, 0x1FBF, 0x1FBF, 0x1FBF,
0x1FBF, 0x1FBF, 0x1FBF, 0x1FBF, 0x1FBF, 0x1FBF, 0x1FBF, 0x1FBF, 0x1FBF, 0x1FBF,
0x1FBF, 0x1FBF, 0x1FBF, 0x1FBF, 0x1FBF, 0x1FBF, 0x1FBF, 0x1FBF, 0x1FBF, 0x1FBF,
0x1FBF, 0x1FBF, 0x1FBF, 0x1FBF, 0x1FBF, 0x1FBF, 0x1FBF, 0x1FBF, 0x1FBF, 0x1FBF,
0x1FBF, 0x1FBF, 0x1FBF, 0x1FBF, 0x1FBF, 0x1FBF, 0x1FBF, 0x1FBF, 0x1FBF, 0x1FBF,
0x1FBF, 0x1FBF, 0x1FBF, 0x1FBF, 0x1FBF, 0x1FBF, 0x1FBF, 0x1FBF, 0x1FBF, 0x1FBF,
0x1FBF, 0x1FBF, 0x1FBF, 0x1FBF, 0x1FBF, 0x1FBF, 0x1FBF, 0x1FBF, 0x1FBF, 0x1FBF,
0xFEBE, 0x7FDF, 0x7FE7, 0xFFFF, 0xFFFF, 0x9EE7, 0xBFE7, 0x9FDF, 0x3ECF, 0x1FBF,
0x1FBF, 0x1FBF, 0x1FBF, 0x1FBF, 0x1FBF, 0x1FBF, 0x1FBF, 0x1FBF, 0x1FBF, 0x1FBF,
0x1FBF, 0x1FBF, 0x1FBF, 0x3FC7, 0x1EBF, 0x1EBF, 0x3FCF, 0x9FE7, 0x9FEF, 0xFFFF,
0xDFFF, 0xFFFF, 0xFFFF, 0xFFFF, 0xFFFF, 0xBEF7, 0x9EEF, 0xFFFF, 0xBFF7, 0xBFEF,
0x1DCF, 0xFDBE, 0x1FBF, 0x1FBF, 0x1FBF, 0x1FBF, 0x1FBF, 0x1FBF, 0x1FBF, 0x1FBF,
0x1FBF, 0x1FBF, 0x1FBF, 0x1FBF, 0x1FBF, 0x1FBF, 0x1FBF, 0x1FBF, 0x1FBF, 0x1FBF,
0x1FBF, 0x1FBF, 0x1FBF, 0x1FBF, 0x1FBF, 0x1FBF, 0x1FBF, 0x1FBF, 0x1FBF, 0x1FBF,
0x1FBF, 0x1FBF, 0x1FBF, 0x1FBF, 0x1FBF, 0x1FBF, 0x1FBF, 0x1FBF, 0x1FBF, 0x1FBF,
0x1FBF, 0x1FBF, 0x1FBF, 0x1FBF, 0x1FBF, 0x1FBF, 0x1FBF, 0x1FBF, 0x1FBF, 0x1FBF,
0x1FBF, 0x1FBF, 0x1FBF, 0x1FBF, 0x1FBF, 0x1FBF, 0x1FBF, 0x1FBF, 0x1FBF, 0x1FBF,
0x1FBF, 0x1FBF, 0x1FBF, 0x1FBF, 0x1FBF, 0x1FBF, 0x1FBF, 0x1FBF, 0x1FBF, 0x1FBF,
0x1FBF, 0x1FBF, 0xFEBE, 0xFDBE, 0xFDCE, 0x1DCF, 0x5FC7, 0x1FBF, 0x1FBF, 0x3FBF,
0x1FBF, 0x1FBF, 0x1FBF, 0x1FBF, 0x1FBF, 0x1FBF, 0x1FBF, 0x1FBF, 0x1FBF, 0x1FBF,
0x1FBF, 0x1FBF, 0x1FBF, 0x1FBF, 0x1FBF, 0x1FBF, 0x1FBF, 0x1FBF, 0x1FBF, 0x1FBF,
0x1FBF, 0x1FBF, 0x1FBF, 0x1FBF, 0x1FBF, 0x1FBF, 0x1FBF, 0x1FBF, 0x1FBF, 0x1FBF,
0x1FBF, 0x1FBF, 0x1FBF, 0x1FBF, 0x1FBF, 0x1FBF, 0x1FBF, 0x1FBF, 0x1FBF, 0x1FBF,
0x1FBF, 0x1FBF, 0x1FBF, 0x1FBF, 0x1FBF, 0x1FBF, 0x1FBF, 0x1FBF, 0x1FBF, 0x1FBF,
0x1FBF, 0x1FBF, 0x1FBF, 0x1FBF, 0x1FBF, 0x1FBF, 0x1FBF, 0x1FBF, 0x1FBF, 0x1FBF,
0x1FBF, 0x1FBF, 0x1FBF, 0x1FBF, 0x1FBF, 0x1FBF, 0x1FBF, 0x1FBF, 0x1FBF, 0x1FBF,
0x1FBF, 0x1FBF, 0x1FBF, 0x1FBF, 0x1FBF, 0x1FBF, 0x1FBF, 0x1FBF, 0x1FBF, 0x1FBF,
0x1FBF, 0x1FBF, 0x1FBF, 0x1FBF, 0x1FBF, 0x1FBF, 0x1FBF, 0x1FBF, 0x1FBF, 0x1FBF,
0x1FBF, 0x1FBF, 0x1FBF, 0x1FBF, 0x1FBF, 0x1FBF, 0x1FBF, 0x1FBF, 0x1FBF, 0x1FBF,
0x1FBF, 0x1FBF, 0x1FBF, 0xDCBE, 0xFDC6, 0x7FD7, 0x7FD7, 0x3ECF, 0x1FB7, 0x1FB7,
0x3FB7, 0x3EB7, 0x3EB7, 0x3EB7, 0x3EBF, 0x3EBF, 0x3EB7, 0x3EC7, 0x3EC7, 0x3EC7,
0x3EC7, 0x3EC7, 0x3EC7, 0x3EC7, 0x3EC7, 0x3EC7, 0x1EC7, 0x1EC7, 0x1EBF, 0x1EBF,
0x1FBF, 0x1FBF, 0x1FBF, 0x1FBF, 0x1FBF, 0x1FBF, 0x1FBF, 0x1FBF, 0x1FBF, 0x1FBF,
0x1FBF, 0x1FBF, 0x1FBF, 0x1FBF, 0x1FBF, 0x1FBF, 0x1FBF, 0x1FBF, 0x1FBF, 0x1FBF,
0x1FBF, 0x1FBF, 0x1FBF, 0x1FBF, 0x1FBF, 0x1FBF, 0x1FBF, 0x1FBF, 0x1FBF, 0x1FBF,
0x1FBF, 0x1FBF, 0x1FBF, 0x1FBF, 0x1FBF, 0x1FBF, 0x1FBF, 0x1FBF, 0x1FBF, 0x1FBF,
0x1FBF, 0x1FBF, 0x1FBF, 0x1FBF, 0x1FBF, 0x1FBF, 0x1FBF, 0x1FBF, 0x1FBF, 0x1FBF,
0x1FBF, 0x1FBF, 0x1FBF, 0x1FBF, 0x1FBF, 0x1FBF, 0x1FBF, 0x1FBF, 0x1FBF, 0x1FBF,
0x1FBF, 0x1FBF, 0x1FBF, 0x1FBF, 0x1FBF, 0x1FBF, 0x1FBF, 0x1FBF, 0x1FBF, 0x1FBF,
0xFEC6, 0x7FE7, 0x9FEF, 0xDFFF, 0xFFFF, 0xFFF7, 0xFFFF, 0xDFEF, 0x3DD7, 0x1FBF,
0x1FBF, 0x1FBF, 0x1FBF, 0x1FBF, 0x1FBF, 0x1FBF, 0x1FBF, 0x1FBF, 0x1FBF, 0x1FBF,
0x1FBF, 0x1FBF, 0x1FBF, 0x3FC7, 0x3FBF, 0x1FBF, 0x3ECF, 0x3ED7, 0x3EDF, 0x9FF7,
0x7EF7, 0xBFF7, 0xDFFF, 0xFFFF, 0xFFFF, 0xFFFF, 0xDFFF, 0xFFFF, 0xDFFF, 0xDFEF,
0x3ED7, 0xFDC6, 0x1FBF, 0x1FBF, 0x1FBF, 0x1FBF, 0x1FBF, 0x1FBF, 0x1FBF, 0x1FBF,
0x1FBF, 0x1FBF, 0x1FBF, 0x1FBF, 0x1FBF, 0x1FBF, 0x1FBF, 0x1FBF, 0x1FBF, 0x1FBF,
0x1FBF, 0x1FBF, 0x1FBF, 0x1FBF, 0x1FBF, 0x1FBF, 0x1FBF, 0x1FBF, 0x1FBF, 0x1FBF,
0x1FBF, 0x1FBF, 0x1FBF, 0x1FBF, 0x1FBF, 0x1FBF, 0x1FBF, 0x1FBF, 0x1FBF, 0x1FBF,
0x1FBF, 0x1FBF, 0x1FBF, 0x1FBF, 0x1FBF, 0x1FBF, 0x1FBF, 0x1FBF, 0x1FBF, 0x1FBF,
0x1FBF, 0x1FBF, 0x1FBF, 0x1FBF, 0x1FBF, 0x1FBF, 0x1FBF, 0x1FBF, 0x1FBF, 0x1FBF,
0x1FBF, 0x1FBF, 0x1FBF, 0x1FBF, 0x1FBF, 0x1FBF, 0x1FBF, 0x1FBF, 0x1FBF, 0x1FBF,
0x1FBF, 0x5FBF, 0x3FBF, 0x3FBF, 0x3FC7, 0x3FC7, 0x1FBF, 0x3FBF, 0x3FC7, 0x3FC7,
0x1FBF, 0x1FBF, 0x1FBF, 0x1FBF, 0x1FBF, 0x1FBF, 0x1FBF, 0x1FBF, 0x1FBF, 0x1FBF,
0x1FBF, 0x1FBF, 0x1FBF, 0x1FBF, 0x1FBF, 0x1FBF, 0x1FBF, 0x1FBF, 0x1FBF, 0x1FBF,
0x1FBF, 0x1FBF, 0x1FBF, 0x1FBF, 0x1FBF, 0x1FBF, 0x1FBF, 0x1FBF, 0x1FBF, 0x1FBF,
0x1FBF, 0x1FBF, 0x1FBF, 0x1FBF, 0x1FBF, 0x1FBF, 0x1FBF, 0x1FBF, 0x1FBF, 0x1FBF,
0x1FBF, 0x1FBF, 0x1FBF, 0x1FBF, 0x1FBF, 0x1FBF, 0x1FBF, 0x1FBF, 0x1FBF, 0x1FBF,
0x1FBF, 0x1FBF, 0x1FBF, 0x1FBF, 0x1FBF, 0x1FBF, 0x1FBF, 0x1FBF, 0x1FBF, 0x1FBF,
0x1FBF, 0x1FBF, 0x1FBF, 0x1FBF, 0x1FBF, 0x1FBF, 0x1FBF, 0x1FBF, 0x1FBF, 0x1FBF,
0x1FBF, 0x1FBF, 0x1FBF, 0x1FBF, 0x1FBF, 0x1FBF, 0x1FBF, 0x1FBF, 0x1FBF, 0x1FBF,
0x1FBF, 0x1FBF, 0x1FBF, 0x1FBF, 0x1FBF, 0x1FBF, 0x1FBF, 0x1FBF, 0x1FBF, 0x1FBF,
0x1FBF, 0x1FBF, 0x1FBF, 0x1FBF, 0x1FBF, 0x1FBF, 0x1FBF, 0x1FBF, 0x1FBF, 0x1FBF,
0x1FBF, 0x1FBF, 0x1FBF, 0xFEBE, 0xFEBE, 0x1EBF, 0x1EBF, 0x1EBF, 0x1FC7, 0x1FBF,
0x1FBF, 0x1FBF, 0x1FBF, 0x1EBF, 0x3FBF, 0x3FBF, 0x1EBF, 0x3EBF, 0x3EBF, 0x3EBF,
0x3EBF, 0x3EBF, 0x3EBF, 0x3EBF, 0x3EBF, 0x3EBF, 0x3EBF, 0x1FBF, 0x1EB7, 0x1FBF,
0x3FBF, 0x1FBF, 0x1FBF, 0x1FBF, 0x1FBF, 0x1FBF, 0x1FBF, 0x1FBF, 0x1FBF, 0x1FBF,
0x1FBF, 0x1FBF, 0x1FBF, 0x1FBF, 0x1FBF, 0x1FBF, 0x1FBF, 0x1FBF, 0x1FBF, 0x1FBF,
0x1FBF, 0x1FBF, 0x1FBF, 0x1FBF, 0x1FBF, 0x1FBF, 0x1FBF, 0x1FBF, 0x1FBF, 0x1FBF,
0x1FBF, 0x1FBF, 0x1FBF, 0x1FBF, 0x1FBF, 0x1FBF, 0x1FBF, 0x1FBF, 0x1FBF, 0x1FBF,
0x1FBF, 0x1FBF, 0x1FBF, 0x1FBF, 0x1FBF, 0x1FBF, 0x1FBF, 0x1FBF, 0x1FBF, 0x1FBF,
0x1FBF, 0x1FBF, 0x1FBF, 0x1FBF, 0x1FBF, 0x1FBF, 0x1FBF, 0x1FBF, 0x1FBF, 0x1FBF,
0x1FBF, 0x1FBF, 0x1FBF, 0x1FBF, 0x1FBF, 0x1FBF, 0x1FBF, 0x1FBF, 0x1FBF, 0x1FBF,
0xFDC6, 0x5FDF, 0x9FE7, 0x9FEF, 0xDFF7, 0xDFF7, 0xFFF7, 0xDFEF, 0x1DD7, 0x1FBF,
0x1FBF, 0x1FBF, 0x1FBF, 0x1FBF, 0x1FBF, 0x1FBF, 0x1FBF, 0x1FBF, 0x1FBF, 0x1FBF,
0x1FBF, 0x1FBF, 0x1FBF, 0x3EBF, 0x3FBF, 0x3FBF, 0x1EC7, 0x1ECF, 0xFDD6, 0x5EE7,
0x3DE7, 0x7EEF, 0x9FEF, 0xBEF7, 0xDFFF, 0xFFFF, 0xFFFF, 0xFFFF, 0xDFFF, 0xDFF7,
0x5EDF, 0xFDC6, 0x1FBF, 0x1FBF, 0x1FBF, 0x1FBF, 0x1FBF, 0x1FBF, 0x1FBF, 0x1FBF,
0x1FBF, 0x1FBF, 0x1FBF, 0x1FBF, 0x1FBF, 0x1FBF, 0x1FBF, 0x1FBF, 0x1FBF, 0x1FBF,
0x1FBF, 0x1FBF, 0x1FBF, 0x1FBF, 0x1FBF, 0x1FBF, 0x1FBF, 0x1FBF, 0x1FBF, 0x1FBF,
0x1FBF, 0x1FBF, 0x1FBF, 0x1FBF, 0x1FBF, 0x1FBF, 0x1FBF, 0x1FBF, 0x1FBF, 0x1FBF,
0x1FBF, 0x1FBF, 0x1FBF, 0x1FBF, 0x1FBF, 0x1FBF, 0x1FBF, 0x1FBF, 0x1FBF, 0x1FBF,
0x1FBF, 0x1FBF, 0x1FBF, 0x1FBF, 0x1FBF, 0x1FBF, 0x1FBF, 0x1FBF, 0x1FBF, 0x1FBF,
0x1FBF, 0x1FBF, 0x1FBF, 0x1FBF, 0x1FBF, 0x1FBF, 0x1FBF, 0x1FBF, 0x1FBF, 0x1FBF,
0x1FBF, 0xFEB6, 0x1FBF, 0x3FBF, 0x3FBF, 0x3FBF, 0x1EBF, 0x3FC7, 0x3FC7, 0x3FC7,
0x1FBF, 0x1FBF, 0x1FBF, 0x1FBF, 0x1FBF, 0x1FBF, 0x1FBF, 0x1FBF, 0x1FBF, 0x1FBF,
0x1FBF, 0x1FBF, 0x1FBF, 0x1FBF, 0x1FBF, 0x1FBF, 0x1FBF, 0x1FBF, 0x1FBF, 0x1FBF,
0x1FBF, 0x1FBF, 0x1FBF, 0x1FBF, 0x1FBF, 0x1FBF, 0x1FBF, 0x1FBF, 0x1FBF, 0x1FBF,
0x1FBF, 0x1FBF, 0x1FBF, 0x1FBF, 0x1FBF, 0x1FBF, 0x1FBF, 0x1FBF, 0x1FBF, 0x1FBF,
0x1FBF, 0x1FBF, 0x1FBF, 0x1FBF, 0x1FBF, 0x1FBF, 0x1FBF, 0x1FBF, 0x1FBF, 0x1FBF,
0x1FBF, 0x1FBF, 0x1FBF, 0x1FBF, 0x1FBF, 0x1FBF, 0x1FBF, 0x1FBF, 0x1FBF, 0x1FBF,
0x1FBF, 0x1FBF, 0x1FBF, 0x1FBF, 0x1FBF, 0x1FBF, 0x1FBF, 0x1FBF, 0x1FBF, 0x1FBF,
0x1FBF, 0x1FBF, 0x1FBF, 0x1FBF, 0x1FBF, 0x1FBF, 0x1FBF, 0x1FBF, 0x1FBF, 0x1FBF,
0x1FBF, 0x1FBF, 0x1FBF, 0x1FBF, 0x1FBF, 0x1FBF, 0x1FBF, 0x1FBF, 0x1FBF, 0x1FBF,
0x1FBF, 0x1FBF, 0x1FBF, 0x1FBF, 0x1FBF, 0x1FBF, 0x1FBF, 0x1FBF, 0x1FBF, 0x1FBF,
0x1FBF, 0x1FBF, 0x1FBF, 0x3FBF, 0x1FBF, 0x1EBF, 0x1FBF, 0x3FBF, 0x1FC7, 0x1FC7,
0x1FC7, 0x3FBF, 0x3FBF, 0x1EC7, 0x1EBF, 0x1EBF, 0x1EC7, 0x1EBF, 0x1EBF, 0x1EBF,
0x1EBF, 0x1EBF, 0x1EBF, 0x1EBF, 0x1EBF, 0x1EBF, 0x1FBF, 0x1FBF, 0x1EBF, 0x1FBF,
0x5FC7, 0x1FBF, 0x1FBF, 0x1FBF, 0x1FBF, 0x1FBF, 0x1FBF, 0x1FBF, 0x1FBF, 0x1FBF,
0x1FBF, 0x1FBF, 0x1FBF, 0x1FBF, 0x1FBF, 0x1FBF, 0x1FBF, 0x1FBF, 0x1FBF, 0x1FBF,
0x1FBF, 0x1FBF, 0x1FBF, 0x1FBF, 0x1FBF, 0x1FBF, 0x1FBF, 0x1FBF, 0x1FBF, 0x1FBF,
0x1FBF, 0x1FBF, 0x1FBF, 0x1FBF, 0x1FBF, 0x1FBF, 0x1FBF, 0x1FBF, 0x1FBF, 0x1FBF,
0x1FBF, 0x1FBF, 0x1FBF, 0x1FBF, 0x1FBF, 0x1FBF, 0x1FBF, 0x1FBF, 0x1FBF, 0x1FBF,
0x1FBF, 0x1FBF, 0x1FBF, 0x1FBF, 0x1FBF, 0x1FBF, 0x1FBF, 0x1FBF, 0x1FBF, 0x1FBF,
0x1FBF, 0x1FBF, 0x1FBF, 0x1FBF, 0x1FBF, 0x1FBF, 0x1FBF, 0x1FBF, 0x1FBF, 0x1FBF,
0x1EBF, 0x3EC7, 0x5FD7, 0x5ED7, 0x7ED7, 0x5EDF, 0x9FDF, 0x9FDF, 0x1FC7, 0x1FBF,
0x1FBF, 0x1FBF, 0x1FBF, 0x1FBF, 0x1FBF, 0x1FBF, 0x1FBF, 0x1FBF, 0x1FBF, 0x1FBF,
0x1FBF, 0x1FBF, 0x1FBF, 0x1EBF, 0x3FBF, 0x3FBF, 0x1EC7, 0x1EC7, 0x1ECF, 0xBFEF,
0x5EE7, 0x1DDF, 0x3EDF, 0x7EEF, 0x7EEF, 0xBFFF, 0xDFFF, 0xDFFF, 0xBFF7, 0x9FE7,
0x3ED7, 0xDDBE, 0x1FBF, 0x1FBF, 0x1FBF, 0x1FBF, 0x1FBF, 0x1FBF, 0x1FBF, 0x1FBF,
0x1FBF, 0x1FBF, 0x1FBF, 0x1FBF, 0x1FBF, 0x1FBF, 0x1FBF, 0x1FBF, 0x1FBF, 0x1FBF,
0x1FBF, 0x1FBF, 0x1FBF, 0x1FBF, 0x1FBF, 0x1FBF, 0x1FBF, 0x1FBF, 0x1FBF, 0x1FBF,
0x1FBF, 0x1FBF, 0x1FBF, 0x1FBF, 0x1FBF, 0x1FBF, 0x1FBF, 0x1FBF, 0x1FBF, 0x1FBF,
0x1FBF, 0x1FBF, 0x1FBF, 0x1FBF, 0x1FBF, 0x1FBF, 0x1FBF, 0x1FBF, 0x1FBF, 0x1FBF,
0x1FBF, 0x1FBF, 0x1FBF, 0x1FBF, 0x1FBF, 0x1FBF, 0x1FBF, 0x1FBF, 0x1FBF, 0x1FBF,
0x1FBF, 0x1FBF, 0x1FBF, 0x1FBF, 0x1FBF, 0x1FBF, 0x1FBF, 0x1FBF, 0x1FBF, 0x1FBF,
0x1FBF, 0xFEBE, 0x1FBF, 0x3FBF, 0x1EB7, 0xFEB6, 0x1FBF, 0x3FC7, 0x3FBF, 0x1EBF,
0x1FBF, 0x1FBF, 0x1FBF, 0x1FBF, 0x1FBF, 0x1FBF, 0x1FBF, 0x1FBF, 0x1FBF, 0x1FBF,
0x1FBF, 0x1FBF, 0x1FBF, 0x1FBF, 0x1FBF, 0x1FBF, 0x1FBF, 0x1FBF, 0x1FBF, 0x1FBF,
0x1FBF, 0x1FBF, 0x1FBF, 0x1FBF, 0x1FBF, 0x1FBF, 0x1FBF, 0x1FBF, 0x1FBF, 0x1FBF,
0x1FBF, 0x1FBF, 0x1FBF, 0x1FBF, 0x1FBF, 0x1FBF, 0x1FBF, 0x1FBF, 0x1FBF, 0x1FBF,
0x1FBF, 0x1FBF, 0x1FBF, 0x1FBF, 0x1FBF, 0x1FBF, 0x1FBF, 0x1FBF, 0x1FBF, 0x1FBF,
0x1FBF, 0x1FBF, 0x1FBF, 0x1FBF, 0x1FBF, 0x1FBF, 0x1FBF, 0x1FBF, 0x1FBF, 0x1FBF,
0x1FBF, 0x1FBF, 0x1FBF, 0x1FBF, 0x1FBF, 0x1FBF, 0x1FBF, 0x1FBF, 0x1FBF, 0x1FBF,
0x1FBF, 0x1FBF, 0x1FBF, 0x1FBF, 0x1FBF, 0x1FBF, 0x1FBF, 0x1FBF, 0x1FBF, 0x1FBF,
0x1FBF, 0x1FBF, 0x1FBF, 0x1FBF, 0x1FBF, 0x1FBF, 0x1FBF, 0x1FBF, 0x1FBF, 0x1FBF,
0x1FBF, 0x1FBF, 0x1FBF, 0x1FBF, 0x1FBF, 0x1FBF, 0x1FBF, 0x1FBF, 0x1FBF, 0x1FBF,
0x1FBF, 0x1FBF, 0x1FBF, 0x1FB7, 0x1FB7, 0x1FBF, 0x3FBF, 0x3FBF, 0x3EBF, 0x1EBF,
0x1FBF, 0x3FBF, 0x3FBF, 0x3EBF, 0x1EBF, 0x1EBF, 0x3EBF, 0x1EC7, 0x1EC7, 0x1EC7,
0x1EC7, 0x1EC7, 0x1FBF, 0x1FBF, 0x1FBF, 0x1FBF, 0x1FBF, 0x1FBF, 0xFEBE, 0x1EBF,
0x3FC7, 0x1FBF, 0x1FBF, 0x1FBF, 0x1FBF, 0x1FBF, 0x1FBF, 0x1FBF, 0x1FBF, 0x1FBF,
0x1FBF, 0x1FBF, 0x1FBF, 0x1FBF, 0x1FBF, 0x1FBF, 0x1FBF, 0x1FBF, 0x1FBF, 0x1FBF,
0x1FBF, 0x1FBF, 0x1FBF, 0x1FBF, 0x1FBF, 0x1FBF, 0x1FBF, 0x1FBF, 0x1FBF, 0x1FBF,
0x1FBF, 0x1FBF, 0x1FBF, 0x1FBF, 0x1FBF, 0x1FBF, 0x1FBF, 0x1FBF, 0x1FBF, 0x1FBF,
0x1FBF, 0x1FBF, 0x1FBF, 0x1FBF, 0x1FBF, 0x1FBF, 0x1FBF, 0x1FBF, 0x1FBF, 0x1FBF,
0x1FBF, 0x1FBF, 0x1FBF, 0x1FBF, 0x1FBF, 0x1FBF, 0x1FBF, 0x1FBF, 0x1FBF, 0x1FBF,
0x1FBF, 0x1FBF, 0x1FBF, 0x1FBF, 0x1FBF, 0x1FBF, 0x1FBF, 0x1FBF, 0x1FBF, 0x1FBF,
0x5FBF, 0x1EBF, 0x3EC7, 0x3EC7, 0x5EC7, 0x1DC7, 0x3EC7, 0x5FC7, 0x3FBF, 0x1FBF,
0x1FBF, 0x1FBF, 0x1FBF, 0x1FBF, 0x1FBF, 0x1FBF, 0x1FBF, 0x1FBF, 0x1FBF, 0x1FBF,
0x1FBF, 0x1FBF, 0x1FBF, 0x1EBF, 0x3EBF, 0x3FBF, 0x3FBF, 0x1EC7, 0xFEC6, 0xBFE7,
0x9FDF, 0xFDCE, 0x1ECF, 0x3EDF, 0x5EDF, 0x5FE7, 0x5FE7, 0x7EDF, 0x5EDF, 0x3ED7,
0x1EC7, 0xDDB6, 0x1FBF, 0x1FBF, 0x1FBF, 0x1FBF, 0x1FBF, 0x1FBF, 0x1FBF, 0x1FBF,
0x1FBF, 0x1FBF, 0x1FBF, 0x1FBF, 0x1FBF, 0x1FBF, 0x1FBF, 0x1FBF, 0x1FBF, 0x1FBF,
0x1FBF, 0x1FBF, 0x1FBF, 0x1FBF, 0x1FBF, 0x1FBF, 0x1FBF, 0x1FBF, 0x1FBF, 0x1FBF,
0x1FBF, 0x1FBF, 0x1FBF, 0x1FBF, 0x1FBF, 0x1FBF, 0x1FBF, 0x1FBF, 0x1FBF, 0x1FBF,
0x1FBF, 0x1FBF, 0x1FBF, 0x1FBF, 0x1FBF, 0x1FBF, 0x1FBF, 0x1FBF, 0x1FBF, 0x1FBF,
0x1FBF, 0x1FBF, 0x1FBF, 0x1FBF, 0x1FBF, 0x1FBF, 0x1FBF, 0x1FBF, 0x1FBF, 0x1FBF,
0x1FBF, 0x1FBF, 0x1FBF, 0x1FBF, 0x1FBF, 0x1FBF, 0x1FBF, 0x1FBF, 0x1FBF, 0x1FBF,
0x1FBF, 0x3FC7, 0x3FC7, 0x3FC7, 0x3EBF, 0x1EBF, 0x3FBF, 0x3FC7, 0x1EBF, 0x1EBF,
0x1FBF, 0x1FBF, 0x1FBF, 0x1FBF, 0x1FBF, 0x1FBF, 0x1FBF, 0x1FBF, 0x1FBF, 0x1FBF,
0x1FBF, 0x1FBF, 0x1FBF, 0x1FBF, 0x1FBF, 0x1FBF, 0x1FBF, 0x1FBF, 0x1FBF, 0x1FBF,
0x1FBF, 0x1FBF, 0x1FBF, 0x1FBF, 0x1FBF, 0x1FBF, 0x1FBF, 0x1FBF, 0x1FBF, 0x1FBF,
0x1FBF, 0x1FBF, 0x1FBF, 0x1FBF, 0x1FBF, 0x1FBF, 0x1FBF, 0x1FBF, 0x1FBF, 0x1FBF,
0x1FBF, 0x1FBF, 0x1FBF, 0x1FBF, 0x1FBF, 0x1FBF, 0x1FBF, 0x1FBF, 0x1FBF, 0x1FBF,
0x1FBF, 0x1FBF, 0x1FBF, 0x1FBF, 0x1FBF, 0x1FBF, 0x1FBF, 0x1FBF, 0x1FBF, 0x1FBF,
0x1FBF, 0x1FBF, 0x1FBF, 0x1FBF, 0x1FBF, 0x1FBF, 0x1FBF, 0x1FBF, 0x1FBF, 0x1FBF,
0x1FBF, 0x1FBF, 0x1FBF, 0x1FBF, 0x1FBF, 0x1FBF, 0x1FBF, 0x1FBF, 0x1FBF, 0x1FBF,
0x1FBF, 0x1FBF, 0x1FBF, 0x1FBF, 0x1FBF, 0x1FBF, 0x1FBF, 0x1FBF, 0x1FBF, 0x1FBF,
0x1FBF, 0x1FBF, 0x1FBF, 0x1FBF, 0x1FBF, 0x1FBF, 0x1FBF, 0x1FBF, 0x1FBF, 0x1FBF,
0x1FBF, 0x1FBF, 0x1FBF, 0x1EBF, 0x3FBF, 0x3FBF, 0x5FBF, 0x5FC7, 0x3EB7, 0x1EBF,
0x1FBF, 0x3FBF, 0x3FBF, 0x3EBF, 0x1EBF, 0x1EBF, 0x3EBF, 0x1EC7, 0x1EC7, 0x1EC7,
0x1EC7, 0x1EC7, 0x1FBF, 0x1FBF, 0x1FBF, 0x1FBF, 0x1FBF, 0x1FBF, 0x1FBF, 0x1EBF,
0x3EBF, 0x1FBF, 0x1FBF, 0x1FBF, 0x1FBF, 0x1FBF, 0x1FBF, 0x1FBF, 0x1FBF, 0x1FBF,
0x1FBF, 0x1FBF, 0x1FBF, 0x1FBF, 0x1FBF, 0x1FBF, 0x1FBF, 0x1FBF, 0x1FBF, 0x1FBF,
0x1FBF, 0x1FBF, 0x1FBF, 0x1FBF, 0x1FBF, 0x1FBF, 0x1FBF, 0x1FBF, 0x1FBF, 0x1FBF,
0x1FBF, 0x1FBF, 0x1FBF, 0x1FBF, 0x1FBF, 0x1FBF, 0x1FBF, 0x1FBF, 0x1FBF, 0x1FBF,
0x1FBF, 0x1FBF, 0x1FBF, 0x1FBF, 0x1FBF, 0x1FBF, 0x1FBF, 0x1FBF, 0x1FBF, 0x1FBF,
0x1FBF, 0x1FBF, 0x1FBF, 0x1FBF, 0x1FBF, 0x1FBF, 0x1FBF, 0x1FBF, 0x1FBF, 0x1FBF,
0x1FBF, 0x1FBF, 0x1FBF, 0x1FBF, 0x1FBF, 0x1FBF, 0x1FBF, 0x1FBF, 0x1FBF, 0x1FBF,
0x5FBF, 0x1EBF, 0x1EBF, 0x3FBF, 0x3FBF, 0x1EBF, 0xFEBE, 0x1FBF, 0x3FB7, 0x1FBF,
0x1FBF, 0x1FBF, 0x1FBF, 0x1FBF, 0x1FBF, 0x1FBF, 0x1FBF, 0x1FBF, 0x1FBF, 0x1FBF,
0x1FBF, 0x1FBF, 0x1FBF, 0x3EBF, 0x3FBF, 0x3FBF, 0x1FBF, 0x1EC7, 0xFEB6, 0x5FCF,
0x7FD7, 0x1EC7, 0x3EC7, 0x1ECF, 0x3FCF, 0x1EC7, 0x3ECF, 0x1DCF, 0x1ECF, 0x1FBF,
0x1FBF, 0x1FB7, 0x1FBF, 0x1FBF, 0x1FBF, 0x1FBF, 0x1FBF, 0x1FBF, 0x1FBF, 0x1FBF,
0x1FBF, 0x1FBF, 0x1FBF, 0x1FBF, 0x1FBF, 0x1FBF, 0x1FBF, 0x1FBF, 0x1FBF, 0x1FBF,
0x1FBF, 0x1FBF, 0x1FBF, 0x1FBF, 0x1FBF, 0x1FBF, 0x1FBF, 0x1FBF, 0x1FBF, 0x1FBF,
0x1FBF, 0x1FBF, 0x1FBF, 0x1FBF, 0x1FBF, 0x1FBF, 0x1FBF, 0x1FBF, 0x1FBF, 0x1FBF,
0x1FBF, 0x1FBF, 0x1FBF, 0x1FBF, 0x1FBF, 0x1FBF, 0x1FBF, 0x1FBF, 0x1FBF, 0x1FBF,
0x1FBF, 0x1FBF, 0x1FBF, 0x1FBF, 0x1FBF, 0x1FBF, 0x1FBF, 0x1FBF, 0x1FBF, 0x1FBF,
0x1FBF, 0x1FBF, 0x1FBF, 0x1FBF, 0x1FBF, 0x1FBF, 0x1FBF, 0x1FBF, 0x1FBF, 0x1FBF,
0x1FBF, 0xFEB6, 0x1EBF, 0x1EBF, 0xFEBE, 0xFEBE, 0x3FBF, 0x3FBF, 0x1EBF, 0x1EBF,
0x1FBF, 0x1FBF, 0x1FBF, 0x1FBF, 0x1FBF, 0x1FBF, 0x1FBF, 0x1FBF, 0x1FBF, 0x1FBF,
0x1FBF, 0x1FBF, 0x1FBF, 0x1FBF, 0x1FBF, 0x1FBF, 0x1FBF, 0x1FBF, 0x1FBF, 0x1FBF,
0x1FBF, 0x1FBF, 0x1FBF, 0x1FBF, 0x1FBF, 0x1FBF, 0x1FBF, 0x1FBF, 0x1FBF, 0x1FBF,
0x1FBF, 0x1FBF, 0x1FBF, 0x1FBF, 0x1FBF, 0x1FBF, 0x1FBF, 0x1FBF, 0x1FBF, 0x1FBF,
0x1FBF, 0x1FBF, 0x1FBF, 0x1FBF, 0x1FBF, 0x1FBF, 0x1FBF, 0x1FBF, 0x1FBF, 0x1FBF,
0x1FBF, 0x1FBF, 0x1FBF, 0x1FBF, 0x1FBF, 0x1FBF, 0x1FBF, 0x1FBF, 0x1FBF, 0x1FBF,
0x1FBF, 0x1FBF, 0x1FBF, 0x1FBF, 0x1FBF, 0x1FBF, 0x1FBF, 0x1FBF, 0x1FBF, 0x1FBF,
0x1FBF, 0x1FBF, 0x1FBF, 0x1FBF, 0x1FBF, 0x1FBF, 0x1FBF, 0x1FBF, 0x1FBF, 0x1FBF,
0x1FBF, 0x1FBF, 0x1FBF, 0x1FBF, 0x1FBF, 0x1FBF, 0x1FBF, 0x1FBF, 0x1FBF, 0x1FBF,
0x1FBF, 0x1FBF, 0x1FBF, 0x1FBF, 0x1FBF, 0x1FBF, 0x1FBF, 0x1FBF, 0x1FBF, 0x1FBF,
0x1FBF, 0x1FBF, 0x1FBF, 0x5FC7, 0x3FC7, 0x1EBF, 0x1EBF, 0x3FBF, 0x1EB7, 0x1EBF,
0x1FC7, 0x3FC7, 0x3FC7, 0x3FC7, 0x1FC7, 0x1FC7, 0x3FC7, 0x1EBF, 0x1EBF, 0x1EBF,
0x1EBF, 0x1EBF, 0x1FBF, 0x1FBF, 0x1FBF, 0x1FBF, 0x3FBF, 0x3FBF, 0x3FBF, 0x5FBF,
0x5FBF, 0x1FBF, 0x1FBF, 0x1FBF, 0x1FBF, 0x1FBF, 0x1FBF, 0x1FBF, 0x1FBF, 0x1FBF,
0x1FBF, 0x1FBF, 0x1FBF, 0x1FBF, 0x1FBF, 0x1FBF, 0x1FBF, 0x1FBF, 0x1FBF, 0x1FBF,
0x1FBF, 0x1FBF, 0x1FBF, 0x1FBF, 0x1FBF, 0x1FBF, 0x1FBF, 0x1FBF, 0x1FBF, 0x1FBF,
0x1FBF, 0x1FBF, 0x1FBF, 0x1FBF, 0x1FBF, 0x1FBF, 0x1FBF, 0x1FBF, 0x1FBF, 0x1FBF,
0x1FBF, 0x1FBF, 0x1FBF, 0x1FBF, 0x1FBF, 0x1FBF, 0x1FBF, 0x1FBF, 0x1FBF, 0x1FBF,
0x1FBF, 0x1FBF, 0x1FBF, 0x1FBF, 0x1FBF, 0x1FBF, 0x1FBF, 0x1FBF, 0x1FBF, 0x1FBF,
0x1FBF, 0x1FBF, 0x1FBF, 0x1FBF, 0x1FBF, 0x1FBF, 0x1FBF, 0x1FBF, 0x1FBF, 0x1FBF,
0x1FBF, 0xFFBE, 0xDEBE, 0x1FBF, 0x3FBF, 0x3EC7, 0xFDBE, 0x1EB7, 0x3FBF, 0x1FBF,
0x1FBF, 0x1FBF, 0x1FBF, 0x1FBF, 0x1FBF, 0x1FBF, 0x1FBF, 0x1FBF, 0x1FBF, 0x1FBF,
0x1FBF, 0x1FBF, 0x1FBF, 0x5EC7, 0x3FBF, 0x3FBF, 0x1FBF, 0x1FBF, 0x5FBF, 0x1FBF,
0x3FC7, 0x1EBF, 0x3FBF, 0xFEBE, 0x3FC7, 0xFEB6, 0x3EBF, 0x3EC7, 0x3EC7, 0x1FBF,
0x3FB7, 0x3FAF, 0x1FBF, 0x1FBF, 0x1FBF, 0x1FBF, 0x1FBF, 0x1FBF, 0x1FBF, 0x1FBF,
0x1FBF, 0x1FBF, 0x1FBF, 0x1FBF, 0x1FBF, 0x1FBF, 0x1FBF, 0x1FBF, 0x1FBF, 0x1FBF,
0x1FBF, 0x1FBF, 0x1FBF, 0x1FBF, 0x1FBF, 0x1FBF, 0x1FBF, 0x1FBF, 0x1FBF, 0x1FBF,
0x1FBF, 0x1FBF, 0x1FBF, 0x1FBF, 0x1FBF, 0x1FBF, 0x1FBF, 0x1FBF, 0x1FBF, 0x1FBF,
0x1FBF, 0x1FBF, 0x1FBF, 0x1FBF, 0x1FBF, 0x1FBF, 0x1FBF, 0x1FBF, 0x1FBF, 0x1FBF,
0x1FBF, 0x1FBF, 0x1FBF, 0x1FBF, 0x1FBF, 0x1FBF, 0x1FBF, 0x1FBF, 0x1FBF, 0x1FBF,
0x1FBF, 0x1FBF, 0x1FBF, 0x1FBF, 0x1FBF, 0x1FBF, 0x1FBF, 0x1FBF, 0x1FBF, 0x1FBF,
0x1FBF, 0x5FBF, 0x3FBF, 0x3FBF, 0x1FBF, 0x1FBF, 0x3FBF, 0x1FBF, 0x1EBF, 0x1EBF,
0x1FBF, 0x1FBF, 0x1FBF, 0x1FBF, 0x1FBF, 0x1FBF, 0x1FBF, 0x1FBF, 0x1FBF, 0x1FBF,
0x1FBF, 0x1FBF, 0x1FBF, 0x1FBF, 0x1FBF, 0x1FBF, 0x1FBF, 0x1FBF, 0x1FBF, 0x1FBF,
0x1FBF, 0x1FBF, 0x1FBF, 0x1FBF, 0x1FBF, 0x1FBF, 0x1FBF, 0x1FBF, 0x1FBF, 0x1FBF,
0x1FBF, 0x1FBF, 0x1FBF, 0x1FBF, 0x1FBF, 0x1FBF, 0x1FBF, 0x1FBF, 0x1FBF, 0x1FBF,
0x1FBF, 0x1FBF, 0x1FBF, 0x1FBF, 0x1FBF, 0x1FBF, 0x1FBF, 0x1FBF, 0x1FBF, 0x1FBF,
0x1FBF, 0x1FBF, 0x1FBF, 0x1FBF, 0x1FBF, 0x1FBF, 0x1FBF, 0x1FBF, 0x1FBF, 0x1FBF,
0x1FBF, 0x1FBF, 0x1FBF, 0x1FBF, 0x1FBF, 0x1FBF, 0x1FBF, 0x1FBF, 0x1FBF, 0x1FBF,
0x1FBF, 0x1FBF, 0x1FBF, 0x1FBF, 0x1FBF, 0x1FBF, 0x1FBF, 0x1FBF, 0x1FBF, 0x1FBF,
0x1FBF, 0x1FBF, 0x1FBF, 0x1FBF, 0x1FBF, 0x1FBF, 0x1FBF, 0x1FBF, 0x1FBF, 0x1FBF,
0x1FBF, 0x1FBF, 0x1FBF, 0x1FBF, 0x1FBF, 0x1FBF, 0x1FBF, 0x1FBF, 0x1FBF, 0x1FBF,
0x1FBF, 0x1FBF, 0x1FBF, 0x1FBF, 0x1FBF, 0x1FBF, 0x1FBF, 0x1FBF, 0x1FBF, 0x1FBF,
0x1FBF, 0x1FBF, 0x1FBF, 0x1FBF, 0x1FBF, 0x1FBF, 0x1FBF, 0x1FBF, 0x1FBF, 0x1FBF,
0x1FBF, 0x1FBF, 0x1FBF, 0x1FBF, 0x1FBF, 0x1FBF, 0x1FBF, 0x1FBF, 0x1FBF, 0x1FBF,
0x1FBF, 0x1FBF, 0x1FBF, 0x1FBF, 0x1FBF, 0x1FBF, 0x1FBF, 0x1FBF, 0x1FBF, 0x1FBF,
0x1FBF, 0x1FBF, 0x1FBF, 0x1FBF, 0x1FBF, 0x1FBF, 0x1FBF, 0x1FBF, 0x1FBF, 0x1FBF,
0x1FBF, 0x1FBF, 0x1FBF, 0x1FBF, 0x1FBF, 0x1FBF, 0x1FBF, 0x1FBF, 0x1FBF, 0x1FBF,
0x1FBF, 0x1FBF, 0x1FBF, 0x1FBF, 0x1FBF, 0x1FBF, 0x1FBF, 0x1FBF, 0x1FBF, 0x1FBF,
0x1FBF, 0x1FBF, 0x1FBF, 0x1FBF, 0x1FBF, 0x1FBF, 0x1FBF, 0x1FBF, 0x1FBF, 0x1FBF,
0x1FBF, 0x1FBF, 0x1FBF, 0x1FBF, 0x1FBF, 0x1FBF, 0x1FBF, 0x1FBF, 0x1FBF, 0x1FBF,
0x1FBF, 0x1FBF, 0x1FBF, 0x1FBF, 0x1FBF, 0x1FBF, 0x1FBF, 0x1FBF, 0x1FBF, 0x1FBF,
0x1FBF, 0x1FBF, 0x1FBF, 0x1FBF, 0x1FBF, 0x1FBF, 0x1FBF, 0x1FBF, 0x1FBF, 0x1FBF,
0x1FBF, 0x1FBF, 0x1FBF, 0x1FBF, 0x1FBF, 0x1FBF, 0x1FBF, 0x1FBF, 0x1FBF, 0x1FBF,
0x1FBF, 0x1FBF, 0x1FBF, 0x1FBF, 0x1FBF, 0x1FBF, 0x1FBF, 0x1FBF, 0x1FBF, 0x1FBF,
0x1FBF, 0x1FBF, 0x1FBF, 0x1FBF, 0x1FBF, 0x1FBF, 0x1FBF, 0x1FBF, 0x1FBF, 0x1FBF,
0x1FBF, 0x1FBF, 0x1FBF, 0x1FBF, 0x1FBF, 0x1FBF, 0x1FBF, 0x1FBF, 0x1FBF, 0x1FBF,
0x1FBF, 0x1FBF, 0x1FBF, 0x1FBF, 0x1FBF, 0x1FBF, 0x1FBF, 0x1FBF, 0x1FBF, 0x1FBF,
0x1FBF, 0x1FBF, 0x1FBF, 0x1FBF, 0x1FBF, 0x1FBF, 0x1FBF, 0x1FBF, 0x1FBF, 0x1FBF,
0x1FBF, 0x1FBF, 0x1FBF, 0x1FBF, 0x1FBF, 0x1FBF, 0x1FBF, 0x1FBF, 0x1FBF, 0x1FBF,
0x1FBF, 0x1FBF, 0x1FBF, 0x1FBF, 0x1FBF, 0x1FBF, 0x1FBF, 0x1FBF, 0x1FBF, 0x1FBF,
0x1FBF, 0x1FBF, 0x1FBF, 0x1FBF, 0x1FBF, 0x1FBF, 0x1FBF, 0x1FBF, 0x1FBF, 0x1FBF,
0x1FBF, 0x1FBF, 0x1FBF, 0x1FBF, 0x1FBF, 0x1FBF, 0x1FBF, 0x1FBF, 0x1FBF, 0x1FBF,
0x1FBF, 0x1FBF, 0x1FBF, 0x1FBF, 0x1FBF, 0x1FBF, 0x1FBF, 0x1FBF, 0x1FBF, 0x1FBF,
0x1FBF, 0x1FBF, 0x1FBF, 0x1FBF, 0x1FBF, 0x1FBF, 0x1FBF, 0x1FBF, 0x1FBF, 0x1FBF,
0x1FBF, 0x1FBF, 0x1FBF, 0x1FBF, 0x1FBF, 0x1FBF, 0x1FBF, 0x1FBF, 0x1FBF, 0x1FBF,
0x1FBF, 0x1FBF, 0x1FBF, 0x1FBF, 0x1FBF, 0x1FBF, 0x1FBF, 0x1FBF, 0x1FBF, 0x1FBF,
0x1FBF, 0x1FBF, 0x1FBF, 0x1FBF, 0x1FBF, 0x1FBF, 0x1FBF, 0x1FBF, 0x1FBF, 0x1FBF,
0x1FBF, 0x1FBF, 0x1FBF, 0x1FBF, 0x1FBF, 0x1FBF, 0x1FBF, 0x1FBF, 0x1FBF, 0x1FBF,
0x1FBF, 0x1FBF, 0x1FBF, 0x1FBF, 0x1FBF, 0x1FBF, 0x1FBF, 0x1FBF, 0x1FBF, 0x1FBF,
0x1FBF, 0x1FBF, 0x1FBF, 0x1FBF, 0x1FBF, 0x1FBF, 0x1FBF, 0x1FBF, 0x1FBF, 0x1FBF,
0x1FBF, 0x1FBF, 0x1FBF, 0x1FBF, 0x1FBF, 0x1FBF, 0x1FBF, 0x1FBF, 0x1FBF, 0x1FBF,
0x1FBF, 0x1FBF, 0x1FBF, 0x1FBF, 0x1FBF, 0x1FBF, 0x1FBF, 0x1FBF, 0x1FBF, 0x1FBF,
0x1FBF, 0x1FBF, 0x1FBF, 0x1FBF, 0x1FBF, 0x1FBF, 0x1FBF, 0x1FBF, 0x1FBF, 0x1FBF,
0x1FBF, 0x1FBF, 0x1FBF, 0x1FBF, 0x1FBF, 0x1FBF, 0x1FBF, 0x1FBF, 0x1FBF, 0x1FBF,
0x1FBF, 0x1FBF, 0x1FBF, 0x1FBF, 0x1FBF, 0x1FBF, 0x1FBF, 0x1FBF, 0x1FBF, 0x1FBF,
0x1FBF, 0x1FBF, 0x1FBF, 0x1FBF, 0x1FBF, 0x1FBF, 0x1FBF, 0x1FBF, 0x1FBF, 0x1FBF,
0x1FBF, 0x1FBF, 0x1FBF, 0x1FBF, 0x1FBF, 0x1FBF, 0x1FBF, 0x1FBF, 0x1FBF, 0x1FBF,
0x1FBF, 0x1FBF, 0x1FBF, 0x1FBF, 0x1FBF, 0x1FBF, 0x1FBF, 0x1FBF, 0x1FBF, 0x1FBF,
0x1FBF, 0x1FBF, 0x1FBF, 0x1FBF, 0x1FBF, 0x1FBF, 0x1FBF, 0x1FBF, 0x1FBF, 0x1FBF,
0x1FBF, 0x1FBF, 0x1FBF, 0x1FBF, 0x1FBF, 0x1FBF, 0x1FBF, 0x1FBF, 0x1FBF, 0x1FBF,
0x1FBF, 0x1FBF, 0x1FBF, 0x1FBF, 0x1FBF, 0x1FBF, 0x1FBF, 0x1FBF, 0x1FBF, 0x1FBF,
0x1FBF, 0x1FBF, 0x1FBF, 0x1FBF, 0x1FBF, 0x1FBF, 0x1FBF, 0x1FBF, 0x1FBF, 0x1FBF,
0x1FBF, 0x1FBF, 0x1FBF, 0x1FBF, 0x1FBF, 0x1FBF, 0x1FBF, 0x1FBF, 0x1FBF, 0x1FBF,
0x1FBF, 0x1FBF, 0x1FBF, 0x1FBF, 0x1FBF, 0x1FBF, 0x1FBF, 0x1FBF, 0x1FBF, 0x1FBF,
0x1FBF, 0x1FBF, 0x1FBF, 0x1FBF, 0x1FBF, 0x1FBF, 0x1FBF, 0x1FBF, 0x1FBF, 0x1FBF,
0x1FBF, 0x1FBF, 0x1FBF, 0x1FBF, 0x1FBF, 0x1FBF, 0x1FBF, 0x1FBF, 0x1FBF, 0x1FBF,
0x1FBF, 0x1FBF, 0x1FBF, 0x1FBF, 0x1FBF, 0x1FBF, 0x1FBF, 0x1FBF, 0x1FBF, 0x1FBF,
0x1FBF, 0x1FBF, 0x1FBF, 0x1FBF, 0x1FBF, 0x1FBF, 0x1FBF, 0x1FBF, 0x1FBF, 0x1FBF,
0x1FBF, 0x1FBF, 0x1FBF, 0x1FBF, 0x1FBF, 0x1FBF, 0x1FBF, 0x1FBF, 0x1FBF, 0x1FBF,
0x1FBF, 0x1FBF, 0x1FBF, 0x1FBF, 0x1FBF, 0x1FBF, 0x1FBF, 0x1FBF, 0x1FBF, 0x1FBF,
0x1FBF, 0x1FBF, 0x1FBF, 0x1FBF, 0x1FBF, 0x1FBF, 0x1FBF, 0x1FBF, 0x1FBF, 0x1FBF,
0x1FBF, 0x1FBF, 0x1FBF, 0x1FBF, 0x1FBF, 0x1FBF, 0x1FBF, 0x1FBF, 0x1FBF, 0x1FBF,
0x1FBF, 0x1FBF, 0x1FBF, 0x1FBF, 0x1FBF, 0x1FBF, 0x1FBF, 0x1FBF, 0x1FBF, 0x1FBF,
0x1FBF, 0x1FBF, 0x1FBF, 0x1FBF, 0x1FBF, 0x1FBF, 0x1FBF, 0x1FBF, 0x1FBF, 0x1FBF,
0x1FBF, 0x1FBF, 0x1FBF, 0x1FBF, 0x1FBF, 0x1FBF, 0x1FBF, 0x1FBF, 0x1FBF, 0x1FBF,
0x1FBF, 0x1FBF, 0x1FBF, 0x1FBF, 0x1FBF, 0x1FBF, 0x1FBF, 0x1FBF, 0x1FBF, 0x1FBF,
0x1FBF, 0x1FBF, 0x1FBF, 0x1FBF, 0x1FBF, 0x1FBF, 0x1FBF, 0x1FBF, 0x1FBF, 0x1FBF,
0x1FBF, 0x1FBF, 0x1FBF, 0x1FBF, 0x1FBF, 0x1FBF, 0x1FBF, 0x1FBF, 0x1FBF, 0x1FBF,
0x1FBF, 0x1FBF, 0x1FBF, 0x1FBF, 0x1FBF, 0x1FBF, 0x1FBF, 0x1FBF, 0x1FBF, 0x1FBF,
0x1FBF, 0x1FBF, 0x1FBF, 0x1FBF, 0x1FBF, 0x1FBF, 0x1FBF, 0x1FBF, 0x1FBF, 0x1FBF,
0x1FBF, 0x1FBF, 0x1FBF, 0x1FBF, 0x1FBF, 0x1FBF, 0x1FBF, 0x1FBF, 0x1FBF, 0x1FBF,
0x1FBF, 0x1FBF, 0x1FBF, 0x1FBF, 0x1FBF, 0x1FBF, 0x1FBF, 0x1FBF, 0x1FBF, 0x1FBF,
0x1FBF, 0x1FBF, 0x1FBF, 0x1FBF, 0x1FBF, 0x1FBF, 0x1FBF, 0x1FBF, 0x1FBF, 0x1FBF,
0x1FBF, 0x1FBF, 0x1FBF, 0x1FBF, 0x1FBF, 0x1FBF, 0x1FBF, 0x1FBF, 0x1FBF, 0x1FBF,
0x1FBF, 0x1FBF, 0x1FBF, 0x1FBF, 0x1FBF, 0x1FBF, 0x1FBF, 0x1FBF, 0x1FBF, 0x1FBF,
0x1FBF, 0x1FBF, 0x1FBF, 0x1FBF, 0x1FBF, 0x1FBF, 0x1FBF, 0x1FBF, 0x1FBF, 0x1FBF,
0x1FBF, 0x1FBF, 0x1FBF, 0x1FBF, 0x1FBF, 0x1FBF, 0x1FBF, 0x1FBF, 0x1FBF, 0x1FBF,
0x1FBF, 0x1FBF, 0x1FBF, 0x1FBF, 0x1FBF, 0x1FBF, 0x1FBF, 0x1FBF, 0x1FBF, 0x1FBF,
0x1FBF, 0x1FBF, 0x1FBF, 0x1FBF, 0x1FBF, 0x1FBF, 0x1FBF, 0x1FBF, 0x1FBF, 0x1FBF,
0x1FBF, 0x1FBF, 0x1FBF, 0x1FBF, 0x1FBF, 0x1FBF, 0x1FBF, 0x1FBF, 0x1FBF, 0x1FBF,
0x1FBF, 0x1FBF, 0x1FBF, 0x1FBF, 0x1FBF, 0x1FBF, 0x1FBF, 0x1FBF, 0x1FBF, 0x1FBF,
0x1FBF, 0x1FBF, 0x1FBF, 0x1FBF, 0x1FBF, 0x1FBF, 0x1FBF, 0x1FBF, 0x1FBF, 0x1FBF,
0x1FBF, 0x1FBF, 0x1FBF, 0x1FBF, 0x1FBF, 0x1FBF, 0x1FBF, 0x1FBF, 0x1FBF, 0x1FBF,
0x1FBF, 0x1FBF, 0x1FBF, 0x1FBF, 0x1FBF, 0x1FBF, 0x1FBF, 0x1FBF, 0x1FBF, 0x1FBF,
0x1FBF, 0x1FBF, 0x1FBF, 0x1FBF, 0x1FBF, 0x1FBF, 0x1FBF, 0x1FBF, 0x1FBF, 0x1FBF,
0x1FBF, 0x1FBF, 0x1FBF, 0x1FBF, 0x1FBF, 0x1FBF, 0x1FBF, 0x1FBF, 0x1FBF, 0x1FBF,
0x1FBF, 0x1FBF, 0x1FBF, 0x1FBF, 0x1FBF, 0x1FBF, 0x1FBF, 0x1FBF, 0x1FBF, 0x1FBF,
0x1FBF, 0x1FBF, 0x1FBF, 0x1FBF, 0x1FBF, 0x1FBF, 0x1FBF, 0x1FBF, 0x1FBF, 0x1FBF,
0x1FBF, 0x1FBF, 0x1FBF, 0x1FBF, 0x1FBF, 0x1FBF, 0x1FBF, 0x1FBF, 0x1FBF, 0x1FBF,
0x1FBF, 0x1FBF, 0x1FBF, 0x1FBF, 0x1FBF, 0x1FBF, 0x1FBF, 0x1FBF, 0x1FBF, 0x1FBF,
0x1FBF, 0x1FBF, 0x1FBF, 0x1FBF, 0x1FBF, 0x1FBF, 0x1FBF, 0x1FBF, 0x1FBF, 0x1FBF,
0x1FBF, 0x1FBF, 0x1FBF, 0x1FBF, 0x1FBF, 0x1FBF, 0x1FBF, 0x1FBF, 0x1FBF, 0x1FBF,
0x1FBF, 0x1FBF, 0x1FBF, 0x1FBF, 0x1FBF, 0x1FBF, 0x1FBF, 0x1FBF, 0x1FBF, 0x1FBF,
0x1FBF, 0x1FBF, 0x1FBF, 0x1FBF, 0x1FBF, 0x1FBF, 0x1FBF, 0x1FBF, 0x1FBF, 0x1FBF,
0x1FBF, 0x1FBF, 0x1FBF, 0x1FBF, 0x1FBF, 0x1FBF, 0x1FBF, 0x1FBF, 0x1FBF, 0x1FBF,
0x1FBF, 0x1FBF, 0x1FBF, 0x1FBF, 0x1FBF, 0x1FBF, 0x1FBF, 0x1FBF, 0x1FBF, 0x1FBF,
0x1FBF, 0x1FBF, 0x1FBF, 0x1FBF, 0x1FBF, 0x1FBF, 0x1FBF, 0x1FBF, 0x1FBF, 0x1FBF,
0x1FBF, 0x1FBF, 0x1FBF, 0x1FBF, 0x1FBF, 0x1FBF, 0x1FBF, 0x1FBF, 0x1FBF, 0x1FBF,
0x1FBF, 0x1FBF, 0x1FBF, 0x1FBF, 0x1FBF, 0x1FBF, 0x1FBF, 0x1FBF, 0x1FBF, 0x1FBF,
0x1FBF, 0x1FBF, 0x1FBF, 0x1FBF, 0x1FBF, 0x1FBF, 0x1FBF, 0x1FBF, 0x1FBF, 0x1FBF,
0x1FBF, 0x1FBF, 0x1FBF, 0x1FBF, 0x1FBF, 0x1FBF, 0x1FBF, 0x1FBF, 0x1FBF, 0x1FBF,
0x1FBF, 0x1FBF, 0x1FBF, 0x1FBF, 0x1FBF, 0x1FBF, 0x1FBF, 0x1FBF, 0x1FBF, 0x1FBF,
0x1FBF, 0x1FBF, 0x1FBF, 0x1FBF, 0x1FBF, 0x1FBF, 0x1FBF, 0x1FBF, 0x1FBF, 0x1FBF,
0x1FBF, 0x1FBF, 0x1FBF, 0x1FBF, 0x1FBF, 0x1FBF, 0x1FBF, 0x1FBF, 0x1FBF, 0x1FBF,
0x1FBF, 0x1FBF, 0x1FBF, 0x1FBF, 0x1FBF, 0x1FBF, 0x1FBF, 0x1FBF, 0x1FBF, 0x1FBF,
0x1FBF, 0x1FBF, 0x1FBF, 0x1FBF, 0x1FBF, 0x1FBF, 0x1FBF, 0x1FBF, 0x1FBF, 0x1FBF,
0x1FBF, 0x1FBF, 0x1FBF, 0x1FBF, 0x1FBF, 0x1FBF, 0x1FBF, 0x1FBF, 0x1FBF, 0x1FBF,
0x1FBF, 0x1FBF, 0x1FBF, 0x1FBF, 0x1FBF, 0x1FBF, 0x1FBF, 0x1FBF, 0x1FBF, 0x1FBF,
0x1FBF, 0x1FBF, 0x1FBF, 0x1FBF, 0x1FBF, 0x1FBF, 0x1FBF, 0x1FBF, 0x1FBF, 0x1FBF,
0x1FBF, 0x1FBF, 0x1FBF, 0x1FBF, 0x1FBF, 0x1FBF, 0x1FBF, 0x1FBF, 0x1FBF, 0x1FBF,
0x1FBF, 0x1FBF, 0x1FBF, 0x1FBF, 0x1FBF, 0x1FBF, 0x1FBF, 0x1FBF, 0x1FBF, 0x1FBF,
0x1FBF, 0x1FBF, 0x1FBF, 0x1FBF, 0x1FBF, 0x1FBF, 0x1FBF, 0x1FBF, 0x1FBF, 0x1FBF,
0x1FBF, 0x1FBF, 0x1FBF, 0x1FBF, 0x1FBF, 0x1FBF, 0x1FBF, 0x1FBF, 0x1FBF, 0x1FBF,
0x1FBF, 0x1FBF, 0x1FBF, 0x1FBF, 0x1FBF, 0x1FBF, 0x1FBF, 0x1FBF, 0x1FBF, 0x1FBF,
0x1FBF, 0x1FBF, 0x1FBF, 0x1FBF, 0x1FBF, 0x1FBF, 0x1FBF, 0x1FBF, 0x1FBF, 0x1FBF,
0x1FBF, 0x1FBF, 0x1FBF, 0x1FBF, 0x1FBF, 0x1FBF, 0x1FBF, 0x1FBF, 0x1FBF, 0x1FBF,
0x1FBF, 0x1FBF, 0x1FBF, 0x1FBF, 0x1FBF, 0x1FBF, 0x1FBF, 0x1FBF, 0x1FBF, 0x1FBF,
0x1FBF, 0x1FBF, 0x1FBF, 0x1FBF, 0x1FBF, 0x1FBF, 0x1FBF, 0x1FBF, 0x1FBF, 0x1FBF,
0x1FBF, 0x1FBF, 0x1FBF, 0x1FBF, 0x1FBF, 0x1FBF, 0x1FBF, 0x1FBF, 0x1FBF, 0x1FBF,
0x1FBF, 0x1FBF, 0x1FBF, 0x1FBF, 0x1FBF, 0x1FBF, 0x1FBF, 0x1FBF, 0x1FBF, 0x1FBF,
0x1FBF, 0x1FBF, 0x1FBF, 0x1FBF, 0x1FBF, 0x1FBF, 0x1FBF, 0x1FBF, 0x1FBF, 0x1FBF,
0x1FBF, 0x1FBF, 0x1FBF, 0x1FBF, 0x1FBF, 0x1FBF, 0x1FBF, 0x1FBF, 0x1FBF, 0x1FBF,
0x1FBF, 0x1FBF, 0x1FBF, 0x1FBF, 0x1FBF, 0x1FBF, 0x1FBF, 0x1FBF, 0x1FBF, 0x1FBF,
0x1FBF, 0x1FBF, 0x1FBF, 0x1FBF, 0x1FBF, 0x1FBF, 0x1FBF, 0x1FBF, 0x1FBF, 0x1FBF,
0x1FBF, 0x1FBF, 0x1FBF, 0x1FBF, 0x1FBF, 0x1FBF, 0x1FBF, 0x1FBF, 0x1FBF, 0x1FBF,
0x1FBF, 0x1FBF, 0x1FBF, 0x1FBF, 0x1FBF, 0x1FBF, 0x1FBF, 0x1FBF, 0x1FBF, 0x1FBF,
0x1FBF, 0x1FBF, 0x1FBF, 0x1FBF, 0x1FBF, 0x1FBF, 0x1FBF, 0x1FBF, 0x1FBF, 0x1FBF,
0x1FBF, 0x1FBF, 0x1FBF, 0x1FBF, 0x1FBF, 0x1FBF, 0x1FBF, 0x1FBF, 0x1FBF, 0x1FBF,
0x1FBF, 0x1FBF, 0x1FBF, 0x1FBF, 0x1FBF, 0x1FBF, 0x1FBF, 0x1FBF, 0x1FBF, 0x1FBF,
0x1FBF, 0x1FBF, 0x1FBF, 0x1FBF, 0x1FBF, 0x1FBF, 0x1FBF, 0x1FBF, 0x1FBF, 0x1FBF,
0x1FBF, 0x1FBF, 0x1FBF, 0x1FBF, 0x1FBF, 0x1FBF, 0x1FBF, 0x1FBF, 0x1FBF, 0x1FBF,
0x1FBF, 0x1FBF, 0x1FBF, 0x1FBF, 0x1FBF, 0x1FBF, 0x1FBF, 0x1FBF, 0x1FBF, 0x1FBF,
0x1FBF, 0x1FBF, 0x1FBF, 0x1FBF, 0x1FBF, 0x1FBF, 0x1FBF, 0x1FBF, 0x1FBF, 0x1FBF,
0x1FBF, 0x1FBF, 0x1FBF, 0x1FBF, 0x1FBF, 0x1FBF, 0x1FBF, 0x1FBF, 0x1FBF, 0x1FBF,
0x1FBF, 0x1FBF, 0x1FBF, 0x1FBF, 0x1FBF, 0x1FBF, 0x1FBF, 0x1FBF, 0x1FBF, 0x1FBF,
0x1FBF, 0x1FBF, 0x1FBF, 0x1FBF, 0x1FBF, 0x1FBF, 0x1FBF, 0x1FBF, 0x1FBF, 0x1FBF,
0x1FBF, 0x1FBF, 0x1FBF, 0x1FBF, 0x1FBF, 0x1FBF, 0x1FBF, 0x1FBF, 0x1FBF, 0x1FBF,
0x1FBF, 0x1FBF, 0x1FBF, 0x1FBF, 0x1FBF, 0x1FBF, 0x1FBF, 0x1FBF, 0x1FBF, 0x1FBF,
0x1FBF, 0x1FBF, 0x1FBF, 0x1FBF, 0x1FBF, 0x1FBF, 0x1FBF, 0x1FBF, 0x1FBF, 0x1FBF,
0x1FBF, 0x1FBF, 0x1FBF, 0x1FBF, 0x1FBF, 0x1FBF, 0x1FBF, 0x1FBF, 0x1FBF, 0x1FBF,
0x1FBF, 0x1FBF, 0x1FBF, 0x1FBF, 0x1FBF, 0x1FBF, 0x1FBF, 0x1FBF, 0x1FBF, 0x1FBF,
0x1FBF, 0x1FBF, 0x1FBF, 0x1FBF, 0x1FBF, 0x1FBF, 0x1FBF, 0x1FBF, 0x1FBF, 0x1FBF,
0x1FBF, 0x1FBF, 0x1FBF, 0x1FBF, 0x1FBF, 0x1FBF, 0x1FBF, 0x1FBF, 0x1FBF, 0x1FBF,
0x1FBF, 0x1FBF, 0x1FBF, 0x1FBF, 0x1FBF, 0x1FBF, 0x1FBF, 0x1FBF, 0x1FBF, 0x1FBF,
0x1FBF, 0x1FBF, 0x1FBF, 0x1FBF, 0x1FBF, 0x1FBF, 0x1FBF, 0x1FBF, 0x1FBF, 0x1FBF,
0x1FBF, 0x1FBF, 0x1FBF, 0x1FBF, 0x1FBF, 0x1FBF, 0x1FBF, 0x1FBF, 0x1FBF, 0x1FBF,
0x1FBF, 0x1FBF, 0x1FBF, 0x1FBF, 0x1FBF, 0x1FBF, 0x1FBF, 0x1FBF, 0x1FBF, 0x1FBF,
0x1FBF, 0x1FBF, 0x1FBF, 0x1FBF, 0x1FBF, 0x1FBF, 0x1FBF, 0x1FBF, 0x1FBF, 0x1FBF,
0x1FBF, 0x1FBF, 0x1FBF, 0x1FBF, 0x1FBF, 0x1FBF, 0x1FBF, 0x1FBF, 0x1FBF, 0x1FBF,
0x1FBF, 0x1FBF, 0x1FBF, 0x1FBF, 0x1FBF, 0x1FBF, 0x1FBF, 0x1FBF, 0x1FBF, 0x1FBF,
0x1FBF, 0x1FBF, 0x1FBF, 0x1FBF, 0x1FBF, 0x1FBF, 0x1FBF, 0x1FBF, 0x1FBF, 0x1FBF,
0x1FBF, 0x1FBF, 0x1FBF, 0x1FBF, 0x1FBF, 0x1FBF, 0x1FBF, 0x1FBF, 0x1FBF, 0x1FBF,
0x1FBF, 0x1FBF, 0x1FBF, 0x1FBF, 0x1FBF, 0x1FBF, 0x1FBF, 0x1FBF, 0x1FBF, 0x1FBF,
0x1FBF, 0x1FBF, 0x1FBF, 0x1FBF, 0x1FBF, 0x1FBF, 0x1FBF, 0x1FBF, 0x1FBF, 0x1FBF,
0x1FBF, 0x1FBF, 0x1FBF, 0x1FBF, 0x1FBF, 0x1FBF, 0x1FBF, 0x1FBF, 0x1FBF, 0x1FBF,
0x1FBF, 0x1FBF, 0x1FBF, 0x1FBF, 0x1FBF, 0x1FBF, 0x1FBF, 0x1FBF, 0x1FBF, 0x1FBF,
0x1FBF, 0x1FBF, 0x1FBF, 0x1FBF, 0x1FBF, 0x1FBF, 0x1FBF, 0x1FBF, 0x1FBF, 0x1FBF,
0x1FBF, 0x1FBF, 0x1FBF, 0x1FBF, 0x1FBF, 0x1FBF, 0x1FBF, 0x1FBF, 0x1FBF, 0x1FBF,
0x1FBF, 0x1FBF, 0x1FBF, 0x1FBF, 0x1FBF, 0x1FBF, 0x1FBF, 0x1FBF, 0x1FBF, 0x1FBF,
0x1FBF, 0x1FBF, 0x1FBF, 0x1FBF, 0x1FBF, 0x1FBF, 0x1FBF, 0x1FBF, 0x1FBF, 0x1FBF,
0x1FBF, 0x1FBF, 0x1FBF, 0x1FBF, 0x1FBF, 0x1FBF, 0x1FBF, 0x1FBF, 0x1FBF, 0x1FBF,
0x1FBF, 0x1FBF, 0x1FBF, 0x1FBF, 0x1FBF, 0x1FBF, 0x1FBF, 0x1FBF, 0x1FBF, 0x1FBF,
0x1FBF, 0x1FBF, 0x1FBF, 0x1FBF, 0x1FBF, 0x1FBF, 0x1FBF, 0x1FBF, 0x1FBF, 0x1FBF,
0x1FBF, 0x1FBF, 0x1FBF, 0x1FBF, 0x1FBF, 0x1FBF, 0x1FBF, 0x1FBF, 0x1FBF, 0x1FBF,
0x1FBF, 0x1FBF, 0x1FBF, 0x1FBF, 0x1FBF, 0x1FBF, 0x1FBF, 0x1FBF, 0x1FBF, 0x1FBF,
0x1FBF, 0x1FBF, 0x1FBF, 0x1FBF, 0x1FBF, 0x1FBF, 0x1FBF, 0x1FBF, 0x1FBF, 0x1FBF,
0x1FBF, 0x1FBF, 0x1FBF, 0x1FBF, 0x1FBF, 0x1FBF, 0x1FBF, 0x1FBF, 0x1FBF, 0x1FBF,
0x1FBF, 0x1FBF, 0x1FBF, 0x1FBF, 0x1FBF, 0x1FBF, 0x1FBF, 0x1FBF, 0x1FBF, 0x1FBF,
0x1FBF, 0x1FBF, 0x1FBF, 0x1FBF, 0x1FBF, 0x1FBF, 0x1FBF, 0x1FBF, 0x1FBF, 0x1FBF,
0x1FBF, 0x1FBF, 0x1FBF, 0x1FBF, 0x1FBF, 0x1FBF, 0x1FBF, 0x1FBF, 0x1FBF, 0x1FBF,
0x1FBF, 0x1FBF, 0x1FBF, 0x1FBF, 0x1FBF, 0x1FBF, 0x1FBF, 0x1FBF, 0x1FBF, 0x1FBF,
0x1FBF, 0x1FBF, 0x1FBF, 0x1FBF, 0x1FBF, 0x1FBF, 0x1FBF, 0x1FBF, 0x1FBF, 0x1FBF,
0x1FBF, 0x1FBF, 0x1FBF, 0x1FBF, 0x1FBF, 0x1FBF, 0x1FBF, 0x1FBF, 0x1FBF, 0x1FBF,
0x1FBF, 0x1FBF, 0x1FBF, 0x1FBF, 0x1FBF, 0x1FBF, 0x1FBF, 0x1FBF, 0x1FBF, 0x1FBF,
0x1FBF, 0x1FBF, 0x1FBF, 0x1FBF, 0x1FBF, 0x1FBF, 0x1FBF, 0x1FBF, 0x1FBF, 0x1FBF,
0x1FBF, 0x1FBF, 0x1FBF, 0x1FBF, 0x1FBF, 0x1FBF, 0x1FBF, 0x1FBF, 0x1FBF, 0x1FBF,
0x1FBF, 0x1FBF, 0x1FBF, 0x1FBF, 0x1FBF, 0x1FBF, 0x1FBF, 0x1FBF, 0x1FBF, 0x1FBF,
0x1FBF, 0x1FBF, 0x1FBF, 0x1FBF, 0x1FBF, 0x1FBF, 0x1FBF, 0x1FBF, 0x1FBF, 0x1FBF,
0x1FBF, 0x1FBF, 0x1FBF, 0x1FBF, 0x1FBF, 0x1FBF, 0x1FBF, 0x1FBF, 0x1FBF, 0x1FBF,
0x1FBF, 0x1FBF, 0x1FBF, 0x1FBF, 0x1FBF, 0x1FBF, 0x1FBF, 0x1FBF, 0x1FBF, 0x1FBF,
0x1FBF, 0x1FBF, 0x1FBF, 0x1FBF, 0x1FBF, 0x1FBF, 0x1FBF, 0x1FBF, 0x1FBF, 0x1FBF,
0x1FBF, 0x1FBF, 0x1FBF, 0x1FBF, 0x1FBF, 0x1FBF, 0x1FBF, 0x1FBF, 0x1FBF, 0x1FBF,
0x1FBF, 0x1FBF, 0x1FBF, 0x1FBF, 0x1FBF, 0x1FBF, 0x1FBF, 0x1FBF, 0x1FBF, 0x1FBF,
0x1FBF, 0x1FBF, 0x1FBF, 0x1FBF, 0x1FBF, 0x1FBF, 0x1FBF, 0x1FBF, 0x1FBF, 0x1FBF,
0x1FBF, 0x1FBF, 0x1FBF, 0x1FBF, 0x1FBF, 0x1FBF, 0x1FBF, 0x1FBF, 0x1FBF, 0x1FBF,
0x1FBF, 0x1FBF, 0x1FBF, 0x1FBF, 0x1FBF, 0x1FBF, 0x1FBF, 0x1FBF, 0x1FBF, 0x1FBF,
0x1FBF, 0x1FBF, 0x1FBF, 0x1FBF, 0x1FBF, 0x1FBF, 0x1FBF, 0x1FBF, 0x1FBF, 0x1FBF,
0x1FBF, 0x1FBF, 0x1FBF, 0x1FBF, 0x1FBF, 0x1FBF, 0x1FBF, 0x1FBF, 0x1FBF, 0x1FBF,
0x1FBF, 0x1FBF, 0x1FBF, 0x1FBF, 0x1FBF, 0x1FBF, 0x1FBF, 0x1FBF, 0x1FBF, 0x1FBF,
0x1FBF, 0x1FBF, 0x1FBF, 0x1FBF, 0x1FBF, 0x1FBF, 0x1FBF, 0x1FBF, 0x1FBF, 0x1FBF,
0x1FBF, 0x1FBF, 0x1FBF, 0x1FBF, 0x1FBF, 0x1FBF, 0x1FBF, 0x1FBF, 0x1FBF, 0x1FBF,
0x1FBF, 0x1FBF, 0x1FBF, 0x1FBF, 0x1FBF, 0x1FBF, 0x1FBF, 0x1FBF, 0x1FBF, 0x1FBF,
0x1FBF, 0x1FBF, 0x1FBF, 0x1FBF, 0x1FBF, 0x1FBF, 0x1FBF, 0x1FBF, 0x1FBF, 0x1FBF,
0x1FBF, 0x1FBF, 0x1FBF, 0x1FBF, 0x1FBF, 0x1FBF, 0x1FBF, 0x1FBF, 0x1FBF, 0x1FBF,
0x1FBF, 0x1FBF, 0x1FBF, 0x1FBF, 0x1FBF, 0x1FBF, 0x1FBF, 0x1FBF, 0x1FBF, 0x1FBF,
0x1FBF, 0x1FBF, 0x1FBF, 0x1FBF, 0x1FBF, 0x1FBF, 0x1FBF, 0x1FBF, 0x1FBF, 0x1FBF,
0x1FBF, 0x1FBF, 0x1FBF, 0x1FBF, 0x1FBF, 0x1FBF, 0x1FBF, 0x1FBF, 0x1FBF, 0x1FBF,
0x1FBF, 0x1FBF, 0x1FBF, 0x1FBF, 0x1FBF, 0x1FBF, 0x1FBF, 0x1FBF, 0x1FBF, 0x1FBF,
0x1FBF, 0x1FBF, 0x1FBF, 0x1FBF, 0x1FBF, 0x1FBF, 0x1FBF, 0x1FBF, 0x1FBF, 0x1FBF,
0x1FBF, 0x1FBF, 0x1FBF, 0x1FBF, 0x1FBF, 0x1FBF, 0x1FBF, 0x1FBF, 0x1FBF, 0x1FBF,
0x1FBF, 0x1FBF, 0x1FBF, 0x1FBF, 0x1FBF, 0x1FBF, 0x1FBF, 0x1FBF, 0x1FBF, 0x1FBF,
0x1FBF, 0x1FBF, 0x1FBF, 0x1FBF, 0x1FBF, 0x1FBF, 0x1FBF, 0x1FBF, 0x1FBF, 0x1FBF,
0x1FBF, 0x1FBF, 0x1FBF, 0x1FBF, 0x1FBF, 0x1FBF, 0x1FBF, 0x1FBF, 0x1FBF, 0x1FBF,
0x1FBF, 0x1FBF, 0x1FBF, 0x1FBF, 0x1FBF, 0x1FBF, 0x1FBF, 0x1FBF, 0x1FBF, 0x1FBF,
0x1FBF, 0x1FBF, 0x1FBF, 0x1FBF, 0x1FBF, 0x1FBF, 0x1FBF, 0x1FBF, 0x1FBF, 0x1FBF,
0x1FBF, 0x1FBF, 0x1FBF, 0x1FBF, 0x1FBF, 0x1FBF, 0x1FBF, 0x1FBF, 0x1FBF, 0x1FBF,
0x1FBF, 0x1FBF, 0x1FBF, 0x1FBF, 0x1FBF, 0x1FBF, 0x1FBF, 0x1FBF, 0x1FBF, 0x1FBF,
0x1FBF, 0x1FBF, 0x1FBF, 0x1FBF, 0x1FBF, 0x1FBF, 0x1FBF, 0x1FBF, 0x1FBF, 0x1FBF,
0x1FBF, 0x1FBF, 0x1FBF, 0x1FBF, 0x1FBF, 0x1FBF, 0x1FBF, 0x1FBF, 0x1FBF, 0x1FBF,
0x1FBF, 0x1FBF, 0x1FBF, 0x1FBF, 0x1FBF, 0x1FBF, 0x1FBF, 0x1FBF, 0x1FBF, 0x1FBF,
0x1FBF, 0x1FBF, 0x1FBF, 0x1FBF, 0x1FBF, 0x1FBF, 0x1FBF, 0x1FBF, 0x1FBF, 0x1FBF,
0x1FBF, 0x1FBF, 0x1FBF, 0x1FBF, 0x1FBF, 0x1FBF, 0x1FBF, 0x1FBF, 0x1FBF, 0x1FBF,
0x1FBF, 0x1FBF, 0x1FBF, 0x1FBF, 0x1FBF, 0x1FBF, 0x1FBF, 0x1FBF, 0x1FBF, 0x1FBF,
0x1FBF, 0x1FBF, 0x1FBF, 0x1FBF, 0x1FBF, 0x1FBF, 0x1FBF, 0x1FBF, 0x1FBF, 0x1FBF,
0x1FBF, 0x1FBF, 0x1FBF, 0x1FBF, 0x1FBF, 0x1FBF, 0x1FBF, 0x1FBF, 0x1FBF, 0x1FBF,
0x1FBF, 0x1FBF, 0x1FBF, 0x1FBF, 0x1FBF, 0x1FBF, 0x1FBF, 0x1FBF, 0x1FBF, 0x1FBF,
0x1FBF, 0x1FBF, 0x1FBF, 0x1FBF, 0x1FBF, 0x1FBF, 0x1FBF, 0x1FBF, 0x1FBF, 0x1FBF,
0x1FBF, 0x1FBF, 0x1FBF, 0x1FBF, 0x1FBF, 0x1FBF, 0x1FBF, 0x1FBF, 0x1FBF, 0x1FBF,
0x1FBF, 0x1FBF, 0x1FBF, 0x1FBF, 0x1FBF, 0x1FBF, 0x1FBF, 0x1FBF, 0x1FBF, 0x1FBF,
0x1FBF, 0x1FBF, 0x1FBF, 0x1FBF, 0x1FBF, 0x1FBF, 0x1FBF, 0x1FBF, 0x1FBF, 0x1FBF,
0x1FBF, 0x1FBF, 0x1FBF, 0x1FBF, 0x1FBF, 0x1FBF, 0x1FBF, 0x1FBF, 0x1FBF, 0x1FBF,
0x1FBF, 0x1FBF, 0x1FBF, 0x1FBF, 0x1FBF, 0x1FBF, 0x1FBF, 0x1FBF, 0x1FBF, 0x1FBF,
0x1FBF, 0x1FBF, 0x1FBF, 0x1FBF, 0x1FBF, 0x1FBF, 0x1FBF, 0x1FBF, 0x1FBF, 0x1FBF,
0x1FBF, 0x1FBF, 0x1FBF, 0x1FBF, 0x1FBF, 0x1FBF, 0x1FBF, 0x1FBF, 0x1FBF, 0x1FBF,
0x1FBF, 0x1FBF, 0x1FBF, 0x1FBF, 0x1FBF, 0x1FBF, 0x1FBF, 0x1FBF, 0x1FBF, 0x1FBF,
0x1FBF, 0x1FBF, 0x1FBF, 0x1FBF, 0x1FBF, 0x1FBF, 0x1FBF, 0x1FBF, 0x1FBF, 0x1FBF,
0x1FBF, 0x1FBF, 0x1FBF, 0x1FBF, 0x1FBF, 0x1FBF, 0x1FBF, 0x1FBF, 0x1FBF, 0x1FBF,
0x1FBF, 0x1FBF, 0x1FBF, 0x1FBF, 0x1FBF, 0x1FBF, 0x1FBF, 0x1FBF, 0x1FBF, 0x1FBF,
0x1FBF, 0x1FBF, 0x1FBF, 0x1FBF, 0x1FBF, 0x1FBF, 0x1FBF, 0x1FBF, 0x1FBF, 0x1FBF,
0x1FBF, 0x1FBF, 0x1FBF, 0x1FBF, 0x1FBF, 0x1FBF, 0x1FBF, 0x1FBF, 0x1FBF, 0x1FBF,
0x1FBF, 0x1FBF, 0x1FBF, 0x1FBF, 0x1FBF, 0x1FBF, 0x1FBF, 0x1FBF, 0x1FBF, 0x1FBF,
0x1FBF, 0x1FBF, 0x1FBF, 0x1FBF, 0x1FBF, 0x1FBF, 0x3FBF, 0x3FBF, 0x3FBF, 0x3FBF,
0x3FBF, 0x1FBF, 0x1FBF, 0x1FBF, 0x1FBF, 0x1FBF, 0x1FBF, 0x1FBF, 0x1FBF, 0x1FBF,
0x1FBF, 0x1FBF, 0x1FBF, 0x1FBF, 0x1FBF, 0x1FBF, 0x1FBF, 0x1FBF, 0x1FBF, 0x1FBF,
0x1FBF, 0x1FBF, 0x1FBF, 0x1FBF, 0x1FBF, 0x1FBF, 0x1FBF, 0x1FBF, 0x1FBF, 0x1FBF,
0x1FBF, 0x1FBF, 0x1FBF, 0x1FBF, 0x1FBF, 0x1FBF, 0x1FBF, 0x1FBF, 0x1FBF, 0x1FBF,
0x1FBF, 0x1FBF, 0x1FBF, 0x1FBF, 0x1FBF, 0x1FBF, 0x1FBF, 0x1FBF, 0x1FBF, 0x1FBF,
0x1FBF, 0x1FBF, 0x1FBF, 0x1FBF, 0x1FBF, 0x1FBF, 0x1FBF, 0x1FBF, 0x1FBF, 0x1FBF,
0x1FBF, 0x1FBF, 0x1FBF, 0x1FBF, 0x1FBF, 0x1FBF, 0x1FBF, 0x1FBF, 0x1FBF, 0x1FBF,
0x1FBF, 0x1FBF, 0x1FBF, 0x1FBF, 0x1FBF, 0x1FBF, 0x1FBF, 0x1FBF, 0x1FBF, 0x1FBF,
0x1FBF, 0x1FBF, 0x1FBF, 0x1FBF, 0x1FBF, 0x1FBF, 0x1FBF, 0x1FBF, 0x1FBF, 0x1FBF,
0x1FBF, 0x1FBF, 0x1FBF, 0x1FBF, 0x1FBF, 0x1FBF, 0x1FBF, 0x1FBF, 0x1FBF, 0x1FBF,
0x1FBF, 0x1FBF, 0x1FBF, 0x1FBF, 0x1FBF, 0x1FBF, 0x1FBF, 0x1FBF, 0x1FBF, 0x1FBF,
0x1FBF, 0x1FBF, 0x1FBF, 0x1FBF, 0x1FBF, 0x1FBF, 0x1FBF, 0x1FBF, 0x1FBF, 0x1FBF,
0x1FBF, 0x1FBF, 0x1FBF, 0x1FBF, 0x1FBF, 0x1FBF, 0x1FBF, 0x1FBF, 0x1FBF, 0x1FBF,
0x1FBF, 0x1FBF, 0x1FBF, 0x1FBF, 0x1FBF, 0x1FBF, 0x1FBF, 0x1FBF, 0x1FBF, 0x3FBF,
0x3FBF, 0x3FBF, 0x3FBF, 0x3FBF, 0x1FBF, 0x1FBF, 0x1FBF, 0x1FBF, 0x1FBF, 0x1FBF,
0x1FBF, 0x1FBF, 0x1FBF, 0x3FC7, 0x3FC7, 0x3FC7, 0x3FC7, 0x3FC7, 0x3FC7, 0x3FC7,
0x3FC7, 0x3FC7, 0x3FC7, 0x1FBF, 0x1FBF, 0x1FBF, 0x1FBF, 0x1FBF, 0x1FBF, 0x1FBF,
0x1FBF, 0x1FBF, 0x1FBF, 0x1FBF, 0x1FBF, 0x1FBF, 0x1FBF, 0x1FBF, 0x1FBF, 0x1FBF,
0x1FBF, 0x1FBF, 0x1FBF, 0x1FBF, 0x1FBF, 0x1FBF, 0x1FBF, 0x1FBF, 0x1FBF, 0x1FBF,
0x1FBF, 0x1FBF, 0x1FBF, 0x1FBF, 0x1FBF, 0x1FBF, 0x1FBF, 0x1FBF, 0x1FBF, 0x1FBF,
0x1FBF, 0x1FBF, 0x1FBF, 0x1FBF, 0x1FBF, 0x1FBF, 0x1FBF, 0x1FBF, 0x1FBF, 0x1FBF,
0x1FBF, 0x1FBF, 0x1FBF, 0x1FBF, 0x1FBF, 0x1FBF, 0x1FBF, 0x1FBF, 0x1FBF, 0x1FBF,
0x1FBF, 0x1FBF, 0x1FBF, 0x1FBF, 0x1FBF, 0x1FBF, 0x1FBF, 0x1FBF, 0x1FBF, 0x1FBF,
0x1FBF, 0x1FBF, 0x1FBF, 0x1FBF, 0x1FBF, 0x1FBF, 0x1FBF, 0x1FBF, 0x1FBF, 0x1FBF,
0x1FBF, 0x1FBF, 0x1FBF, 0x1FBF, 0x1FBF, 0x1FBF, 0x1FBF, 0x1FBF, 0x1FBF, 0x1FBF,
0x1FBF, 0x1FBF, 0x1FBF, 0x1FBF, 0x1FBF, 0x1FBF, 0x1FBF, 0x1FBF, 0x1FBF, 0x1FBF,
0x1FBF, 0x1FBF, 0x1FBF, 0x1FBF, 0x1FBF, 0x1FBF, 0x1FBF, 0x1FBF, 0x1FBF, 0x1FBF,
0x1FBF, 0x1FBF, 0x1FBF, 0x1FBF, 0x1FBF, 0x1FBF, 0x1FBF, 0x1FBF, 0x1FBF, 0x1FBF,
0x1FBF, 0x1FBF, 0x1FBF, 0x1FBF, 0x1FBF, 0x1FBF, 0x1FBF, 0x1FBF, 0x1FBF, 0x1FBF,
0x1FBF, 0x1FBF, 0x1FBF, 0x1FBF, 0x1FBF, 0x1FBF, 0x1FBF, 0x1FBF, 0x1FBF, 0x1FBF,
0x1FBF, 0x1FBF, 0x1FBF, 0x1FBF, 0x1FBF, 0x1FBF, 0x1FBF, 0x1FBF, 0x1FBF, 0x1FBF,
0x1FBF, 0x1FBF, 0x1FBF, 0x1FBF, 0x1FBF, 0x1FBF, 0x1EBF, 0x1EBF, 0x1EBF, 0x1EBF,
0x1EBF, 0x1FBF, 0x1FBF, 0x1FBF, 0x1FBF, 0x1FBF, 0x1FBF, 0x1FBF, 0x1FBF, 0x1FBF,
0x1FBF, 0x1FBF, 0x1FBF, 0x1FBF, 0x1FBF, 0x1FBF, 0x1FBF, 0x1FBF, 0x1FBF, 0x1FBF,
0x1FBF, 0x1FBF, 0x1FBF, 0x1FBF, 0x1FBF, 0x1FBF, 0x1FBF, 0x1FBF, 0x1FBF, 0x1FBF,
0x1FBF, 0x1FBF, 0x1FBF, 0x1FBF, 0x1FBF, 0x1FBF, 0x1FBF, 0x1FBF, 0x1FBF, 0x1FBF,
0x1FBF, 0x1FBF, 0x1FBF, 0x1FBF, 0x1FBF, 0x1FBF, 0x1FBF, 0x1FBF, 0x1FBF, 0x1FBF,
0x1FBF, 0x1FBF, 0x1FBF, 0x1FBF, 0x1FBF, 0x1FBF, 0x1FBF, 0x1FBF, 0x1FBF, 0x1FBF,
0x1FBF, 0x1FBF, 0x1FBF, 0x1FBF, 0x1FBF, 0x1FBF, 0x1FBF, 0x1FBF, 0x1FBF, 0x1FBF,
0x1FBF, 0x1FBF, 0x1FBF, 0x1FBF, 0x1FBF, 0x1FBF, 0x1FBF, 0x1FBF, 0x1FBF, 0x1FBF,
0x1FBF, 0x1FBF, 0x1FBF, 0x1FBF, 0x1FBF, 0x1FBF, 0x1FBF, 0x1FBF, 0x1FBF, 0x1FBF,
0x1FBF, 0x1FBF, 0x1FBF, 0x1FBF, 0x1FBF, 0x1FBF, 0x1FBF, 0x1FBF, 0x1FBF, 0x1FBF,
0x1FBF, 0x1FBF, 0x1FBF, 0x1FBF, 0x1FBF, 0x1FBF, 0x1FBF, 0x1FBF, 0x1FBF, 0x1FBF,
0x1FBF, 0x1FBF, 0x1FBF, 0x1FBF, 0x1FBF, 0x1FBF, 0x1FBF, 0x1FBF, 0x1FBF, 0x1FBF,
0x1FBF, 0x1FBF, 0x1FBF, 0x1FBF, 0x1FBF, 0x1FBF, 0x1FBF, 0x1FBF, 0x1FBF, 0x1FBF,
0x1FBF, 0x1FBF, 0x1FBF, 0x1FBF, 0x1FBF, 0x1FBF, 0x1FBF, 0x1FBF, 0x1FBF, 0x3FBF,
0x3FBF, 0x3FBF, 0x3FBF, 0x3FBF, 0x1FBF, 0x1FBF, 0x1FBF, 0x1FBF, 0x1FBF, 0x1FBF,
0x1FBF, 0x1FBF, 0x1FBF, 0x1FBF, 0x1FBF, 0x1FBF, 0x1FBF, 0x1FBF, 0x1FBF, 0x1FBF,
0x1FBF, 0x1FBF, 0x1FBF, 0x1FBF, 0x1FBF, 0x1FBF, 0x1FBF, 0x1FBF, 0x1FBF, 0x1FBF,
0x1FBF, 0x1FBF, 0x1FBF, 0x1FBF, 0x1FBF, 0x1FBF, 0x1EBF, 0x1EBF, 0x1EBF, 0x1EBF,
0x1EBF, 0x1FBF, 0x1FBF, 0x1FBF, 0x1FBF, 0x1FBF, 0x1FBF, 0x1FBF, 0x1FBF, 0x1FBF,
0x1FBF, 0x1FBF, 0x1FBF, 0x1FBF, 0x1FBF, 0x1FBF, 0x1FBF, 0x1FBF, 0x1FBF, 0x1FBF,
0x1FBF, 0x1FBF, 0x1FBF, 0x1FBF, 0x1FBF, 0x1FBF, 0x1FBF, 0x1FBF, 0x1FBF, 0x1FBF,
0x1FBF, 0x1FBF, 0x1FBF, 0x1FBF, 0x1FBF, 0x1FBF, 0x1FBF, 0x1FBF, 0x1FBF, 0x1FBF,
0x1FBF, 0x1FBF, 0x1FBF, 0x1FBF, 0x1FBF, 0x1FBF, 0x1FBF, 0x1FBF, 0x1FBF, 0x1FBF,
0x1FBF, 0x1FBF, 0x1FBF, 0x1FBF, 0x1FBF, 0x1FBF, 0x1FBF, 0x1FBF, 0x1FBF, 0x1FBF,
0x1FBF, 0x1FBF, 0x1FBF, 0x1FBF, 0x1FBF, 0x1FBF, 0x1FBF, 0x1FBF, 0x1FBF, 0x1FBF,
0x1FBF, 0x1FBF, 0x1FBF, 0x1FBF, 0x1FBF, 0x1FBF, 0x1FBF, 0x1FBF, 0x1FBF, 0x1FBF,
0x1FBF, 0x1FBF, 0x1FBF, 0x1FBF, 0x1FBF, 0x1FBF, 0x1FBF, 0x1FBF, 0x1FBF, 0x1FBF,
0x1FBF, 0x1FBF, 0x1FBF, 0x1FBF, 0x1FBF, 0x1FBF, 0x1FBF, 0x1FBF, 0x1FBF, 0x1FBF,
0x1FBF, 0x1FBF, 0x1FBF, 0x1FBF, 0x1FBF, 0x1FBF, 0x1FBF, 0x1FBF, 0x1FBF, 0x1FBF,
0x1FBF, 0x1FBF, 0x1FBF, 0x1FBF, 0x1FBF, 0x1FBF, 0x1FBF, 0x1FBF, 0x1FBF, 0x1FBF,
0x1FBF, 0x1FBF, 0x1FBF, 0x1FBF, 0x1FBF, 0x1FBF, 0x1FBF, 0x1FBF, 0x1FBF, 0x1FBF,
0x1FBF, 0x1FBF, 0x1FBF, 0x1FBF, 0x1FBF, 0x1FBF, 0x1EBF, 0x1EBF, 0x1EBF, 0x1EBF,
0x1EBF, 0x1FBF, 0x1FBF, 0x1FBF, 0x1FBF, 0x1FBF, 0x1FBF, 0x1FBF, 0x1FBF, 0x1FBF,
0x1FBF, 0x1FBF, 0x1FBF, 0x1FBF, 0x1FBF, 0x1FBF, 0x1FBF, 0x1FBF, 0x1FBF, 0x1FBF,
0x1FBF, 0x1FBF, 0x1FBF, 0x1FBF, 0x1FBF, 0x1FBF, 0x1FBF, 0x1FBF, 0x1FBF, 0x1FBF,
0x1FBF, 0x1FBF, 0x1FBF, 0x1FBF, 0x1FBF, 0x1FBF, 0x1FBF, 0x1FBF, 0x1FBF, 0x1FBF,
0x1FBF, 0x1FBF, 0x1FBF, 0x1FBF, 0x1FBF, 0x1FBF, 0x1FBF, 0x1FBF, 0x1FBF, 0x1FBF,
0x1FBF, 0x1FBF, 0x1FBF, 0x1FBF, 0x1FBF, 0x1FBF, 0x1FBF, 0x1FBF, 0x1FBF, 0x1FBF,
0x1FBF, 0x1FBF, 0x1FBF, 0x1FBF, 0x1FBF, 0x1FBF, 0x1FBF, 0x1FBF, 0x1FBF, 0x1FBF,
0x1FBF, 0x1FBF, 0x1FBF, 0x1FBF, 0x1FBF, 0x1FBF, 0x1FBF, 0x1FBF, 0x1FBF, 0x1FBF,
0x1FBF, 0x1FBF, 0x1FBF, 0x1FBF, 0x1FBF, 0x1FBF, 0x1FBF, 0x1FBF, 0x1FBF, 0x1FBF,
0x1FBF, 0x1FBF, 0x1FBF, 0x1FBF, 0x1FBF, 0x1FBF, 0x1FBF, 0x1FBF, 0x1FBF, 0x1FBF,
0x1FBF, 0x1FBF, 0x1FBF, 0x1FBF, 0x1FBF, 0x1FBF, 0x1FBF, 0x1FBF, 0x1FBF, 0x1FBF,
0x1FBF, 0x1FBF, 0x1FBF, 0x1FBF, 0x1FBF, 0x1FBF, 0x1FBF, 0x1FBF, 0x1FBF, 0x1FBF,
0x1FBF, 0x1FBF, 0x1FBF, 0x1FBF, 0x1FBF, 0x1FBF, 0x1FBF, 0x1FBF, 0x1FBF, 0x1FBF,
0x1FBF, 0x1FBF, 0x1FBF, 0x1FBF, 0x1FBF, 0x1FBF, 0x1FBF, 0x1FBF, 0x1FBF, 0x3FBF,
0x3FBF, 0x3FBF, 0x3FBF, 0x3FBF, 0x1FBF, 0x1FBF, 0x1FBF, 0x1FBF, 0x1FBF, 0x1FBF,
0x1FBF, 0x1FBF, 0x1FBF, 0x1FBF, 0x1FBF, 0x1FBF, 0x1FBF, 0x1FBF, 0x1FBF, 0x1FBF,
0x1FBF, 0x1FBF, 0x1FBF, 0x1FBF, 0x1FBF, 0x1FBF, 0x1FBF, 0x1FBF, 0x1FBF, 0x1FBF,
0x1FBF, 0x1FBF, 0x1FBF, 0x1FBF, 0x1FBF, 0x1FBF, 0x1EBF, 0x1EBF, 0x1EBF, 0x1EBF,
0x1EBF, 0x1FBF, 0x1FBF, 0x1FBF, 0x1FBF, 0x1FBF, 0x1FBF, 0x1FBF, 0x1FBF, 0x1FBF,
0x1FBF, 0x1FBF, 0x1FBF, 0x1FBF, 0x1FBF, 0x1FBF, 0x1FBF, 0x1FBF, 0x1FBF, 0x1FBF,
0x1FBF, 0x1FBF, 0x1FBF, 0x1FBF, 0x1FBF, 0x1FBF, 0x1FBF, 0x1FBF, 0x1FBF, 0x1FBF,
0x1FBF, 0x1FBF, 0x1FBF, 0x1FBF, 0x1FBF, 0x1FBF, 0x1FBF, 0x1FBF, 0x1FBF, 0x1FBF,
0x1FBF, 0x1FBF, 0x1FBF, 0x1FBF, 0x1FBF, 0x1FBF, 0x1FBF, 0x1FBF, 0x1FBF, 0x1FBF,
0x1FBF, 0x1FBF, 0x1FBF, 0x1FBF, 0x1FBF, 0x1FBF, 0x1FBF, 0x1FBF, 0x1FBF, 0x1FBF,
0x1FBF, 0x1FBF, 0x1FBF, 0x1FBF, 0x1FBF, 0x1FBF, 0x1FBF, 0x1FBF, 0x1FBF, 0x1FBF,
0x1FBF, 0x1FBF, 0x1FBF, 0x1FBF, 0x1FBF, 0x1FBF, 0x1FBF, 0x1FBF, 0x1FBF, 0x1FBF,
0x1FBF, 0x1FBF, 0x1FBF, 0x1FBF, 0x1FBF, 0x1FBF, 0x1FBF, 0x1FBF, 0x1FBF, 0x1FBF,
0x1FBF, 0x1FBF, 0x1FBF, 0x1FBF, 0x1FBF, 0x1FBF, 0x1FBF, 0x1FBF, 0x1FBF, 0x1FBF,
0x1FBF, 0x1FBF, 0x1FBF, 0x1FBF, 0x1FBF, 0x1FBF, 0x1FBF, 0x1FBF, 0x1FBF, 0x1FBF,
0x1FBF, 0x1FBF, 0x1FBF, 0x1FBF, 0x1FBF, 0x1FBF, 0x1FBF, 0x1FBF, 0x1FBF, 0x1FBF,
0x1FBF, 0x1FBF, 0x1FBF, 0x1FBF, 0x1FBF, 0x1FBF, 0x1FBF, 0x1FBF, 0x1FBF, 0x1FBF,
0x1FBF, 0x1FBF, 0x1FBF, 0x1FBF, 0x1FBF, 0x1FBF, 0x3FBF, 0x3FBF, 0x3FBF, 0x3FBF,
0x3FBF, 0x1FBF, 0x1FBF, 0x1FBF, 0x1FBF, 0x1FBF, 0x1FBF, 0x1FBF, 0x1FBF, 0x1FBF,
0x1FBF, 0x1FBF, 0x1FBF, 0x1FBF, 0x1FBF, 0x1FBF, 0x1FBF, 0x1FBF, 0x1FBF, 0x1FBF,
0x1FBF, 0x1FBF, 0x1FBF, 0x1FBF, 0x1FBF, 0x1FBF, 0x1FBF, 0x1FBF, 0x1FBF, 0x1FBF,
0x1FBF, 0x1FBF, 0x1FBF, 0x1FBF, 0x1FBF, 0x1FBF, 0x1FBF, 0x1FBF, 0x1FBF, 0x1FBF,
0x1FBF, 0x1FBF, 0x1FBF, 0x1FBF, 0x1FBF, 0x1FBF, 0x1FBF, 0x1FBF, 0x1FBF, 0x1FBF,
0x1FBF, 0x1FBF, 0x1FBF, 0x1FBF, 0x1FBF, 0x1FBF, 0x1FBF, 0x1FBF, 0x1FBF, 0x1FBF,
0x1FBF, 0x1FBF, 0x1FBF, 0x1FBF, 0x1FBF, 0x1FBF, 0x1FBF, 0x1FBF, 0x1FBF, 0x1FBF,
0x1FBF, 0x1FBF, 0x1FBF, 0x1FBF, 0x1FBF, 0x1FBF, 0x1FBF, 0x1FBF, 0x1FBF, 0x1FBF,
0x1FBF, 0x1FBF, 0x1FBF, 0x1FBF, 0x1FBF, 0x1FBF, 0x1FBF, 0x1FBF, 0x1FBF, 0x1FBF,
0x1FBF, 0x1FBF, 0x1FBF, 0x1FBF, 0x1FBF, 0x1FBF, 0x1FBF, 0x1FBF, 0x1FBF, 0x1FBF,
0x1FBF, 0x1FBF, 0x1FBF, 0x1FBF, 0x1FBF, 0x1FBF, 0x1FBF, 0x1FBF, 0x1FBF, 0x1FBF,
0x1FBF, 0x1FBF, 0x1FBF, 0x1FBF, 0x1FBF, 0x1FBF, 0x1FBF, 0x1FBF, 0x1FBF, 0x1FBF,
0x1FBF, 0x1FBF, 0x1FBF, 0x1FBF, 0x1FBF, 0x1FBF, 0x1FBF, 0x1FBF, 0x1FBF, 0x1FBF,
0x1FBF, 0x1FBF, 0x1FBF, 0x1FBF, 0x1FBF, 0x1FBF, 0x1FBF, 0x1FBF, 0x1FBF, 0x3FBF,
0x3FBF, 0x3FBF, 0x3FBF, 0x3FBF, 0x1FBF, 0x1FBF, 0x1FBF, 0x1FBF, 0x1FBF, 0x1FBF,
0x1FBF, 0x1FBF, 0x1FBF, 0x3FC7, 0x3FC7, 0x3FC7, 0x3FC7, 0x3FC7, 0x3FC7, 0x3FC7,
0x3FC7, 0x3FC7, 0x3FC7, 0x1FBF, 0x1FBF, 0x1FBF, 0x1FBF, 0x1FBF, 0x1FBF, 0x1FBF,
0x1FBF, 0x1FBF, 0x1FBF, 0x1FBF, 0x1FBF, 0x1FBF, 0x1FBF, 0x1FBF, 0x1FBF, 0x1FBF,
0x1FBF, 0x1FBF, 0x1FBF, 0x1FBF, 0x1FBF, 0x1FBF, 0x1FBF, 0x1FBF, 0x1FBF, 0x1FBF,
0x1FBF, 0x1FBF, 0x1FBF, 0x1FBF, 0x1FBF, 0x1FBF, 0x1FBF, 0x1FBF, 0x1FBF, 0x1FBF,
0x1FBF, 0x1FBF, 0x1FBF, 0x1FBF, 0x1FBF, 0x1FBF, 0x1FBF, 0x1FBF, 0x1FBF, 0x1FBF,
0x1FBF, 0x1FBF, 0x1FBF, 0x1FBF, 0x1FBF, 0x1FBF, 0x1FBF, 0x1FBF, 0x1FBF, 0x1FBF,
0x1FBF, 0x1FBF, 0x1FBF, 0x1FBF, 0x1FBF, 0x1FBF, 0x1FBF, 0x1FBF, 0x1FBF, 0x1FBF,
0x1FBF, 0x1FBF, 0x1FBF, 0x1FBF, 0x1FBF, 0x1FBF, 0x1FBF, 0x1FBF, 0x1FBF, 0x1FBF,
0x1FBF, 0x1FBF, 0x1FBF, 0x1FBF, 0x1FBF, 0x1FBF, 0x1FBF, 0x1FBF, 0x1FBF, 0x1FBF,
0x1FBF, 0x1FBF, 0x1FBF, 0x1FBF, 0x1FBF, 0x1FBF, 0x1FBF, 0x1FBF, 0x1FBF, 0x1FBF,
0x1FBF, 0x1FBF, 0x1FBF, 0x1FBF, 0x1FBF, 0x1FBF, 0x1FBF, 0x1FBF, 0x1FBF, 0x1FBF,
0x1FBF, 0x1FBF, 0x1FBF, 0x1FBF, 0x1FBF, 0x1FBF, 0x1FBF, 0x1FBF, 0x1FBF, 0x1FBF,
0x1FBF, 0x1FBF, 0x1FBF, 0x1FBF, 0x1FBF, 0x1FBF, 0x1FBF, 0x1FBF, 0x1FBF, 0x1FBF,
0x1FBF, 0x1FBF, 0x1FBF, 0x1FBF, 0x1FBF, 0x1FBF, 0x1FBF, 0x1FBF, 0x1FBF, 0x1FBF,
0x1FBF, 0x1FBF, 0x1FBF, 0x1FBF, 0x1FBF, 0x1FBF, 0x1FBF, 0x1FBF, 0x1FBF, 0x1FBF,
0x1FBF, 0x1FBF, 0x1FBF, 0x1FBF, 0x1FBF, 0x1FBF, 0x3FBF, 0x3FBF, 0x3FBF, 0x3FBF,
0x3FBF, 0x1FBF, 0x1FBF, 0x1FBF, 0x1FBF, 0x1FBF, 0x1FBF, 0x1FBF, 0x1FBF, 0x1FBF,
0x1FBF, 0x1FBF, 0x1FBF, 0x1FBF, 0x1FBF, 0x1FBF, 0x1FBF, 0x1FBF, 0x1FBF, 0x1FBF,
0x1FBF, 0x1FBF, 0x1FBF, 0x1FBF, 0x1FBF, 0x1FBF, 0x1FBF, 0x1FBF, 0x1FBF, 0x1FBF,
0x1FBF, 0x1FBF, 0x1FBF, 0x1FBF, 0x1FBF, 0x1FBF, 0x1FBF, 0x1FBF, 0x1FBF, 0x1FBF,
0x1FBF, 0x1FBF, 0x1FBF, 0x1FBF, 0x1FBF, 0x1FBF, 0x1FBF, 0x1FBF, 0x1FBF, 0x1FBF,
0x1FBF, 0x1FBF, 0x1FBF, 0x1FBF, 0x1FBF, 0x1FBF, 0x1FBF, 0x1FBF, 0x1FBF, 0x1FBF,
0x1FBF, 0x1FBF, 0x1FBF, 0x1FBF, 0x1FBF, 0x1FBF, 0x1FBF, 0x1FBF, 0x1FBF, 0x1FBF,
0x1FBF, 0x1FBF, 0x1FBF, 0x1FBF, 0x1FBF, 0x1FBF, 0x1FBF, 0x1FBF, 0x1FBF, 0x1FBF,
0x1FBF, 0x1FBF, 0x1FBF, 0x1FBF, 0x1FBF, 0x1FBF, 0x1FBF, 0x1FBF, 0x1FBF, 0x1FBF,
0x1FBF, 0x1FBF, 0x1FBF, 0x1FBF, 0x1FBF, 0x1FBF, 0x1FBF, 0x1FBF, 0x1FBF, 0x1FBF,
0x1FBF, 0x1FBF, 0x1FBF, 0x1FBF, 0x1FBF, 0x1FBF, 0x1FBF, 0x1FBF, 0x1FBF, 0x1FBF,
0x1FBF, 0x1FBF, 0x1FBF, 0x1FBF, 0x1FBF, 0x1FBF, 0x1FBF, 0x1FBF, 0x1FBF, 0x1FBF,
0x1FBF, 0x1FBF, 0x1FBF, 0x1FBF, 0x1FBF, 0x1FBF, 0x1FBF, 0x1FBF, 0x1FBF, 0x1FBF,
0x1FBF, 0x1FBF, 0x1FBF, 0x1FBF, 0x1FBF, 0x1FBF, 0x1FBF, 0x1FBF, 0x1FBF, 0x3FBF,
0x3FBF, 0x3FBF, 0x3FBF, 0x3FBF, 0x1FBF, 0x1FBF, 0x1FBF, 0x1FBF, 0x1FBF, 0x1FBF,
0x1FBF, 0x1FBF, 0x1FBF, 0x3FC7, 0x3FC7, 0x3FC7, 0x3FC7, 0x3FC7, 0x3FC7, 0x3FC7,
0x3FC7, 0x3FC7, 0x3FC7, 0x1FBF, 0x1FBF, 0x1FBF, 0x1FBF, 0x1FBF, 0x1FBF, 0x1FBF,
0x1FBF, 0x1FBF, 0x1FBF, 0x1FBF, 0x1FBF, 0x1FBF, 0x1FBF, 0x1FBF, 0x1FBF, 0x1FBF,
0x1FBF, 0x1FBF, 0x1FBF, 0x1FBF, 0x1FBF, 0x1FBF, 0x1FBF, 0x1FBF, 0x1FBF, 0x1FBF,
0x1FBF, 0x1FBF, 0x1FBF, 0x1FBF, 0x1FBF, 0x1FBF, 0x1FBF, 0x1FBF, 0x1FBF, 0x1FBF,
0x1FBF, 0x1FBF, 0x1FBF, 0x1FBF, 0x1FBF, 0x1FBF, 0x1FBF, 0x1FBF, 0x1FBF, 0x1FBF,
0x1FBF, 0x1FBF, 0x1FBF, 0x1FBF, 0x1FBF, 0x1FBF, 0x1FBF, 0x1FBF, 0x1FBF, 0x1FBF,
0x1FBF, 0x1FBF, 0x1FBF, 0x1FBF, 0x1FBF, 0x1FBF, 0x1FBF, 0x1FBF, 0x1FBF, 0x1FBF,
0x1FBF, 0x1FBF, 0x1FBF, 0x1FBF, 0x1FBF, 0x1FBF, 0x1FBF, 0x1FBF, 0x1FBF, 0x1FBF,
0x1FBF, 0x1FBF, 0x1FBF, 0x1FBF, 0x1FBF, 0x1FBF, 0x1FBF, 0x1FBF, 0x1FBF, 0x1FBF,
0x1FBF, 0x1FBF, 0x1FBF, 0x1FBF, 0x1FBF, 0x1FBF, 0x1FBF, 0x1FBF, 0x1FBF, 0x1FBF,
0x1FBF, 0x1FBF, 0x1FBF, 0x1FBF, 0x1FBF, 0x1FBF, 0x1FBF, 0x1FBF, 0x1FBF, 0x1FBF,
0x1FBF, 0x1FBF, 0x1FBF, 0x1FBF, 0x1FBF, 0x1FBF, 0x1FBF, 0x1FBF, 0x1FBF, 0x1FBF,
0x1FBF, 0x1FBF, 0x1FBF, 0x1FBF, 0x1FBF, 0x1FBF, 0x1FBF, 0x1FBF, 0x1FBF, 0x1FBF,
0x1FBF, 0x1FBF, 0x1FBF, 0x1FBF, 0x1FBF, 0x1FBF, 0x1FBF, 0x1FBF, 0x1FBF, 0x1FBF,
0x1FBF, 0x1FBF, 0x1FBF, 0x1FBF, 0x1FBF, 0x1FBF, 0x1FBF, 0x1FBF, 0x1FBF, 0x1FBF,
0x1FBF, 0x1FBF, 0x1FBF, 0x1FBF, 0x1FBF, 0x1FBF, 0x1EBF, 0x1EBF, 0x1EBF, 0x1EBF,
0x1EBF, 0x1FBF, 0x1FBF, 0x1FBF, 0x1FBF, 0x1FBF, 0x1FBF, 0x1FBF, 0x1FBF, 0x1FBF,
0x1FBF, 0x1FBF, 0x1FBF, 0x1FBF, 0x1FBF, 0x1FBF, 0x1FBF, 0x1FBF, 0x1FBF, 0x1FBF,
0x1FBF, 0x1FBF, 0x1FBF, 0x1FBF, 0x1FBF, 0x1FBF, 0x1FBF, 0x1FBF, 0x1FBF, 0x1FBF,
0x1FBF, 0x1FBF, 0x1FBF, 0x1FBF, 0x1FBF, 0x1FBF, 0x1FBF, 0x1FBF, 0x1FBF, 0x1FBF,
0x1FBF, 0x1FBF, 0x1FBF, 0x1FBF, 0x1FBF, 0x1FBF, 0x1FBF, 0x1FBF, 0x1FBF, 0x1FBF,
0x1FBF, 0x1FBF, 0x1FBF, 0x1FBF, 0x1FBF, 0x1FBF, 0x1FBF, 0x1FBF, 0x1FBF, 0x1FBF,
0x1FBF, 0x1FBF, 0x1FBF, 0x1FBF, 0x1FBF, 0x1FBF, 0x1FBF, 0x1FBF, 0x1FBF, 0x1FBF,
0x1FBF, 0x1FBF, 0x1FBF, 0x1FBF, 0x1FBF, 0x1FBF, 0x1FBF, 0x1FBF, 0x1FBF, 0x1FBF,
0x1FBF, 0x1FBF, 0x1FBF, 0x1FBF, 0x1FBF, 0x1FBF, 0x1FBF, 0x1FBF, 0x1FBF, 0x1FBF,
0x1FBF, 0x1FBF, 0x1FBF, 0x1FBF, 0x1FBF, 0x1FBF, 0x1FBF, 0x1FBF, 0x1FBF, 0x1FBF,
0x1FBF, 0x1FBF, 0x1FBF, 0x1FBF, 0x1FBF, 0x1FBF, 0x1FBF, 0x1FBF, 0x1FBF, 0x1FBF,
0x1FBF, 0x1FBF, 0x1FBF, 0x1FBF, 0x1FBF, 0x1FBF, 0x1FBF, 0x1FBF, 0x1FBF, 0x1FBF,
0x1FBF, 0x1FBF, 0x1FBF, 0x1FBF, 0x1FBF, 0x1FBF, 0x1FBF, 0x1FBF, 0x1FBF, 0x1FBF,
0x1FBF, 0x1FBF, 0x1FBF, 0x1FBF, 0x1FBF, 0x1FBF, 0x1FBF, 0x1FBF, 0x1FBF, 0x3FBF,
0x3FBF, 0x3FBF, 0x3FBF, 0x3FBF, 0x1FBF, 0x1FBF, 0x1FBF, 0x1FBF, 0x1FBF, 0x1FBF,
0x1FBF, 0x1FBF, 0x1FBF, 0x1FBF, 0x1FBF, 0x1FBF, 0x1FBF, 0x1FBF, 0x1FBF, 0x1FBF,
0x1FBF, 0x1FBF, 0x1FBF, 0x1FBF, 0x1FBF, 0x1FBF, 0x1FBF, 0x1FBF, 0x1FBF, 0x1FBF,
0x1FBF, 0x1FBF, 0x1FBF, 0x1FBF, 0x1FBF, 0x1FBF, 0x1EBF, 0x1EBF, 0x1EBF, 0x1EBF,
0x1EBF, 0x1FBF, 0x1FBF, 0x1FBF, 0x1FBF, 0x1FBF, 0x1FBF, 0x1FBF, 0x1FBF, 0x1FBF,
0x1FBF, 0x1FBF, 0x1FBF, 0x1FBF, 0x1FBF, 0x1FBF, 0x1FBF, 0x1FBF, 0x1FBF, 0x1FBF,
0x1FBF, 0x1FBF, 0x1FBF, 0x1FBF, 0x1FBF, 0x1FBF, 0x1FBF, 0x1FBF, 0x1FBF, 0x1FBF,
0x1FBF, 0x1FBF, 0x1FBF, 0x1FBF, 0x1FBF, 0x1FBF, 0x1FBF, 0x1FBF, 0x1FBF, 0x1FBF,
0x1FBF, 0x1FBF, 0x1FBF, 0x1FBF, 0x1FBF, 0x1FBF, 0x1FBF, 0x1FBF, 0x1FBF, 0x1FBF,
0x1FBF, 0x1FBF, 0x1FBF, 0x1FBF, 0x1FBF, 0x1FBF, 0x1FBF, 0x1FBF, 0x1FBF, 0x1FBF,
0x1FBF, 0x1FBF, 0x1FBF, 0x1FBF, 0x1FBF, 0x1FBF, 0x1FBF, 0x1FBF, 0x1FBF, 0x1FBF,
0x1FBF, 0x1FBF, 0x1FBF, 0x1FBF, 0x1FBF, 0x1FBF, 0x1FBF, 0x1FBF, 0x1FBF, 0x1FBF,
0x1FBF, 0x1FBF, 0x1FBF, 0x1FBF, 0x1FBF, 0x1FBF, 0x1FBF, 0x1FBF, 0x1FBF, 0x1FBF,
0x1FBF, 0x1FBF, 0x1FBF, 0x1FBF, 0x1FBF, 0x1FBF, 0x1FBF, 0x1FBF, 0x1FBF, 0x1FBF,
0x1FBF, 0x1FBF, 0x1FBF, 0x1FBF, 0x1FBF, 0x1FBF, 0x1FBF, 0x1FBF, 0x1FBF, 0x1FBF,
0x1FBF, 0x1FBF, 0x1FBF, 0x1FBF, 0x1FBF, 0x1FBF, 0x1FBF, 0x1FBF, 0x1FBF, 0x1FBF,
0x1FBF, 0x1FBF, 0x1FBF, 0x1FBF, 0x1FBF, 0x1FBF, 0x1FBF, 0x1FBF, 0x1FBF, 0x1FBF,
0x1FBF, 0x1FBF, 0x1FBF, 0x1FBF, 0x1FBF, 0x1FBF, 0x1EBF, 0x1EBF, 0x1EBF, 0x1EBF,
0x1EBF, 0x1FBF, 0x1FBF, 0x1FBF, 0x1FBF, 0x1FBF, 0x1FBF, 0x1FBF, 0x1FBF, 0x1FBF,
0x1FBF, 0x1FBF, 0x1FBF, 0x1FBF, 0x1FBF, 0x1FBF, 0x1FBF, 0x1FBF, 0x1FBF, 0x1FBF,
0x1FBF, 0x1FBF, 0x1FBF, 0x1FBF, 0x1FBF, 0x1FBF, 0x1FBF, 0x1FBF, 0x1FBF, 0x1FBF,
0x1FBF, 0x1FBF, 0x1FBF, 0x1FBF, 0x1FBF, 0x1FBF, 0x1FBF, 0x1FBF, 0x1FBF, 0x1FBF,
0x1FBF, 0x1FBF, 0x1FBF, 0x1FBF, 0x1FBF, 0x1FBF, 0x1FBF, 0x1FBF, 0x1FBF, 0x1FBF,
0x1FBF, 0x1FBF, 0x1FBF, 0x1FBF, 0x1FBF, 0x1FBF, 0x1FBF, 0x1FBF, 0x1FBF, 0x1FBF,
0x1FBF, 0x1FBF, 0x1FBF, 0x1FBF, 0x1FBF, 0x1FBF, 0x1FBF, 0x1FBF, 0x1FBF, 0x1FBF,
0x1FBF, 0x1FBF, 0x1FBF, 0x1FBF, 0x1FBF, 0x1FBF, 0x1FBF, 0x1FBF, 0x1FBF, 0x1FBF,
0x1FBF, 0x1FBF, 0x1FBF, 0x1FBF, 0x1FBF, 0x1FBF, 0x1FBF, 0x1FBF, 0x1FBF, 0x1FBF,
0x1FBF, 0x1FBF, 0x1FBF, 0x1FBF, 0x1FBF, 0x1FBF, 0x1FBF, 0x1FBF, 0x1FBF, 0x1FBF,
0x1FBF, 0x1FBF, 0x1FBF, 0x1FBF, 0x1FBF, 0x1FBF, 0x1FBF, 0x1FBF, 0x1FBF, 0x1FBF,
0x1FBF, 0x1FBF, 0x1FBF, 0x1FBF, 0x1FBF, 0x1FBF, 0x1FBF, 0x1FBF, 0x1FBF, 0x1FBF,
0x1FBF, 0x1FBF, 0x1FBF, 0x1FBF, 0x1FBF, 0x1FBF, 0x1FBF, 0x1FBF, 0x1FBF, 0x1FBF,
0x1FBF, 0x1FBF, 0x1FBF, 0x1FBF, 0x1FBF, 0x1FBF, 0x1FBF, 0x1FBF, 0x1FBF, 0x3FBF,
0x3FBF, 0x3FBF, 0x3FBF, 0x3FBF, 0x1FBF, 0x1FBF, 0x1FBF, 0x1FBF, 0x1FBF, 0x1FBF,
0x1FBF, 0x1FBF, 0x1FBF, 0x1FBF, 0x1FBF, 0x1FBF, 0x1FBF, 0x1FBF, 0x1FBF, 0x1FBF,
0x1FBF, 0x1FBF, 0x1FBF, 0x1FBF, 0x1FBF, 0x1FBF, 0x1FBF, 0x1FBF, 0x1FBF, 0x1FBF,
0x1FBF, 0x1FBF, 0x1FBF, 0x1FBF, 0x1FBF, 0x1FBF, 0x1EBF, 0x1EBF, 0x1EBF, 0x1EBF,
0x1EBF, 0x1FBF, 0x1FBF, 0x1FBF, 0x1FBF, 0x1FBF, 0x1FBF, 0x1FBF, 0x1FBF, 0x1FBF,
0x1FBF, 0x1FBF, 0x1FBF, 0x1FBF, 0x1FBF, 0x1FBF, 0x1FBF, 0x1FBF, 0x1FBF, 0x1FBF,
0x1FBF, 0x1FBF, 0x1FBF, 0x1FBF, 0x1FBF, 0x1FBF, 0x1FBF, 0x1FBF, 0x1FBF, 0x1FBF,
0x1FBF, 0x1FBF, 0x1FBF, 0x1FBF, 0x1FBF, 0x1FBF, 0x1FBF, 0x1FBF, 0x1FBF, 0x1FBF,
0x1FBF, 0x1FBF, 0x1FBF, 0x1FBF, 0x1FBF, 0x1FBF, 0x1FBF, 0x1FBF, 0x1FBF, 0x1FBF,
0x1FBF, 0x1FBF, 0x1FBF, 0x1FBF, 0x1FBF, 0x1FBF, 0x1FBF, 0x1FBF, 0x1FBF, 0x1FBF,
0x1FBF, 0x1FBF, 0x1FBF, 0x1FBF, 0x1FBF, 0x1FBF, 0x1FBF, 0x1FBF, 0x1FBF, 0x1FBF,
0x1FBF, 0x1FBF, 0x1FBF, 0x1FBF, 0x1FBF, 0x1FBF, 0x1FBF, 0x1FBF, 0x1FBF, 0x1FBF,
0x1FBF, 0x1FBF, 0x1FBF, 0x1FBF, 0x1FBF, 0x1FBF, 0x1FBF, 0x1FBF, 0x1FBF, 0x1FBF,
0x1FBF, 0x1FBF, 0x1FBF, 0x1FBF, 0x1FBF, 0x1FBF, 0x1FBF, 0x1FBF, 0x1FBF, 0x1FBF,
0x1FBF, 0x1FBF, 0x1FBF, 0x1FBF, 0x1FBF, 0x1FBF, 0x1FBF, 0x1FBF, 0x1FBF, 0x1FBF,
0x1FBF, 0x1FBF, 0x1FBF, 0x1FBF, 0x1FBF, 0x1FBF, 0x1FBF, 0x1FBF, 0x1FBF, 0x1FBF,
0x1FBF, 0x1FBF, 0x1FBF, 0x1FBF, 0x1FBF, 0x1FBF, 0x1FBF, 0x1FBF, 0x1FBF, 0x1FBF,
0x1FBF, 0x1FBF, 0x1FBF, 0x1FBF, 0x1FBF, 0x1FBF, 0x3FBF, 0x3FBF, 0x3FBF, 0x3FBF,
0x3FBF, 0x1FBF, 0x1FBF, 0x1FBF, 0x1FBF, 0x1FBF, 0x1FBF, 0x1FBF, 0x1FBF, 0x1FBF,
0x1FBF, 0x1FBF, 0x1FBF, 0x1FBF, 0x1FBF, 0x1FBF, 0x1FBF, 0x1FBF, 0x1FBF, 0x1FBF,
0x1FBF, 0x1FBF, 0x1FBF, 0x1FBF, 0x1FBF, 0x1FBF, 0x1FBF, 0x1FBF, 0x1FBF, 0x1FBF,
0x1FBF, 0x1FBF, 0x1FBF, 0x1FBF, 0x1FBF, 0x1FBF, 0x1FBF, 0x1FBF, 0x1FBF, 0x1FBF,
0x1FBF, 0x1FBF, 0x1FBF, 0x1FBF, 0x1FBF, 0x1FBF, 0x1FBF, 0x1FBF, 0x1FBF, 0x1FBF,
0x1FBF, 0x1FBF, 0x1FBF, 0x1FBF, 0x1FBF, 0x1FBF, 0x1FBF, 0x1FBF, 0x1FBF, 0x1FBF,
0x1FBF, 0x1FBF, 0x1FBF, 0x1FBF, 0x1FBF, 0x1FBF, 0x1FBF, 0x1FBF, 0x1FBF, 0x1FBF,
0x1FBF, 0x1FBF, 0x1FBF, 0x1FBF, 0x1FBF, 0x1FBF, 0x1FBF, 0x1FBF, 0x1FBF, 0x1FBF,
0x1FBF, 0x1FBF, 0x1FBF, 0x1FBF, 0x1FBF, 0x1FBF, 0x1FBF, 0x1FBF, 0x1FBF, 0x1FBF,
0x1FBF, 0x1FBF, 0x1FBF, 0x1FBF, 0x1FBF, 0x1FBF, 0x1FBF, 0x1FBF, 0x1FBF, 0x1FBF,
0x1FBF, 0x1FBF, 0x1FBF, 0x1FBF, 0x1FBF, 0x1FBF, 0x1FBF, 0x1FBF, 0x1FBF, 0x1FBF,
0x1FBF, 0x1FBF, 0x1FBF, 0x1FBF, 0x1FBF, 0x1FBF, 0x1FBF, 0x1FBF, 0x1FBF, 0x1FBF,
0x1FBF, 0x1FBF, 0x1FBF, 0x1FBF, 0x1FBF, 0x1FBF, 0x1FBF, 0x1FBF, 0x1FBF, 0x1FBF,
0x1FBF, 0x1FBF, 0x1FBF, 0x1FBF, 0x1FBF, 0x1FBF, 0x1FBF, 0x1FBF, 0x1FBF, 0x3FBF,
0x3FBF, 0x3FBF, 0x3FBF, 0x3FBF, 0x1FBF, 0x1FBF, 0x1FBF, 0x1FBF, 0x1FBF, 0x1FBF,
0x1FBF, 0x1FBF, 0x1FBF, 0x3FC7, 0x3FC7, 0x3FC7, 0x3FC7, 0x3FC7, 0x3FC7, 0x3FC7,
0x3FC7, 0x3FC7, 0x3FC7, 0x1FBF, 0x1FBF, 0x1FBF, 0x1FBF, 0x1FBF, 0x1FBF, 0x1FBF,
0x1FBF, 0x1FBF, 0x1FBF, 0x1FBF, 0x1FBF, 0x1FBF, 0x1FBF, 0x1FBF, 0x1FBF, 0x1FBF,
0x1FBF, 0x1FBF, 0x1FBF, 0x1FBF, 0x1FBF, 0x1FBF, 0x1FBF, 0x1FBF, 0x1FBF, 0x1FBF,
0x1FBF, 0x1FBF, 0x1FBF, 0x1FBF, 0x1FBF, 0x1FBF, 0x1FBF, 0x1FBF, 0x1FBF, 0x1FBF,
0x1FBF, 0x1FBF, 0x1FBF, 0x1FBF, 0x1FBF, 0x1FBF, 0x1FBF, 0x1FBF, 0x1FBF, 0x1FBF,
0x1FBF, 0x1FBF, 0x1FBF, 0x1FBF, 0x1FBF, 0x1FBF, 0x1FBF, 0x1FBF, 0x1FBF, 0x1FBF,
0x1FBF, 0x1FBF, 0x1FBF, 0x1FBF, 0x1FBF, 0x1FBF, 0x1FBF, 0x1FBF, 0x1FBF, 0x1FBF,
0x1FBF, 0x1FBF, 0x1FBF, 0x1FBF, 0x1FBF, 0x1FBF, 0x1FBF, 0x1FBF, 0x1FBF, 0x1FBF,
0x1FBF, 0x1FBF, 0x1FBF, 0x1FBF, 0x1FBF, 0x1FBF, 0x1FBF, 0x1FBF, 0x1FBF, 0x1FBF,
0x1FBF, 0x1FBF, 0x1FBF, 0x1FBF, 0x1FBF, 0x1FBF, 0x1FBF, 0x1FBF, 0x1FBF, 0x1FBF,
0x1FBF, 0x1FBF, 0x1FBF, 0x1FBF, 0x1FBF, 0x1FBF, 0x1FBF, 0x1FBF, 0x1FBF, 0x1FBF,
0x1FBF, 0x1FBF, 0x1FBF, 0x1FBF, 0x1FBF, 0x1FBF, 0x1FBF, 0x1FBF, 0x1FBF, 0x1FBF,
0x1FBF, 0x1FBF, 0x1FBF, 0x1FBF, 0x1FBF, 0x1FBF, 0x1FBF, 0x1FBF, 0x1FBF, 0x1FBF,
0x1FBF, 0x1FBF, 0x1FBF, 0x1FBF, 0x1FBF, 0x1FBF, 0x1FBF, 0x1FBF, 0x1FBF, 0x1FBF,
0x1FBF, 0x1FBF, 0x1FBF, 0x1FBF, 0x1FBF, 0x1FBF, 0x1FBF, 0x1FBF, 0x1FBF, 0x1FBF,
0x1FBF, 0x1FBF, 0x1FBF, 0x1FBF, 0x1FBF, 0x1FBF, 0x7FD7, 0x7FD7, 0x7FD7, 0x7FD7,
0x7FD7, 0x7FD7, 0x7FD7, 0x7FD7, 0x7FD7, 0x7FD7, 0x7FD7, 0x7FD7, 0x7FD7, 0x7FD7,
0x7FD7, 0x7FD7, 0x7FD7, 0x7FD7, 0x7FD7, 0x3ED7, 0x3ED7, 0x3ED7, 0x3ED7, 0x3ED7,
0x5FCF, 0x5FCF, 0x5FCF, 0x5FCF, 0x3FD7, 0x3FD7, 0x3FD7, 0x3FD7, 0x3FD7, 0x1FCF,
0x1FCF, 0x1FCF, 0x3FCF, 0x7FBF, 0x7FBF, 0x7FBF, 0x7FBF, 0x7FBF, 0x3EC7, 0x3EC7,
0x3EC7, 0x3EC7, 0x3EC7, 0x3EBF, 0x3EBF, 0x3EBF, 0x3EBF, 0x5EC7, 0x5EC7, 0x5EC7,
0x5EC7, 0x5EC7, 0x3FCF, 0x3FCF, 0x3FCF, 0x3FCF, 0x3ECF, 0x3ECF, 0x3ECF, 0x3ECF,
0x3ECF, 0x3ECF, 0x3ECF, 0x3ECF, 0x3ECF, 0x3ECF, 0x3ECF, 0x3ECF, 0x3ECF, 0x3ECF,
0x5ECF, 0x5ECF, 0x5ECF, 0x5ECF, 0x5ECF, 0x5ECF, 0x5ECF, 0x5ECF, 0x5ECF, 0x5ECF,
0x7FD7, 0x7FD7, 0x7FD7, 0x7FD7, 0x3ECF, 0x3ECF, 0x3ECF, 0x3ECF, 0x3ECF, 0x3ECF,
0x3ECF, 0x3ECF, 0x3ECF, 0x3ECF, 0x3ECF, 0x5ECF, 0x5FCF, 0x5FD7, 0x3ECF, 0x3ECF,
0x3ECF, 0x5ECF, 0x5FCF, 0x3ECF, 0x3ECF, 0x3FCF, 0x5FCF, 0x3FCF, 0x5FCF, 0x5FCF,
0x3FCF, 0x1FC7, 0x5FCF, 0x3ECF, 0x5FCF, 0x3ECF, 0x7ECF, 0x7ECF, 0x7FD7, 0x7FD7,
0x9FD7, 0x3ECF, 0x5ECF, 0x5ECF, 0x5ECF, 0x5ECF, 0x5FCF, 0x3FC7, 0x3FC7, 0x3FC7,
0x7ECF, 0x7ECF, 0x7ECF, 0x5ECF, 0x3DC7, 0x5DD7, 0x5DD7, 0x5DD7, 0x5DD7, 0x5FC7,
0x5FC7, 0x5FC7, 0x5FC7, 0x5FC7, 0x7ECF, 0x7ECF, 0x5EC7, 0x5EC7, 0x5EC7, 0x5FCF,
0x5ECF, 0x7FCF, 0x5FCF, 0x9DCF, 0x9DCF, 0x9DCF, 0x7DCF, 0x7CCF, 0x7FCF, 0x7FD7,
0x9FD7, 0x9FD7, 0x9FD7, 0xBEDF, 0x9EDF, 0x7EDF, 0x7EDF, 0x9FC7, 0x9FC7, 0x9FC7,
0x9FC7, 0x9FC7, 0x9FD7, 0x9FD7, 0x9FD7, 0x9FD7, 0x9FDF, 0x9FDF, 0x9FDF, 0x9FDF,
0x9FDF, 0x9FD7, 0x9FD7, 0x9FD7, 0x9FD7, 0x9FD7, 0x7DDF, 0x7DDF, 0x7DDF, 0x7DDF,
0x7FD7, 0x7FD7, 0x7FD7, 0x7FD7, 0x7FD7, 0x7FD7, 0x7FD7, 0x7FD7, 0x7FD7, 0x9FC7,
0x9FC7, 0x9FC7, 0x9FC7, 0x9FC7, 0x3FCF, 0x3FCF, 0x3FCF, 0x3FCF, 0x3FCF, 0x3DC7,
0x3DC7, 0x5DC7, 0x5DC7, 0x3ECF, 0x3ECF, 0x3ECF, 0x3ECF, 0x3ECF, 0x3FC7, 0x3FC7,
0x3FC7, 0x3FC7, 0x3FC7, 0x1FCF, 0x1FCF, 0x1FCF, 0x1FCF, 0x1ECF, 0x1ECF, 0x1ECF,
0x1ECF, 0x1ECF, 0x5ECF, 0x5ECF, 0x5ECF, 0x5ECF, 0x3DCF, 0x3DCF, 0x3DCF, 0x3DCF,
0x3DCF, 0x5FD7, 0x5FD7, 0x5FD7, 0x5FD7, 0x5FD7, 0x3EC7, 0x3EC7, 0x3EC7, 0x3EC7,
0x3EC7, 0x3EC7, 0x3EC7, 0x3EC7, 0x3EC7, 0x5ECF, 0x5ECF, 0x5ECF, 0x5ECF, 0x5FD7,
0x5FD7, 0x5FD7, 0x5FD7, 0x5FD7, 0x5FCF, 0x5FCF, 0x5FCF, 0x5FCF, 0x5FCF, 0x5FCF,
0x5FCF, 0x5FCF, 0x5FCF, 0x3ECF, 0x3ECF, 0x3ECF, 0x3ECF, 0x3ECF, 0x5FCF, 0x5FCF,
0x5FCF, 0x5FCF, 0x5ECF, 0x5ECF, 0x5ECF, 0x5ECF, 0x5ECF, 0x5ECF, 0x5ECF, 0x5ECF,
0x5ECF, 0x5ECF, 0x3FCF, 0x3FC7, 0x3FC7, 0x5FC7, 0x3FCF, 0x3FCF, 0x5FCF, 0x5FCF,
0x5FCF, 0x7FCF, 0x7FCF, 0x7FCF, 0x7FCF, 0x7FCF, 0x3EC7, 0x3EC7, 0x3EC7, 0x3EC7,
0x5ECF, 0x5ECF, 0x5ECF, 0x5ECF, 0x5ECF, 0x5FCF, 0x7FDF, 0x7FDF, 0x7FDF, 0x7FDF,
0x7FDF, 0x7ED7, 0x7ED7, 0x7ED7, 0x7ED7, 0x7ED7, 0x9FDF, 0x9FDF, 0x9FDF, 0x9FDF,
0x9FDF, 0x9FDF, 0x9FDF, 0x9FDF, 0x9FDF, 0xDFE7, 0xDFE7, 0xDFE7, 0xDFE7, 0xDFE7,
0x7FE7, 0x7FE7, 0x9FE7, 0x9FE7, 0xBFE7, 0xBFE7, 0xBFE7, 0xBFE7, 0xBFE7, 0xBEE7,
0xBEE7, 0xBEE7, 0xDEE7, 0xDFD7, 0xDFD7, 0xDFD7, 0xDFD7, 0xDFD7, 0xBFE7, 0xBFE7,
0xBFE7, 0xBFE7, 0xBFE7, 0xBFE7, 0xBFE7, 0xBFE7, 0xBFE7, 0xDFE7, 0xDFE7, 0xDFE7,
0xDFE7, 0xDFE7, 0xBFE7, 0xBFE7, 0xBFE7, 0xBFE7, 0x9FEF, 0x9FEF, 0x9FEF, 0x9FEF,
0x9FEF, 0xBFEF, 0xBFEF, 0xBFEF, 0xBFEF, 0xBFEF, 0xBFEF, 0xBFEF, 0xBFEF, 0xBFEF,
0xBFEF, 0xBFEF, 0xBFEF, 0xBFEF, 0xBFEF, 0xDFE7, 0xDFE7, 0xDFE7, 0xDFE7, 0xDFE7,
0xDFE7, 0xDFE7, 0xDFE7, 0xDFE7, 0xDFE7, 0xDFE7, 0xDFE7, 0xDFE7, 0xDFE7, 0x9FEF,
0x9FEF, 0x9FEF, 0x9FEF, 0x7FEF, 0x7FEF, 0x7FEF, 0x9FEF, 0x9FEF, 0x7FDF, 0x7FDF,
0x9FDF, 0x9FDF, 0x9FDF, 0x9FDF, 0x7FDF, 0x7FDF, 0x7FDF, 0x5DD7, 0x7ED7, 0x7ED7,
0x5ED7, 0x3DCF, 0x7FDF, 0x7FD7, 0x7FDF, 0x5FD7, 0x3ED7, 0x5ED7, 0x5ED7, 0x5ED7,
0x5ED7, 0x7FDF, 0x9FDF, 0x9FDF, 0x9FDF, 0x9FDF, 0xBFDF, 0xBFDF, 0x9FDF, 0x9FD7,
0x1DCF, 0x5ECF, 0x5ED7, 0x7FD7, 0x7FD7, 0x9FDF, 0x9FDF, 0x9FDF, 0x9FDF, 0xBFD7,
0xBFD7, 0xBFD7, 0xBFD7, 0xBFD7, 0xFFDF, 0xFFDF, 0xDFD7, 0xDFD7, 0xDFD7, 0xBFDF,
0xFFE7, 0xFFE7, 0xBFDF, 0xDFDF, 0xBFDF, 0xBFDF, 0xBFDF, 0xBFDF, 0xBFD7, 0xBFD7,
0xBFD7, 0xDFDF, 0xDFDF, 0xBFD7, 0xBFD7, 0xBFD7, 0xBFD7, 0xBFD7, 0xBFD7, 0xBFD7,
0xBFD7, 0xBFD7, 0x9FDF, 0x9FDF, 0x9FDF, 0x9FDF, 0x9FDF, 0x9FDF, 0x9FDF, 0x9FDF,
0x9FDF, 0x9FDF, 0x9FDF, 0x9FDF, 0x9FDF, 0x9FDF, 0xDFE7, 0xDFE7, 0xDFE7, 0xDFE7,
0x9FE7, 0x9FE7, 0x9FE7, 0x9FE7, 0x9FE7, 0x9FDF, 0x9FDF, 0x9FDF, 0x9FDF, 0xDED7,
0xDED7, 0xDED7, 0xDED7, 0xDED7, 0xDFE7, 0xDFE7, 0xDFE7, 0xDFE7, 0xDFE7, 0xBFEF,
0xBFEF, 0xBFEF, 0xDFF7, 0xBFE7, 0xBFE7, 0xBFE7, 0xBFE7, 0xBFE7, 0xBFEF, 0xBFEF,
0xBFEF, 0xBFEF, 0xBFEF, 0xBFE7, 0xBFE7, 0xBFE7, 0xBFE7, 0xBFE7, 0xBFE7, 0xBFE7,
0xBFE7, 0xBFE7, 0xBFEF, 0xBFEF, 0xBFEF, 0xBFEF, 0xDFEF, 0xDFEF, 0xDFEF, 0xDFEF,
0xDFEF, 0xBFE7, 0xBFE7, 0xBFE7, 0xBFE7, 0xBFE7, 0xBFEF, 0xBFEF, 0xBFEF, 0xBFEF,
0xBFEF, 0xBFEF, 0xBFEF, 0xBFEF, 0xBFEF, 0xBFEF, 0xBFEF, 0xBFEF, 0xBFEF, 0xDFEF,
0xDFEF, 0xDFEF, 0xDFEF, 0xDFEF, 0xDFE7, 0xDFE7, 0xDFE7, 0xDFE7, 0xDFE7, 0xDFEF,
0xDFEF, 0xDFEF, 0xDFEF, 0xBFE7, 0xBFE7, 0xBFE7, 0xBFE7, 0xBFE7, 0xDFEF, 0xDFEF,
0xDFEF, 0xDFEF, 0xBFEF, 0xBFEF, 0xBFEF, 0xBFEF, 0xBFEF, 0x9FDF, 0x7FDF, 0x5FDF,
0x5FDF, 0x5FDF, 0x5FDF, 0x5FD7, 0x5FD7, 0x7FD7, 0x7ED7, 0x7ED7, 0x7ED7, 0x7ED7,
0x7ED7, 0x7EDF, 0x7EDF, 0x7EDF, 0x7EDF, 0x7EDF, 0x9FDF, 0x9FDF, 0x9FDF, 0x9FDF,
0x9FDF, 0x9FDF, 0x7FDF, 0x7FDF, 0x7FDF, 0x5FCF, 0xBFEF, 0xBFEF, 0xBFEF, 0xBFEF,
0xBFEF, 0x9FEF, 0x9FEF, 0x9FEF, 0x9FEF, 0x9FEF, 0x7FEF, 0x7FEF, 0x7FEF, 0x7FEF,
0x7FEF, 0x7FEF, 0x7FEF, 0x7FEF, 0x7FEF, 0x9FF7, 0x9FF7, 0x9FF7, 0x9FF7, 0x9FF7,
0x9FE7, 0x9FE7, 0x9FE7, 0x9FE7, 0x7FEF, 0x7FEF, 0x7FEF, 0x7FEF, 0x7FEF, 0x3FE7,
0x3FE7, 0x5FE7, 0x5FEF, 0x7FE7, 0x7FE7, 0x7FE7, 0x7FE7, 0x7FE7, 0x7FE7, 0x7FE7,
0x7FE7, 0x7FE7, 0x7FE7, 0x7FEF, 0x7FEF, 0x7FEF, 0x7FEF, 0x7FF7, 0x7FF7, 0x7FF7,
0x7FF7, 0x7FF7, 0x7FEF, 0x7FEF, 0x7FEF, 0x7FEF, 0x9EE7, 0x9EE7, 0x9EE7, 0x9EE7,
0x9EE7, 0x7FE7, 0x7FE7, 0x7FE7, 0x7FE7, 0x7FE7, 0x7FE7, 0x7FE7, 0x7FE7, 0x7FE7,
0x9FEF, 0x9FEF, 0x9FEF, 0x9FEF, 0x9FEF, 0x7FEF, 0x7FEF, 0x7FEF, 0x7FEF, 0x7FEF,
0x7EEF, 0x7EEF, 0x7EEF, 0x7EEF, 0x7EEF, 0x7EEF, 0x7EEF, 0x7EEF, 0x7EEF, 0x9EEF,
0x9EEF, 0x9EEF, 0x9EEF, 0x9EEF, 0x9EEF, 0xBFEF, 0xBFEF, 0xBFEF, 0x7FEF, 0x9FEF,
0x9FEF, 0x9FF7, 0x9FF7, 0xBFF7, 0x9FEF, 0x7FEF, 0x7FEF, 0x9FEF, 0x7FEF, 0x7FEF,
0x7FEF, 0x7FEF, 0xBFEF, 0x9FEF, 0xBFEF, 0x9FEF, 0x9FEF, 0x9FEF, 0x9FEF, 0xBFEF,
0xBFEF, 0x9FEF, 0x9FEF, 0x9FEF, 0xBFEF, 0xBFEF, 0x7FF7, 0x7FF7, 0x7FF7, 0x5FF7,
0x3FDF, 0x5FE7, 0x5FE7, 0x5FE7, 0x3FE7, 0x3EC7, 0x3EC7, 0x3EC7, 0x3EC7, 0x1FC7,
0x1FC7, 0x1FC7, 0x1FC7, 0x1FC7, 0x7FCF, 0x5FCF, 0x5FC7, 0x3FC7, 0x3FC7, 0x1FD7,
0xFFCE, 0xDFCE, 0x1FD7, 0xBFD6, 0xDFD6, 0xDFD6, 0xFFD6, 0xFFD6, 0x9FD7, 0x9FD7,
0x9FD7, 0x9FD7, 0x9FD7, 0x3EE7, 0x3EE7, 0x3EE7, 0x3EE7, 0x5FDF, 0x5FDF, 0x5FDF,
0x5FDF, 0x5FDF, 0x5FDF, 0x5FDF, 0x5FDF, 0x5FDF, 0x3FDF, 0x3FDF, 0x3FDF, 0x3FDF,
0x3FDF, 0x9DD7, 0x9DD7, 0x9DD7, 0x9DD7, 0x9DD7, 0x9FDF, 0x9FDF, 0x9FDF, 0x9FDF,
0x3EDF, 0x3EDF, 0x3EDF, 0x3EDF, 0x3EDF, 0x5FE7, 0x5FE7, 0x5FE7, 0x5FE7, 0xFFD6,
0xFFD6, 0xFFD6, 0xFFD6, 0xFFD6, 0x1FDF, 0x1FDF, 0x1FDF, 0x1FDF, 0x1FDF, 0x7EE7,
0x7EE7, 0x7FE7, 0x7FE7, 0x5FE7, 0x5FE7, 0x5FE7, 0x5FE7, 0x5FE7, 0x7FE7, 0x7FE7,
0x7FE7, 0x7FE7, 0x7FE7, 0x7FEF, 0x7FEF, 0x7FEF, 0x7FEF, 0x9FEF, 0x9FEF, 0x9FEF,
0x9FEF, 0x9FEF, 0x9EEF, 0x9EEF, 0x9EEF, 0x9EEF, 0x9EEF, 0x9EEF, 0x9EEF, 0x9EEF,
0x9EEF, 0x7FEF, 0x7FEF, 0x7FEF, 0x7FEF, 0x7FEF, 0x9EEF, 0x9EEF, 0x9EEF, 0x9EEF,
0x9EEF, 0x9EEF, 0x9EEF, 0x9EEF, 0x9EEF, 0x9FEF, 0x9FEF, 0x9FEF, 0x9FEF, 0x7FEF,
0x7FEF, 0x7FEF, 0x7FEF, 0x7FEF, 0x7EEF, 0x7EEF, 0x7EEF, 0x7EEF, 0x7EEF, 0x9FEF,
0x9FEF, 0x9FEF, 0x9FEF, 0x9FEF, 0x9FEF, 0x9FEF, 0x9FEF, 0x9FEF, 0x9FEF, 0x9FEF,
0x9FEF, 0x9FEF, 0x9FEF, 0x9FEF, 0x9FEF, 0x9FEF, 0x9FEF, 0x9EEF, 0x9EEF, 0x9EEF,
0x9EEF, 0x9EEF, 0x7FEF, 0x7FEF, 0x7FEF, 0x7FEF, 0x9FF7, 0x9FF7, 0x9FF7, 0x7FEF,
0x7FEF, 0x9FEF, 0x9FEF, 0x9FEF, 0x9FEF, 0x9FEF, 0x9FEF, 0x9FEF, 0x9FEF, 0x9FEF,
0x9FEF, 0x9FEF, 0x9EEF, 0x9EEF, 0x7EEF, 0x7EEF, 0x7FDF, 0x7FDF, 0x7FDF, 0x7FDF,
0x7FDF, 0x7FDF, 0x7FDF, 0x7FDF, 0x7FDF, 0x7FDF, 0x7FE7, 0x7FE7, 0x7FE7, 0x7FE7,
0x5FE7, 0x5FE7, 0x5FE7, 0x5FE7, 0x5FE7, 0x3FDF, 0x3FDF, 0x3FDF, 0x3FDF, 0x3FDF,
0x5FE7, 0x5FE7, 0x5FE7, 0x5FE7, 0x5FE7, 0x5FE7, 0x5FE7, 0x5FE7, 0x5FE7, 0x5FE7,
0x7FE7, 0x7FE7, 0x7FE7, 0x5FE7, 0x5FE7, 0x5FE7, 0x5FE7, 0x5FE7, 0x5EE7, 0x5EE7,
0x5EE7, 0x5EE7, 0x5EE7, 0x3FE7, 0x3FE7, 0x3FE7, 0x3FE7, 0x5FDF, 0x5FDF, 0x5FDF,
0x5FDF, 0x5FDF, 0x5FE7, 0x5FE7, 0x5FE7, 0x5FE7, 0x3FE7, 0x3FE7, 0x3FE7, 0x3FE7,
0x3FE7, 0x3FE7, 0x3FE7, 0x3FE7, 0x3FE7, 0x3FE7, 0x3FE7, 0x3FE7, 0x3FE7, 0x3FE7,
0x5FE7, 0x5FE7, 0x5FE7, 0x5FE7, 0x5FE7, 0x5FE7, 0x5FE7, 0x5FE7, 0x5FE7, 0x5FE7,
0x5FE7, 0x5FE7, 0x5FE7, 0x5FE7, 0x5FE7, 0x5FE7, 0x5FE7, 0x5FE7, 0x5FE7, 0x5FE7,
0x5FE7, 0x5FE7, 0x5FE7, 0x3FE7, 0x3FE7, 0x3FE7, 0x5FE7, 0x5FE7, 0x1FDF, 0x1FDF,
0x1FDF, 0x3FDF, 0x3FDF, 0x3FE7, 0x3FDF, 0x3FDF, 0x3FDF, 0x7FE7, 0x5FDF, 0x3FDF,
0x3FDF, 0x5FE7, 0x5FDF, 0x3FDF, 0x5FDF, 0x3FDF, 0x1FD7, 0x1FD7, 0x1FDF, 0x1FDF,
0x3FDF, 0x3FDF, 0x3FDF, 0x3FDF, 0x3FDF, 0x5FDF, 0x3FDF, 0x3FDF, 0x1FDF, 0x1FDF,
0x5FE7, 0x5FE7, 0x5FE7, 0x3FDF, 0x1FDF, 0x9FCF, 0x9FCF, 0x9FCF, 0x9FCF, 0xDFD7,
0xDFD7, 0xDFD7, 0xDFD7, 0xDFD7, 0x9FD7, 0x9FD7, 0x7FCF, 0x7FCF, 0x5FCF, 0x5FD7,
0x7FD7, 0x7FD7, 0x7FD7, 0x7FDF, 0x7FDF, 0x7FDF, 0x7FE7, 0x7FE7, 0x5FCF, 0x7FCF,
0x7FD7, 0x7FD7, 0x7FD7, 0x7FE7, 0x5FE7, 0x5FE7, 0x3FE7, 0x7FDF, 0x7FDF, 0x7FDF,
0x7FDF, 0x7FDF, 0x7FDF, 0x7FDF, 0x7FDF, 0x7FDF, 0x9FE7, 0x9FE7, 0x9FE7, 0x9FE7,
0x9FE7, 0x9FD7, 0x9FD7, 0x9FD7, 0x9FD7, 0x9FD7, 0x7FD7, 0x7FD7, 0x7FD7, 0x7FD7,
0xBFE7, 0xBFE7, 0xBFE7, 0xBFE7, 0xBFE7, 0x7FE7, 0x7FE7, 0x7FE7, 0x7FE7, 0x9FE7,
0x9FE7, 0x9FE7, 0x9FE7, 0x9FE7, 0x9FE7, 0x9FE7, 0x9FE7, 0x9FE7, 0x9FE7, 0x5FE7,
0x5FE7, 0x5FE7, 0x5FE7, 0x5FE7, 0x5FE7, 0x5FE7, 0x5FE7, 0x5FE7, 0x5FE7, 0x5FE7,
0x5FE7, 0x5FE7, 0x5FE7, 0x5FE7, 0x5FE7, 0x5FE7, 0x5FE7, 0x5FE7, 0x5FE7, 0x5FE7,
0x5FE7, 0x5FE7, 0x3FE7, 0x3FE7, 0x3FE7, 0x3FE7, 0x5FE7, 0x5FE7, 0x5FE7, 0x5FE7,
0x5FE7, 0x5FE7, 0x5FE7, 0x5FE7, 0x5FE7, 0x5FE7, 0x5FE7, 0x5FE7, 0x5FE7, 0x5FE7,
0x5FE7, 0x5FE7, 0x5FE7, 0x5FE7, 0x5FE7, 0x5FE7, 0x5FE7, 0x5FE7, 0x5FE7, 0x5FE7,
0x5FE7, 0x5FE7, 0x5FE7, 0x5FE7, 0x5FE7, 0x5FE7, 0x5FE7, 0x5FE7, 0x5FE7, 0x5FE7,
0x5FE7, 0x5FE7, 0x5FE7, 0x5FE7, 0x5FE7, 0x5FE7, 0x5FE7, 0x5FE7, 0x5FE7, 0x5FE7,
0x5FE7, 0x5FE7, 0x5FE7, 0x5FE7, 0x5FE7, 0x5FE7, 0x5FE7, 0x5FDF, 0x5FDF, 0x5FDF,
0x5FDF, 0x5FDF, 0x5FDF, 0x5FDF, 0x5FDF, 0x5FDF, 0x5FE7, 0x5FE7, 0x5FE7, 0x3FDF,
0x3EDF, 0x7FE7, 0x7FE7, 0x7FE7, 0x7FE7, 0x7FE7, 0x7FDF, 0x7FDF, 0x7FDF, 0x7FDF,
0x7FE7, 0x5FE7, 0x5FE7, 0x5FE7, 0x5FDF, 0x5FE7, 0xDEA5, 0xDEA5, 0xDEA5, 0xDEA5,
0xDEA5, 0xDEA5, 0xDEA5, 0xDEA5, 0xDEA5, 0xDEA5, 0xFEA5, 0xFEA5, 0xFEA5, 0xFEA5,
0xFEA5, 0xFEA5, 0xFEA5, 0xFEA5, 0xFEA5, 0x1FA6, 0x1FA6, 0x1FA6, 0x1FA6, 0x1FA6,
0xDEA5, 0xDEA5, 0xFEAD, 0xFEAD, 0xDEA5, 0xDEA5, 0xDEA5, 0xDEA5, 0xDEA5, 0xDEA5,
0xFEA5, 0xFEAD, 0xFEAD, 0xDEAD, 0xDEAD, 0xDEAD, 0xDEAD, 0xDEAD, 0xFFAD, 0xFFAD,
0xFFAD, 0xFFAD, 0xFFAD, 0xFEA5, 0xFEA5, 0xFEA5, 0xFEA5, 0xFEA5, 0xFEA5, 0xFEA5,
0xFEA5, 0xFEA5, 0xFEAD, 0xFEAD, 0xFEAD, 0xFEAD, 0xDEAD, 0xDEAD, 0xDEAD, 0xDEAD,
0xDEAD, 0xDEAD, 0xDEAD, 0xDEAD, 0xDEAD, 0xDEAD, 0xDEAD, 0xDEAD, 0xDEAD, 0xDEAD,
0xFFAD, 0xFFAD, 0xFFAD, 0xFFAD, 0xFFAD, 0xFFAD, 0xFFAD, 0xFFAD, 0xFFAD, 0xFFAD,
0x1FAE, 0x1FAE, 0x1FAE, 0x1FAE, 0x1FAE, 0x1FAE, 0x1FAE, 0x1FAE, 0x1FAE, 0x1EAE,
0x1EAE, 0x1EAE, 0x1EAE, 0x3FB6, 0x3FB6, 0x5FB6, 0x5FB6, 0x5FB6, 0x5EB6, 0x5EB6,
0x7FB6, 0x7FB6, 0x7FB6, 0x7EB6, 0x7EB6, 0x9EBE, 0x9EBE, 0x7FBE, 0x5EB6, 0x3EAE,
0x3EB6, 0x7FB6, 0x5DB6, 0x3DAE, 0x5DB6, 0x3DAE, 0x9EBE, 0x9EBE, 0x9EBE, 0x9EBE,
0xBEBE, 0x7DB6, 0x7DB6, 0x7DB6, 0x7DB6, 0x7DB6, 0xBEB6, 0x9EB6, 0x9EB6, 0x9EB6,
0x9EBE, 0x9EBE, 0x9EBE, 0x7EBE, 0x5DB6, 0x3FA6, 0x3FA6, 0x3FA6, 0x3FA6, 0xFB9D,
0xFB9D, 0xFB9D, 0xFB9D, 0xFB9D, 0x7FB6, 0x7FAE, 0x5FAE, 0x5FAE, 0x5FAE, 0x5FA6,
0x3EA6, 0x3EA6, 0x9FAE, 0x9EAE, 0x7EAE, 0x7EAE, 0x5DAE, 0x5DA6, 0x7FB6, 0x7FB6,
0x7FB6, 0x7FB6, 0x7FB6, 0x5FA6, 0x3FA6, 0x1FA6, 0x1F9E, 0xBEA5, 0xBEA5, 0xBEA5,
0xBEA5, 0xBEA5, 0xDEA5, 0xDEA5, 0xDEA5, 0xDEA5, 0xBE9D, 0xBE9D, 0xBE9D, 0xBE9D,
0xBE9D, 0xFFAD, 0xFFAD, 0xFFAD, 0xFFAD, 0xFFAD, 0x1FA6, 0x1FA6, 0x1FA6, 0x1FA6,
0x9E9D, 0x9E9D, 0x9E9D, 0x9E9D, 0x9E9D, 0xDEA5, 0xDEA5, 0xDEA5, 0xDEA5, 0xBEA5,
0xBEA5, 0xBEA5, 0xBEA5, 0xBEA5, 0xDEA5, 0xDEA5, 0xDEA5, 0xDEA5, 0xDEA5, 0xDFA5,
0xDFA5, 0xDFA5, 0xFFA5, 0xFEA5, 0xFEA5, 0xFEA5, 0xFEA5, 0xFEA5, 0xFEA5, 0xFEA5,
0xFEA5, 0xFEA5, 0xFEA5, 0xFEAD, 0xFEAD, 0xFEAD, 0xFEAD, 0xDEA5, 0xDEA5, 0xDEA5,
0xDEA5, 0xDEA5, 0xDFA5, 0xDFA5, 0xDFA5, 0xDFA5, 0xDEA5, 0xDEA5, 0xDEA5, 0xDEA5,
0xDEA5, 0xFEA5, 0xFEA5, 0xFEA5, 0xFEA5, 0xFEA5, 0xFFAD, 0xFFAD, 0xFFAD, 0xFFAD,
0xFFAD, 0xFFAD, 0xFFAD, 0xFFAD, 0xFFAD, 0xFEA5, 0xFEA5, 0xFEA5, 0xFEA5, 0xFEAD,
0xFEAD, 0xFEAD, 0xFEAD, 0xFEAD, 0x1FAE, 0x1FAE, 0x1FAE, 0x1FAE, 0x1FAE, 0x1EB6,
0x1EB6, 0x1EB6, 0x1EB6, 0x1FAE, 0x1FAE, 0x1FAE, 0x1FAE, 0x1FAE, 0x1EB6, 0x1EB6,
0x1EB6, 0x1EB6, 0x1FB6, 0x1FB6, 0x1FB6, 0x1FB6, 0x1FB6, 0x5FB6, 0x3FB6, 0x3FAE,
0x1FAE, 0x1FAE, 0x1EA6, 0x1EA6, 0x1EA6, 0x1EAE, 0x1EA6, 0x1EA6, 0x1EA6, 0xFEA5,
0xFEA5, 0x1FAE, 0x1FAE, 0x1FAE, 0x1FAE, 0x1FAE, 0xFEA5, 0xFEA5, 0xFEA5, 0xFEA5,
0x1FAE, 0xFFAD, 0xFFAD, 0xFFAD, 0xFFAD, 0xFFAD, 0x9D6C, 0x9D6C, 0x9D6C, 0x9D6C,
0x9D6C, 0x9E6C, 0x9E6C, 0x9E6C, 0x9E6C, 0x9E6C, 0x9C6C, 0x9C6C, 0x9C6C, 0x9C6C,
0x9E6C, 0x9E6C, 0x9E6C, 0x9E6C, 0x9E6C, 0x9D64, 0x9D64, 0x9D64, 0x9D64, 0x9D64,
0x9C64, 0x9C64, 0xBC64, 0xBD64, 0x9C6C, 0x9C6C, 0x9C6C, 0x9C6C, 0x9C6C, 0x5D6C,
0x5D6C, 0x7E6C, 0x7E6C, 0x5D74, 0x5D74, 0x5D74, 0x5D74, 0x5D74, 0x9F6C, 0x9F6C,
0x9F6C, 0x9F6C, 0x9F6C, 0x9D64, 0x9D64, 0x9D64, 0x9D64, 0x9D6C, 0x9D6C, 0x9D6C,
0x9D6C, 0x9D6C, 0x9D6C, 0x9D6C, 0x9D6C, 0x9D6C, 0x9D64, 0x9D64, 0x9D64, 0x9D64,
0x9D64, 0x9E64, 0x9E64, 0x9E64, 0x9E64, 0x9E64, 0x9E64, 0x9E64, 0x9E64, 0x9E64,
0x9E6C, 0x9E6C, 0x9E6C, 0x9E6C, 0x9E6C, 0x9D74, 0x9D74, 0x9D74, 0x9D74, 0x9D74,
0x9C6C, 0x9C6C, 0x9C6C, 0x9C6C, 0xBD74, 0xBD74, 0xBD74, 0xBD74, 0xBD74, 0xDC6C,
0xDC6C, 0xDC6C, 0xDC6C, 0x1D75, 0x1D75, 0x3D75, 0x3D75, 0x3E75, 0x9E85, 0x9E85,
0x9E85, 0xBE85, 0xBE85, 0xDE8D, 0x1E96, 0x3E96, 0x5E9E, 0x9E8D, 0x5D85, 0x1C7D,
0x3C7D, 0x7D85, 0xFD95, 0xDD95, 0xFD95, 0xDD8D, 0x3D9E, 0x3D9E, 0x3D9E, 0x5D9E,
0x5E9E, 0x3D9E, 0x3D9E, 0x3D9E, 0x5D9E, 0x5D9E, 0x7EA6, 0x7EA6, 0x7E9E, 0x5E9E,
0x1C9E, 0x3DA6, 0x3DA6, 0x3DA6, 0x3D9E, 0xDE95, 0xDE95, 0xDE95, 0xDE95, 0x7A8D,
0x7A8D, 0x7A8D, 0x7A8D, 0x7A8D, 0x7C95, 0x5C8D, 0x5C8D, 0x5C8D, 0x3B8D, 0x5C75,
0x1B6D, 0x1B75, 0xDE85, 0x5F96, 0x3F96, 0x1E8E, 0xDD85, 0xBD85, 0x1E8D, 0x1E8D,
0x1E8D, 0x3E8D, 0x3E8D, 0x1D75, 0xFD6C, 0xFD6C, 0xFD6C, 0x5C74, 0x5C74, 0x5C74,
0x5C74, 0x5C74, 0x7C6C, 0x7C6C, 0x7C6C, 0x7C6C, 0x9C6C, 0x9C6C, 0x9C6C, 0x9C6C,
0x9C6C, 0x3D7C, 0x3D7C, 0x3D7C, 0x3D7C, 0x3D7C, 0x9B74, 0x9B74, 0x9B74, 0x9B74,
0x9E74, 0x9E74, 0x9E74, 0x9E74, 0x9E74, 0x7C6C, 0x7C6C, 0x7C6C, 0x7C6C, 0x5E74,
0x5E74, 0x5E74, 0x5E74, 0x5E74, 0x7E6C, 0x7E6C, 0x7E6C, 0x7E6C, 0x7E6C, 0x9D64,
0x9D64, 0x9D64, 0x9D64, 0x7C6C, 0x7C6C, 0x7C6C, 0x7C6C, 0x7C6C, 0xBD64, 0xBD64,
0xBD64, 0xBD64, 0xBD64, 0x9D6C, 0x9D6C, 0x9D6C, 0x9D6C, 0x9C6C, 0x9C6C, 0x9C6C,
0x9C6C, 0x9C6C, 0xBD6C, 0xBD6C, 0xBD6C, 0xBD6C, 0x9D6C, 0x9D6C, 0x9D6C, 0x9D6C,
0x9D6C, 0x9C6C, 0x9C6C, 0x9C6C, 0x9C6C, 0x9C6C, 0x9E64, 0x9E64, 0x9E64, 0x9E64,
0x9E64, 0x9E64, 0x9E64, 0x9E64, 0x9E64, 0x9E64, 0x9E64, 0x9E64, 0x9E64, 0x9D6C,
0x9D6C, 0x9D6C, 0x9D6C, 0x9D6C, 0xBD74, 0xBD74, 0xBD74, 0xBD74, 0xBD74, 0xBD6C,
0xBD6C, 0xBD6C, 0xBD6C, 0xBD74, 0xBD74, 0xBD74, 0xBD74, 0xBD74, 0xBD6C, 0xBD6C,
0xBD6C, 0xBD6C, 0xDD6C, 0xDD6C, 0xDD6C, 0xDD6C, 0xDD6C, 0xBD74, 0xBD74, 0x9D74,
0x9D74, 0x9C6C, 0x9E6C, 0x9E6C, 0x7E6C, 0x7E74, 0x7D64, 0x7D64, 0x7E64, 0x7E64,
0x7E6C, 0x7E6C, 0x7E6C, 0x7E6C, 0x7E6C, 0x7E6C, 0x9E6C, 0x9E6C, 0x9E6C, 0x9E6C,
0x9D6C, 0x9D6C, 0x7D6C, 0x7D6C, 0x7D6C, 0x7D6C, 0x9E64, 0x9E64, 0x9E64, 0x9E64,
0x9E64, 0x9E6C, 0x9E6C, 0x9E6C, 0x9E6C, 0x9E6C, 0xBF64, 0xBF64, 0xBF64, 0xBF64,
0xBE64, 0xBE64, 0xBE64, 0xBE64, 0xBE64, 0xBF6C, 0xBF6C, 0xBF6C, 0xBF6C, 0xBF6C,
0x9F64, 0x9F64, 0x9F64, 0x9F64, 0xBF64, 0xBF64, 0xBF64, 0xBF64, 0xBF64, 0xBE64,
0xBE64, 0xBE64, 0xBE64, 0x7E6C, 0x7E6C, 0x7E6C, 0x7E6C, 0x7E6C, 0x9D6C, 0x9D6C,
0x9D6C, 0x9D6C, 0x9D6C, 0x9E6C, 0x9E6C, 0x9E6C, 0x9E6C, 0x9F6C, 0x9F6C, 0x9F6C,
0x9F6C, 0x9F6C, 0xBF64, 0xBF64, 0xBF64, 0xBF64, 0x9F64, 0x9F64, 0x9F64, 0x9F64,
0x9F64, 0x9F64, 0x9F64, 0x9F64, 0x9F64, 0x9F64, 0x9F64, 0x9F64, 0x9F64, 0x9F64,
0x9E6C, 0x9E6C, 0x9E6C, 0x9E6C, 0x9E6C, 0x9F6C, 0x9F6C, 0x9F6C, 0x9F6C, 0x9F6C,
0x9F6C, 0x9F6C, 0x9F6C, 0x9F6C, 0x9F64, 0x9F64, 0x9F64, 0x9F64, 0x9F64, 0x9E64,
0x9E64, 0x9E64, 0x9E64, 0x7D5C, 0x7D64, 0x7D64, 0x9E64, 0x9E64, 0xFD64, 0xFD64,
0xFD64, 0x1E65, 0x1E65, 0xBE7D, 0xFF85, 0x5F8E, 0x7F8E, 0x9F9E, 0x5F96, 0x3F8E,
0x3F96, 0x9F9E, 0x5F96, 0x5F96, 0x5F96, 0x3F96, 0xBF9E, 0xBF9E, 0xBF9E, 0xBFA6,
0xBFA6, 0xBFA6, 0xBFA6, 0xDFA6, 0xDFA6, 0xDFA6, 0xDFB6, 0xDFB6, 0xDFB6, 0xBFB6,
0x3FBF, 0x3FB7, 0x1FB7, 0xDFAE, 0x9EA6, 0x9EA6, 0x9EA6, 0x9EA6, 0x9EA6, 0x7EAE,
0x7EAE, 0x7EAE, 0x7EAE, 0x7EAE, 0x1FA6, 0x1FA6, 0xFFA5, 0xFFA5, 0xFFA5, 0xBE75,
0xBE75, 0xFF85, 0x5F8E, 0xFF85, 0xBF7D, 0x9E75, 0x5D6D, 0x1C65, 0x3D74, 0x3D74,
0x5D74, 0x5D7C, 0x5D7C, 0x7E6C, 0x7E6C, 0x7E6C, 0x7E6C, 0x9F74, 0x9F74, 0x9F74,
0x9F74, 0x9F74, 0xBF6C, 0xBF6C, 0xBF6C, 0xBF6C, 0xBE64, 0xBE64, 0xBE64, 0xBE64,
0xBE64, 0x7D7C, 0x7D7C, 0x7D7C, 0x7D7C, 0x7D7C, 0x9C6C, 0x9C6C, 0x9C6C, 0x9C6C,
0xBD64, 0xBD64, 0xBD64, 0xBD64, 0xBD64, 0x9E64, 0x9E64, 0x9E64, 0x9E64, 0x9D74,
0x9D74, 0x9D74, 0x9D74, 0x9D74, 0x9D64, 0x9D64, 0x9D64, 0x9D64, 0x9D64, 0x9E6C,
0xBE6C, 0xBE6C, 0xBF6C, 0xBF64, 0xBF64, 0xBF64, 0xBF64, 0xBF64, 0x9E6C, 0x9E6C,
0x9E6C, 0x9E6C, 0x9E6C, 0xBE64, 0xBE64, 0xBE64, 0xBE64, 0x9F64, 0x9F64, 0x9F64,
0x9F64, 0x9F64, 0x9F6C, 0x9F6C, 0x9F6C, 0x9F6C, 0xBE64, 0xBE64, 0xBE64, 0xBE64,
0xBE64, 0xBF64, 0xBF64, 0xBF64, 0xBF64, 0xBF64, 0x9E6C, 0x9E6C, 0x9E6C, 0x9E6C,
0x9E6C, 0x9E6C, 0x9E6C, 0x9E6C, 0x9E6C, 0x7D64, 0x7D64, 0x7D64, 0x7D64, 0x9E64,
0x9E64, 0x9E64, 0x9E64, 0x9E64, 0x9F64, 0x9F64, 0x9F64, 0x9F64, 0x9F64, 0x7E64,
0x7E64, 0x7E64, 0x7E64, 0x7E64, 0x7E64, 0x7E64, 0x7E64, 0x7E64, 0x7E64, 0x7E64,
0x7E64, 0x7E64, 0x7E64, 0x7E64, 0x7E64, 0x7E64, 0x7E64, 0x9E64, 0x9E64, 0x9E6C,
0x9E6C, 0x9E6C, 0xBE64, 0x9E64, 0x9E6C, 0x9E6C, 0x7E6C, 0x7E6C, 0x7E6C, 0x9F74,
0x9F74, 0xBE6C, 0xBE6C, 0xBE6C, 0xBE6C, 0xBE6C, 0xBE64, 0xBE64, 0xBE64, 0xBE64,
0xBE64, 0xBE64, 0x9E64, 0x9E64, 0x9E64, 0x7E64, 0x9E6C, 0x9E6C, 0x9E6C, 0x9E6C,
0x9E6C, 0x9E6C, 0x9E6C, 0x9E6C, 0x9E6C, 0x9E6C, 0x9E6C, 0x9E6C, 0x9E6C, 0x9E6C,
0x9E6C, 0x9E6C, 0x9E6C, 0x9E6C, 0x9E6C, 0x9E6C, 0x9E6C, 0x9E6C, 0x9E6C, 0x9E6C,
0x9E6C, 0x9E6C, 0x9E6C, 0x9E6C, 0x9E6C, 0x9E6C, 0x9E6C, 0x9E6C, 0x9E6C, 0x9E6C,
0x9E6C, 0x9E6C, 0x9E6C, 0x9E6C, 0x9E6C, 0x9E6C, 0x9E6C, 0x9E6C, 0x9E6C, 0x9E6C,
0x9E6C, 0x9E6C, 0x9E6C, 0x9E6C, 0x9E6C, 0x9E6C, 0x9E6C, 0x9E6C, 0x9E6C, 0x9E6C,
0x9E6C, 0x9E6C, 0x9E6C, 0x9E6C, 0x9E6C, 0x9E6C, 0x9E6C, 0x9E6C, 0x9E6C, 0x9E6C,
0x9E6C, 0x9E6C, 0x9E6C, 0x9E6C, 0x9E6C, 0x9E6C, 0x9E6C, 0x9E6C, 0x9E6C, 0x9E6C,
0x9E6C, 0xBE6C, 0xBE6C, 0xBE6C, 0xBE6C, 0x3E7D, 0x5E7D, 0x7F85, 0xBF8D, 0xBF8D,
0xBF8D, 0xBF8D, 0xDF8D, 0xDF8D, 0xFE8D, 0xFE8D, 0xFE8D, 0xFE8D, 0xFE8D, 0xFF95,
0xFF95, 0xFF95, 0x1F96, 0xFE74, 0xFE74, 0xFE74, 0xDD6C, 0xBD6C, 0xBD6C, 0xDD6C,
0xDE6C, 0xFE74, 0xFE74, 0x3C7D, 0x5D7D, 0x7D85, 0x9D85, 0x3E96, 0x5E9E, 0x3E9E,
0x5E9E, 0x7E9E, 0x1D96, 0x1D96, 0x1D96, 0xFD95, 0x3D9E, 0x3D9E, 0x3E9E, 0x5E9E,
0x5E9E, 0x7FA6, 0x7EA6, 0x5E9E, 0x3E9E, 0x3E9E, 0x7EA6, 0x5E9E, 0x5D9E, 0x1C96,
0xDD8D, 0xFD95, 0xFD95, 0xFD95, 0x1E96, 0x3D9E, 0x3D9E, 0x3D9E, 0x3D9E, 0x1E9E,
0x1F9E, 0xDE95, 0xFE95, 0xDE95, 0x3E96, 0x1E96, 0x1D8E, 0x3E96, 0x1D8E, 0x3F96,
0x3F96, 0x1E96, 0x1E96, 0xDD85, 0xBD85, 0x9C85, 0xBD85, 0xBD85, 0xDE85, 0xFF8D,
0x3F96, 0xFF8D, 0x1F8E, 0x1F96, 0x1F96, 0x1F96, 0x1F96, 0x1F96, 0x1F96, 0x1F96,
0x1F96, 0x1F96, 0x1F96, 0x1F8E, 0x1F8E, 0xFE8D, 0xFE74, 0xFE74, 0xDE74, 0xBD6C,
0xBD6C, 0x9D6C, 0x9D64, 0x7D64, 0x7D64, 0x7D64, 0x9E6C, 0x9E6C, 0x9E6C, 0x7D6C,
0x9E6C, 0x9E6C, 0x9E6C, 0x9E6C, 0x9E6C, 0x9E6C, 0x9E6C, 0x9E6C, 0x9E6C, 0x9E6C,
0x9E6C, 0x9E6C, 0x9E6C, 0x9E6C, 0x9E6C, 0x9E6C, 0x9E6C, 0x9E6C, 0x9E6C, 0x9E6C,
0x9E6C, 0x9E6C, 0x9E6C, 0x9E6C, 0x9E6C, 0x9E6C, 0x9E6C, 0x9E6C, 0x9E6C, 0x9E6C,
0x9E6C, 0x9E6C, 0x9E6C, 0x9E6C, 0x9E6C, 0x9E6C, 0x9E6C, 0x9E6C, 0x9E6C, 0x9E6C,
0x9E6C, 0x9E6C, 0x9E6C, 0x9E6C, 0x9E6C, 0x9E6C, 0x9E6C, 0x9E6C, 0x9E6C, 0x9E6C,
0x9E6C, 0x9E6C, 0x9E6C, 0x9E6C, 0x9E6C, 0x9E6C, 0x9E6C, 0x9E6C, 0x9E6C, 0x9E6C,
0x9E6C, 0x9E6C, 0x9E6C, 0x9E6C, 0x9E6C, 0x9E6C, 0x9E6C, 0x9E6C, 0x9E6C, 0x9E6C,
0x9E6C, 0x9E6C, 0x9E6C, 0x9E6C, 0x9E6C, 0x9E6C, 0x9E6C, 0x9E6C, 0x9E6C, 0x9E6C,
0x9E6C, 0x9E6C, 0x9E6C, 0x9E6C, 0x9E6C, 0x9E6C, 0x9E6C, 0x9E6C, 0x9E6C, 0x9E6C,
0x9E6C, 0x9E6C, 0x9E6C, 0x9E6C, 0x9E6C, 0x9E6C, 0x9E6C, 0x9E6C, 0x9E6C, 0x9E6C,
0x9E6C, 0x9E6C, 0x9E6C, 0x9E6C, 0x9E6C, 0x9E6C, 0x9E6C, 0x9E6C, 0x9E6C, 0x9E6C,
0x9E6C, 0x9E6C, 0x9E6C, 0x9E6C, 0x9E6C, 0x9E6C, 0x9E6C, 0x9E6C, 0x9E6C, 0x9E6C,
0x9E6C, 0x9E6C, 0x9E6C, 0x9E6C, 0x9E6C, 0x9E6C, 0x9E6C, 0x9E6C, 0x9E6C, 0x9E6C,
0x9E6C, 0x9E6C, 0x9E6C, 0x9E6C, 0x9E6C, 0x9E6C, 0x9E6C, 0x9E6C, 0x9E6C, 0x9E6C,
0x9E6C, 0x9E6C, 0x9E6C, 0x9E6C, 0x9E6C, 0x9E6C, 0x9E6C, 0x9E6C, 0x9E6C, 0x9E6C,
0x9E6C, 0x9E6C, 0x9E6C, 0x9E6C, 0x9E6C, 0x9E6C, 0x9E6C, 0x9E6C, 0x9E6C, 0x9E6C,
0x9E6C, 0x9E6C, 0x9E6C, 0x9E6C, 0x9E6C, 0x9E6C, 0x9E6C, 0x9E6C, 0x9E6C, 0x9E6C,
0x9E6C, 0x9E6C, 0x9E6C, 0x9E6C, 0x9E6C, 0x9E6C, 0x9E6C, 0x9E6C, 0x9E6C, 0x9E6C,
0x9E6C, 0x9E6C, 0x9E6C, 0x9E6C, 0x9E6C, 0x9E6C, 0x9E6C, 0x9E6C, 0x9E6C, 0x9E6C,
0x9E6C, 0x9E6C, 0x9E6C, 0x9E6C, 0x9E6C, 0x9E6C, 0x9E6C, 0x9E6C, 0x9E6C, 0x9E6C,
0xBE6C, 0xBE6C, 0xBE6C, 0xDF74, 0xDF74, 0x1E75, 0x1E7D, 0x3F7D, 0x5F85, 0x5F85,
0xDF8D, 0xDF95, 0xFF95, 0xFF95, 0x3F96, 0x3F96, 0x3F96, 0x3F96, 0x3F96, 0x7F9E,
0x7FA6, 0x7FA6, 0x7FA6, 0x5F9E, 0x7F9E, 0x9FA6, 0x9FA6, 0x9FA6, 0x3F96, 0x3F96,
0x5F96, 0x5F96, 0x5F96, 0x3F96, 0x3F9E, 0x5F9E, 0x5F9E, 0x3D96, 0x3E96, 0x3D96,
0x5E9E, 0x5E9E, 0x9FA6, 0x9FA6, 0x9FA6, 0x9FA6, 0xBFAE, 0xBFAE, 0xDFAE, 0xDFAE,
0xFFAE, 0xDFAE, 0xBFAE, 0xBFAE, 0xBFAE, 0xBFAE, 0x9EA6, 0xBFAE, 0xBFAE, 0x9EA6,
0x1D96, 0x3E9E, 0x1D9E, 0x1D9E, 0x3E9E, 0xBFAE, 0xBFAE, 0xBFAE, 0xBFAE, 0x5D9E,
0x7EA6, 0x7EA6, 0x5D9E, 0x1C96, 0x7F9E, 0x9FA6, 0x7F9E, 0x7F9E, 0x7F9E, 0x7E9E,
0x7E9E, 0x7E9E, 0x7E9E, 0x9FA6, 0x9FA6, 0x7F9E, 0x9F9E, 0x7F9E, 0x7F9E, 0x7F9E,
0xBFA6, 0xBFA6, 0xBFA6, 0xFF8D, 0xFF8D, 0xFF8D, 0xFF8D, 0xFF95, 0xFF95, 0xFF95,
0xFF95, 0xFF95, 0x1F96, 0x1F96, 0xDF8D, 0xDF8D, 0x7F85, 0x7F85, 0x5F85, 0x5F7D,
0x3F7D, 0x1F7D, 0x1F7D, 0x1F75, 0xFF74, 0xFF74, 0xBE6C, 0xBE6C, 0xBE6C, 0xBE6C,
0x9E6C, 0x9E6C, 0x9E6C, 0x9E6C, 0x9E6C, 0x9E6C, 0x9E6C, 0x9E6C, 0x9E6C, 0x9E6C,
0x9E6C, 0x9E6C, 0x9E6C, 0x9E6C, 0x9E6C, 0x9E6C, 0x9E6C, 0x9E6C, 0x9E6C, 0x9E6C,
0x9E6C, 0x9E6C, 0x9E6C, 0x9E6C, 0x9E6C, 0x9E6C, 0x9E6C, 0x9E6C, 0x9E6C, 0x9E6C,
0x9E6C, 0x9E6C, 0x9E6C, 0x9E6C, 0x9E6C, 0x9E6C, 0x9E6C, 0x9E6C, 0x9E6C, 0x9E6C,
0x9E6C, 0x9E6C, 0x9E6C, 0x9E6C, 0x9E6C, 0x9E6C, 0x9E6C, 0x9E6C, 0x9E6C, 0x9E6C,
0x9E6C, 0x9E6C, 0x9E6C, 0x9E6C, 0x9E6C, 0x9E6C, 0x9E6C, 0x9E6C, 0x9E6C, 0x9E6C,
0x9E6C, 0x9E6C, 0x9E6C, 0x9E6C, 0x9E6C, 0x9E6C, 0x9E6C, 0x9E6C, 0x9E6C, 0x9E6C,
0x9E6C, 0x9E6C, 0x9E6C, 0x9E6C, 0x9E6C, 0x9E6C, 0x9E6C, 0x9E6C, 0x9E6C, 0x9E6C,
0x9E6C, 0x9E6C, 0x9E6C, 0x9E6C, 0x9E6C, 0x9E6C, 0x9E6C, 0x9E6C, 0x9E6C, 0x9E6C,
0x9E6C, 0x9E6C, 0x9E6C, 0x9E6C, 0x9E6C, 0x9E6C, 0x9E6C, 0x9E6C, 0x9E6C, 0x9E6C,
0x9E6C, 0x9E6C, 0x9E6C, 0x9E6C, 0x9E6C, 0x9E6C, 0x9E6C, 0x9E6C, 0x9E6C, 0x9E6C,
0x9E6C, 0x9E6C, 0x9E6C, 0x9E6C, 0x9E6C, 0x9E6C, 0x9E6C, 0x9E6C, 0x9E6C, 0x9E6C,
0x9E6C, 0x9E6C, 0x9E6C, 0x9E6C, 0x9E6C, 0x9E6C, 0x9E6C, 0x9E6C, 0x9E6C, 0x9E6C,
0x9E6C, 0x9E6C, 0x9E6C, 0x9E6C, 0x9E6C, 0x9E6C, 0x9E6C, 0x9E6C, 0x9E6C, 0x9E6C,
0x9E6C, 0x9E6C, 0x9E6C, 0x9E6C, 0x9E6C, 0x9E6C, 0x9E6C, 0x9E6C, 0x9E6C, 0x9E6C,
0x9E6C, 0x9E6C, 0x9E6C, 0x9E6C, 0x9E6C, 0x9E6C, 0x9E6C, 0x9E6C, 0x9E6C, 0x9E6C,
0x9E6C, 0x9E6C, 0x9E6C, 0x9E6C, 0x9E6C, 0x9E6C, 0x9E6C, 0x9E6C, 0x9E6C, 0x9E6C,
0x9E6C, 0x9E6C, 0x9E6C, 0x9E6C, 0x9E6C, 0x9E6C, 0x9E6C, 0x9E6C, 0x9E6C, 0x9E6C,
0x9E6C, 0x9E6C, 0x9E6C, 0x9E6C, 0x9E6C, 0x9E6C, 0x9E6C, 0x9E6C, 0x9E6C, 0x9E6C,
0x9E6C, 0x9E6C, 0x9E6C, 0x9E6C, 0x9E6C, 0x9E6C, 0x9E6C, 0x9E6C, 0x9E6C, 0x9E6C,
0x9E6C, 0xBE6C, 0xBE6C, 0xBE6C, 0xBE6C, 0xFF74, 0xFF74, 0xFF74, 0xFF74, 0x1F75,
0x5F7D, 0x5F85, 0x7F85, 0x7F85, 0x5F7D, 0x5F7D, 0x5F7D, 0x5F7D, 0x5F7D, 0x1C75,
0x1C75, 0x1C75, 0x1C75, 0x9B7D, 0xBB85, 0x1D8E, 0x7E9E, 0x9F9E, 0x9E9E, 0xBE9E,
0xBEA6, 0xDFA6, 0xDFA6, 0xDFAE, 0xDFAE, 0xFFAE, 0xFFAE, 0xBFA6, 0xBFAE, 0xBFA6,
0xDFAE, 0xDFAE, 0xDFAE, 0xDFAE, 0xBFAE, 0xBFA6, 0x7EA6, 0x7EA6, 0x9FA6, 0x9FA6,
0xBFA6, 0x1D9E, 0x1D9E, 0x3D9E, 0x3D9E, 0x3D9E, 0xBFAE, 0xDFAE, 0xDFAE, 0xBFAE,
0xDFAE, 0xFFB6, 0xDFAE, 0xDFAE, 0xFFB6, 0xBFAE, 0xBFAE, 0xBFAE, 0xBFAE, 0xDFAE,
0xDFAE, 0xBFAE, 0xDFAE, 0xDFAE, 0xBFAE, 0xDFAE, 0xBFAE, 0x9FA6, 0xBFAE, 0x7F9E,
0x5F9E, 0x5F9E, 0x5F9E, 0xFE8D, 0x1E8E, 0xFE8D, 0xFE8D, 0xDD85, 0x1C75, 0xFB6C,
0x1C75, 0x3C75, 0x5D7D, 0x3E7D, 0x3E7D, 0x3E7D, 0x3E7D, 0x3E75, 0x3E75, 0x3E75,
0x3E75, 0x3E75, 0x5F7D, 0x5F7D, 0x3E75, 0x1E75, 0x7F85, 0x7F85, 0x5F85, 0x3F7D,
0x3F7D, 0x1F75, 0xFF74, 0xFF74, 0xFF74, 0xFF74, 0xBE6C, 0xBE6C, 0xBE6C, 0xBE6C,
0x9E6C, 0x9E6C, 0x9E6C, 0x9E6C, 0x9E6C, 0x9E6C, 0x9E6C, 0x9E6C, 0x9E6C, 0x9E6C,
0x9E6C, 0x9E6C, 0x9E6C, 0x9E6C, 0x9E6C, 0x9E6C, 0x9E6C, 0x9E6C, 0x9E6C, 0x9E6C,
0x9E6C, 0x9E6C, 0x9E6C, 0x9E6C, 0x9E6C, 0x9E6C, 0x9E6C, 0x9E6C, 0x9E6C, 0x9E6C,
0x9E6C, 0x9E6C, 0x9E6C, 0x9E6C, 0x9E6C, 0x9E6C, 0x9E6C, 0x9E6C, 0x9E6C, 0x9E6C,
0x9E6C, 0x9E6C, 0x9E6C, 0x9E6C, 0x9E6C, 0x9E6C, 0x9E6C, 0x9E6C, 0x9E6C, 0x9E6C,
0x9E6C, 0x9E6C, 0x9E6C, 0x9E6C, 0x9E6C, 0x9E6C, 0x9E6C, 0x9E6C, 0x9E6C, 0x9E6C,
0x9E6C, 0x9E6C, 0x9E6C, 0x9E6C, 0x9E6C, 0x9E6C, 0x9E6C, 0x9E6C, 0x9E6C, 0x9E6C,
0x9E6C, 0x9E6C, 0x9E6C, 0x9E6C, 0x9E6C, 0x9E6C, 0x9E6C, 0x9E6C, 0x9E6C, 0x9E6C,
0x9E6C, 0x9E6C, 0x9E6C, 0x9E6C, 0x9E6C, 0x9E6C, 0x9E6C, 0x9E6C, 0x9E6C, 0x9E6C,
0x9E6C, 0x9E6C, 0x9E6C, 0x9E6C, 0x9E6C, 0x9E6C, 0x9E6C, 0x9E6C, 0x9E6C, 0x9E6C,
0x9E6C, 0x9E6C, 0x9E6C, 0x9E6C, 0x9E6C, 0x9E6C, 0x9E6C, 0x9E6C, 0x9E6C, 0x9E6C,
0x9E6C, 0x9E6C, 0x9E6C, 0x9E6C, 0x9E6C, 0x9E6C, 0x9E6C, 0x9E6C, 0x9E6C, 0x9E6C,
0x9E6C, 0x9E6C, 0x9E6C, 0x9E6C, 0x9E6C, 0x9E6C, 0x9E6C, 0x9E6C, 0x9E6C, 0x9E6C,
0x9E6C, 0x9E6C, 0x9E6C, 0x9E6C, 0x9E6C, 0x9E6C, 0x9E6C, 0x9E6C, 0x9E6C, 0x9E6C,
0x9E6C, 0x9E6C, 0x9E6C, 0x9E6C, 0x9E6C, 0x9E6C, 0x9E6C, 0x9E6C, 0x9E6C, 0x9E6C,
0x9E6C, 0x9E6C, 0x9E6C, 0x9E6C, 0x9E6C, 0x9E6C, 0x9E6C, 0x9E6C, 0x9E6C, 0x9E6C,
0x9E6C, 0x9E6C, 0x9E6C, 0x9E6C, 0x9E6C, 0x9E6C, 0x9E6C, 0x9E6C, 0x9E6C, 0x9E6C,
0x9E6C, 0x9E6C, 0x9E6C, 0x9E6C, 0x9E6C, 0x9E6C, 0x9E6C, 0x9E6C, 0x9E6C, 0x9E6C,
0x9E6C, 0x9E6C, 0x9E6C, 0x9E6C, 0x9E6C, 0x9E6C, 0x9E6C, 0x9E6C, 0x9E6C, 0x9E6C,
0x9E6C, 0x9E6C, 0x9E6C, 0x9E6C, 0x9E6C, 0x9E6C, 0x9E6C, 0x9E6C, 0x9E6C, 0x9E6C,
0x7D64, 0x9D6C, 0x9E6C, 0x9E6C, 0x9E6C, 0x9E6C, 0x9E6C, 0x9E6C, 0x7E64, 0x7E64,
0x7B64, 0x9B64, 0x9C64, 0x9C64, 0xBE6C, 0xBE6C, 0xBE6C, 0xBE6C, 0xBE6C, 0x9F85,
0x9F85, 0x9F85, 0x9F8D, 0x9FA6, 0x9FA6, 0x9FA6, 0x7F9E, 0x5F96, 0xFFA6, 0xDFA6,
0x9E9E, 0x7D96, 0x5D96, 0xBEA6, 0xBEA6, 0xBEA6, 0xBEA6, 0x5E9E, 0x5E9E, 0x5E9E,
0x7F9E, 0x7FA6, 0x5E9E, 0x5E9E, 0x3E9E, 0x3E96, 0x5E9E, 0x5E9E, 0x7E9E, 0x7EA6,
0x9FA6, 0x5E9E, 0x5E9E, 0x5E9E, 0x5E9E, 0x5E9E, 0xDFAE, 0xDFAE, 0xDFAE, 0x9EA6,
0x9EA6, 0xBEAE, 0x9EA6, 0x9EA6, 0xBEAE, 0xBFAE, 0xBFAE, 0xBFAE, 0xBFAE, 0xFFB6,
0xFFB6, 0x9FA6, 0x7FA6, 0x7EA6, 0x7FA6, 0x3D9E, 0x5E9E, 0x3E9E, 0x5E9E, 0x5F9E,
0x5F9E, 0x5F9E, 0x5F9E, 0x5F9E, 0x7F9E, 0x7F9E, 0x5F9E, 0x1F96, 0x3F96, 0xDF8D,
0xBF85, 0xBF8D, 0xFF8D, 0xBF8D, 0xBF8D, 0xBF8D, 0xBF8D, 0x1D75, 0x1D75, 0x1D75,
0x1D75, 0x1D75, 0xFF74, 0xDF6C, 0xDF6C, 0xBE6C, 0xBD6C, 0xBD6C, 0xBD6C, 0x9D6C,
0x9C64, 0xBE6C, 0xBE6C, 0xBE6C, 0xBE6C, 0xBE6C, 0xBE6C, 0x9E6C, 0x9E64, 0x9D64,
0x9E6C, 0x9E6C, 0x9E6C, 0x9E6C, 0x9E6C, 0x9E6C, 0x9E6C, 0x9E6C, 0x9E6C, 0x9E6C,
0x9E6C, 0x9E6C, 0x9E6C, 0x9E6C, 0x9E6C, 0x9E6C, 0x9E6C, 0x9E6C, 0x9E6C, 0x9E6C,
0x9E6C, 0x9E6C, 0x9E6C, 0x9E6C, 0x9E6C, 0x9E6C, 0x9E6C, 0x9E6C, 0x9E6C, 0x9E6C,
0x9E6C, 0x9E6C, 0x9E6C, 0x9E6C, 0x9E6C, 0x9E6C, 0x9E6C, 0x9E6C, 0x9E6C, 0x9E6C,
0x9E6C, 0x9E6C, 0x9E6C, 0x9E6C, 0x9E6C, 0x9E6C, 0x9E6C, 0x9E6C, 0x9E6C, 0x9E6C,
0x9E6C, 0x9E6C, 0x9E6C, 0x9E6C, 0x9E6C, 0x9E6C, 0x9E6C, 0x9E6C, 0x9E6C, 0x9E6C,
0x9E6C, 0x9E6C, 0x9E6C, 0x9E6C, 0x9E6C, 0x9E6C, 0x9E6C, 0x9E6C, 0x9E6C, 0x9E6C,
0x9E6C, 0x9E6C, 0x9E6C, 0x9E6C, 0x9E6C, 0x9E6C, 0x9E6C, 0x9E6C, 0x9E6C, 0x9E6C,
0x9E6C, 0x9E6C, 0x9E6C, 0x9E6C, 0x9E6C, 0x9E6C, 0x9E6C, 0x9E6C, 0x9E6C, 0x9E6C,
0x9E6C, 0x9E6C, 0x9E6C, 0x9E6C, 0x9E6C, 0x9E6C, 0x9E6C, 0x9E6C, 0x9E6C, 0x9E6C,
0x9E6C, 0x9E6C, 0x9E6C, 0x9E6C, 0x9E6C, 0x9E6C, 0x9E6C, 0x9E6C, 0x9E6C, 0x9E6C,
0x9E6C, 0x9E6C, 0x9E6C, 0x9E6C, 0x9E6C, 0x9E6C, 0x9E6C, 0x9E6C, 0x9E6C, 0x9E6C,
0x9E6C, 0x9E6C, 0x9E6C, 0x9E6C, 0x9E6C, 0x9E6C, 0x9E6C, 0x9E6C, 0x9E6C, 0x9E6C,
0x9E6C, 0x9E6C, 0x9E6C, 0x9E6C, 0x9E6C, 0x9E6C, 0x9E6C, 0x9E6C, 0x9E6C, 0x9E6C,
0x9E6C, 0x9E6C, 0x9E6C, 0x9E6C, 0x9E6C, 0x9E6C, 0x9E6C, 0x9E6C, 0x9E6C, 0x9E6C,
0x9E6C, 0x9E6C, 0x9E6C, 0x9E6C, 0x9E6C, 0x9E6C, 0x9E6C, 0x9E6C, 0x9E6C, 0x9E6C,
0x9E6C, 0x9E6C, 0x9E6C, 0x9E6C, 0x9E6C, 0x9E6C, 0x9E6C, 0x9E6C, 0x9E6C, 0x9E6C,
0x9E6C, 0x9E6C, 0x9E6C, 0x9E6C, 0x9E6C, 0x9E6C, 0x9E6C, 0x9E6C, 0x9E6C, 0x9E6C,
0x9E6C, 0x9E6C, 0x9E6C, 0x9E6C, 0x9E6C, 0x9E6C, 0x9E6C, 0x9E6C, 0x9E6C, 0x9E6C,
0x9E6C, 0x9E6C, 0x9E6C, 0x9E6C, 0x9E6C, 0x9E6C, 0x9E6C, 0x9E6C, 0x9E6C, 0x9E6C,
0x9E6C, 0x9E6C, 0x9E6C, 0x9E6C, 0xBE6C, 0xBE6C, 0x9E6C, 0x9E6C, 0x9E6C, 0x9E6C,
0xBC6C, 0xBC6C, 0xBC6C, 0xBC6C, 0xFF74, 0xFF74, 0xFF74, 0xFF74, 0xFF74, 0xFE74,
0xFE74, 0x1E75, 0x1E75, 0x3E75, 0x3E75, 0x5E7D, 0x3E7D, 0x3E75, 0x7D7D, 0xBD85,
0xFF8D, 0x3F96, 0x5F9E, 0x7D9E, 0x7D9E, 0x7D9E, 0x7D9E, 0x9FA6, 0x9FA6, 0x9FA6,
0xBFA6, 0xBFAE, 0xBFA6, 0xBFA6, 0xBFA6, 0x9FA6, 0xDFAE, 0xDFAE, 0xFFAE, 0xFFB6,
0x1FB7, 0xFFB6, 0xFFB6, 0xFFB6, 0xDFAE, 0xDFAE, 0xFFB6, 0xFFB6, 0xFFB6, 0xBFAE,
0xDFAE, 0xFFB6, 0xDFAE, 0xBEAE, 0xDFAE, 0xDFAE, 0xDFAE, 0xDFAE, 0xDFAE, 0x9DA6,
0xDEAE, 0xFEAE, 0xFFB6, 0xDEAE, 0xDFAE, 0x7FA6, 0x9FA6, 0x9FA6, 0x9FA6, 0x9FA6,
0x9FA6, 0x9FA6, 0x9FA6, 0x3F96, 0x5F9E, 0x3F96, 0x3F96, 0xFE8D, 0xDF8D, 0x5D7D,
0xFB6C, 0xDB6C, 0xDB6C, 0xBC64, 0xBC64, 0xBC64, 0xBC64, 0xFD74, 0xFD74, 0xFD74,
0xFD74, 0xFD74, 0xFF74, 0xDF74, 0xFF74, 0xDE6C, 0xDE74, 0xDD6C, 0xBD6C, 0xBD6C,
0xBD6C, 0xBE6C, 0xBE6C, 0xBE6C, 0x9D6C, 0x9D6C, 0xBE6C, 0x9E6C, 0x9E6C, 0x9E6C,
0x9E6C, 0x9E6C, 0x9E6C, 0x9E6C, 0x9E6C, 0x9E6C, 0x9E6C, 0x9E6C, 0x9E6C, 0x9E6C,
0x9E6C, 0x9E6C, 0x9E6C, 0x9E6C, 0x9E6C, 0x9E6C, 0x9E6C, 0x9E6C, 0x9E6C, 0x9E6C,
0x9E6C, 0x9E6C, 0x9E6C, 0x9E6C, 0x9E6C, 0x9E6C, 0x9E6C, 0x9E6C, 0x9E6C, 0x9E6C,
0x9E6C, 0x9E6C, 0x9E6C, 0x9E6C, 0x9E6C, 0x9E6C, 0x9E6C, 0x9E6C, 0x9E6C, 0x9E6C,
0x9E6C, 0x9E6C, 0x9E6C, 0x9E6C, 0x9E6C, 0x9E6C, 0x9E6C, 0x9E6C, 0x9E6C, 0x9E6C,
0x9E6C, 0x9E6C, 0x9E6C, 0x9E6C, 0x9E6C, 0x9E6C, 0x9E6C, 0x9E6C, 0x9E6C, 0x9E6C,
0x9E6C, 0x9E6C, 0x9E6C, 0x9E6C, 0x9E6C, 0x9E6C, 0x9E6C, 0x9E6C, 0x9E6C, 0x9E6C,
0x9E6C, 0x9E6C, 0x9E6C, 0x9E6C, 0x9E6C, 0x9E6C, 0x9E6C, 0x9E6C, 0x9E6C, 0x9E6C,
0x9E6C, 0x9E6C, 0x9E6C, 0x9E6C, 0x9E6C, 0x9E6C, 0x9E6C, 0x9E6C, 0x9E6C, 0x9E6C,
0x9E6C, 0x9E6C, 0x9E6C, 0x9E6C, 0x9E6C, 0x9E6C, 0x9E6C, 0x9E6C, 0x9E6C, 0x9E6C,
0x9E6C, 0x9E6C, 0x9E6C, 0x9E6C, 0x9E6C, 0x9E6C, 0x9E6C, 0x9E6C, 0x9E6C, 0x9E6C,
0x9E6C, 0x9E6C, 0x9E6C, 0x9E6C, 0x9E6C, 0x9E6C, 0x9E6C, 0x9E6C, 0x9E6C, 0x9E6C,
0x9E6C, 0x9E6C, 0x9E6C, 0x9E6C, 0x9E6C, 0x9E6C, 0x9E6C, 0x9E6C, 0x9E6C, 0x9E6C,
0x9E6C, 0x9E6C, 0x9E6C, 0x9E6C, 0x9E6C, 0x9E6C, 0x9E6C, 0x9E6C, 0x9E6C, 0x9E6C,
0x9E6C, 0x9E6C, 0x9E6C, 0x9E6C, 0x9E6C, 0x9E6C, 0x9E6C, 0x9E6C, 0x9E6C, 0x9E6C,
0x9E6C, 0x9E6C, 0x9E6C, 0x9E6C, 0x9E6C, 0x9E6C, 0x9E6C, 0x9E6C, 0x9E6C, 0x9E6C,
0x9E6C, 0x9E6C, 0x9E6C, 0x9E6C, 0x9E6C, 0x9E6C, 0x9E6C, 0x9E6C, 0x9E6C, 0x9E6C,
0x9E6C, 0x9E6C, 0x9E6C, 0x9E6C, 0x9E6C, 0x9E6C, 0x9E6C, 0x9E6C, 0x9E6C, 0x9E6C,
0x9E6C, 0x9E6C, 0x9E6C, 0x9E6C, 0x9E6C, 0x9E6C, 0x9E6C, 0x9E6C, 0x9E6C, 0x9E6C,
0x9E6C, 0x9E6C, 0x9E6C, 0x9E6C, 0x9E6C, 0x9E6C, 0x9E6C, 0x9E6C, 0x9E6C, 0x9E6C,
0x9E6C, 0x9E6C, 0x9E6C, 0xBE6C, 0xBE6C, 0xBE6C, 0xBE6C, 0xBE6C, 0xDE6C, 0xDE6C,
0xBC6C, 0xBC6C, 0xDC6C, 0xDD6C, 0xBD6C, 0xBD6C, 0xBD6C, 0xBD6C, 0xBD6C, 0xBD6C,
0xBD6C, 0xBD6C, 0xBD6C, 0xDE6C, 0xDE6C, 0xDE6C, 0x9D64, 0x7D64, 0x1D75, 0x5E7D,
0xBF85, 0x1F96, 0x1F96, 0x5E9E, 0x7E9E, 0x7E9E, 0x7F9E, 0x7FA6, 0x9FA6, 0x9FA6,
0x9FA6, 0xBFA6, 0xBFA6, 0xBFA6, 0xBFA6, 0xBFA6, 0x9FA6, 0x9FA6, 0xBFA6, 0xBFAE,
0xBFAE, 0xDFAE, 0xBFAE, 0x9FAE, 0x9FA6, 0x9FA6, 0xBFAE, 0xDFAE, 0xDFAE, 0xDFAE,
0x9EA6, 0xBFAE, 0x9EA6, 0x7EA6, 0x9EA6, 0x9FA6, 0x9FA6, 0x9FA6, 0x9FA6, 0xFFB6,
0x1FB7, 0xDFAE, 0xBFAE, 0x7EA6, 0x9FA6, 0xBFAE, 0xBFAE, 0x9FA6, 0x9FA6, 0x7F9E,
0x7F9E, 0x7F9E, 0x5F9E, 0x9F9E, 0x9F9E, 0x7F9E, 0x5F9E, 0x1F96, 0xFF8D, 0x9F85,
0x3D75, 0xDC6C, 0xFC6C, 0xDC6C, 0xDC6C, 0xDC6C, 0xDC6C, 0xBC6C, 0xBC6C, 0xBC6C,
0xBC6C, 0xBC6C, 0xBD6C, 0xBD6C, 0x9C64, 0x9C64, 0xBD6C, 0xBD6C, 0xBD6C, 0x9D6C,
0x9C64, 0x9D6C, 0x9D64, 0x7D64, 0x7D64, 0x7D64, 0x9E6C, 0x9E6C, 0x9E6C, 0x9E6C,
0x9E6C, 0x9E6C, 0x9E6C, 0x9E6C, 0x9E6C, 0x9E6C, 0x9E6C, 0x9E6C, 0x9E6C, 0x9E6C,
0x9E6C, 0x9E6C, 0x9E6C, 0x9E6C, 0x9E6C, 0x9E6C, 0x9E6C, 0x9E6C, 0x9E6C, 0x9E6C,
0x9E6C, 0x9E6C, 0x9E6C, 0x9E6C, 0x9E6C, 0x9E6C, 0x9E6C, 0x9E6C, 0x9E6C, 0x9E6C,
0x9E6C, 0x9E6C, 0x9E6C, 0x9E6C, 0x9E6C, 0x9E6C, 0x9E6C, 0x9E6C, 0x9E6C, 0x9E6C,
0x9E6C, 0x9E6C, 0x9E6C, 0x9E6C, 0x9E6C, 0x9E6C, 0x9E6C, 0x9E6C, 0x9E6C, 0x9E6C,
0x9E6C, 0x9E6C, 0x9E6C, 0x9E6C, 0x9E6C, 0x9E6C, 0x9E6C, 0x9E6C, 0x9E6C, 0x9E6C,
0x9E6C, 0x9E6C, 0x9E6C, 0x9E6C, 0x9E6C, 0x9E6C, 0x9E6C, 0x9E6C, 0x9E6C, 0x9E6C,
0x9E6C, 0x9E6C, 0x9E6C, 0x9E6C, 0x9E6C, 0x9E6C, 0x9E6C, 0x9E6C, 0x9E6C, 0x9E6C,
0x9E6C, 0x9E6C, 0x9E6C, 0x9E6C, 0x9E6C, 0x9E6C, 0x9E6C, 0x9E6C, 0x9E6C, 0x9E6C,
0x9E6C, 0x9E6C, 0x9E6C, 0x9E6C, 0x9E6C, 0x9E6C, 0x9E6C, 0x9E6C, 0x9E6C, 0x9E6C,
0x9E6C, 0x9E6C, 0x9E6C, 0x9E6C, 0x9E6C, 0x9E6C, 0x9E6C, 0x9E6C, 0x9E6C, 0x9E6C,
0x9E6C, 0x9E6C, 0x9E6C, 0x9E6C, 0x9E6C, 0x9E6C, 0x9E6C, 0x9E6C, 0x9E6C, 0x9E6C,
0x9E6C, 0x9E6C, 0x9E6C, 0x9E6C, 0x9E6C, 0x9E6C, 0x9E6C, 0x9E6C, 0x9E6C, 0x9E6C,
0x9E6C, 0x9E6C, 0x9E6C, 0x9E6C, 0x9E6C, 0x9E6C, 0x9E6C, 0x9E6C, 0x9E6C, 0x9E6C,
0x9E6C, 0x9E6C, 0x9E6C, 0x9E6C, 0x9E6C, 0x9E6C, 0x9E6C, 0x9E6C, 0x9E6C, 0x9E6C,
0x9E6C, 0x9E6C, 0x9E6C, 0x9E6C, 0x9E6C, 0x9E6C, 0x9E6C, 0x9E6C, 0x9E6C, 0x9E6C,
0x9E6C, 0x9E6C, 0x9E6C, 0x9E6C, 0x9E6C, 0x9E6C, 0x9E6C, 0x9E6C, 0x9E6C, 0x9E6C,
0x9E6C, 0x9E6C, 0x9E6C, 0x9E6C, 0x9E6C, 0x9E6C, 0x9E6C, 0x9E6C, 0x9E6C, 0x9E6C,
0x9E6C, 0x9E6C, 0x9E6C, 0x9E6C, 0x9E6C, 0x9E6C, 0x9E6C, 0x9E6C, 0x9E6C, 0x9E6C,
0x9E6C, 0x9E6C, 0x9E6C, 0x9E6C, 0x9E6C, 0x9E6C, 0x9E6C, 0x9E6C, 0x9E6C, 0x9E6C,
0xBE6C, 0xBE6C, 0xBE6C, 0xBE6C, 0xBE6C, 0x9C64, 0x9C6C, 0xBD6C, 0xDD74, 0xDD74,
0x9C64, 0xBC6C, 0xBC6C, 0xBC6C, 0xFB6C, 0xFB6C, 0xFB6C, 0xFB6C, 0xFB6C, 0xBB6C,
0xBB6C, 0xBB6C, 0xDB6C, 0x9B64, 0xBB64, 0xFC6C, 0x1C75, 0x1D75, 0xFB6C, 0x3C75,
0x9E85, 0xFF8D, 0x1F96, 0x3F96, 0x3F96, 0x5F9E, 0x5F9E, 0x5E9E, 0x5E9E, 0x5E9E,
0x7E9E, 0x7F9E, 0x1D96, 0x1D96, 0xFD95, 0xFD8D, 0x1D96, 0x1D96, 0x3D9E, 0x5E9E,
0x5E9E, 0x7FA6, 0x7FA6, 0x7EA6, 0x5EA6, 0x5E9E, 0x7EA6, 0x9EA6, 0xBFAE, 0xBFAE,
0x7FA6, 0x9FA6, 0x7FA6, 0x5E9E, 0x7EA6, 0x5E9E, 0x5E9E, 0x5E9E, 0x5E9E, 0x3F9E,
0x3F9E, 0xDD95, 0x1E96, 0x1E9E, 0xFD8D, 0x3E96, 0x1D96, 0x1D96, 0xFD8D, 0x3F96,
0x3F96, 0x3F96, 0x1F96, 0xBD85, 0xBD85, 0x7C7D, 0x7C7D, 0x5B75, 0x3F7D, 0x1E75,
0xFE74, 0x9C64, 0x9C64, 0x9B64, 0x9B64, 0x9B64, 0x9B64, 0xBC64, 0xBC64, 0xBC64,
0xBC64, 0xBC64, 0x1C75, 0x1C75, 0xFC6C, 0xFB6C, 0x9D6C, 0x9D6C, 0x9C64, 0x7C64,
0x7C64, 0xBE6C, 0xBE6C, 0x9D6C, 0x9D6C, 0x9D6C, 0xBE6C, 0xBE6C, 0x9E6C, 0x9E6C,
0x9E6C, 0x9E6C, 0x9E6C, 0x9E6C, 0x9E6C, 0x9E6C, 0x9E6C, 0x9E6C, 0x9E6C, 0x9E6C,
0x9E6C, 0x9E6C, 0x9E6C, 0x9E6C, 0x9E6C, 0x9E6C, 0x9E6C, 0x9E6C, 0x9E6C, 0x9E6C,
0x9E6C, 0x9E6C, 0x9E6C, 0x9E6C, 0x9E6C, 0x9E6C, 0x9E6C, 0x9E6C, 0x9E6C, 0x9E6C,
0x9E6C, 0x9E6C, 0x9E6C, 0x9E6C, 0x9E6C, 0x9E6C, 0x9E6C, 0x9E6C, 0x9E6C, 0x9E6C,
0x9E6C, 0x9E6C, 0x9E6C, 0x9E6C, 0x9E6C, 0x9E6C, 0x9E6C, 0x9E6C, 0x9E6C, 0x9E6C,
0x9E6C, 0x9E6C, 0x9E6C, 0x9E6C, 0x9E6C, 0x9E6C, 0x9E6C, 0x9E6C, 0x9E6C, 0x9E6C,
0x9E6C, 0x9E6C, 0x9E6C, 0x9E6C, 0x9E6C, 0x9E6C, 0x9E6C, 0x9E6C, 0x9E6C, 0x9E6C,
0x9E6C, 0x9E6C, 0x9E6C, 0x9E6C, 0x9E6C, 0x9E6C, 0x9E6C, 0x9E6C, 0x9E6C, 0x9E6C,
0x9E6C, 0x9E6C, 0x9E6C, 0x9E6C, 0x9E6C, 0x9E6C, 0x9E6C, 0x9E6C, 0x9E6C, 0x9E6C,
0x9E6C, 0x9E6C, 0x9E6C, 0x9E6C, 0x9E6C, 0x9E6C, 0x9E6C, 0x9E6C, 0x9E6C, 0x9E6C,
0x9E6C, 0x9E6C, 0x9E6C, 0x9E6C, 0x9E6C, 0x9E6C, 0x9E6C, 0x9E6C, 0x9E6C, 0x9E6C,
0x9E6C, 0x9E6C, 0x9E6C, 0x9E6C, 0x9E6C, 0x9E6C, 0x9E6C, 0x9E6C, 0x9E6C, 0x9E6C,
0x9E6C, 0x9E6C, 0x9E6C, 0x9E6C, 0x9E6C, 0x9E6C, 0x9E6C, 0x9E6C, 0x9E6C, 0x9E6C,
0x9E6C, 0x9E6C, 0x9E6C, 0x9E6C, 0x9E6C, 0x9E6C, 0x9E6C, 0x9E6C, 0x9E6C, 0x9E6C,
0x9E6C, 0x9E6C, 0x9E6C, 0x9E6C, 0x9E6C, 0x9E6C, 0x9E6C, 0x9E6C, 0x9E6C, 0x9E6C,
0x9E6C, 0x9E6C, 0x9E6C, 0x9E6C, 0x9E6C, 0x9E6C, 0x9E6C, 0x9E6C, 0x9E6C, 0x9E6C,
0x9E6C, 0x9E6C, 0x9E6C, 0x9E6C, 0x9E6C, 0x9E6C, 0x9E6C, 0x9E6C, 0x9E6C, 0x9E6C,
0x9E6C, 0x9E6C, 0x9E6C, 0x9E6C, 0x9E6C, 0x9E6C, 0x9E6C, 0x9E6C, 0x9E6C, 0x9E6C,
0x9E6C, 0x9E6C, 0x9E6C, 0x9E6C, 0x9E6C, 0x9E6C, 0x9E6C, 0x9E6C, 0x9E6C, 0x9E6C,
0x9E6C, 0x9E6C, 0x9E6C, 0x9E6C, 0x9E6C, 0x9E6C, 0x9E6C, 0x9E6C, 0x9E6C, 0x9E6C,
0xBE6C, 0xBE6C, 0xBE6C, 0xBE6C, 0xBE6C, 0xFE74, 0xFE74, 0xFE74, 0xFE74, 0x1F75,
0xFE74, 0x1E75, 0x1F75, 0x3F7D, 0x1D75, 0x1D75, 0x5E7D, 0x7E85, 0xDF8D, 0x7FA6,
0x7FA6, 0x7FA6, 0x7FA6, 0x7F9E, 0x9FA6, 0xBFAE, 0xBFA6, 0x9FA6, 0x9FA6, 0x9FAE,
0xBFAE, 0xDFAE, 0xDFAE, 0x5FA6, 0x5FA6, 0x5FA6, 0x7FA6, 0xFFB6, 0xDFAE, 0xDFAE,
0xDFAE, 0xFFB6, 0xFFB6, 0xFFB6, 0xDFAE, 0xFFB6, 0xFFB6, 0xDFAE, 0xBEA6, 0xDFAE,
0xDFAE, 0xDFAE, 0xDFAE, 0xFFB6, 0xFFB6, 0xFFB6, 0x9FAE, 0xDFAE, 0xFFB6, 0x1FB7,
0xDFB6, 0xBFAE, 0xBFAE, 0xDFAE, 0xBFAE, 0xBFAE, 0xBFAE, 0xBFAE, 0xBFA6, 0xBFAE,
0xBFAE, 0xBFAE, 0xBFAE, 0xBFAE, 0xBFAE, 0xBFAE, 0xBFAE, 0xBFAE, 0xBFAE, 0xBFAE,
0x9FA6, 0x9FA6, 0xDFAE, 0xFFB6, 0x9EAE, 0x9FAE, 0x3FA6, 0x5FA6, 0x9FA6, 0xBFA6,
0xBFA6, 0xBFAE, 0xBFAE, 0xBFA6, 0xBFA6, 0xBFA6, 0xBFA6, 0x9FA6, 0x7F9E, 0x7F9E,
0x7F9E, 0x5F9E, 0x9F85, 0x7F85, 0x7F85, 0x3F7D, 0x1F75, 0x1F75, 0x1F75, 0x1F75,
0x1F75, 0xDE6C, 0xBD6C, 0xBD6C, 0xBD6C, 0xBD6C, 0x9E6C, 0x9E6C, 0x9E6C, 0x9E6C,
0x9E6C, 0x9E6C, 0x9E6C, 0x9E6C, 0x9E6C, 0x9E6C, 0x9E6C, 0x9E6C, 0x9E6C, 0x9E6C,
0x9E6C, 0x9E6C, 0x9E6C, 0x9E6C, 0x9E6C, 0x9E6C, 0x9E6C, 0x9E6C, 0x9E6C, 0x9E6C,
0x9E6C, 0x9E6C, 0x9E6C, 0x9E6C, 0x9E6C, 0x9E6C, 0x9E6C, 0x9E6C, 0x9E6C, 0x9E6C,
0x9E6C, 0x9E6C, 0x9E6C, 0x9E6C, 0x9E6C, 0x9E6C, 0x9E6C, 0x9E6C, 0x9E6C, 0x9E6C,
0x9E6C, 0x9E6C, 0x9E6C, 0x9E6C, 0x9E6C, 0x9E6C, 0x9E6C, 0x9E6C, 0x9E6C, 0x9E6C,
0x9E6C, 0x9E6C, 0x9E6C, 0x9E6C, 0x9E6C, 0x9E6C, 0x9E6C, 0x9E6C, 0x9E6C, 0x9E6C,
0x9E6C, 0x9E6C, 0x9E6C, 0x9E6C, 0x9E6C, 0x9E6C, 0x9E6C, 0x9E6C, 0x9E6C, 0x9E6C,
0x9E6C, 0x9E6C, 0x9E6C, 0x9E6C, 0x9E6C, 0x9E6C, 0x9E6C, 0x9E6C, 0x9E6C, 0x9E6C,
0x9E6C, 0x9E6C, 0x9E6C, 0x9E6C, 0x9E6C, 0x9E6C, 0x9E6C, 0x9E6C, 0x9E6C, 0x9E6C,
0x9E6C, 0x9E6C, 0x9E6C, 0x9E6C, 0x9E6C, 0x9E6C, 0x9E6C, 0x9E6C, 0x9E6C, 0x9E6C,
0x9E6C, 0x9E6C, 0x9E6C, 0x9E6C, 0x9E6C, 0x9E6C, 0x9E6C, 0x9E6C, 0x9E6C, 0x9E6C,
0x9E6C, 0x9E6C, 0x9E6C, 0x9E6C, 0x9E6C, 0x9E6C, 0x9E6C, 0x9E6C, 0x9E6C, 0x9E6C,
0x9E6C, 0x9E6C, 0x9E6C, 0x9E6C, 0x9E6C, 0x9E6C, 0x9E6C, 0x9E6C, 0x9E6C, 0x9E6C,
0x9E6C, 0x9E6C, 0x9E6C, 0x9E6C, 0x9E6C, 0x9E6C, 0x9E6C, 0x9E6C, 0x9E6C, 0x9E6C,
0x9E6C, 0x9E6C, 0x9E6C, 0x9E6C, 0x9E6C, 0x9E6C, 0x9E6C, 0x9E6C, 0x9E6C, 0x9E6C,
0x9E6C, 0x9E6C, 0x9E6C, 0x9E6C, 0x9E6C, 0x9E6C, 0x9E6C, 0x9E6C, 0x9E6C, 0x9E6C,
0x9E6C, 0x9E6C, 0x9E6C, 0x9E6C, 0x9E6C, 0x9E6C, 0x9E6C, 0x9E6C, 0x9E6C, 0x9E6C,
0x9E6C, 0x9E6C, 0x9E6C, 0x9E6C, 0x9E6C, 0x9E6C, 0x9E6C, 0x9E6C, 0x9E6C, 0x9E6C,
0x9E6C, 0x9E6C, 0x9E6C, 0x9E6C, 0x9E6C, 0x9E6C, 0x9E6C, 0x9E6C, 0x9E6C, 0x9E6C,
0x9E6C, 0x9E6C, 0x9E6C, 0x9E6C, 0x9E6C, 0x9E6C, 0x9E6C, 0x9E6C, 0x9E6C, 0x9E6C,
0x9E6C, 0x9E6C, 0x9E6C, 0x9E6C, 0x9E6C, 0x9D6C, 0x9D6C, 0x9D6C, 0xBE6C, 0xBE6C,
0xBD6C, 0xDD6C, 0xDD6C, 0xDD6C, 0x3E75, 0x1E75, 0x3F7D, 0x7F7D, 0xBF8D, 0xBE8D,
0xBE8D, 0xBE8D, 0xBE8D, 0xFF95, 0xFF95, 0x1F96, 0x5F9E, 0x7FA6, 0x5FA6, 0x7FA6,
0x7FA6, 0x9FA6, 0x9FA6, 0x7EA6, 0x9EA6, 0x9EA6, 0x9EA6, 0x5E9E, 0x3E9E, 0x3E9E,
0x3E9E, 0x5E9E, 0x7FA6, 0x7FA6, 0x7FA6, 0x7FA6, 0x7DA6, 0x9EA6, 0xDFAE, 0xBEAE,
0x9DA6, 0x7EA6, 0xBFAE, 0xFFB6, 0x9FAE, 0x7EA6, 0xDFAE, 0xDFB6, 0xDFB6, 0xBFAE,
0x5EA6, 0x9FAE, 0xDFAE, 0xDFB6, 0x9FA6, 0x5E9E, 0x5E9E, 0x5E9E, 0x5E9E, 0xDD8D,
0xDD8D, 0xDD8D, 0xDD8D, 0xDD8D, 0x7FA6, 0x7FA6, 0x5FA6, 0x5FA6, 0x5E9E, 0x7FA6,
0x9FA6, 0x7FA6, 0x1E96, 0xDD95, 0x3F9E, 0x1F9E, 0x3F9E, 0xDF95, 0x9E85, 0x9E85,
0xBF8D, 0xBF8D, 0xBF8D, 0x9E85, 0x9E85, 0x9E85, 0x9E85, 0x9F85, 0x7E85, 0x1D75,
0xFD74, 0xDC6C, 0xBD6C, 0xBD6C, 0x9C6C, 0x7C64, 0x9D64, 0x9D64, 0x9D64, 0x9D64,
0x9D64, 0x7D64, 0x7D64, 0x7D64, 0x7D64, 0x7D64, 0x9E6C, 0x9E6C, 0x9E6C, 0x9E6C,
0x9E6C, 0x9E6C, 0x9E6C, 0x9E6C, 0x9E6C, 0x9E6C, 0x9E6C, 0x9E6C, 0x9E6C, 0x9E6C,
0x9E6C, 0x9E6C, 0x9E6C, 0x9E6C, 0x9E6C, 0x9E6C, 0x9E6C, 0x9E6C, 0x9E6C, 0x9E6C,
0x9E6C, 0x9E6C, 0x9E6C, 0x9E6C, 0x9E6C, 0x9E6C, 0x9E6C, 0x9E6C, 0x9E6C, 0x9E6C,
0x9E6C, 0x9E6C, 0x9E6C, 0x9E6C, 0x9E6C, 0x9E6C, 0x9E6C, 0x9E6C, 0x9E6C, 0x9E6C,
0x9E6C, 0x9E6C, 0x9E6C, 0x9E6C, 0x9E6C, 0x9E6C, 0x9E6C, 0x9E6C, 0x9E6C, 0x9E6C,
0x9E6C, 0x9E6C, 0x9E6C, 0x9E6C, 0x9E6C, 0x9E6C, 0x9E6C, 0x9E6C, 0x9E6C, 0x9E6C,
0x9E6C, 0x9E6C, 0x9E6C, 0x9E6C, 0x9E6C, 0x9E6C, 0x9E6C, 0x9E6C, 0x9E6C, 0x9E6C,
0x9E6C, 0x9E6C, 0x9E6C, 0x9E6C, 0x9E6C, 0x9E6C, 0x9E6C, 0x9E6C, 0x9E6C, 0x9E6C,
0x9E6C, 0x9E6C, 0x9E6C, 0x9E6C, 0x9E6C, 0x9E6C, 0x9E6C, 0x9E6C, 0x9E6C, 0x9E6C,
0x9E6C, 0x9E6C, 0x9E6C, 0x9E6C, 0x9E6C, 0x9E6C, 0x9E6C, 0x9E6C, 0x9E6C, 0x9E6C,
0x9E6C, 0x9E6C, 0x9E6C, 0x9E6C, 0x9E6C, 0x9E6C, 0x9E6C, 0x9E6C, 0x9E6C, 0x9E6C,
0x9E6C, 0x9E6C, 0x9E6C, 0x9E6C, 0x9E6C, 0x9E6C, 0x9E6C, 0x9E6C, 0x9E6C, 0x9E6C,
0x9E6C, 0x9E6C, 0x9E6C, 0x9E6C, 0x9E6C, 0x9E6C, 0x9E6C, 0x9E6C, 0x9E6C, 0x9E6C,
0x9E6C, 0x9E6C, 0x9E6C, 0x9E6C, 0x9E6C, 0x9E6C, 0x9E6C, 0x9E6C, 0x9E6C, 0x9E6C,
0x9E6C, 0x9E6C, 0x9E6C, 0x9E6C, 0x9E6C, 0x9E6C, 0x9E6C, 0x9E6C, 0x9E6C, 0x9E6C,
0x9E6C, 0x9E6C, 0x9E6C, 0x9E6C, 0x9E6C, 0x9E6C, 0x9E6C, 0x9E6C, 0x9E6C, 0x9E6C,
0x9E6C, 0x9E6C, 0x9E6C, 0x9E6C, 0x9E6C, 0x9E6C, 0x9E6C, 0x9E6C, 0x9E6C, 0x9E6C,
0x9E6C, 0x9E6C, 0x9E6C, 0x9E6C, 0x9E6C, 0x9E6C, 0x9E6C, 0x9E6C, 0x9E6C, 0x9E6C,
0x9E6C, 0x9E6C, 0x9E6C, 0x9E6C, 0x9E6C, 0x9E6C, 0x9E6C, 0x9E6C, 0x9E6C, 0x9E6C,
0x9E6C, 0x9E6C, 0x9E6C, 0x9E6C, 0x9E6C, 0x9E6C, 0x9E6C, 0x9E6C, 0x9E6C, 0x9E6C,
0x9E6C, 0x9E6C, 0x9E6C, 0x9E6C, 0x9E6C, 0x9E6C, 0x9E6C, 0xBE6C, 0xBE6C, 0xBE6C,
0xDE6C, 0xDE6C, 0xFE74, 0xFE74, 0xDF74, 0xBE6C, 0xBE6C, 0xDE6C, 0xFF74, 0x9C6C,
0x9C6C, 0x9C6C, 0x9C6C, 0x9B6C, 0x9B64, 0x9B64, 0xFD74, 0x5E7D, 0x1F96, 0x3F9E,
0x3F9E, 0x5F9E, 0x5F9E, 0x5FA6, 0x5FA6, 0x5FA6, 0x7FA6, 0xBFAE, 0x9FAE, 0x9FA6,
0x9FAE, 0xBFAE, 0xBFAE, 0xBFAE, 0xDFB6, 0xBFAE, 0x9FA6, 0x9FA6, 0x9FA6, 0x7EA6,
0x9FA6, 0x7EA6, 0x3D9E, 0x7EA6, 0x7EA6, 0x5EA6, 0xBFAE, 0x9FA6, 0x3D9E, 0xFC95,
0x1D96, 0x3E9E, 0x7FA6, 0xBFAE, 0x7FA6, 0xFFB6, 0xFFAE, 0xDFAE, 0xDFAE, 0x9FA6,
0x9FA6, 0x9FA6, 0x9FA6, 0x9FA6, 0x5E9E, 0x3E9E, 0x3E9E, 0x3E9E, 0x3E9E, 0x5F9E,
0x3E9E, 0x1D96, 0xDD8D, 0x5E7D, 0x3E7D, 0xBD6C, 0x9D6C, 0x7D64, 0x9D6C, 0x9D6C,
0xBD6C, 0xBD6C, 0xBD6C, 0xDF74, 0xDF74, 0xDF74, 0xDF74, 0xBF6C, 0xBF6C, 0xBF6C,
0xBF6C, 0xBF6C, 0xBD6C, 0xBD6C, 0xBD6C, 0x9D6C, 0xBE6C, 0xBE6C, 0xBE6C, 0xBE6C,
0xBE6C, 0xBF6C, 0xBF6C, 0x9F6C, 0x9F6C, 0x9F6C, 0x9E6C, 0x9E6C, 0x9E6C, 0x9E6C,
0x9E6C, 0x9E6C, 0x9E6C, 0x9E6C, 0x9E6C, 0x9E6C, 0x9E6C, 0x9E6C, 0x9E6C, 0x9E6C,
0x9E6C, 0x9E6C, 0x9E6C, 0x9E6C, 0x9E6C, 0x9E6C, 0x9E6C, 0x9E6C, 0x9E6C, 0x9E6C,
0x9E6C, 0x9E6C, 0x9E6C, 0x9E6C, 0x9E6C, 0x9E6C, 0x9E6C, 0x9E6C, 0x9E6C, 0x9E6C,
0x9E6C, 0x9E6C, 0x9E6C, 0x9E6C, 0x9E6C, 0x9E6C, 0x9E6C, 0x9E6C, 0x9E6C, 0x9E6C,
0x9E6C, 0x9E6C, 0x9E6C, 0x9E6C, 0x9E6C, 0x9E6C, 0x9E6C, 0x9E6C, 0x9E6C, 0x9E6C,
0x9E6C, 0x9E6C, 0x9E6C, 0x9E6C, 0x9E6C, 0x9E6C, 0x9E6C, 0x9E6C, 0x9E6C, 0x9E6C,
0x9E6C, 0x9E6C, 0x9E6C, 0x9E6C, 0x9E6C, 0x9E6C, 0x9E6C, 0x9E6C, 0x9E6C, 0x9E6C,
0x9E6C, 0x9E6C, 0x9E6C, 0x9E6C, 0x9E6C, 0x9E6C, 0x9E6C, 0x9E6C, 0x9E6C, 0x9E6C,
0x9E6C, 0x9E6C, 0x9E6C, 0x9E6C, 0x9E6C, 0x9E6C, 0x9E6C, 0x9E6C, 0x9E6C, 0x9E6C,
0x9E6C, 0x9E6C, 0x9E6C, 0x9E6C, 0x9E6C, 0x9E6C, 0x9E6C, 0x9E6C, 0x9E6C, 0x9E6C,
0x9E6C, 0x9E6C, 0x9E6C, 0x9E6C, 0x9E6C, 0x9E6C, 0x9E6C, 0x9E6C, 0x9E6C, 0x9E6C,
0x9E6C, 0x9E6C, 0x9E6C, 0x9E6C, 0x9E6C, 0x9E6C, 0x9E6C, 0x9E6C, 0x9E6C, 0x9E6C,
0x9E6C, 0x9E6C, 0x9E6C, 0x9E6C, 0x9E6C, 0x9E6C, 0x9E6C, 0x9E6C, 0x9E6C, 0x9E6C,
0x9E6C, 0x9E6C, 0x9E6C, 0x9E6C, 0x9E6C, 0x9E6C, 0x9E6C, 0x9E6C, 0x9E6C, 0x9E6C,
0x9E6C, 0x9E6C, 0x9E6C, 0x9E6C, 0x9E6C, 0x9E6C, 0x9E6C, 0x9E6C, 0x9E6C, 0x9E6C,
0x9E6C, 0x9E6C, 0x9E6C, 0x9E6C, 0x9E6C, 0x9E6C, 0x9E6C, 0x9E6C, 0x9E6C, 0x9E6C,
0x9E6C, 0x9E6C, 0x9E6C, 0x9E6C, 0x9E6C, 0x9E6C, 0x9E6C, 0x9E6C, 0x9E6C, 0x9E6C,
0x9E6C, 0x9E6C, 0x9E6C, 0x9E6C, 0x9E6C, 0x9E6C, 0x9E6C, 0x9E6C, 0x9E6C, 0x9E6C,
0x9E6C, 0x9E6C, 0x9E6C, 0x9E6C, 0x9E6C, 0x9E6C, 0x9E6C, 0x9E6C, 0x9E6C, 0x9E6C,
0x9E6C, 0x9E6C, 0x9E6C, 0x9E6C, 0x9E6C, 0x9E6C, 0x9E6C, 0x9E6C, 0x9E6C, 0x9E6C,
0x9E6C, 0x9E6C, 0x9E6C, 0x9E6C, 0x9E6C, 0x9D6C, 0x9D6C, 0x9E6C, 0x9E6C, 0x9E6C,
0x7D64, 0x7E64, 0x9E64, 0x9E6C, 0xBE6C, 0x9D64, 0x7D64, 0x7D64, 0x7D64, 0xBE6C,
0xBE6C, 0xBE6C, 0xBE6C, 0xFE74, 0xFE74, 0xFE74, 0x5F85, 0x9F8D, 0x5F9E, 0x5F9E,
0x5FA6, 0x7FA6, 0x7FA6, 0x7FA6, 0x9FA6, 0x9FA6, 0x9FA6, 0x7FA6, 0x5E9E, 0x5E9E,
0x5E9E, 0x7FA6, 0x7FA6, 0x7FA6, 0x7FA6, 0x7FA6, 0xBFAE, 0x7FA6, 0x3F9E, 0x5F9E,
0x5F9E, 0xDFAE, 0x7EA6, 0x7EA6, 0xDFB6, 0x9FA6, 0xFFB6, 0x9FAE, 0x1D9E, 0xBB8D,
0x7EA6, 0x3E9E, 0x3E9E, 0x9FA6, 0xBFAE, 0xBFA6, 0xBFA6, 0x9FA6, 0x9FA6, 0x9FA6,
0x9FA6, 0x9FA6, 0x9FA6, 0x9FA6, 0x9FA6, 0x7FA6, 0x7FA6, 0x7FA6, 0x7FA6, 0x5E9E,
0x1D96, 0xFD95, 0x1E96, 0xDF8D, 0x9F85, 0x9F85, 0xFF6C, 0xDF6C, 0x9E6C, 0x9E6C,
0xBE6C, 0xBF6C, 0xBF6C, 0x7E64, 0x7E64, 0x7E64, 0x7E64, 0x9E6C, 0x9E6C, 0x9E6C,
0x9E6C, 0x9E6C, 0x7C64, 0x7C64, 0x9D6C, 0x9D64, 0x9D6C, 0x9D6C, 0x9D6C, 0x9D6C,
0x9D6C, 0xBE6C, 0x9E6C, 0x9E6C, 0x9E6C, 0x9E6C, 0x9E6C, 0x9E6C, 0x9E6C, 0x9E6C,
0x9E6C, 0x9E6C, 0x9E6C, 0x9E6C, 0x9E6C, 0x9E6C, 0x9E6C, 0x9E6C, 0x9E6C, 0x9E6C,
0x9E6C, 0x9E6C, 0x9E6C, 0x9E6C, 0x9E6C, 0x9E6C, 0x9E6C, 0x9E6C, 0x9E6C, 0x9E6C,
0x9E6C, 0x9E6C, 0x9E6C, 0x9E6C, 0x9E6C, 0x9E6C, 0x9E6C, 0x9E6C, 0x9E6C, 0x9E6C,
0x9E6C, 0x9E6C, 0x9E6C, 0x9E6C, 0x9E6C, 0x9E6C, 0x9E6C, 0x9E6C, 0x9E6C, 0x9E6C,
0x9E6C, 0x9E6C, 0x9E6C, 0x9E6C, 0x9E6C, 0x9E6C, 0x9E6C, 0x9E6C, 0x9E6C, 0x9E6C,
0x9E6C, 0x9E6C, 0x9E6C, 0x9E6C, 0x9E6C, 0x9E6C, 0x9E6C, 0x9E6C, 0x9E6C, 0x9E6C,
0x9E6C, 0x9E6C, 0x9E6C, 0x9E6C, 0x9E6C, 0x9E6C, 0x9E6C, 0x9E6C, 0x9E6C, 0x9E6C,
0x9E6C, 0x9E6C, 0x9E6C, 0x9E6C, 0x9E6C, 0x9E6C, 0x9E6C, 0x9E6C, 0x9E6C, 0x9E6C,
0x9E6C, 0x9E6C, 0x9E6C, 0x9E6C, 0x9E6C, 0x9E6C, 0x9E6C, 0x9E6C, 0x9E6C, 0x9E6C,
0x9E6C, 0x9E6C, 0x9E6C, 0x9E6C, 0x9E6C, 0x9E6C, 0x9E6C, 0x9E6C, 0x9E6C, 0x9E6C,
0x9E6C, 0x9E6C, 0x9E6C, 0x9E6C, 0x9E6C, 0x9E6C, 0x9E6C, 0x9E6C, 0x9E6C, 0x9E6C,
0x9E6C, 0x9E6C, 0x9E6C, 0x9E6C, 0x9E6C, 0x9E6C, 0x9E6C, 0x9E6C, 0x9E6C, 0x9E6C,
0x9E6C, 0x9E6C, 0x9E6C, 0x9E6C, 0x9E6C, 0x9E6C, 0x9E6C, 0x9E6C, 0x9E6C, 0x9E6C,
0x9E6C, 0x9E6C, 0x9E6C, 0x9E6C, 0x9E6C, 0x9E6C, 0x9E6C, 0x9E6C, 0x9E6C, 0x9E6C,
0x9E6C, 0x9E6C, 0x9E6C, 0x9E6C, 0x9E6C, 0x9E6C, 0x9E6C, 0x9E6C, 0x9E6C, 0x9E6C,
0x9E6C, 0x9E6C, 0x9E6C, 0x9E6C, 0x9E6C, 0x9E6C, 0x9E6C, 0x9E6C, 0x9E6C, 0x9E6C,
0x9E6C, 0x9E6C, 0x9E6C, 0x9E6C, 0x9E6C, 0x9E6C, 0x9E6C, 0x9E6C, 0x9E6C, 0x9E6C,
0x9E6C, 0x9E6C, 0x9E6C, 0x9E6C, 0x9E6C, 0x9E6C, 0x9E6C, 0x9E6C, 0x9E6C, 0x9E6C,
0x9E6C, 0x9E6C, 0x9E6C, 0x9E6C, 0x9E6C, 0x9E6C, 0x9E6C, 0x9E6C, 0x9E6C, 0x9E6C,
0x9E6C, 0x9E6C, 0x9E6C, 0x9E6C, 0x9E6C, 0x9E6C, 0x9E6C, 0x9E6C, 0x9E6C, 0x9E6C,
0xBE6C, 0xBE6C, 0xBE6C, 0xBE6C, 0xBE6C, 0xBE6C, 0xBE6C, 0xDE6C, 0xDE74, 0xDE74,
0xFE74, 0xFE74, 0x1F75, 0x1F75, 0xFD6C, 0xDD6C, 0x9C64, 0x9C64, 0x9C64, 0x9E6C,
0x9E6C, 0x9E6C, 0x9E6C, 0xBD6C, 0xBD6C, 0xFE74, 0xFE74, 0xDE74, 0x1B75, 0x1B7D,
0x3B7D, 0x3B7D, 0x3B7D, 0xFD95, 0x1D96, 0x1D96, 0x1D9E, 0x1D96, 0xFD95, 0xFC95,
0xFD95, 0x1D96, 0x3E9E, 0x3E9E, 0x1D96, 0x3E9E, 0x7FA6, 0x7FA6, 0x7FA6, 0x5E9E,
0xFD95, 0x7EA6, 0x9FA6, 0x7EA6, 0xBFAE, 0x3D9E, 0x3D9E, 0x9FA6, 0x7EA6, 0x9FAE,
0x9FAE, 0x3E9E, 0x1D9E, 0x5EA6, 0x9FA6, 0x1D96, 0x1D96, 0x1D96, 0x1D96, 0x1D96,
0x1D96, 0x1D96, 0x1D96, 0x1D96, 0x3E9E, 0x3E9E, 0x3E9E, 0x3E9E, 0x1E9E, 0x1F9E,
0x3F9E, 0x3F9E, 0xFF95, 0x3F96, 0xBF85, 0x9F85, 0xDC64, 0x7C5C, 0x7D64, 0x7E64,
0x7E6C, 0x7E6C, 0x7E6C, 0x9C6C, 0x9C6C, 0x9C6C, 0x9C6C, 0xDC6C, 0xFD74, 0x3E7D,
0x5E7D, 0x7F85, 0xBD6C, 0xBD6C, 0xDE74, 0xBE6C, 0xDE74, 0xDE74, 0xDE74, 0xDE74,
0xDE74, 0xDE74, 0xDE74, 0xDE6C, 0xBE6C, 0xBE6C, 0x9E6C, 0x9E6C, 0x9E6C, 0x9E6C,
0x9E6C, 0x9E6C, 0x9E6C, 0x9E6C, 0x9E6C, 0x9E6C, 0x9E6C, 0x9E6C, 0x9E6C, 0x9E6C,
0x9E6C, 0x9E6C, 0x9E6C, 0x9E6C, 0x9E6C, 0x9E6C, 0x9E6C, 0x9E6C, 0x9E6C, 0x9E6C,
0x9E6C, 0x9E6C, 0x9E6C, 0x9E6C, 0x9E6C, 0x9E6C, 0x9E6C, 0x9E6C, 0x9E6C, 0x9E6C,
0x9E6C, 0x9E6C, 0x9E6C, 0x9E6C, 0x9E6C, 0x9E6C, 0x9E6C, 0x9E6C, 0x9E6C, 0x9E6C,
0x9E6C, 0x9E6C, 0x9E6C, 0x9E6C, 0x9E6C, 0x9E6C, 0x9E6C, 0x9E6C, 0x9E6C, 0x9E6C,
0x9E6C, 0x9E6C, 0x9E6C, 0x9E6C, 0x9E6C, 0x9E6C, 0x9E6C, 0x9E6C, 0x9E6C, 0x9E6C,
0x9E6C, 0x9E6C, 0x9E6C, 0x9E6C, 0x9E6C, 0x9E6C, 0x9E6C, 0x9E6C, 0x9E6C, 0x9E6C,
0x9E6C, 0x9E6C, 0x9E6C, 0x9E6C, 0x9E6C, 0x9E6C, 0x9E6C, 0x9E6C, 0x9E6C, 0x9E6C,
0x9E6C, 0x9E6C, 0x9E6C, 0x9E6C, 0x9E6C, 0x9E6C, 0x9E6C, 0x9E6C, 0x9E6C, 0x9E6C,
0x9E6C, 0x9E6C, 0x9E6C, 0x9E6C, 0x9E6C, 0x9E6C, 0x9E6C, 0x9E6C, 0x9E6C, 0x9E6C,
0x9E6C, 0x9E6C, 0x9E6C, 0x9E6C, 0x9E6C, 0x9E6C, 0x9E6C, 0x9E6C, 0x9E6C, 0x9E6C,
0x9E6C, 0x9E6C, 0x9E6C, 0x9E6C, 0x9E6C, 0x9E6C, 0x9E6C, 0x9E6C, 0x9E6C, 0x9E6C,
0x9E6C, 0x9E6C, 0x9E6C, 0x9E6C, 0x9E6C, 0x9E6C, 0x9E6C, 0x9E6C, 0x9E6C, 0x9E6C,
0x9E6C, 0x9E6C, 0x9E6C, 0x9E6C, 0x9E6C, 0x9E6C, 0x9E6C, 0x9E6C, 0x9E6C, 0x9E6C,
0x9E6C, 0x9E6C, 0x9E6C, 0x9E6C, 0x9E6C, 0x9E6C, 0x9E6C, 0x9E6C, 0x9E6C, 0x9E6C,
0x9E6C, 0x9E6C, 0x9E6C, 0x9E6C, 0x9E6C, 0x9E6C, 0x9E6C, 0x9E6C, 0x9E6C, 0x9E6C,
0x9E6C, 0x9E6C, 0x9E6C, 0x9E6C, 0x9E6C, 0x9E6C, 0x9E6C, 0x9E6C, 0x9E6C, 0x9E6C,
0x9E6C, 0x9E6C, 0x9E6C, 0x9E6C, 0x9E6C, 0x9E6C, 0x9E6C, 0x9E6C, 0x9E6C, 0x9E6C,
0x9E6C, 0x9E6C, 0x9E6C, 0x9E6C, 0x9E6C, 0x9E6C, 0x9E6C, 0x9E6C, 0x9E6C, 0x9E6C,
0x9E6C, 0x9E6C, 0x9E6C, 0x9E6C, 0x9E6C, 0x9E6C, 0x9E6C, 0x9E6C, 0x9E6C, 0x9E6C,
0xBE6C, 0xBE6C, 0xBE6C, 0xBE6C, 0xBE6C, 0xFE74, 0xFE74, 0xFE74, 0x1F75, 0x1F75,
0xBF85, 0xBF85, 0xDF8D, 0xDF8D, 0xBF8D, 0xBF85, 0xBF85, 0xBF85, 0xBF85, 0x1E7D,
0x1E7D, 0x1E7D, 0x1E7D, 0xBC6C, 0xDC74, 0x1D7D, 0xFD74, 0xDC6C, 0xFA74, 0xFA74,
0x1A75, 0x1B75, 0x1B75, 0x1F9E, 0x1F9E, 0x1F9E, 0x3F9E, 0xBFAE, 0x9FAE, 0x9FA6,
0x9FAE, 0xBFAE, 0xDFAE, 0xDFAE, 0xBFAE, 0xDFAE, 0x7DA6, 0x9EA6, 0x9EA6, 0x5D9E,
0x5D9E, 0x7EA6, 0x9FA6, 0x7EA6, 0xBFAE, 0x5E9E, 0x7EA6, 0xBFAE, 0x9FAE, 0xBFAE,
0xDFB6, 0xBFAE, 0xBFAE, 0xBFAE, 0x9FAE, 0xBFAE, 0xBFAE, 0xBFA6, 0x9FA6, 0x9FA6,
0x9FA6, 0x9FA6, 0x9FA6, 0x9FA6, 0x5E9E, 0x5E9E, 0x5E9E, 0x3E9E, 0x3E9E, 0xDE95,
0xBE8D, 0x9D85, 0x5C7D, 0x9C85, 0x7C7D, 0x1B75, 0x3C7D, 0x3D7D, 0xFE74, 0xFE74,
0x1E7D, 0x1E7D, 0x1E7D, 0xBE8D, 0xBE8D, 0xBE8D, 0xBE8D, 0xFF95, 0xDF8D, 0xBF8D,
0x9E85, 0x7E85, 0xFF74, 0xFF74, 0x1F7D, 0x1F7D, 0x3F7D, 0x3F7D, 0x3F7D, 0x3F7D,
0x3F7D, 0x1E75, 0x1E75, 0xFE74, 0xFE74, 0xFE74, 0x9E6C, 0x9E6C, 0x9E6C, 0x9E6C,
0x9E6C, 0x9E6C, 0x9E6C, 0x9E6C, 0x9E6C, 0x9E6C, 0x9E6C, 0x9E6C, 0x9E6C, 0x9E6C,
0x9E6C, 0x9E6C, 0x9E6C, 0x9E6C, 0x9E6C, 0x9E6C, 0x9E6C, 0x9E6C, 0x9E6C, 0x9E6C,
0x9E6C, 0x9E6C, 0x9E6C, 0x9E6C, 0x9E6C, 0x9E6C, 0x9E6C, 0x9E6C, 0x9E6C, 0x9E6C,
0x9E6C, 0x9E6C, 0x9E6C, 0x9E6C, 0x9E6C, 0x9E6C, 0x9E6C, 0x9E6C, 0x9E6C, 0x9E6C,
0x9E6C, 0x9E6C, 0x9E6C, 0x9E6C, 0x9E6C, 0x9E6C, 0x9E6C, 0x9E6C, 0x9E6C, 0x9E6C,
0x9E6C, 0x9E6C, 0x9E6C, 0x9E6C, 0x9E6C, 0x9E6C, 0x9E6C, 0x9E6C, 0x9E6C, 0x9E6C,
0x9E6C, 0x9E6C, 0x9E6C, 0x9E6C, 0x9E6C, 0x9E6C, 0x9E6C, 0x9E6C, 0x9E6C, 0x9E6C,
0x9E6C, 0x9E6C, 0x9E6C, 0x9E6C, 0x9E6C, 0x9E6C, 0x9E6C, 0x9E6C, 0x9E6C, 0x9E6C,
0x9E6C, 0x9E6C, 0x9E6C, 0x9E6C, 0x9E6C, 0x9E6C, 0x9E6C, 0x9E6C, 0x9E6C, 0x9E6C,
0x9E6C, 0x9E6C, 0x9E6C, 0x9E6C, 0x9E6C, 0x9E6C, 0x9E6C, 0x9E6C, 0x9E6C, 0x9E6C,
0x9E6C, 0x9E6C, 0x9E6C, 0x9E6C, 0x9E6C, 0x9E6C, 0x9E6C, 0x9E6C, 0x9E6C, 0x9E6C,
0x9E6C, 0x9E6C, 0x9E6C, 0x9E6C, 0x9E6C, 0x9E6C, 0x9E6C, 0x9E6C, 0x9E6C, 0x9E6C,
0x9E6C, 0x9E6C, 0x9E6C, 0x9E6C, 0x9E6C, 0x9E6C, 0x9E6C, 0x9E6C, 0x9E6C, 0x9E6C,
0x9E6C, 0x9E6C, 0x9E6C, 0x9E6C, 0x9E6C, 0x9E6C, 0x9E6C, 0x9E6C, 0x9E6C, 0x9E6C,
0x9E6C, 0x9E6C, 0x9E6C, 0x9E6C, 0x9E6C, 0x9E6C, 0x9E6C, 0x9E6C, 0x9E6C, 0x9E6C,
0x9E6C, 0x9E6C, 0x9E6C, 0x9E6C, 0x9E6C, 0x9E6C, 0x9E6C, 0x9E6C, 0x9E6C, 0x9E6C,
0x9E6C, 0x9E6C, 0x9E6C, 0x9E6C, 0x9E6C, 0x9E6C, 0x9E6C, 0x9E6C, 0x9E6C, 0x9E6C,
0x9E6C, 0x9E6C, 0x9E6C, 0x9E6C, 0x9E6C, 0x9E6C, 0x9E6C, 0x9E6C, 0x9E6C, 0x9E6C,
0x9E6C, 0x9E6C, 0x9E6C, 0x9E6C, 0x9E6C, 0x9E6C, 0x9E6C, 0x9E6C, 0x9E6C, 0x9E6C,
0x9E6C, 0x9E6C, 0x9E6C, 0x9E6C, 0x9E6C, 0x9E6C, 0x9E6C, 0x9E6C, 0x9E6C, 0x9E6C,
0x9E6C, 0x9E6C, 0x9E6C, 0x9E6C, 0x9E6C, 0x9D6C, 0x9D6C, 0x9D6C, 0xBE6C, 0xBE6C,
0xFD74, 0x1D75, 0x1E75, 0x1E75, 0x1F96, 0x1F96, 0x3F96, 0x3F9E, 0x5F9E, 0x5F9E,
0x5F9E, 0x5F9E, 0x5F9E, 0x5F9E, 0x7F9E, 0x9FA6, 0xBFA6, 0xBFAE, 0x7FA6, 0x7FA6,
0x9FA6, 0x9FA6, 0x9FAE, 0xBFAE, 0xDFAE, 0xDFAE, 0xDFAE, 0xDFAE, 0xBFAE, 0xBFAE,
0xBFAE, 0xDFAE, 0x9FA6, 0x9FA6, 0x7FA6, 0x9FA6, 0xFFB6, 0xFFB6, 0xDFAE, 0xFFB6,
0x5FBF, 0xFFB6, 0xBFAE, 0xDFAE, 0xFFB6, 0xFFB6, 0xDFAE, 0xFFB6, 0xFFB6, 0xFFB6,
0xDFB6, 0xBFAE, 0xBFAE, 0xDFB6, 0xDFB6, 0xDFAE, 0xDFAE, 0xBFAE, 0xBFAE, 0x9FA6,
0x9FA6, 0x9FA6, 0x9FA6, 0x9FA6, 0x9FAE, 0x9FAE, 0x9FAE, 0x9FA6, 0x9FA6, 0x7FA6,
0x1F9E, 0x1E96, 0x1E96, 0x3E9E, 0x7FA6, 0x5FA6, 0x3F9E, 0xBF95, 0xFF95, 0xFF95,
0x1F96, 0x1F96, 0x1F96, 0xFF95, 0xFF95, 0xFF95, 0xFF95, 0x3E7D, 0x1E7D, 0xFE74,
0xFD74, 0xDD6C, 0x9E6C, 0x9E6C, 0xBE6C, 0x9E6C, 0xBE6C, 0xBE6C, 0xBE6C, 0xBE6C,
0xBE6C, 0xBE6C, 0xBE6C, 0x9D6C, 0x9D6C, 0x9D6C, 0x9E6C, 0x9E6C, 0x9E6C, 0x9E6C,
0x9E6C, 0x9E6C, 0x9E6C, 0x9E6C, 0x9E6C, 0x9E6C, 0x9E6C, 0x9E6C, 0x9E6C, 0x9E6C,
0x9E6C, 0x9E6C, 0x9E6C, 0x9E6C, 0x9E6C, 0x9E6C, 0x9E6C, 0x9E6C, 0x9E6C, 0x9E6C,
0x9E6C, 0x9E6C, 0x9E6C, 0x9E6C, 0x9E6C, 0x9E6C, 0x9E6C, 0x9E6C, 0x9E6C, 0x9E6C,
0x9E6C, 0x9E6C, 0x9E6C, 0x9E6C, 0x9E6C, 0x9E6C, 0x9E6C, 0x9E6C, 0x9E6C, 0x9E6C,
0x9E6C, 0x9E6C, 0x9E6C, 0x9E6C, 0x9E6C, 0x9E6C, 0x9E6C, 0x9E6C, 0x9E6C, 0x9E6C,
0x9E6C, 0x9E6C, 0x9E6C, 0x9E6C, 0x9E6C, 0x9E6C, 0x9E6C, 0x9E6C, 0x9E6C, 0x9E6C,
0x9E6C, 0x9E6C, 0x9E6C, 0x9E6C, 0x9E6C, 0x9E6C, 0x9E6C, 0x9E6C, 0x9E6C, 0x9E6C,
0x9E6C, 0x9E6C, 0x9E6C, 0x9E6C, 0x9E6C, 0x9E6C, 0x9E6C, 0x9E6C, 0x9E6C, 0x9E6C,
0x9E6C, 0x9E6C, 0x9E6C, 0x9E6C, 0x9E6C, 0x9E6C, 0x9E6C, 0x9E6C, 0x9E6C, 0x9E6C,
0x9E6C, 0x9E6C, 0x9E6C, 0x9E6C, 0x9E6C, 0x9E6C, 0x9E6C, 0x9E6C, 0x9E6C, 0x9E6C,
0x9E6C, 0x9E6C, 0x9E6C, 0x9E6C, 0x9E6C, 0x9E6C, 0x9E6C, 0x9E6C, 0x9E6C, 0x9E6C,
0x9E6C, 0x9E6C, 0x9E6C, 0x9E6C, 0x9E6C, 0x9E6C, 0x9E6C, 0x9E6C, 0x9E6C, 0x9E6C,
0x9E6C, 0x9E6C, 0x9E6C, 0x9E6C, 0x9E6C, 0x9E6C, 0x9E6C, 0x9E6C, 0x9E6C, 0x9E6C,
0x9E6C, 0x9E6C, 0x9E6C, 0x9E6C, 0x9E6C, 0x9E6C, 0x9E6C, 0x9E6C, 0x9E6C, 0x9E6C,
0x9E6C, 0x9E6C, 0x9E6C, 0x9E6C, 0x9E6C, 0x9E6C, 0x9E6C, 0x9E6C, 0x9E6C, 0x9E6C,
0x9E6C, 0x9E6C, 0x9E6C, 0x9E6C, 0x9E6C, 0x9E6C, 0x9E6C, 0x9E6C, 0x9E6C, 0x9E6C,
0x9E6C, 0x9E6C, 0x9E6C, 0x9E6C, 0x9E6C, 0x9E6C, 0x9E6C, 0x9E6C, 0x9E6C, 0x9E6C,
0x9E6C, 0x9E6C, 0x9E6C, 0x9E6C, 0x9E6C, 0x9E6C, 0x9E6C, 0x9E6C, 0x9E6C, 0x9E6C,
0x9E6C, 0x9E6C, 0x9E6C, 0x9E6C, 0x9E6C, 0x9E6C, 0x9E6C, 0x9E6C, 0x9E6C, 0x9E6C,
0x9E6C, 0x9E6C, 0x9E6C, 0x9E6C, 0x9E6C, 0x9E6C, 0x9E6C, 0x9E6C, 0x9E6C, 0x9E6C,
0x9E6C, 0x9E6C, 0x9E6C, 0x9E6C, 0x9E6C, 0x7D64, 0x7D64, 0x9E6C, 0x9E6C, 0x9E6C,
0x7E64, 0x7E64, 0x9E64, 0x9E6C, 0xBB6C, 0xDC6C, 0x1D75, 0x3D75, 0x3D7D, 0x7B7D,
0x7B7D, 0x7B7D, 0x7B7D, 0x5A7D, 0x5A7D, 0x5A7D, 0xBC85, 0xFD8D, 0xDE8D, 0xDE95,
0xFE95, 0x1E96, 0x1E96, 0xBD8D, 0xDD95, 0xDD95, 0xDD95, 0x3E9E, 0x1D96, 0x1D96,
0x1D96, 0x3E9E, 0xBB8D, 0xBB8D, 0xBC8D, 0xBB8D, 0x3D85, 0x5D85, 0x9E8D, 0xDF95,
0xBF95, 0x5E9E, 0x5EA6, 0xDFAE, 0x5E9E, 0x7EA6, 0x5EA6, 0x5EA6, 0x7EA6, 0x5EA6,
0xDC8D, 0x5A85, 0x3A7D, 0xBC8D, 0x3D9E, 0x3E9E, 0x3E9E, 0x3D96, 0x1D96, 0x3E9E,
0x3E9E, 0x3E9E, 0x3E9E, 0x3E9E, 0xDC8D, 0xDC8D, 0xBC8D, 0xBC8D, 0xBC8D, 0x9E8D,
0xBF8D, 0xDF95, 0xBF8D, 0xBD8D, 0x5C85, 0x5D85, 0x1D7D, 0x3E85, 0x5B7D, 0x5B7D,
0x5B7D, 0x5B7D, 0x5B7D, 0xFC74, 0xFC74, 0xFC74, 0xFC74, 0xBF6C, 0x9E6C, 0x7E64,
0x7D64, 0x5D64, 0x9E6C, 0x9E6C, 0xBE6C, 0x9E6C, 0x9D6C, 0x9D6C, 0x9D6C, 0x9D6C,
0x9D6C, 0x9F6C, 0x9E6C, 0x9E6C, 0x9E6C, 0x9E6C, 0x9E6C, 0x9E6C, 0x9E6C, 0x9E6C,
0x9E6C, 0x9E6C, 0x9E6C, 0x9E6C, 0x9E6C, 0x9E6C, 0x9E6C, 0x9E6C, 0x9E6C, 0x9E6C,
0x9E6C, 0x9E6C, 0x9E6C, 0x9E6C, 0x9E6C, 0x9E6C, 0x9E6C, 0x9E6C, 0x9E6C, 0x9E6C,
0x9E6C, 0x9E6C, 0x9E6C, 0x9E6C, 0x9E6C, 0x9E6C, 0x9E6C, 0x9E6C, 0x9E6C, 0x9E6C,
0x9E6C, 0x9E6C, 0x9E6C, 0x9E6C, 0x9E6C, 0x9E6C, 0x9E6C, 0x9E6C, 0x9E6C, 0x9E6C,
0x9E6C, 0x9E6C, 0x9E6C, 0x9E6C, 0x9E6C, 0x9E6C, 0x9E6C, 0x9E6C, 0x9E6C, 0x9E6C,
0x9E6C, 0x9E6C, 0x9E6C, 0x9E6C, 0x9E6C, 0x9E6C, 0x9E6C, 0x9E6C, 0x9E6C, 0x9E6C,
0x9E6C, 0x9E6C, 0x9E6C, 0x9E6C, 0x9E6C, 0x9E6C, 0x9E6C, 0x9E6C, 0x9E6C, 0x9E6C,
0x9E6C, 0x9E6C, 0x9E6C, 0x9E6C, 0x9E6C, 0x9E6C, 0x9E6C, 0x9E6C, 0x9E6C, 0x9E6C,
0x9E6C, 0x9E6C, 0x9E6C, 0x9E6C, 0x9E6C, 0x9E6C, 0x9E6C, 0x9E6C, 0x9E6C, 0x9E6C,
0x9E6C, 0x9E6C, 0x9E6C, 0x9E6C, 0x9E6C, 0x9E6C, 0x9E6C, 0x9E6C, 0x9E6C, 0x9E6C,
0x9E6C, 0x9E6C, 0x9E6C, 0x9E6C, 0x9E6C, 0x9E6C, 0x9E6C, 0x9E6C, 0x9E6C, 0x9E6C,
0x9E6C, 0x9E6C, 0x9E6C, 0x9E6C, 0x9E6C, 0x9E6C, 0x9E6C, 0x9E6C, 0x9E6C, 0x9E6C,
0x9E6C, 0x9E6C, 0x9E6C, 0x9E6C, 0x9E6C, 0x9E6C, 0x7F64, 0x7E64, 0xDF6C, 0xDF74,
0xFF74, 0xBE6C, 0x9D64, 0xBE6C, 0x7E64, 0xDF6C, 0x5D5C, 0xBE6C, 0x7D64, 0xFF74,
0xDE6C, 0xDE6C, 0x9D64, 0xBE6C, 0x9D64, 0x9F6C, 0xBF6C, 0x7D64, 0x9D64, 0x1F75,
0x7C64, 0xBE6C, 0x7E64, 0xDF74, 0x9E64, 0xBE6C, 0x9D64, 0x7C64, 0x7C64, 0x9D6C,
0x9D6C, 0x7D64, 0x9E6C, 0x5C5C, 0xFF74, 0xBE6C, 0x5D5C, 0x5E5C, 0x9F6C, 0x9E6C,
0xBD6C, 0x9D6C, 0xDE74, 0xDE74, 0x5D64, 0x7D64, 0xBF6C, 0x9F6C, 0x9F6C, 0x5F64,
0xBF6C, 0xBF6C, 0x7C64, 0xDC6C, 0x9C64, 0x9E6C, 0xBD6C, 0xFF74, 0x9E6C, 0x7E6C,
0x9F6C, 0x9D64, 0xFE6C, 0xDE6C, 0x7E64, 0xDF74, 0x9E64, 0xDE6C, 0xBE6C, 0x9D64,
0x9E6C, 0xBD6C, 0xBC64, 0xBD6C, 0x9E64, 0x7D64, 0x7D64, 0x9E64, 0xDF6C, 0x7D64,
0xBD6C, 0x9E6C, 0x7E64, 0x9F6C, 0x9E6C, 0x5D64, 0xBE6C, 0xBD6C, 0xBD6C, 0x5C5C,
0x7D64, 0xFF74, 0x5D5C, 0x9D64, 0xBD6C, 0x7D64, 0x7E64, 0x7E64, 0xDF6C, 0x5E5C,
0xDF6C, 0xDD6C, 0x7F7D, 0x5F75, 0x1E6D, 0xFE6C, 0xBD64, 0x5F7D, 0xDD6C, 0xBD64,
0x9C64, 0x9D64, 0x1D75, 0xDC6C, 0x7E7D, 0xFF8D, 0x5C7D, 0x5C7D, 0xFE8D, 0x9FA6,
0x5F9E, 0x5FA6, 0x9FAE, 0xDE95, 0xDE95, 0x5C85, 0x3DA6, 0x9FB6, 0x3EA6, 0x5FA6,
0x7FAE, 0x3EA6, 0x3EA6, 0x5EA6, 0x9FAE, 0x5E9E, 0x5F9E, 0xDE8D, 0x7FA6, 0x3F96,
0x1E8E, 0x1E8E, 0x1E8E, 0x1E8E, 0x1D6D, 0x1E75, 0x1F75, 0xFE6C, 0x5E75, 0xFF74,
0x5E64, 0x5E5C, 0xBF6C, 0xDD6C, 0x3B5C, 0x5C5C, 0x9E64, 0x1D5C, 0xBF6C, 0x7D64,
0x9E6C, 0x7E64, 0x9E6C, 0x7D64, 0xBD6C, 0xBE6C, 0x9D6C, 0xDF74, 0x7E64, 0x9E64,
0x7D64, 0xDE6C, 0x7D6C, 0xBE74, 0x5D64, 0x9E6C, 0xDF74, 0x7E64, 0x7E64, 0xDE6C,
0x5C5C, 0x3E5C, 0xDF6C, 0x5D5C, 0xDE6C, 0xFF6C, 0xDE6C, 0xBE6C, 0x7D64, 0x5D5C,
0xDF6C, 0x7F64, 0xDF6C, 0x7C64, 0x9D64, 0x7D6C, 0x3C64, 0xDF74, 0x7E6C, 0xDD6C,
0x9C64, 0x9D64, 0x9E64, 0x9E64, 0x7D5C, 0xDD6C, 0x7C5C, 0xDD6C, 0xBE64, 0xDF74,
0x9E6C, 0x9E6C, 0x9D64, 0xDF6C, 0x7D64, 0xBE6C, 0x9E64, 0xBE6C, 0x1F75, 0xDF6C,
0xDF6C, 0x9E64, 0xDF6C, 0xDF74, 0x1C54, 0xDF6C, 0x9F6C, 0x7E64, 0x9E64, 0x9E64,
0x9E64, 0x7E64, 0x7C5C, 0xBE64, 0x7E64, 0x1F75, 0xDF74, 0x5E64, 0xBF6C, 0x9E64,
0xDE74, 0x9E6C, 0x5D64, 0x9D6C, 0xBE6C, 0xDF74, 0x7E6C, 0xDF74, 0xBD6C, 0xBD64,
0xFD74, 0xFE74, 0x7D64, 0x5C5C, 0x9E64, 0x9E64, 0xBE6C, 0xBF6C, 0x7E64, 0x3D64,
0x9E6C, 0x7D64, 0xDE6C, 0xBD6C, 0x7F64, 0xBF6C, 0x3D5C, 0xDF74, 0xDF74, 0x9E64,
0xBF6C, 0xBF6C, 0x7D64, 0x9E64, 0xFF74, 0xDF6C, 0x7D5C, 0xBD64, 0xDE6C, 0xBD64,
0xBF6C, 0x7E64, 0x1E75, 0x7C64, 0x7D64, 0xBE6C, 0xDF74, 0xBF6C, 0x9D6C, 0xBD6C,
0xDE6C, 0x9E64, 0x5E64, 0xDF6C, 0x9E6C, 0x9E6C, 0x7D64, 0x7E64, 0x7E64, 0xFF74,
0xBC64, 0x9D6C, 0x7D64, 0x9E6C, 0x9E6C, 0x9E6C, 0x7E64, 0xBC6C, 0x9C64, 0xBF6C,
0xBF6C, 0x7E64, 0x7D64, 0xBE6C, 0x7C64, 0xDF6C, 0xBE6C, 0x9D64, 0x7D64, 0x7E64,
0x9E6C, 0xBD6C, 0x7C64, 0xBE6C, 0xBF6C, 0x7E64, 0x9D64, 0xBE6C, 0x7C64, 0xDE6C,
0x5D64, 0xFF74, 0xBE6C, 0x9E6C, 0xBE6C, 0x9E6C, 0xBE6C, 0xBE6C, 0x7C64, 0x5C5C,
0xBC64, 0xDD6C, 0x9D64, 0x9D64, 0x5E64, 0x9F6C, 0xBF6C, 0x5D5C, 0x7E64, 0x9E6C,
0x7E6C, 0x9E6C, 0x5E64, 0xBE6C, 0x7D64, 0xFF74, 0x9E64, 0x7D64, 0x9E6C, 0xBE6C,
0x5C64, 0xBE6C, 0x7E64, 0x7D64, 0x7D64, 0x9E6C, 0xBF6C, 0x7D64, 0xBE6C, 0x9E64,
0xBE6C, 0x7D64, 0x5D64, 0x9E64, 0x9E64, 0x5F64, 0x9B64, 0xBD6C, 0xBE6C, 0x7B64,
0x7C64, 0x9E64, 0xDE6C, 0xDE6C, 0x7D64, 0x3E5C, 0xBE6C, 0xBE6C, 0x9E64, 0xBE6C,
0x7F64, 0xBE6C, 0xFF74, 0x9E64, 0x5E5C, 0xBE6C, 0xBE6C, 0x9E64, 0xFF74, 0xDF74,
0xDE74, 0xDF74, 0x9F6C, 0x9F6C, 0x1C5C, 0x7E64, 0xBE6C, 0x9D6C, 0xDE74, 0xBE6C,
0x9D6C, 0x9D6C, 0xBE6C, 0x7C64, 0x9D64, 0x9D64, 0xBE6C, 0xBF6C, 0xBE6C, 0xBE6C,
0x5F7D, 0x9B64, 0x595C, 0x3C75, 0x5D75, 0xDF85, 0x9E7D, 0x7F7D, 0x9F85, 0x7F7D,
0x1D75, 0x3E75, 0x7D7D, 0x3C75, 0x1F96, 0x5F9E, 0x1E96, 0x5E9E, 0x5F9E, 0xDC8D,
0xFD8D, 0x1D9E, 0x7FA6, 0x5EA6, 0xDC95, 0x3E9E, 0x7EAE, 0x3EA6, 0x9FB6, 0x9FB6,
0x3EA6, 0x3EA6, 0x3EA6, 0x1E9E, 0x5FA6, 0x3C96, 0x1B8E, 0xFC8D, 0x5F9E, 0xDF8D,
0xBF85, 0x9F85, 0x7E7D, 0x5E7D, 0x5F7D, 0x9F85, 0x1E75, 0x3F7D, 0x1E75, 0x9F85,
0x3E75, 0x1D75, 0x7F7D, 0xDD6C, 0xFE74, 0xDE74, 0xBE6C, 0xDF74, 0xBE6C, 0xBE6C,
0x9D6C, 0x7D64, 0x3C5C, 0xDF74, 0x5D64, 0xBE6C, 0x9E6C, 0x9E6C, 0x7D64, 0xBD6C,
0x9D64, 0x9D64, 0x7C64, 0x7D64, 0xBE74, 0x9D6C, 0xBF6C, 0x9D64, 0x7D64, 0xBD6C,
0x7C64, 0xDF6C, 0x7D64, 0xBE6C, 0x9C64, 0xBC64, 0xBE6C, 0xBE6C, 0xBE6C, 0xBE6C,
0xDE6C, 0x9E64, 0xBF6C, 0x5C5C, 0x5D64, 0x9C6C, 0xDE74, 0xBE74, 0xBE6C, 0xBD64,
0x9D64, 0x3C5C, 0x9E64, 0x7E64, 0x9E64, 0xBE6C, 0xBE6C, 0xBE6C, 0x5D5C, 0xBE6C,
0x7D64, 0x7D64, 0x9D64, 0x5D5C, 0xBE6C, 0x9E6C, 0xBE6C, 0x9E6C, 0xFF74, 0x7D64,
0x9D64, 0xDE6C, 0xDE6C, 0x5D64, 0xBE6C, 0x9D64, 0xDE6C, 0x9E64, 0x5D64, 0x3F7D,
0x9E6C, 0x7D64, 0x1E75, 0xBE6C, 0x5D5C, 0x9F6C, 0x7D64, 0x5D64, 0xDF74, 0x9D64,
0x9D64, 0x9E6C, 0xFF74, 0xDF74, 0x9D6C, 0x7D64, 0x7D6C, 0x7C64, 0x7D5C, 0x9F64,
0x7C64, 0x5C64, 0x9E6C, 0xDF6C, 0x7F64, 0xDD6C, 0xDD6C, 0xDD6C, 0xDD6C, 0x7E64,
0xBF6C, 0x7E64, 0x3C5C, 0xBE6C, 0x7D64, 0x3C5C, 0xDE6C, 0x9E6C, 0x7D64, 0x9D64,
0x9D64, 0x9D64, 0x9E64, 0xDF6C, 0xBF6C, 0xBE6C, 0xFF6C, 0xFE74, 0xBC64, 0xFE6C,
0x7D64, 0x5D5C, 0x7E64, 0x9E64, 0xDF74, 0x9E64, 0xBF6C, 0x7F64, 0x5D5C, 0x7D64,
0x7D64, 0x9F64, 0x7C64, 0xDD6C, 0x9C64, 0x9B64, 0xFF74, 0xDF6C, 0x5E64, 0x9E6C,
0xFE74, 0xBE6C, 0xBE6C, 0xBE6C, 0x9E6C, 0xBE6C, 0x5D64, 0xBD6C, 0xBD6C, 0xDF6C,
0x9F6C, 0x9F6C, 0xBE6C, 0x9D6C, 0xDE74, 0x9D74, 0x9D64, 0xBD6C, 0xBE6C, 0xBE6C,
0xBF6C, 0x9D6C, 0xFE74, 0xDE74, 0xDF74, 0xBE6C, 0x9D6C, 0x5C64, 0x7D6C, 0xDE74,
0x9F6C, 0xBF74, 0xBF74, 0xBF74, 0xBF74, 0x9D6C, 0x7D6C, 0xBE6C, 0xBE6C, 0x9E6C,
0x9E6C, 0xBF6C, 0x9E6C, 0x7E64, 0x5D64, 0x7D64, 0xBF6C, 0x9E6C, 0xBF74, 0x9F6C,
0x9F6C, 0xDF74, 0xBE74, 0x9F6C, 0xBF6C, 0xFF74, 0x3C64, 0x9D6C, 0xDE74, 0x9D6C,
0x9E6C, 0x9F6C, 0x7F6C, 0xBE6C, 0xBE6C, 0xBE6C, 0x9E6C, 0xBD6C, 0xBE6C, 0x9E6C,
0xBE6C, 0xBD6C, 0xBF74, 0xBE6C, 0x7F6C, 0x9F6C, 0x7F6C, 0x7F6C, 0xFF7C, 0xBD74,
0x5E6C, 0xFF7C, 0xBE6C, 0xFE74, 0x1F7D, 0xBE6C, 0xBF74, 0x9E6C, 0x7E6C, 0xDF74,
0xBE74, 0xBE6C, 0x9E6C, 0x7D6C, 0xBF74, 0xBF6C, 0x9E6C, 0x9E6C, 0x9E6C, 0x9E6C,
0x9D6C, 0xBE74, 0x7E6C, 0xBF74, 0x9F74, 0xDF74, 0x9E6C, 0x7D6C, 0xDE74, 0xBE6C,
0xBE6C, 0x5D64, 0x9E6C, 0x9E6C, 0xBE6C, 0xBE6C, 0xBE74, 0xBE6C, 0x7C64, 0xBD6C,
0xDC74, 0xFF95, 0xFF95, 0xBD85, 0xFF8D, 0x3F96, 0x5F9E, 0x5F9E, 0xBFA6, 0x5F9E,
0xDE8D, 0xFF95, 0x7FA6, 0x3F96, 0x9FA6, 0x5E9E, 0x5D9E, 0x1C96, 0x1C96, 0x1C96,
0x7A7D, 0x5985, 0x3D9E, 0xDFB6, 0x9EAE, 0xFFB6, 0xDEB6, 0x7DAE, 0x9EAE, 0xBFB6,
0xDC95, 0x9FAE, 0xBFB6, 0x9FAE, 0x7FAE, 0x7C9E, 0x7C9E, 0x9EA6, 0x5E9E, 0x7F9E,
0x3F9E, 0xFF8D, 0x3F96, 0x7F9E, 0xDE8D, 0x3E96, 0x9C85, 0xFD8D, 0xBD8D, 0x3F9E,
0x9F8D, 0x3D7D, 0xFD74, 0x3D7D, 0x1E7D, 0x5F85, 0xFE74, 0xFF7C, 0xBE6C, 0x9D6C,
0x9D64, 0xDE74, 0xBE6C, 0xDF74, 0xBF6C, 0xDF74, 0x7E64, 0xDE74, 0xBD6C, 0xFF74,
0xDE74, 0x9E6C, 0x7D64, 0x9E6C, 0xBE6C, 0xBD6C, 0x3B5C, 0x7C64, 0xBD6C, 0x3F7D,
0xBD6C, 0x1F7D, 0xDF74, 0xFE74, 0x9C64, 0xBC6C, 0xDF74, 0xBE74, 0xBD6C, 0xBD6C,
0xBE74, 0x9E6C, 0xBE6C, 0x7E6C, 0x7F6C, 0xBE6C, 0xFF74, 0x5C64, 0x9D64, 0xBD6C,
0x9D6C, 0x7D64, 0xBE6C, 0x9E6C, 0xFE74, 0x9E64, 0xDF6C, 0xBF6C, 0xDF74, 0xDF74,
0xBF6C, 0xBF6C, 0x9F6C, 0xFF74, 0x9D6C, 0x5D64, 0xBE6C, 0x7D64, 0xDF74, 0xBE6C,
0x7D64, 0x9E6C, 0x7D64, 0x5C64, 0xFF74, 0x7D6C, 0x9D6C, 0x9E6C, 0x3C5C, 0xBF74,
0x3C5C, 0xBE6C, 0xDD74, 0xBD6C, 0xBE6C, 0x9E6C, 0xDF6C, 0xBF6C, 0xFF74, 0x9E64,
0x9D64, 0x5D64, 0xDF74, 0x5D64, 0x7D64, 0x7D64, 0x9E6C, 0xDE6C, 0x9D64, 0x9D64,
0x9D64, 0xDE6C, 0xBF6C, 0xDF74, 0xDF6C, 0x7E64, 0x7F6C, 0x7F6C, 0x7F6C, 0x9D64,
0xDE6C, 0xDE74, 0xBE6C, 0x9E6C, 0x1F75, 0x9D64, 0xBD6C, 0xBD6C, 0xBD6C, 0x7D64,
0x9D6C, 0x9D6C, 0xBE6C, 0x5E64, 0x7E6C, 0x9E6C, 0xBE6C, 0x9D6C, 0x9C64, 0xDD74,
0x7D64, 0xFF74, 0x9D6C, 0xBD6C, 0xBE6C, 0x9E6C, 0x9E6C, 0x9E6C, 0xBE6C, 0xDE74,
0x9D6C, 0x7E64, 0x9F6C, 0xBF74, 0xBF6C, 0xBE6C, 0xFF74, 0xBE6C, 0x9D6C, 0xFE74,
0x7C64, 0x5E64, 0x7E64, 0x9E6C, 0x7D64, 0x9D6C, 0xDE74, 0xBF74, 0xBE6C, 0xBD6C,
0x3E64, 0x7E64, 0xBE6C, 0x7C64, 0xDD6C, 0xBF6C, 0x5E64, 0x9F6C, 0x7D64, 0x7C64,
0x5B5C, 0x984B, 0xDE74, 0x1B5C, 0xFB5B, 0x5D6C, 0x7D6C, 0x5D6C, 0x9E74, 0x3C64,
0x9D6C, 0x3C64, 0x9D6C, 0x5D6C, 0x1C64, 0x9D6C, 0x9D6C, 0x9F6C, 0x9F74, 0xBF74,
0xFF7C, 0x9E6C, 0xBD6C, 0x7C6C, 0xDC74, 0x3A64, 0x7B64, 0xBD6C, 0x7C64, 0x7E6C,
0x7D6C, 0x7C6C, 0x3A64, 0x9B53, 0xBF74, 0x5D64, 0x5C64, 0xDE74, 0xBC6C, 0xFA53,
0xBE74, 0x3D5C, 0x9F6C, 0x5E64, 0x7D6C, 0x7D6C, 0x9D6C, 0x7D6C, 0x9F6C, 0x5E6C,
0x9F6C, 0x7E6C, 0xBC6C, 0xBD74, 0x5D64, 0x5C64, 0xDF7C, 0xBE74, 0x5A64, 0xD853,
0x3E64, 0xBF74, 0x7E6C, 0x5B64, 0x7B6C, 0xBD74, 0x9F74, 0x9F74, 0x5E6C, 0x9F74,
0xBC6C, 0xBE74, 0x5D64, 0x9D6C, 0x1E7D, 0xDF74, 0x7E6C, 0xDF7C, 0x9F74, 0x7E6C,
0xF95B, 0xBD74, 0x7D6C, 0xDF74, 0x9E6C, 0x9D6C, 0x1B64, 0x1A5C, 0xFA5B, 0x7E6C,
0xDF7C, 0xBF74, 0x7E6C, 0x9E6C, 0x5D64, 0x7D6C, 0x5B64, 0x1A5C, 0xBE74, 0xBE74,
0x5C64, 0xFE7C, 0xFE7C, 0x1D7D, 0x3E7D, 0x5E85, 0x7E85, 0xBA85, 0xDB8D, 0x9B85,
0x1E96, 0x5F9E, 0x3E9E, 0x3E9E, 0x7EA6, 0x3D9E, 0xBC8D, 0x3E9E, 0xFFB6, 0xBFAE,
0xBFAE, 0xBFB6, 0x1FBF, 0xDFB6, 0xDFB6, 0x7EA6, 0xDCB6, 0x7FC7, 0xFEBE, 0xDEB6,
0xBFAE, 0xFFBE, 0xFFB6, 0xBFB6, 0x3D9E, 0xDFAE, 0xBEAE, 0x7FA6, 0xDFB6, 0x3D9E,
0x5D9E, 0x9EA6, 0x7D9E, 0x5D9E, 0x7C85, 0x1D96, 0x5D9E, 0x3D9E, 0xDE8D, 0x1E7D,
0xFE7C, 0xDE74, 0x9F74, 0x5A64, 0x1A5C, 0xBD74, 0xFB5B, 0xFC5B, 0xBF74, 0x5D64,
0x9E6C, 0x9E6C, 0x9E6C, 0xFB5B, 0x7D6C, 0x3C64, 0x3C64, 0x9C6C, 0x5C64, 0x9E6C,
0x9F6C, 0x5F6C, 0xDF6C, 0xDF74, 0x9E6C, 0xBE6C, 0x9D6C, 0x9D6C, 0xDA53, 0xBF74,
0x5E64, 0x3D64, 0x9E6C, 0x7C6C, 0x9C6C, 0x7B64, 0x3D64, 0x7D6C, 0x9D6C, 0x9D74,
0x7C6C, 0x3C64, 0x1C64, 0x7E6C, 0x9F6C, 0x9F6C, 0x7F64, 0x9F6C, 0x7E64, 0xDE74,
0x5C64, 0x7D6C, 0x7E6C, 0xBF74, 0x7A64, 0x5C64, 0x7E64, 0x7E64, 0xFF74, 0x9D6C,
0x5C64, 0x1C5C, 0x1B5C, 0xDF74, 0x3C64, 0x7D6C, 0x9D6C, 0x9E74, 0x9E6C, 0xBF74,
0x9E74, 0x9E74, 0x5D64, 0xFF7C, 0x1E64, 0x7F6C, 0x7D6C, 0xDF74, 0x7E6C, 0xBF74,
0x7E6C, 0xDF7C, 0x7C64, 0xBE74, 0xFF7C, 0x5E6C, 0x7E64, 0x5D64, 0x9E6C, 0x7C64,
0x1B5C, 0x1D5C, 0xDF74, 0x5E64, 0xBF74, 0xDF74, 0x5D6C, 0x9E6C, 0x9E6C, 0x5C64,
0x9C6C, 0xDD6C, 0x7D64, 0x7D64, 0xBF6C, 0x9D6C, 0x7C6C, 0x9D6C, 0x7C6C, 0x1954,
0xBC6C, 0x3B5C, 0x9D6C, 0x3D64, 0x3C5C, 0x9D6C, 0x7D64, 0xDE74, 0x5C64, 0xFC5B,
0x9E74, 0x9E74, 0x7D6C, 0x7E6C, 0xBF74, 0x9E6C, 0x7D6C, 0x9D6C, 0x5C64, 0x9E6C,
0x9F74, 0x3E64, 0x5B64, 0x7C6C, 0x9E6C, 0xDF74, 0x9E6C, 0x3C64, 0x9C6C, 0x9C6C,
0x9C6C, 0x7D6C, 0x5E64, 0x5E64, 0x5E64, 0x5D64, 0x3D64, 0x5C6C, 0xBD74, 0xFD74,
0x3C64, 0x7F6C, 0x9F6C, 0x9E6C, 0x7D64, 0x9D6C, 0x9C6C, 0x1D64, 0x1B5C, 0xB853,
0x3D64, 0xBE74, 0xBD6C, 0xDE74, 0xBC6C, 0x5D64, 0x796C, 0x796C, 0x3A7D, 0xD674,
0x5364, 0xD674, 0x145C, 0xF87C, 0x5564, 0x1564, 0x556C, 0x3564, 0x766C, 0xB774,
0x115C, 0xF47C, 0x726C, 0xB374, 0x7264, 0x988D, 0xB353, 0x1864, 0x7C6C, 0x1C64,
0x1C64, 0x3A64, 0xD753, 0x1864, 0xBA74, 0x3964, 0x7D74, 0x9A53, 0x9C53, 0x5B6C,
0x3A6C, 0xF75B, 0x3664, 0xD574, 0x946C, 0xD77C, 0xD55B, 0x1864, 0x5564, 0xD674,
0xD153, 0x5885, 0x335C, 0x5B6C, 0x9A6C, 0x996C, 0xD974, 0x3864, 0x1864, 0xF85B,
0x596C, 0x996C, 0x7A6C, 0xBD7C, 0x3E6C, 0x7C6C, 0x9974, 0x796C, 0x3B6C, 0xD95B,
0x3564, 0x976C, 0x1464, 0x956C, 0x177D, 0xB674, 0xD774, 0x9774, 0x966C, 0xF45B,
0xFB7C, 0x3C6C, 0x7F74, 0x7D74, 0x1864, 0x9774, 0x3564, 0x724B, 0x776C, 0x9774,
0x1A85, 0x1764, 0x3864, 0xBB7C, 0x1A64, 0x1A64, 0xF863, 0x596C, 0x396C, 0x766C,
0x1564, 0xD45B, 0x3564, 0xB653, 0x744B, 0x3664, 0xB574, 0x936C, 0x165C, 0xBA74,
0x3864, 0x9B74, 0xBB74, 0x956C, 0x1885, 0x1464, 0x5464, 0xF87C, 0x1664, 0x596C,
0xFD84, 0xBE7C, 0x776C, 0xB874, 0xB874, 0x3985, 0xB374, 0xF47C, 0xB795, 0x978D,
0x157D, 0x936C, 0xF574, 0xB88D, 0x7364, 0x157D, 0x798D, 0x3564, 0x3985, 0x9B8D,
0xFB95, 0xBA95, 0xBA8D, 0x5885, 0x7564, 0x167D, 0xF674, 0xFC9D, 0x3A85, 0x5F8D,
0x3E8D, 0x7B74, 0xD95B, 0x1A64, 0x9974, 0x5785, 0xB36C, 0xB574, 0xD65B, 0x7164,
0xB574, 0x177D, 0x776C, 0xD253, 0x766C, 0xF45B, 0xD87C, 0x376C, 0x145C, 0x966C,
0x766C, 0x5985, 0x966C, 0xD47C, 0x9374, 0xF47C, 0xF05B, 0xF674, 0x5564, 0x3864,
0x9C74, 0x7D74, 0x3A64, 0x3964, 0x185C, 0x165C, 0x197D, 0x3664, 0x9A74, 0x5C6C,
0x9B53, 0x3864, 0x586C, 0x3764, 0x155C, 0x776C, 0xB574, 0xD77C, 0x1664, 0x1764,
0x3664, 0x9674, 0x756C, 0x3364, 0xD474, 0x5A64, 0x7A6C, 0x5864, 0xB86C, 0xD85B,
0xD75B, 0x1964, 0x9C74, 0xB85B, 0x5985, 0xDC74, 0x3E6C, 0x5E6C, 0x3B64, 0x1964,
0x596C, 0x9974, 0x3664, 0x3464, 0xB674, 0xD35B, 0xF77C, 0x5564, 0x776C, 0xB874,
0x566C, 0xD45B, 0xF55B, 0x996C, 0x9D74, 0x7B6C, 0xB974, 0xF55B, 0x3664, 0xB453,
0x534B, 0xD87C, 0xD874, 0x776C, 0xB453, 0xB974, 0x3B64, 0x3B64, 0x1964, 0x1964,
0x3964, 0x3564, 0x766C, 0x5564, 0xF45B, 0x3564, 0xD65B, 0xD25B, 0x1485, 0xB374,
0xB653, 0xFB7C, 0x5A6C, 0xDC7C, 0xBC74, 0x9774, 0xD87C, 0x9774, 0xF45B, 0xB76C,
0xF874, 0x175C, 0x9C74, 0x7C6C, 0x796C, 0x1864, 0x5864, 0x3864, 0x3864, 0xF45B,
0x776C, 0x566C, 0x566C, 0x3564, 0x9353, 0xB674, 0x187D, 0x335C, 0xD974, 0x3B85,
0xF75B, 0x396C, 0x7E74, 0x5D6C, 0x7A6C, 0x966C, 0x345C, 0x574B, 0xD75B, 0x3C85,
0x9A6C, 0xDD7C, 0x5B6C, 0x7B6C, 0x3A64, 0x1964, 0x1964, 0xB774, 0xB46C, 0x177D,
0x586C, 0x5364, 0x135C, 0x766C, 0xF87C, 0xB774, 0x714B, 0xF87C, 0x956C, 0x3785,
0xB65B, 0x586C, 0x576C, 0x165C, 0x9774, 0x946C, 0x317D, 0x117D, 0x169E, 0x5064,
0x5064, 0x149E, 0x6E64, 0x159E, 0xD074, 0xF174, 0x329E, 0x4F7D, 0x2F7D, 0x7085,
0x0D75, 0x529E, 0x1196, 0x93A6, 0xED74, 0xD4AE, 0xAE64, 0x1375, 0x956C, 0x966C,
0x5164, 0xB06C, 0xCE6C, 0xD18D, 0x7264, 0xB56C, 0x986C, 0x1764, 0x1964, 0x956C,
0xB46C, 0x7164, 0x527D, 0x509E, 0xEF8D, 0x149E, 0xF05B, 0x756C, 0xD174, 0xD495,
0x4F7D, 0xB4AE, 0x6F85, 0x5264, 0x347D, 0x537D, 0x9285, 0xF274, 0x505C, 0x0F5C,
0x9164, 0x9585, 0xB46C, 0xB774, 0x9653, 0xF77C, 0xB574, 0xD253, 0x756C, 0x3585,
0xB28D, 0xB38D, 0x307D, 0x5085, 0xD395, 0x2E5C, 0xF495, 0x5185, 0x5185, 0x8E6C,
0x569E, 0x956C, 0x966C, 0x3785, 0x527D, 0x5285, 0xB074, 0xB06C, 0xB495, 0xF17C,
0x97A6, 0x2F5C, 0x547D, 0xB68D, 0xF77C, 0x5464, 0x135C, 0xD574, 0xD574, 0x7185,
0xD295, 0x0F7D, 0xB28D, 0x3264, 0x516C, 0x327D, 0x339E, 0xD08D, 0xAF6C, 0xF595,
0x916C, 0xF374, 0xD374, 0x349E, 0xD395, 0xEB53, 0x6D64, 0x948D, 0x3585, 0x778D,
0x1564, 0x744B, 0x3685, 0xF57C, 0xF47C, 0xF47C, 0x0E7D, 0xB08D, 0x529E, 0x8F85,
0x529E, 0x107D, 0x359E, 0x149E, 0x1075, 0x928D, 0x77A6, 0x1275, 0x1275, 0x1796,
0x537D, 0xD58D, 0xF58D, 0x537D, 0x1275, 0x717D, 0x517D, 0xB48D, 0x337D, 0x3464,
0x546C, 0x956C, 0x3464, 0x756C, 0xF074, 0xB1A6, 0xAFA6, 0x5096, 0x8F6C, 0x309E,
0x139E, 0xB28D, 0x7064, 0x5185, 0xAF6C, 0xD074, 0x948D, 0xB174, 0x139E, 0xF295,
0x2F7D, 0xF295, 0x2F7D, 0x8F85, 0x329E, 0x52A6, 0xD08D, 0xD08D, 0x507D, 0xB26C,
0xF574, 0x756C, 0x5364, 0xB374, 0x5064, 0x327D, 0x337D, 0x916C, 0x7464, 0x3764,
0xD75B, 0x115C, 0x157D, 0x7164, 0xB16C, 0x958D, 0x319E, 0x1496, 0x5164, 0x5264,
0x926C, 0x5285, 0x1496, 0x9085, 0x3096, 0x5164, 0xB26C, 0xF074, 0x1396, 0xB26C,
0x716C, 0xF05B, 0xB474, 0xD474, 0x96A6, 0xB56C, 0xD653, 0xF65B, 0xD774, 0xF463,
0x3364, 0xF47C, 0x5485, 0x7185, 0xD395, 0xAF6C, 0xF495, 0x2C5C, 0x327D, 0xF595,
0x327D, 0x4E64, 0xD074, 0x9385, 0x7464, 0xF474, 0xB48D, 0x5285, 0x327D, 0x4F64,
0x8F6C, 0xF595, 0xF495, 0xF174, 0x2F5C, 0xD695, 0xF87C, 0x187D, 0xD35B, 0x5464,
0xB574, 0xF395, 0x7185, 0x918D, 0x5085, 0xD295, 0x1864, 0x9574, 0x93AE, 0x53A6,
0x6F64, 0x379E, 0x5164, 0xB374, 0x357D, 0xB28D, 0x55A6, 0x5185, 0xCE74, 0x1596,
0xD06C, 0xB795, 0x5464, 0xB453, 0x105C, 0x347D, 0xD374, 0xAF53, 0x7164, 0x507D,
0xD28D, 0x918D, 0x7185, 0x127D, 0xD174, 0x56A6, 0x9285, 0x517D, 0xD06C, 0xF595,
0x906C, 0xF37C, 0xD26C, 0x926C, 0xF695, 0xF174, 0x8F64, 0x936C, 0x926C, 0xF795,
0xB26C, 0x936C, 0xF55B, 0x766C, 0x3564, 0x3564, 0xF27C, 0xD08D, 0x0F96, 0x71A6,
0xD074, 0x1096, 0xB08D, 0xD395, 0x7385, 0x706C, 0x6F64, 0xB28D, 0x7285, 0x97AE,
0xD174, 0xB48D, 0xB38D, 0x7185, 0xF395, 0xB66C, 0xEDAE, 0x8D9E, 0xF3B6, 0x4D64,
0x5385, 0x13B7, 0x8D85, 0x13B7, 0x2C7D, 0x72A6, 0x8C9E, 0x2FB7, 0xCDA6, 0xCDA6,
0xD0AE, 0xD0AE, 0xEC8D, 0x6E9E, 0xD0AE, 0x0DA7, 0x2D8E, 0xB3A6, 0xF074, 0x327D,
0xB38D, 0x2F7D, 0x719E, 0x33B7, 0x8F85, 0xF395, 0xD16C, 0x147D, 0x946C, 0x349E,
0x3396, 0x6D7D, 0x6F9E, 0x4CB7, 0x0DAF, 0x90A6, 0x307D, 0xD374, 0x8C6C, 0xAE8D,
0xF0B6, 0x30B7, 0x0FB7, 0x6E85, 0xD1AE, 0xF0AE, 0xEEAE, 0x709E, 0xEF8D, 0x3096,
0x5096, 0x54B7, 0x4E7D, 0xB38D, 0x5164, 0xD28D, 0xB16C, 0x6E64, 0xD3AE, 0x4D96,
0x4B96, 0x0975, 0x31B7, 0xD0AE, 0x13B7, 0x8F85, 0x33B7, 0xEE95, 0x0F96, 0x4C7D,
0x2EAF, 0x6D7D, 0xED6C, 0x719E, 0x8C9E, 0xCE8D, 0xEB74, 0x509E, 0xB2AE, 0xAA6C,
0x93BF, 0x4B75, 0xF2AE, 0xD2AE, 0xD08D, 0x4D7D, 0xCF8D, 0x92A6, 0xCE8D, 0xAB85,
0x72BF, 0x8E9E, 0x31B7, 0xF07C, 0x5085, 0xF095, 0x32B7, 0x6D9E, 0x4E9E, 0xD1AE,
0xCE8D, 0x93A6, 0xF095, 0xB1AE, 0xCE8D, 0x6C85, 0x2F9E, 0xAD85, 0x72A6, 0xF5B6,
0xB06C, 0x0F5C, 0xB2AE, 0xF095, 0x309E, 0xAD8D, 0xCFAE, 0xEFAE, 0xCFAE, 0xAEA6,
0x30B7, 0x6D85, 0xD3AE, 0x4D7D, 0xD3AE, 0xB2AE, 0x6E96, 0xF0A6, 0x0D8E, 0xD0A6,
0x7196, 0x929E, 0x3196, 0x6E7D, 0xB3A6, 0xCD8D, 0x709E, 0x519E, 0x3196, 0x6E85,
0xCF8D, 0x1096, 0xCF8D, 0x1096, 0xAF8D, 0xCDA6, 0x6DB7, 0x0EAF, 0x93A6, 0x10AF,
0x13B7, 0x319E, 0xEE74, 0x12B7, 0x6C85, 0xB1AE, 0xEF95, 0xAF8D, 0xADA6, 0xCEAE,
0x0FB7, 0x2FB7, 0xADA6, 0xEC8D, 0xD0AE, 0xAB85, 0x31B7, 0x0DAF, 0xAE9E, 0xF08D,
0x3396, 0x327D, 0xD295, 0xD195, 0x2D7D, 0xB1AE, 0xAF85, 0x1296, 0x1175, 0xF574,
0xF45B, 0x0F7D, 0x549E, 0x7085, 0x329E, 0xB3AE, 0x0EAF, 0xF1AE, 0xEE74, 0xF074,
0x8E6C, 0x4E85, 0xD2AE, 0xAFA6, 0xECAE, 0xCB74, 0x6D85, 0xB0AE, 0x71BF, 0xEE95,
0xEE8D, 0x519E, 0x72A6, 0x72A6, 0x91B7, 0x4F7D, 0x7164, 0x7064, 0x1496, 0x6E6C,
0x119E, 0xD2AE, 0x0C96, 0xEA6C, 0x33BF, 0xB1A6, 0xF2B6, 0xEA74, 0xB1A6, 0xF2B6,
0x509E, 0x8D85, 0xCD8D, 0xF1A6, 0x1075, 0x539E, 0x4F96, 0xB1AE, 0x6C85, 0xCE8D,
0xD2AE, 0xAD8D, 0xF2AE, 0x8D85, 0x6D7D, 0xD3AE, 0x8F8D, 0xF195, 0x0C75, 0x309E,
0x0F96, 0xCFAE, 0x4D9E, 0x10B7, 0x6DA6, 0xEFB6, 0x9285, 0x2F75, 0x0CAF, 0x2DAF,
0x4D9E, 0x51B7, 0x8C85, 0x0E96, 0x70A6, 0x92A6, 0xF4B6, 0x0C75, 0x8E85, 0xF1AE,
0xEA6C, 0x77C7, 0x0D5C, 0xF37C, 0x2E7D, 0x73A6, 0x129E, 0x2E7D, 0xF195, 0x6D9E,
0x51BF, 0x0FAF, 0x6D9E, 0x1196, 0x1096, 0x14B7, 0xAA6C, 0xD2AE, 0xAD85, 0xF2AE,
0x8E85, 0x319E, 0x6D96, 0x2D8E, 0xD4AE, 0x2E5C, 0xD274, 0xD3AE, 0xCE85, 0xD1A6,
0xAD85, 0x3096, 0x9085, 0x1196, 0xD085, 0xCF85, 0x8F85, 0xCEA6, 0x4DB7, 0xEDAE,
0x0F96, 0x4DB7, 0x0EAF, 0xF1AE, 0x8F85, 0xE953, 0x73A6, 0xEE8D, 0xF3B6, 0x55BF,
0x8B85, 0xCFAE, 0xCEAE, 0xCEAE, 0xCDAE, 0x4CA6, 0x0EB7, 0xCDA6, 0xCDAE, 0x8C9E,
0x0EAF, 0x2DB7, 0x0DB7, 0x2DB7, 0x0DB7, 0x2DB7, 0x4DB7, 0x2EB7, 0x2EB7, 0xADA6,
0x2EB7, 0x2EB7, 0xEDAE, 0x0EB7, 0x0EAF, 0x0EAF, 0x0EB7, 0xACA6, 0xEDAE, 0xEDAE,
0x0EAF, 0x8DA6, 0x0EB7, 0x50BF, 0xCFAE, 0xCFAE, 0xCFAE, 0x4E9E, 0xAFAE, 0xEB8D,
0x0FB7, 0x0DAF, 0x0CAF, 0xECAE, 0x0DB7, 0x4EB7, 0x6B9E, 0xE98D, 0x0B96, 0x8DA6,
0x0FB7, 0x2EB7, 0x2EB7, 0x0DAF, 0x0DAF, 0x0DAF, 0x0DAF, 0xCAA6, 0x6FBF, 0xEEAE,
0x6C9E, 0x4FBF, 0x8B85, 0xAFAE, 0x4D9E, 0x0FB7, 0xCEAE, 0xEEAE, 0x30B7, 0x6C9E,
0x4B9E, 0x6A9E, 0xECAE, 0x4EB7, 0x0DAF, 0xEDAE, 0x2FB7, 0x8A85, 0x8A85, 0x2FB7,
0x0DAF, 0x309E, 0x0B75, 0x6FBF, 0xB0AE, 0x6A9E, 0x0DAF, 0x2FB7, 0x8CA6, 0x687D,
0x71C7, 0x0B96, 0x0EB7, 0x0EAF, 0x8DA6, 0x0FB7, 0x0FB7, 0x0FB7, 0xCDA6, 0x0CAF,
0x0DAF, 0x0CAF, 0x0DB7, 0x0DAF, 0xECAE, 0x0DAF, 0xECAE, 0x0DAF, 0x2EB7, 0x0DAF,
0x6B9E, 0x2EB7, 0xEDAE, 0xB1AE, 0x4B9E, 0xCCAE, 0xEDAE, 0x8EA6, 0x8EA6, 0xF0AE,
0x4D9E, 0xAB8D, 0xAEA6, 0x6D9E, 0x8DA6, 0xEEAE, 0xABA6, 0x0DAF, 0x0DB7, 0x2DB7,
0x0DAF, 0x0EAF, 0x0FB7, 0x6FA6, 0x2F9E, 0xF3B6, 0x2EB7, 0x2FB7, 0x0FB7, 0x0D96,
0xCDAE, 0x2FB7, 0x0FB7, 0x8DA6, 0x2FB7, 0x0DB7, 0x2DB7, 0x0DAF, 0x0DAF, 0x4EB7,
0xCDAE, 0xEDAE, 0x2EB7, 0x0DAF, 0x2DB7, 0x2DB7, 0x2DB7, 0x2DB7, 0x2DB7, 0xECAE,
0x0DAF, 0xECAE, 0xCCAE, 0x2DB7, 0x0DB7, 0x2DB7, 0x0DB7, 0x2DB7, 0x2DB7, 0x2DB7,
0x2DB7, 0x2DB7, 0x2DB7, 0x2FB7, 0xADA6, 0xCDAE, 0xEEAE, 0x0EB7, 0x2EB7, 0xACA6,
0x2EB7, 0x0DAF, 0xCFAE, 0x8DA6, 0xABA6, 0x2FB7, 0xAC8D, 0x11B7, 0xCFAE, 0x12B7,
0x497D, 0x2EB7, 0xEDAE, 0xCCAE, 0x0DAF, 0x4EB7, 0x0EB7, 0x0EB7, 0xACA6, 0xEDAE,
0x8B85, 0x8EA6, 0xCEAE, 0x4EB7, 0xECAE, 0x2DB7, 0x2DB7, 0x2DB7, 0x2DB7, 0xCCAE,
0x2DB7, 0xEDAE, 0x8CA6, 0x2FB7, 0x52BF, 0xEC8D, 0x0FB7, 0x0B96, 0x0EB7, 0xEEAE,
0xEEAE, 0xEEAE, 0xCEAE, 0x098E, 0x0DAF, 0x0DB7, 0x2DB7, 0xEDAE, 0x0DAF, 0x2DB7,
0x0D7D, 0xCFAE, 0xACA6, 0xEEAE, 0xC86C, 0x11B7, 0xD0AE, 0xEDAE, 0xCCA6, 0x4FB7,
0x2EB7, 0xE98D, 0x30B7, 0xAA85, 0x8DA6, 0x6D9E, 0x8CA6, 0xCDAE, 0x0EB7, 0xCDAE,
0x2B96, 0x0DAF, 0x0DB7, 0x0DB7, 0x2DB7, 0x2DB7, 0x2DB7, 0xACA6, 0xECAE, 0xCCA6,
0x2DB7, 0xECAE, 0xEDAE, 0x8C9E, 0x2EB7, 0xADA6, 0xCEAE, 0xEA8D, 0xEFAE, 0x8EA6,
0xEC8D, 0x8EA6, 0x2D9E, 0x2D9E, 0x4C9E, 0xCA8D, 0x8DA6, 0xEFAE, 0x50BF, 0x4A9E,
0xECAE, 0x0CAF, 0x0DAF, 0x0DAF, 0xEEAE, 0x10B7, 0x0B75, 0xD4B6, 0x0DAF, 0x2EB7,
0x2EB7, 0xC96C, 0xEDAE, 0x0EB7, 0x0DAF, 0x4B96, 0x6B9E, 0xEDAE, 0x0BAF, 0x2DB7,
0x0DAF, 0x2EB7, 0x4EB7, 0x4B96, 0x2FB7, 0x0DAF, 0x2DB7, 0x2DB7, 0x2DB7, 0x2DB7,
0x2DB7, 0x0DAF, 0x0DAF, 0xCCAE, 0x8B9E, 0x8B9E, 0x2DB7, 0x4DB7, 0x0DAF, 0xCDAE,
0x2DB7, 0x2DB7, 0x2DB7, 0x2DB7, 0x2DB7, 0x8B9E, 0x2EB7, 0x0EB7, 0xEDAE, 0xCDA6,
0x0EAF, 0x2DB7, 0x0DB7, 0x2DB7, 0x0DB7, 0x2DB7, 0x2DB7, 0x2DB7, 0x2EB7, 0xEDAE,
0x2EB7, 0x2EB7, 0xEDAE, 0x2DB7, 0x2EB7, 0x0EB7, 0xCDA6, 0xACA6, 0xEDAE, 0x8B9E,
0x2FB7, 0xCEAE, 0x0EB7, 0x2FB7, 0xEB8D, 0x10B7, 0x30B7, 0x31B7, 0x10B7, 0x2C96,
0x0FB7, 0x0DAF, 0x0CAF, 0x0CAF, 0x4EB7, 0x6EBF, 0xACA6, 0x2B96, 0x6D9E, 0x8C9E,
0x2FB7, 0x2EB7, 0x0DB7, 0x0DB7, 0x0DB7, 0x0DB7, 0x0DB7, 0x2CB7, 0x4EB7, 0x0EB7,
0x8DA6, 0x6FBF, 0x497D, 0x6E9E, 0x6D9E, 0x0EAF, 0x0EAF, 0x0EAF, 0xEFAE, 0xCDA6,
0x6C9E, 0xABA6, 0xECAE, 0x4EB7, 0xECAE, 0x0DAF, 0x2FB7, 0xAB85, 0xAB85, 0x2FB7,
0x4FB7, 0xD095, 0xAB6C, 0x0EAF, 0x0F96, 0x0DAF, 0xEDAE, 0xADA6, 0xCDAE, 0xADA6,
0x71BF, 0x0B96, 0x2EB7, 0x0EAF, 0xCEAE, 0x0FB7, 0xCEAE, 0x0FB7, 0xCEAE, 0xECAE,
0x0DAF, 0x0DAF, 0x2DB7, 0x0DAF, 0xEDAE, 0x0DAF, 0xEDAE, 0x0DAF, 0x2EB7, 0x0DAF,
0x4A96, 0x0EB7, 0x2EB7, 0x4D9E, 0x2DB7, 0x4DB7, 0x2DB7, 0x0C96, 0xF0B6, 0x31B7,
0x6E9E, 0x6EA6, 0xCDAE, 0x8CA6, 0xADA6, 0xEEAE, 0xABA6, 0x0DAF, 0x0DB7, 0x2DB7,
0x0DB7, 0xEDAE, 0x0FB7, 0x8EA6, 0x0E96, 0x13B7, 0x0DB7, 0x0EB7, 0xCEAE, 0x2D96,
0xEEAE, 0x2FB7, 0x2FB7, 0x8CA6, 0x2FB7, 0x0DB7, 0x2DB7, 0x0DAF, 0x0DAF, 0x2EB7,
0xCDAE, 0xEDAE, 0x2EB7, 0x0DAF, 0x2DB7, 0x2DB7, 0x2DB7, 0x2DB7, 0x2DB7, 0x0DAF,
0x0DAF, 0xEDAE, 0xECAE, 0x2DB7, 0x0DB7, 0x2DB7, 0x0DB7, 0x2DB7, 0x2DB7, 0x2DB7,
0x2DB7, 0x2DB7, 0x2DB7, 0x0DAF, 0x2EB7, 0x0DB7, 0x0DB7, 0x2EB7, 0x2EB7, 0x6B9E,
0x2EB7, 0x2EB7, 0xAEA6, 0x0FB7, 0x2DB7, 0x0EAF, 0xAC8D, 0x11B7, 0x6D9E, 0xF1B6,
0x8EA6, 0x2EB7, 0xEDAE, 0xECAE, 0x0DAF, 0x4EB7, 0x2DB7, 0x2DB7, 0xCCA6, 0x0DAF,
0xEC95, 0x8DA6, 0xEEAE, 0x2EB7, 0xECAE, 0x2DB7, 0x2DB7, 0x2DB7, 0x2DB7, 0x2DB7,
0x4EB7, 0x0EB7, 0x8CA6, 0x0FB7, 0x31B7, 0xAB8D, 0x0FB7, 0x2B96, 0xEEAE, 0xEEAE,
0xCDA6, 0x0EB7, 0x0EAF, 0x4A96, 0x2DB7, 0x2DB7, 0x2DB7, 0x0DB7, 0x0DAF, 0x2EB7,
0xEC74, 0xEFB6, 0xECAE, 0x30B7, 0xC96C, 0x53BF, 0xD1AE, 0xEDAE, 0x0DAF, 0xEDAE,
0x0EB7, 0x6B9E, 0x30B7, 0xA985, 0x6D9E, 0xCEAE, 0xEDAE, 0x0EAF, 0x0EAF, 0xEDAE,
0x8C9E, 0x0DAF, 0x0DAF, 0x2DB7, 0x0DB7, 0x2DB7, 0x4EB7, 0xEDAE, 0x0DAF, 0x0DAF,
0xECAE, 0xECAE, 0xACA6, 0x4B9E, 0x0EB7, 0xEA8D, 0xADA6, 0x8DA6, 0x50BF, 0x6EA6,
0x297D, 0x10B7, 0x0D96, 0x6EA6, 0x8DA6, 0xCA8D, 0xADA6, 0x0FB7, 0x2FB7, 0x6B9E,
0x0DAF, 0x0DAF, 0x0DAF, 0xECAE, 0xEEAE, 0xEFAE, 0x2B7D, 0xD3AE, 0x0EB7, 0x2EB7,
0x2EB7, 0x6B85, 0x0DAF, 0x2EB7, 0x0EAF, 0x6B9E, 0x8B9E, 0x0DB7, 0x0CAF, 0x2DB7,
0xEDAE, 0x0DB7, 0x4EB7, 0x4C9E, 0x2FB7, 0x0DAF, 0x2DB7, 0x2DB7, 0x2DB7, 0x2DB7,
0x2DB7, 0x0DAF, 0x2DB7, 0x2DB7, 0x0DB7, 0x0DAF, 0x0DAF, 0x2CB7, 0x2DB7, 0x0DAF,
0x2DB7, 0x2DB7, 0x2DB7, 0x2DB7, 0x2DB7, 0xACA6, 0x0EB7, 0x4EBF, 0x0DAF, 0xEDAE,
0x0DAF, 0x2DB7, 0x0DB7, 0x2DB7, 0x0DB7, 0x2DB7, 0x0DAF, 0x0DAF, 0x0EB7, 0x0EB7,
0x2DB7, 0x2DB7, 0xECAE, 0x2EB7, 0x4EB7, 0x0EB7, 0xCDAE, 0xACA6, 0xEDAE, 0x6B9E,
0x70BF, 0xEEAE, 0x0EAF, 0x0FB7, 0xCB8D, 0xCFAE, 0x4D9E, 0x10B7, 0x51BF, 0x8C9E,
0x2EB7, 0x0DB7, 0x0BAF, 0x0CAF, 0x6EBF, 0x4EB7, 0xEDAE, 0x8CA6, 0xCEAE, 0x8DA6,
0x4FB7, 0x2EB7, 0x0DB7, 0x0DB7, 0x0DB7, 0x0DB7, 0x0DB7, 0x0BAF, 0x0DAF, 0x0EAF,
0x2B96, 0x2FB7, 0x497D, 0x4D9E, 0xADA6, 0x2EB7, 0x0EB7, 0x2EB7, 0xCEAE, 0xEEAE,
0xCDA6, 0xECAE, 0xECAE, 0x4EB7, 0xCCAE, 0x0DAF, 0x2EB7, 0xEB8D, 0xEB8D, 0x2EB7,
0x2EB7, 0x119E, 0x2C7D, 0x2FB7, 0xEE95, 0x4EBF, 0xEDAE, 0xCDAE, 0xADA6, 0x4FB7,
0x50BF, 0x2B96, 0x0EB7, 0x0DAF, 0x2FB7, 0x2FB7, 0x8CA6, 0x0EB7, 0xCDAE, 0xCCAE,
0x2DB7, 0x2DB7, 0x2DB7, 0x2DB7, 0x0DAF, 0x2DB7, 0x0DAF, 0x2DB7, 0x0EB7, 0x0DAF,
0x4B9E, 0x0EB7, 0x2EB7, 0x8C85, 0xCDAE, 0xECAE, 0x0DB7, 0x4A7D, 0x11B7, 0xF1B6,
0xED95, 0xAFA6, 0xEDAE, 0xACA6, 0xCDAE, 0x0EB7, 0xACA6, 0x0DAF, 0x0DB7, 0x2DB7,
0x0DB7, 0xEDAE, 0xEEAE, 0xCFAE, 0x0D96, 0x32BF, 0x0DB7, 0x0EB7, 0xADA6, 0x2D96,
0x0EB7, 0x2EB7, 0x2FB7, 0xACA6, 0x4FB7, 0x0DB7, 0x2DB7, 0x0DAF, 0x0DAF, 0x2EB7,
0xEDAE, 0x0DAF, 0x2EB7, 0x0DB7, 0x2DB7, 0x2DB7, 0x2DB7, 0x2DB7, 0x2DB7, 0x0DAF,
0x2DB7, 0x0DAF, 0xEDAE, 0x2DB7, 0x0DB7, 0x2DB7, 0x0DB7, 0x2DB7, 0x2DB7, 0x2DB7,
0x2DB7, 0x2DB7, 0x2DB7, 0x4EB7, 0x2DB7, 0x0CAF, 0x0DAF, 0x4EB7, 0x2EB7, 0x6B9E,
0x2EB7, 0x2EB7, 0xAEA6, 0x50BF, 0x2EB7, 0x0EAF, 0x2975, 0xCFAE, 0x0C96, 0xB0A6,
0xCEAE, 0x2DB7, 0xEDAE, 0xECAE, 0x0DAF, 0x2EB7, 0x4DB7, 0x4DB7, 0xECAE, 0x2DB7,
0x8DA6, 0x8DA6, 0x0EAF, 0x0DAF, 0x0CAF, 0x2DB7, 0x2DB7, 0x2DB7, 0x2DB7, 0x4EB7,
0x2EB7, 0x2EB7, 0x4B96, 0x0EAF, 0x31B7, 0xAA85, 0x2FB7, 0x8CA6, 0x0EAF, 0x2EB7,
0xCDA6, 0x2EB7, 0x2EB7, 0xACA6, 0x2DB7, 0x4EB7, 0x2DB7, 0x2EB7, 0xEDAE, 0x4EB7,
0xEB74, 0x2FB7, 0x2DB7, 0x30B7, 0x0A75, 0x32BF, 0x90A6, 0xEDAE, 0x0EAF, 0x8CA6,
0xEDAE, 0xCDA6, 0x4FB7, 0xCA8D, 0x4C9E, 0x0FB7, 0x0EB7, 0x2EB7, 0xEDAE, 0xEDAE,
0xCDAE, 0x2DB7, 0xCCAE, 0x2DB7, 0x0DAF, 0x0DAF, 0x2DB7, 0x2EB7, 0x2DB7, 0x4EB7,
0xECAE, 0xECAE, 0xACA6, 0x4B9E, 0x0EB7, 0x487D, 0x4C9E, 0x8C9E, 0x2FB7, 0x6E9E,
0x0875, 0x51BF, 0xCB8D, 0xCFAE, 0xCDA6, 0x2B96, 0xCDA6, 0x4FB7, 0x0FB7, 0xABA6,
0x0DB7, 0x0DAF, 0x0DAF, 0x2DB7, 0x2EB7, 0x30B7, 0xAC8D, 0xF3B6, 0x0EAF, 0x2EB7,
0x2EB7, 0xAC8D, 0x0EB7, 0x2EB7, 0x0EB7, 0x8C9E, 0xACA6, 0x2EB7, 0x0DB7, 0x0EB7,
0xEDAE, 0xEDAE, 0x2EB7, 0x6C9E, 0x2FB7, 0x0DAF, 0x2DB7, 0x2DB7, 0x2DB7, 0x2DB7,
0x2DB7, 0x0DB7, 0x2DB7, 0x0DAF, 0xCCAE, 0xCCA6, 0xEDAE, 0x0CAF, 0x2DB7, 0x4DB7,
0x2DB7, 0x2DB7, 0x2DB7, 0x2DB7, 0x2DB7, 0xECAE, 0x0DAF, 0x2EB7, 0x2DB7, 0x0DAF,
0x0DAF, 0x2DB7, 0x0DB7, 0x2DB7, 0x0DB7, 0x2DB7, 0x0DAF, 0x0DAF, 0x0DAF, 0x2EB7,
0x0DB7, 0x0DB7, 0xECAE, 0x2DB7, 0x2DB7, 0x0EB7, 0x2EB7, 0xCDAE, 0x0EB7, 0xACA6,
0x90C7, 0xADA6, 0xEEAE, 0x0FB7, 0x4C9E, 0x30B7, 0x2C96, 0x30B7, 0xEFAE, 0xCDAE,
0x2DB7, 0x2DB7, 0xEBAE, 0xECAE, 0x4EBF, 0x0DAF, 0x0EAF, 0xCDAE, 0xEEAE, 0xEDAE,
0x2EB7, 0x2EB7, 0x2DB7, 0x2DB7, 0x2DB7, 0x2DB7, 0x2DB7, 0xEBA6, 0x0DAF, 0xEEAE,
0xEA8D, 0x2EB7, 0x697D, 0x2C96, 0xEEAE, 0x2EB7, 0x0DAF, 0x2EB7, 0xEEAE, 0x0EAF,
0x0EB7, 0x2DB7, 0x0DAF, 0x2EB7, 0xCCAE, 0x0DAF, 0x0DB7, 0x2C96, 0x2C96, 0x0DB7,
0xAAA6, 0x2F9E, 0x4B7D, 0x4EB7, 0x2E9E, 0x2DB7, 0xEDAE, 0x2EB7, 0xADA6, 0x0EAF,
0x4FBF, 0x6C9E, 0x0DAF, 0x0DB7, 0x4FBF, 0x2EB7, 0x8C9E, 0x0EAF, 0xEEAE, 0xCCA6,
0x2DB7, 0x2DB7, 0x2DB7, 0x2DB7, 0x0DB7, 0x2DB7, 0x0DB7, 0x2DB7, 0x0EB7, 0x0DB7,
0xACA6, 0x2EB7, 0x2EB7, 0x0E96, 0xEEAE, 0xACA6, 0x0EB7, 0x6A85, 0x52BF, 0x31B7,
0xEC95, 0xD0AE, 0xEDAE, 0xECAE, 0x0DAF, 0x2EB7, 0xCCA6, 0x0DB7, 0x0DAF, 0x2DB7,
0x2DB7, 0xEDAE, 0xEDAE, 0x0FB7, 0x4D9E, 0x11B7, 0x4EB7, 0x0EB7, 0xEEAE, 0x0C96,
0x2EB7, 0x2EB7, 0x2EB7, 0xCCA6, 0x2EB7, 0x0DB7, 0x2DB7, 0x0DAF, 0x0DAF, 0x2EB7,
0xEDAE, 0x0DB7, 0x2EB7, 0x0EB7, 0x2DB7, 0x2DB7, 0x2DB7, 0x2DB7, 0x2DB7, 0x2DB7,
0x2EB7, 0x2DB7, 0x0DAF, 0x2DB7, 0x0DB7, 0x2DB7, 0x0DB7, 0x2DB7, 0x2DB7, 0x2DB7,
0x2DB7, 0x2DB7, 0x2DB7, 0x2DB7, 0xEDAE, 0x0DAF, 0x2DB7, 0x0EB7, 0x2EB7, 0xCCA6,
0x2EB7, 0x0DAF, 0xCFAE, 0x0FB7, 0xABA6, 0x4FBF, 0x6A7D, 0x10B7, 0x4C9E, 0xCFAE,
0xCEAE, 0x2DB7, 0x0CAF, 0xECAE, 0x0DB7, 0x2DB7, 0x4DB7, 0x4EB7, 0xECAE, 0x2DB7,
0xEEAE, 0xEDAE, 0x2EB7, 0xECAE, 0x2DB7, 0x2DB7, 0x2DB7, 0x2DB7, 0x2DB7, 0x0DAF,
0x2DB7, 0x2EB7, 0x0A96, 0x0EB7, 0x10B7, 0xAA85, 0x4FBF, 0xEDAE, 0x0DB7, 0x2EB7,
0xEDAE, 0x2EB7, 0x2EB7, 0x0DAF, 0x2DB7, 0x2EB7, 0x0DB7, 0x4EB7, 0xECAE, 0x4DB7,
0x4B7D, 0x50BF, 0x2EB7, 0x2FB7, 0x8B85, 0xF0AE, 0x6EA6, 0x0DAF, 0xEDAE, 0xACA6,
0xEDAE, 0xCDAE, 0x0EB7, 0x6B9E, 0x6C9E, 0x2FB7, 0x2EB7, 0x2EB7, 0xEDAE, 0xEDAE,
0xEDAE, 0x2DB7, 0xCCA6, 0x2EB7, 0x0DAF, 0x0DAF, 0xEDAE, 0x4EB7, 0x0DB7, 0x4EB7,
0x2DB7, 0xEDAE, 0xEDAE, 0xACA6, 0x0EB7, 0x6D9E, 0xEFAE, 0xADA6, 0xEDAE, 0x6D9E,
0x8985, 0x30B7, 0x8A85, 0xEFAE, 0xEDAE, 0x8CA6, 0xCDAE, 0x4FBF, 0x2EB7, 0xECAE,
0x2DB7, 0x0DB7, 0x0DAF, 0x0DAF, 0x2EB7, 0x0EB7, 0x0D96, 0xF1B6, 0x0DAF, 0x2EB7,
0x6FBF, 0x8B85, 0x2EB7, 0x2EB7, 0x2EB7, 0xACA6, 0xCDA6, 0x4EB7, 0x2DB7, 0x0EB7,
0xEEAE, 0xEDAE, 0x2EB7, 0xADA6, 0x2FB7, 0x2DB7, 0x2DB7, 0x2DB7, 0x2DB7, 0x2DB7,
0x2DB7, 0x2DB7, 0x4EB7, 0x4EB7, 0x2DB7, 0x2DB7, 0x0DB7, 0x0CAF, 0x2CB7, 0x2DB7,
0x2DB7, 0x2DB7, 0x2DB7, 0x2DB7, 0x2DB7, 0x0DAF, 0x2DB7, 0xEDAE, 0x4EB7, 0x0DAF,
0x2DB7, 0x2DB7, 0x0DB7, 0x2DB7, 0x0DB7, 0x2DB7, 0x2DB7, 0x0DAF, 0x0DAF, 0x2DB7,
0x0EB7, 0x0EB7, 0xCDA6, 0xEDAE, 0xEDAE, 0x2EB7, 0x4EB7, 0x0EAF, 0x2EB7, 0xACA6,
0x90C7, 0xCDAE, 0xEEAE, 0x0EB7, 0x8DA6, 0x50BF, 0xEA8D, 0x2FB7, 0xEEAE, 0x0DAF,
0x0DB7, 0x2DB7, 0xECAE, 0xECAE, 0x4DB7, 0xEDAE, 0x0EB7, 0xEEAE, 0x0EAF, 0x0EB7,
0x2DB7, 0x4DB7, 0x0CAF, 0x2DB7, 0x2DB7, 0x2DB7, 0x2DB7, 0x0BAF, 0x2EB7, 0x0EB7,
0x0B96, 0x2EB7, 0x8985, 0x4B9E, 0xEDAE, 0x2DB7, 0x0DAF, 0x0DB7, 0x0EB7, 0x0DAF,
0x2DB7, 0x2DB7, 0x2DB7, 0x2DB7, 0xEDAE, 0x0DAF, 0x0DAF, 0x6D9E, 0x6D9E, 0x0DAF,
0x0CAF, 0x4F9E, 0x2A7D, 0x6EBF, 0xCFAE, 0x0DAF, 0x0DAF, 0xEDAE, 0xEEAE, 0x0EAF,
0x6FBF, 0xCCA6, 0x2DB7, 0x2DB7, 0x2EB7, 0x0EB7, 0xACA6, 0x0DAF, 0x0DAF, 0xCCA6,
0x2DB7, 0x2DB7, 0x2DB7, 0x2DB7, 0x0DB7, 0x2DB7, 0x0DB7, 0x2DB7, 0x0DAF, 0x0EB7,
0xEDAE, 0x2EB7, 0x2EB7, 0x0D96, 0x6EBF, 0x0CAF, 0x4DB7, 0x6A85, 0x31BF, 0x31BF,
0xEC95, 0xF0B6, 0xECAE, 0x0DAF, 0x2DB7, 0x2DB7, 0xECAE, 0x2DB7, 0x0DAF, 0x2DB7,
0x2DB7, 0x0DAF, 0x0EB7, 0x4FB7, 0xADA6, 0x2FB7, 0x6EBF, 0x0EAF, 0x2FB7, 0xEB8D,
0x2EB7, 0x2EB7, 0x2EB7, 0xEDAE, 0x2EB7, 0x0DB7, 0x2DB7, 0x0DAF, 0x0DAF, 0x2EB7,
0x0DB7, 0x2EB7, 0x2EB7, 0x2EB7, 0x2DB7, 0x2DB7, 0x2DB7, 0x2DB7, 0x2DB7, 0x2DB7,
0x4EB7, 0x2DB7, 0x0DAF, 0x2DB7, 0x0DB7, 0x2DB7, 0x0DB7, 0x2DB7, 0x2DB7, 0x2DB7,
0x2DB7, 0x2DB7, 0x2DB7, 0xEEAE, 0xEEAE, 0x0EB7, 0xEEAE, 0x0DAF, 0x2EB7, 0x0DAF,
0x2EB7, 0xEDAE, 0xEFAE, 0x0FB7, 0x8B9E, 0x6FBF, 0xCB8D, 0x4FB7, 0x6C9E, 0xAFAE,
0x0EB7, 0x2DB7, 0x0DAF, 0x0DAF, 0x2DB7, 0x0DB7, 0x4EB7, 0x4EBF, 0x0DAF, 0x4EB7,
0x0EB7, 0x0DB7, 0x2DB7, 0xECAE, 0x2DB7, 0x2DB7, 0x2DB7, 0x2DB7, 0x2DB7, 0x0DAF,
0x4EB7, 0x2EB7, 0x2B96, 0x2FB7, 0xEFAE, 0xCA8D, 0x4FB7, 0x0DAF, 0x0DAF, 0x2EB7,
0x0EB7, 0x4EB7, 0x0EB7, 0x2DB7, 0x2DB7, 0x2DB7, 0x0DAF, 0x2EB7, 0xECAE, 0x4DB7,
0xEC8D, 0x50BF, 0x0DAF, 0x4FBF, 0xCB8D, 0x10B7, 0xCFAE, 0x0DAF, 0x0EAF, 0xEDAE,
0x0EAF, 0xCDAE, 0xEDAE, 0xEDAE, 0xCDAE, 0x0EB7, 0x2DB7, 0x2EB7, 0xECAE, 0xEDAE,
0x0DAF, 0x2EB7, 0xCCA6, 0x2EB7, 0x0DAF, 0x0DAF, 0xCCAE, 0x2EB7, 0x0DB7, 0x4EB7,
0x4DB7, 0x0DAF, 0x0DB7, 0xEDAE, 0x0EB7, 0x4E9E, 0x10B7, 0xEEAE, 0x2DB7, 0x6C9E,
0xA985, 0x30B7, 0xA985, 0x0FB7, 0x0DAF, 0xECAE, 0x0DAF, 0x4EB7, 0x2EB7, 0x0DAF,
0x2DB7, 0x0DB7, 0x0DB7, 0x0CAF, 0x2EB7, 0x0EB7, 0x8DA6, 0x0FB7, 0x2DB7, 0x0DAF,
0x8FBF, 0x6A85, 0x2EB7, 0x2EB7, 0x2EB7, 0xEDAE, 0xEDAE, 0x2DB7, 0x0DB7, 0x2FB7,
0xEEAE, 0x0DB7, 0x2DB7, 0xCEAE, 0x2FB7, 0x2EB7, 0x2DB7, 0x2DB7, 0x2DB7, 0x2DB7,
0x2DB7, 0xEDAE, 0x2DB7, 0x4EB7, 0x4EB7, 0x4EB7, 0x2DB7, 0x0CAF, 0x0DAF, 0x2DB7,
0x2DB7, 0x2DB7, 0x2DB7, 0x2DB7, 0x2DB7, 0x0DAF, 0x4EB7, 0xECAE, 0x6EBF, 0x0DAF,
0x4EB7, 0x2DB7, 0x0DB7, 0x2DB7, 0x0DB7, 0x2DB7, 0x2DB7, 0x0DB7, 0x0DAF, 0x2DB7,
0x2EB7, 0x0EB7, 0xCDAE, 0xEDAE, 0xEDAE, 0x4EB7, 0xEDAE, 0x2EB7, 0x2EB7, 0x2A96,
0x70BF, 0x0FB7, 0x0EAF, 0x0FB7, 0x4C9E, 0x0FB7, 0x0A96, 0x2FB7, 0x2FB7, 0x0DAF,
0x0DB7, 0x2DB7, 0xECAE, 0x2DB7, 0x2DB7, 0x0DAF, 0x2EB7, 0x0EAF, 0x0DB7, 0x0DB7,
0x2DB7, 0x2DB7, 0xECAE, 0x2DB7, 0x2DB7, 0x2DB7, 0x2DB7, 0x2CB7, 0x2EB7, 0x0EB7,
0x4C9E, 0x0EAF, 0x2B96, 0xCDA6, 0xEDAE, 0x2DB7, 0x2DB7, 0xECAE, 0x2EB7, 0x2DB7,
0x0CAF, 0x0DAF, 0x2DB7, 0x0DB7, 0x0DAF, 0x2DB7, 0xECAE, 0xCDAE, 0xCDAE, 0xECAE,
0x4EB7, 0x71A6, 0x4C7D, 0x4FBF, 0x2F9E, 0xEDAE, 0x2EB7, 0xEDAE, 0x0EAF, 0xCEAE,
0x4FBF, 0xEDAE, 0x4DB7, 0x6DBF, 0x0DAF, 0x2DB7, 0xEDAE, 0x2DB7, 0x0DB7, 0xECAE,
0x2DB7, 0x2DB7, 0x2DB7, 0x2DB7, 0x0DB7, 0x2DB7, 0x0DB7, 0x2DB7, 0xEDAE, 0x0EB7,
0xACA6, 0x0DB7, 0x6FBF, 0x4A7D, 0x0EAF, 0x2DB7, 0x4EB7, 0x687D, 0x0FB7, 0x0FB7,
0x2B96, 0x2FB7, 0x0CAF, 0x2DB7, 0x4DB7, 0x4DB7, 0xEDAE, 0x2EB7, 0x0DAF, 0x2DB7,
0x2DB7, 0x0DAF, 0x6EBF, 0x4EB7, 0x0DAF, 0x2EB7, 0x6EBF, 0xEDAE, 0x4FBF, 0xEB8D,
0x4EB7, 0x2EB7, 0x2DB7, 0x0DAF, 0x2DB7, 0x0DB7, 0x2DB7, 0x0DAF, 0x0DAF, 0x0EB7,
0x2EB7, 0x2EB7, 0x2EB7, 0x2EB7, 0x2DB7, 0x2DB7, 0x2DB7, 0x2DB7, 0x2DB7, 0x2DB7,
0x4EB7, 0x2DB7, 0x0DAF, 0x2DB7, 0x0DB7, 0x2DB7, 0x0DB7, 0x2DB7, 0x2DB7, 0x2DB7,
0x2DB7, 0x2DB7, 0x2DB7, 0x0EB7, 0xCEAE, 0x0EAF, 0xCEAE, 0x0DB7, 0x2EB7, 0x0DAF,
0x2EB7, 0x0DAF, 0xCFAE, 0x50BF, 0xECAE, 0x2EB7, 0x697D, 0xCDAE, 0xCDAE, 0xCEAE,
0x0DAF, 0x2DB7, 0x0DB7, 0x0DB7, 0x2DB7, 0x0DAF, 0x2EB7, 0x4EB7, 0x0DAF, 0x4EB7,
0x2DB7, 0x0DAF, 0x0CAF, 0x2DB7, 0x0DAF, 0x2DB7, 0x2DB7, 0x2DB7, 0x2DB7, 0x0DAF,
0x0DB7, 0x0DAF, 0x6B9E, 0x0FB7, 0x0FB7, 0x2B96, 0x4EB7, 0x2DB7, 0x0DB7, 0x4EB7,
0x2DB7, 0x4EB7, 0x0DB7, 0x2DB7, 0x2DB7, 0x0DAF, 0x0DAF, 0x2DB7, 0xEDAE, 0x2DB7,
0x8DA6, 0x4EBF, 0x0CAF, 0x4FB7, 0xAB85, 0x31BF, 0x10B7, 0xCDAE, 0x0EB7, 0x0EAF,
0xEDAE, 0xACA6, 0xEDAE, 0x0DB7, 0x2EB7, 0x0DAF, 0x4EB7, 0x2EB7, 0xCCA6, 0xEDAE,
0x2DB7, 0x2DB7, 0xECAE, 0x2EB7, 0x0DB7, 0x2DB7, 0xECAE, 0x2DB7, 0x2DB7, 0x2EB7,
0x2DB7, 0x2DB7, 0x0DAF, 0xCDAE, 0x2EB7, 0xC86C, 0x4E9E, 0xEEAE, 0x6EBF, 0x8C9E,
0x687D, 0x50BF, 0x0B96, 0x0FB7, 0x2DB7, 0x0CAF, 0x4DB7, 0x2DB7, 0x0DB7, 0x0DAF,
0x2DB7, 0x0DB7, 0x2DB7, 0x2CB7, 0x4EB7, 0x2DB7, 0x2EB7, 0x2EB7, 0x2DB7, 0x0CAF,
0x6EBF, 0xEB8D, 0x2EB7, 0x2EB7, 0x2EB7, 0x0DAF, 0x0DAF, 0x2DB7, 0x0DAF, 0x2EB7,
0x0EB7, 0x2DB7, 0x2DB7, 0x0EB7, 0x2FB7, 0x4EB7, 0x2DB7, 0x2DB7, 0x2DB7, 0x2DB7,
0x2DB7, 0xEDAE, 0x0DAF, 0x0DAF, 0xECAE, 0xECAE, 0x2DB7, 0x0CAF, 0x2DB7, 0x2EB7,
0x2DB7, 0x2DB7, 0x2DB7, 0x2DB7, 0x2DB7, 0x0DAF, 0x4DB7, 0x2DB7, 0x4DB7, 0x2DB7,
0x4DB7, 0x2DB7, 0x0DB7, 0x2DB7, 0x0DB7, 0x2DB7, 0x2DB7, 0x2DB7, 0x0DAF, 0x2DB7,
0x2EB7, 0x2EB7, 0xEDAE, 0x0EB7, 0x0EB7, 0x0EB7, 0x0EAF, 0x0DAF, 0x2EB7, 0xE98D,
0x4FBF, 0x0EB7, 0x2FB7, 0x4FBF, 0x8C9E, 0x70BF, 0x0EB7, 0x6FBF, 0x2EB7, 0x0CAF,
0x0DB7, 0x2DB7, 0x0DAF, 0x4DB7, 0x0DAF, 0x0DB7, 0x2EB7, 0x0EAF, 0x0DAF, 0x0DAF,
0x4DB7, 0x0CAF, 0x0BAF, 0x2DB7, 0x2DB7, 0x2DB7, 0x2DB7, 0x0BAF, 0x2DB7, 0x0EB7,
0x2B96, 0xEDAE, 0xCDAE, 0x4FBF, 0xECAE, 0x2CB7, 0x2DB7, 0x0CAF, 0x2DB7, 0x0DB7,
0x0CAF, 0xCCAE, 0x0DB7, 0x2DB7, 0x0DB7, 0x4EB7, 0xECAE, 0x0EAF, 0x0EAF, 0xECAE,
0xECAE, 0x51A6, 0xAD8D, 0x0EB7, 0x8C85, 0xEDAE, 0x2EB7, 0x2EB7, 0xCDAE, 0x4C9E,
0x4EB7, 0x0DB7, 0x4DB7, 0x4DB7, 0x0DAF, 0x4DB7, 0x2DB7, 0x2DB7, 0x0DAF, 0x0DAF,
0x2DB7, 0x2DB7, 0x2DB7, 0x2DB7, 0x0DAF, 0x2DB7, 0x0DAF, 0x2DB7, 0xEDAE, 0x2EB7,
0xCCAE, 0x0DB7, 0x6FBF, 0xAD8D, 0xEEAE, 0x2EB7, 0x2FB7, 0x2A96, 0x4FB7, 0x4FBF,
0xEDAE, 0x2FB7, 0xECAE, 0x2DB7, 0x4DB7, 0x2DB7, 0x0DAF, 0x4EB7, 0x0DAF, 0x0DB7,
0x2DB7, 0x2DB7, 0x4EB7, 0x4DB7, 0x2EB7, 0x2DB7, 0x2CB7, 0x2DB7, 0x2EB7, 0x6C9E,
0x4EBF, 0x2DB7, 0x2DB7, 0x0DB7, 0x2DB7, 0x0DB7, 0x2DB7, 0x0DAF, 0x0DAF, 0x0DB7,
0x2EB7, 0x2EB7, 0x2EB7, 0x2EB7, 0x2DB7, 0x2DB7, 0x2DB7, 0x2DB7, 0x2DB7, 0x2DB7,
0x2EB7, 0x2DB7, 0x0DAF, 0x2DB7, 0x0DB7, 0x2DB7, 0x0DB7, 0x2DB7, 0x2DB7, 0x2DB7,
0x2DB7, 0x2DB7, 0x2DB7, 0x0EB7, 0xCDA6, 0x2EB7, 0x2EB7, 0xEDAE, 0x2EB7, 0xEDAE,
0x2EB7, 0xEDAE, 0xCFAE, 0x4FB7, 0x0DB7, 0x0EB7, 0xEA8D, 0x0DAF, 0x6FBF, 0x50BF,
0x0DB7, 0x2DB7, 0x2DB7, 0x2DB7, 0x2DB7, 0x0DAF, 0x2EB7, 0x4EB7, 0x0DAF, 0x4EB7,
0x2CB7, 0x0CAF, 0x0CAF, 0x2DB7, 0x2DB7, 0x2DB7, 0x2DB7, 0x2DB7, 0x2DB7, 0x0DAF,
0xECAE, 0xEDAE, 0x4B9E, 0x0EAF, 0x2FB7, 0x8CA6, 0x6EBF, 0x2DB7, 0x2DB7, 0x4EB7,
0x2EB7, 0x0DB7, 0x0DAF, 0x2DB7, 0x2DB7, 0x0DAF, 0x2DB7, 0x0DB7, 0x0DB7, 0x2CB7,
0x0EAF, 0x4DB7, 0x2CB7, 0x0EB7, 0x0C96, 0x51BF, 0xEFB6, 0xCDAE, 0xEDAE, 0xEDAE,
0xEDAE, 0x4B96, 0x0DAF, 0xEDAE, 0x2EB7, 0xECAE, 0x4DB7, 0x4DB7, 0xECAE, 0x0DB7,
0x2DB7, 0x2DB7, 0x0DAF, 0x2DB7, 0x2DB7, 0x2DB7, 0x0DAF, 0x0DB7, 0x2EB7, 0x2DB7,
0x2DB7, 0x2DB7, 0x0DAF, 0xCDAE, 0x0EB7, 0xC96C, 0x6EA6, 0x4FB7, 0x4DB7, 0xADA6,
0xEA8D, 0x2FB7, 0x8CA6, 0x0EB7, 0x2DB7, 0x2CB7, 0x6EBF, 0xECAE, 0x2CB7, 0x0DAF,
0x2DB7, 0x0DAF, 0x2DB7, 0x0CAF, 0x2CB7, 0x0CAF, 0x4EB7, 0x0DAF, 0x0CAF, 0x2CB7,
0x4DB7, 0xAEA6, 0x2EB7, 0x0EB7, 0x0EB7, 0x0EB7, 0x0EAF, 0x2DB7, 0x0CAF, 0x2EB7,
0x0DB7, 0x2EB7, 0x0DB7, 0x2FB7, 0x2FB7, 0x4EB7, 0x2DB7, 0x2DB7, 0x2DB7, 0x2DB7,
0x2DB7, 0x2EB7, 0x4EB7, 0x4EB7, 0x2EB7, 0x2DB7, 0x2DB7, 0x2DB7, 0x2DB7, 0x2DB7,
0x2DB7, 0x2DB7, 0x2DB7, 0x2DB7, 0x2DB7, 0x0DAF, 0x4DB7, 0x4DB7, 0x0CAF, 0x2CB7,
0x0CAF, 0x2DB7, 0x0DB7, 0x2DB7, 0x0DB7, 0x2DB7, 0x2DB7, 0x2DB7, 0x0DB7, 0x2DB7,
0x2EB7, 0x2EB7, 0x0DAF, 0x4EB7, 0x4EB7, 0xCCA6, 0x6FBF, 0xCDA6, 0x2EB7, 0xE98D,
0x4FBF, 0xADA6, 0x70BF, 0xB1C7, 0x4FBF, 0x4FB7, 0x0EAF, 0xADA6, 0x0EAF, 0xECAE,
0x0DB7, 0x2EB7, 0x0DB7, 0x6EBF, 0xECAE, 0x0DB7, 0x2EB7, 0xEEAE, 0xCCAE, 0x0DB7,
0x4DB7, 0xEBAE, 0x4CB7, 0x2DB7, 0x2DB7, 0x2DB7, 0x2DB7, 0x0BAF, 0x2EB7, 0x2EB7,
0xEA8D, 0xEEAE, 0x0EB7, 0xAFC7, 0xCBA6, 0x0CAF, 0x2CB7, 0x0CAF, 0x2DB7, 0xECAE,
0x2CB7, 0xCCA6, 0x0DAF, 0x4EB7, 0x0DB7, 0x6EBF, 0xECAE, 0x2EB7, 0x2EB7, 0xECAE,
0x6CB7, 0xF1B6, 0x6FA6, 0x6EBF, 0x6D9E, 0xEDAE, 0xEDAE, 0x2EB7, 0x8CA6, 0x0B96,
0x2EB7, 0x2DB7, 0x0CAF, 0x4DB7, 0x0CAF, 0x6EBF, 0x4DB7, 0x4DB7, 0x0CAF, 0x0DB7,
0x2DB7, 0x0DB7, 0x2DB7, 0x2DB7, 0x0DAF, 0x2DB7, 0x0DAF, 0x2DB7, 0xEDAE, 0x2EB7,
0x2EB7, 0x2EB7, 0x4FBF, 0x0D96, 0x0DAF, 0x2CB7, 0xECAE, 0xACA6, 0x2DB7, 0x2DB7,
0x2EB7, 0x8BA6, 0xECAE, 0x2DB7, 0x4EB7, 0x2DB7, 0x0DAF, 0x4EB7, 0x0DAF, 0x0DB7,
0x2DB7, 0x4EBF, 0x2DB7, 0x4DB7, 0x4DB7, 0x0CAF, 0x0CAF, 0x6EBF, 0x0EB7, 0xEEAE,
0x6FBF, 0x0DAF, 0x4EB7, 0x0DAF, 0x2EB7, 0x0DB7, 0x2DB7, 0x0DAF, 0x0DAF, 0x0DAF,
0x2EB7, 0x2EB7, 0x2EB7, 0x4EB7, 0x2DB7, 0x2DB7, 0x2DB7, 0x2DB7, 0x2DB7, 0x2DB7,
0x2EB7, 0x2DB7, 0x0DAF, 0x2DB7, 0x0DB7, 0x2DB7, 0x0DB7, 0x2DB7, 0x2DB7, 0x2DB7,
0x2DB7, 0x2DB7, 0x2DB7, 0x2DB7, 0x4EB7, 0x4DB7, 0x0CAF, 0xCDAE, 0x4FBF, 0xEDAE,
0x4EBF, 0xCCA6, 0xCFAE, 0xEEAE, 0xEDAE, 0x2EB7, 0xADA6, 0x2EB7, 0x2DB7, 0x2FB7,
0xECAE, 0x2EB7, 0x2EB7, 0x2EB7, 0x2EB7, 0xEDAE, 0x2DB7, 0x4EB7, 0x0DAF, 0x4DB7,
0x0CAF, 0x2CB7, 0x2CB7, 0x0CAF, 0x4EB7, 0x2DB7, 0x2DB7, 0x2DB7, 0x2DB7, 0x2DB7,
0x0DAF, 0x2EB7, 0x2B96, 0x2FB7, 0x0EB7, 0xCDA6, 0x4EB7, 0x0DAF, 0x2CB7, 0x6EBF,
0x4EB7, 0xECAE, 0x0DAF, 0x2DB7, 0x4EB7, 0x0DAF, 0x4EB7, 0x0DB7, 0x4DB7, 0x2BB7,
0x2EB7, 0x2DB7, 0x4EB7, 0x2CB7, 0xEDAE, 0x50BF, 0xEEAE, 0x2EB7, 0xCDAE, 0xEDAE,
0x4EB7, 0x2A96, 0x4DB7, 0xCCA6, 0x0DAF, 0xECAE, 0x2DB7, 0x4DB7, 0x4DB7, 0x4DB7,
0x2DB7, 0x2DB7, 0x2DB7, 0x2DB7, 0x4EB7, 0x4EB7, 0x0DAF, 0xEDAE, 0x2EB7, 0xEDAE,
0x4DB7, 0x0DB7, 0x2EB7, 0x0EAF, 0xEEAE, 0x8C85, 0xAFA6, 0x2EB7, 0xEBAE, 0xEEAE,
0xCDAE, 0xCDAE, 0xCDAE, 0x0EAF, 0x0CAF, 0x4DB7, 0x6EBF, 0xCBA6, 0x4DB7, 0x0DAF,
0x2DB7, 0x0DAF, 0x2DB7, 0x0CAF, 0x2DB7, 0x0CAF, 0x8EBF, 0x2CB7, 0xCAA6, 0x6CBF,
0x0CAF, 0x0FB7, 0x2EB7, 0x0EAF, 0x0EB7, 0x0EB7, 0x0EB7, 0x2EB7, 0x2CB7, 0x4DB7,
0x0DB7, 0x2DB7, 0x0DAF, 0x2FB7, 0x2FB7, 0x4EBF, 0x2DB7, 0x2DB7, 0x2DB7, 0x2DB7,
0x2DB7, 0x0DB7, 0x2DB7, 0x2DB7, 0x0DB7, 0x0DAF, 0x2EB7, 0x2DB7, 0x2DB7, 0x2CB7,
0x2DB7, 0x2DB7, 0x2DB7, 0x2DB7, 0x2DB7, 0x0DAF, 0x0DAF, 0x4DB7, 0x2DAF, 0x0DAF,
0x0DAF, 0x2DB7, 0x2DAF, 0x4EB7, 0xECA6, 0x4DB7, 0x0CAF, 0x4DB7, 0x6DB7, 0x2CAF,
0x0CAF, 0x0CAF, 0x2DB7, 0x2DAF, 0x2DB7, 0xEDAE, 0x4EB7, 0x0CAF, 0x0BAF, 0xCAA6,
0x0DAF, 0xCCA6, 0x4EB7, 0x2DB7, 0x4EB7, 0x0DAF, 0xEDAE, 0xEDAE, 0x0DAF, 0x4DB7,
0x0CAF, 0x0CAF, 0x2DB7, 0x0EAF, 0x2EB7, 0x0DAF, 0x2DAF, 0x6DB7, 0x2DAF, 0x2DAF,
0x0CAF, 0x4DB7, 0x4DB7, 0x2DAF, 0x0DAF, 0xEDAE, 0x2EB7, 0xEDAE, 0x0EAF, 0x0EAF,
0x8C9E, 0x2EB7, 0x6DB7, 0x0CAF, 0x0CAF, 0x6DB7, 0x2DB7, 0xECAE, 0x4DB7, 0x0CAF,
0x4DB7, 0x0EB7, 0xECAE, 0x4CB7, 0x2CB7, 0x0DAF, 0x4EB7, 0x0DAF, 0x2DB7, 0x0DAF,
0x2DAF, 0x0CAF, 0x2DB7, 0x2DAF, 0x6EB7, 0x4EB7, 0x0DAF, 0x2EB7, 0xEDAE, 0xAB9E,
0x0DAF, 0x4EB7, 0x2DB7, 0x4EB7, 0x0DAF, 0x4EB7, 0x2DB7, 0x4EB7, 0x0DAF, 0x4EB7,
0x0DAF, 0x2EB7, 0x2EAF, 0x0DAF, 0x2DB7, 0x4EB7, 0x2EB7, 0x0DAF, 0x4DB7, 0xCCA6,
0xCFC7, 0xCCA6, 0x4DB7, 0xCBA6, 0x4EB7, 0x2DB7, 0x2DB7, 0xAFBF, 0xECAE, 0x0CAF,
0x0CAF, 0x4DB7, 0x0CAF, 0x4DB7, 0x2DAF, 0x0CAF, 0x2EB7, 0x2EB7, 0x4EBF, 0xEDAE,
0x2EB7, 0x2DAF, 0x6EB7, 0x4EB7, 0x0DAF, 0xECA6, 0x4EB7, 0xCCA6, 0x6FB7, 0x0DAF,
0xECAE, 0xECA6, 0x0CAF, 0x4DB7, 0x2DAF, 0x2DB7, 0x2EB7, 0x0DAF, 0x4EB7, 0x2DB7,
0x4EB7, 0x6EBF, 0x0CAF, 0x4DB7, 0x0BAF, 0x4CB7, 0x8DBF, 0x6DB7, 0x0BAF, 0x0CAF,
0x0CAF, 0x2DB7, 0x6EB7, 0x8B9E, 0x4EB7, 0x8B9E, 0x8FBF, 0xAB9E, 0x2DB7, 0x2DAF,
0x4EB7, 0x0DAF, 0x4EB7, 0x0CAF, 0x2DAF, 0x2DAF, 0xECAE, 0x2EB7, 0x4FB7, 0xEDAE,
0x2EB7, 0xECAE, 0x0DAF, 0x0DB7, 0xCCAE, 0x4EB7, 0x4DB7, 0x6EBF, 0xECAE, 0x2DB7,
0xECAE, 0x2CAF, 0x4DB7, 0x0CAF, 0x2CAF, 0x0CAF, 0x0CAF, 0x2DB7, 0x6EBF, 0x2DAF,
0x4DB7, 0x6EBF, 0x0DAF, 0x4EB7, 0x6FBF, 0x2DB7, 0x2DB7, 0x2DB7, 0x0CAF, 0xEDAE,
0x0EAF, 0x0DAF, 0xEDAE, 0x2EAF, 0x0DB7, 0x0DB7, 0x4EBF, 0x0DB7, 0x0DB7, 0x0CAF,
0x6EB7, 0x2DB7, 0x2DAF, 0x4EB7, 0x0DAF, 0xEDA6, 0x2EAF, 0x6FBF, 0x2EB7, 0xCCA6,
0x4EB7, 0x6FBF, 0x2DAF, 0x4EB7, 0x0DAF, 0x0DAF, 0x4EB7, 0x2DAF, 0x2DAF, 0x2DB7,
0x0CAF, 0x8A9E, 0xECAE, 0x6EB7, 0x2DB7, 0x2DAF, 0x2DAF, 0x0CAF, 0x4EB7, 0x2DAF,
0x2DAF, 0x2EAF, 0x2EB7, 0x2EAF, 0x2EB7, 0x2EAF, 0x0CAF, 0x4DB7, 0x0CAF, 0x2DAF,
0xECA6, 0xEDAE, 0x2DB7, 0x0DAF, 0x4EB7, 0xCCA6, 0x0DAF, 0x0EAF, 0x0DAF, 0x0CAF,
0xAFBF, 0xCBA6, 0x2DB7, 0x0CAF, 0x0CAF, 0x4DB7, 0x4DB7, 0xECAE, 0x2CAF, 0x2EB7,
0x4EBF, 0x2EB7, 0x0DB7, 0x4DB7, 0x4EB7, 0x4EB7, 0x2EB7, 0xECAE, 0x4EB7, 0x2EB7,
0x0DAF, 0x8FBF, 0xABA6, 0x2DAF, 0x2DAF, 0x4DB7, 0x4EB7, 0x0CAF, 0x2DB7, 0x2DAF,
0x4DB7, 0x0CAF, 0x2CAF, 0x6DB7, 0x2CAF, 0x2CAF, 0x2DAF, 0x4EB7, 0x4EB7, 0x2EB7,
0x0CAF, 0x2DB7, 0x0CAF, 0x0CAF, 0x4DB7, 0x2CAF, 0xCCAE, 0x2DB7, 0x0DB7, 0x2DB7,
0x4B9E, 0x0EB7, 0x0EB7, 0xEDAE, 0xEDAE, 0x4DBF, 0x0EAF, 0xEEAE, 0x8C9E, 0xADA6,
0xCDA6, 0xADA6, 0xCEAE, 0x6D9E, 0x0FB7, 0xAEA6, 0xEFAE, 0xEFAE, 0xEFAE, 0xADA6,
0xAEA6, 0x4C9E, 0x4C96, 0x4D9E, 0xAEA6, 0x6D9E, 0xEEAE, 0x0EAF, 0x4FB7, 0x2EB7,
0x0EAF, 0x0EAF, 0xEEAE, 0xACA6, 0xCCA6, 0x0DAF, 0x4EB7, 0x2DB7, 0x0DAF, 0x0EAF,
0xCDA6, 0x0EAF, 0xCDA6, 0xEFAE, 0xCEAE, 0x8D9E, 0xEDAE, 0xCCA6, 0x8DA6, 0x4C9E,
0x4FB7, 0x4B96, 0x0FAF, 0xEDAE, 0x2EB7, 0x0DAF, 0xAB9E, 0xECA6, 0x0DAF, 0x6EBF,
0x0DAF, 0xABA6, 0xEEAE, 0xCDA6, 0x2EB7, 0x0EAF, 0x8C9E, 0xCDA6, 0xEEAE, 0x4FB7,
0xEDAE, 0xACA6, 0xCDA6, 0x8CA6, 0x6C9E, 0xAEA6, 0x8DA6, 0xCEAE, 0xADA6, 0x0FAF,
0xADA6, 0x2EB7, 0x4FB7, 0x0EAF, 0xEEAE, 0xCDA6, 0x0EAF, 0x0EAF, 0xACA6, 0xCDA6,
0x6B9E, 0x2EB7, 0xCCA6, 0xEDAE, 0x2EB7, 0xECAE, 0xECA6, 0xECAE, 0x2EAF, 0xCDA6,
0xACA6, 0xCDA6, 0xCDA6, 0x0FAF, 0x0FAF, 0xADA6, 0x8C9E, 0x0FAF, 0xEEAE, 0xCDA6,
0xEEAE, 0x70BF, 0xCDA6, 0xCDA6, 0x4B96, 0xADA6, 0x0EAF, 0x6B9E, 0xCDA6, 0xCDA6,
0x2FB7, 0x4FB7, 0xCDA6, 0x0EAF, 0xEEAE, 0xCDA6, 0x2EB7, 0x0DAF, 0xEDAE, 0x2EB7,
0x6B9E, 0xEEAE, 0xEEAE, 0x6C9E, 0xCDA6, 0x2FB7, 0x4A96, 0x2EB7, 0xCCA6, 0x6FBF,
0x2EB7, 0x0EAF, 0xACA6, 0xEDAE, 0xEDAE, 0x0DAF, 0x0DAF, 0xCCA6, 0x2DB7, 0x4DB7,
0x2DB7, 0x0DAF, 0xECAE, 0x2DAF, 0x0FAF, 0x6D9E, 0x4C96, 0x8D9E, 0xEFAE, 0x8C9E,
0xCDA6, 0x6C9E, 0xCDA6, 0x4FB7, 0x8DA6, 0xCEA6, 0x8DA6, 0x2FB7, 0xADA6, 0xADA6,
0xCEA6, 0x8D9E, 0xEEAE, 0x8EA6, 0x4C96, 0x2C96, 0x6D9E, 0x6B9E, 0xEDAE, 0x0DAF,
0x2DAF, 0x2DB7, 0x2EB7, 0x0EB7, 0x0EB7, 0x0EB7, 0xACA6, 0xCDA6, 0x0EB7, 0x4FB7,
0xEEAE, 0x0EAF, 0xCDA6, 0xEDAE, 0xCDA6, 0xADA6, 0x0FAF, 0x8C9E, 0xEDAE, 0xCCA6,
0xCDA6, 0xACA6, 0x8C9E, 0xAEA6, 0x6D9E, 0x2EB7, 0x0EAF, 0xEEAE, 0xCDA6, 0x0DAF,
0x2EB7, 0x0DAF, 0x0DAF, 0x2EB7, 0x2A96, 0x0DAF, 0xEDAE, 0x0DAF, 0x0DAF, 0xCDA6,
0xEEAE, 0xEEAE, 0x0EAF, 0x0EAF, 0xADA6, 0xEEAE, 0x8C9E, 0xACA6, 0xCEAE, 0xADA6,
0xCEA6, 0x0FAF, 0xADA6, 0xEDAE, 0x4EB7, 0xEDAE, 0xEDAE, 0x0EAF, 0xCEA6, 0xCEAE,
0x0FAF, 0x8DA6, 0x6B9E, 0x0EAF, 0x2EB7, 0xCDA6, 0x4EB7, 0x0DAF, 0x0DAF, 0xECAE,
0x4EB7, 0xCCA6, 0xCDA6, 0xCCA6, 0xCDA6, 0xCCA6, 0xEDAE, 0x0EAF, 0xADA6, 0xCDA6,
0x2EB7, 0x4A96, 0xEDAE, 0xECAE, 0x0DAF, 0xEEAE, 0xADA6, 0x8D9E, 0xEEAE, 0xCDA6,
0xACA6, 0xEDAE, 0x0EAF, 0x0EAF, 0x4FB7, 0xEDAE, 0xEDAE, 0xEDAE, 0xEDAE, 0x2DB7,
0xEDAE, 0x2EB7, 0xEDAE, 0xCDA6, 0xEEAE, 0x6C9E, 0x8D9E, 0x2FB7, 0xCCA6, 0x6A96,
0x2EB7, 0x2DB7, 0x4FB7, 0x2FB7, 0x0EAF, 0xCDA6, 0xADA6, 0x2FB7, 0xCDA6, 0x8C9E,
0xEDAE, 0x2FB7, 0xEDAE, 0xEDAE, 0xACA6, 0xEDAE, 0x6FBF, 0xCEAE, 0x6C9E, 0x6C9E,
0xACA6, 0xADA6, 0xEFAE, 0xCEA6, 0x6C9E, 0x6C9E, 0x0FB7, 0x6C9E, 0x8DA6, 0x4C9E,
0x0EB7, 0x8CA6, 0xEEAE, 0xCDAE, 0x4B9E, 0xEEAE, 0x8E9E, 0x2D96, 0xEB8D, 0xCFA6,
0xCFA6, 0xCC8D, 0xD0AE, 0xAB85, 0xD0AE, 0x2D96, 0xCC8D, 0x0D96, 0x2E96, 0x2E96,
0x2E9E, 0xCD8D, 0xCD8D, 0xED8D, 0x4F9E, 0xEC8D, 0x4D9E, 0x8EA6, 0xCEA6, 0xCEAE,
0x6D9E, 0xAEA6, 0x8DA6, 0xEB8D, 0xADA6, 0xADA6, 0x0FAF, 0xEEAE, 0xEEAE, 0xAEA6,
0x4D96, 0xEFAE, 0x8EA6, 0xCC8D, 0xCB85, 0xEC8D, 0x10B7, 0x0FAF, 0x8EA6, 0xEC8D,
0x6E9E, 0xCB8D, 0x8B85, 0xADA6, 0xADA6, 0x6D9E, 0x2C96, 0x8D9E, 0x6D9E, 0xCEAE,
0xAEA6, 0x2B96, 0xCEAE, 0xAEA6, 0x30B7, 0xCFAE, 0x8EA6, 0x0FAF, 0xAEA6, 0xAEA6,
0x0C96, 0x0F96, 0x0D96, 0x0B8E, 0x2B96, 0xAEA6, 0x0C8E, 0x6D9E, 0x6D9E, 0xCFA6,
0x0B8E, 0xCEA6, 0xEFAE, 0x8D9E, 0x4D9E, 0x4D96, 0x8EA6, 0x8EA6, 0x2C96, 0x8D9E,
0xEA8D, 0xCEA6, 0x4C96, 0x6D9E, 0x8D9E, 0x8DA6, 0xCEA6, 0xADA6, 0x8EA6, 0x4C96,
0x2C96, 0x4D96, 0x4D9E, 0xCFAE, 0xF0AE, 0x6E9E, 0xAB85, 0x6E9E, 0xCFA6, 0x0C96,
0x8EA6, 0xAFA6, 0x4D9E, 0x0C96, 0x0C8E, 0x8E9E, 0x8E9E, 0x4C9E, 0x4C96, 0x4C96,
0x2FB7, 0x0FAF, 0x6D9E, 0xAEA6, 0x8EA6, 0x6D9E, 0x6E9E, 0x2D96, 0xED8D, 0x6F9E,
0x8B85, 0xAEA6, 0x4D9E, 0x2C96, 0x6D9E, 0x8EA6, 0x2B96, 0x6C9E, 0xEFAE, 0x8D9E,
0x8EA6, 0x2C96, 0x0C96, 0xCFAE, 0xCFA6, 0xAEA6, 0x8D9E, 0x4C9E, 0xAEA6, 0x0FAF,
0xCEA6, 0xADA6, 0xEEAE, 0xCEA6, 0x90A6, 0xCD8D, 0xAC85, 0xED95, 0x6FA6, 0xAB85,
0x2D96, 0x0C96, 0xAFA6, 0x6E9E, 0x8EA6, 0x4D9E, 0x2D96, 0xCFAE, 0x0C96, 0x0C96,
0x2D96, 0xEC8D, 0x4D96, 0x2E96, 0x8C85, 0xED8D, 0x0E96, 0xEB8D, 0x4D96, 0xAEA6,
0x8DA6, 0xEEAE, 0xAEA6, 0xAEA6, 0xAEAE, 0x4C9E, 0x8DA6, 0x6D9E, 0xCEAE, 0x0FB7,
0x0FB7, 0x0FAF, 0x4C9E, 0xEFAE, 0xAEA6, 0x6D9E, 0xCD8D, 0xEC8D, 0xEEAE, 0x0EAF,
0x8D9E, 0x4D9E, 0xEB8D, 0x6E9E, 0xAB85, 0xCFAE, 0xAEA6, 0x6D9E, 0x2C96, 0x8DA6,
0x8EA6, 0x8EA6, 0x8DA6, 0xAEA6, 0xA985, 0x0EAF, 0x0EAF, 0x50B7, 0xCEA6, 0xCFAE,
0xCFAE, 0x8D9E, 0x4D9E, 0x6D9E, 0x0C96, 0x6E9E, 0x2C96, 0x8EA6, 0x6E9E, 0xEB8D,
0x4D96, 0xAEA6, 0x6E9E, 0x4C96, 0x0FAF, 0x6C9E, 0x6C9E, 0x8EA6, 0x0D96, 0xCFAE,
0x4E9E, 0xEC8D, 0xEB8D, 0xAEA6, 0xCFAE, 0x4D96, 0xADA6, 0x8D9E, 0xEEAE, 0xADA6,
0xADA6, 0x2C96, 0x4D96, 0x2C96, 0x4D96, 0x2C96, 0xCFA6, 0xAEA6, 0x0C8E, 0x0C8E,
0x30B7, 0xEB8D, 0xCEA6, 0xCEA6, 0xAEA6, 0x2C96, 0xCB85, 0x6E9E, 0xAEA6, 0xCA8D,
0xCEA6, 0xEB8D, 0xCEAE, 0xEFAE, 0x30B7, 0x4C9E, 0x8D9E, 0xAEA6, 0x4D9E, 0x4D9E,
0xCC8D, 0x0E96, 0x0E96, 0x8D9E, 0x6E9E, 0xAB85, 0x2C96, 0x6D9E, 0x6D9E, 0xEB8D,
0xCEAE, 0xCEA6, 0xAEA6, 0xAEA6, 0x0C96, 0xCFA6, 0xEFAE, 0xAFA6, 0x6D9E, 0x2C96,
0x6E9E, 0xCFA6, 0xCEAE, 0xAEA6, 0x8D9E, 0xCEAE, 0xAEA6, 0xEC8D, 0x8B85, 0xEC8D,
0xAEA6, 0xCC8D, 0x0E96, 0xED95, 0x2D96, 0x8EA6, 0x6E9E, 0x2D96, 0x0C8E, 0xAB85,
0xF0AE, 0xEC8D, 0x4D96, 0x0D96, 0xEC8D, 0xAEA6, 0x8C85, 0x8C85, 0xED8D, 0x8FA6,
0x0E96, 0x4C7D, 0x2F9E, 0x4C7D, 0x2F9E, 0xAD8D, 0x8D85, 0x8D85, 0x8D85, 0x6C85,
0x6D85, 0xAE8D, 0xCE8D, 0xAE8D, 0x8D85, 0x6C7D, 0xAD85, 0x0D96, 0x0D96, 0x2D96,
0xCD8D, 0x2E96, 0xED95, 0x4B7D, 0x2E96, 0xED8D, 0x4E9E, 0x4E9E, 0xB0A6, 0xED8D,
0x8B85, 0x4E9E, 0xED8D, 0xAD8D, 0x8C85, 0x8C85, 0x6F9E, 0x4E9E, 0x2E96, 0xEE8D,
0x6C85, 0x8C85, 0x2A75, 0x0F96, 0xCD8D, 0xAD85, 0xAD85, 0xEE95, 0x8D85, 0xEE8D,
0xEE8D, 0x8C85, 0x4E9E, 0x0D96, 0x8FA6, 0x0D96, 0x6F9E, 0x8FA6, 0x8B85, 0xED8D,
0xED8D, 0x1196, 0x8E85, 0x6C85, 0x8C85, 0x0D96, 0x8B85, 0x0E96, 0x0E96, 0x4E9E,
0x4A7D, 0x2E96, 0x4E9E, 0xCC8D, 0xAC85, 0xED8D, 0x2E96, 0xED8D, 0xCD8D, 0x6F9E,
0x4B7D, 0x2F9E, 0xAD85, 0xCE8D, 0xEE95, 0x0E96, 0x0E96, 0xED8D, 0xCD8D, 0xAD85,
0x8D85, 0xAD8D, 0xCD8D, 0x2E96, 0x6F9E, 0x2E96, 0x4B7D, 0xAC8D, 0xCD8D, 0xAC85,
0xED8D, 0xAC85, 0xCD8D, 0xED8D, 0x0D96, 0x0E96, 0xCD8D, 0x2D96, 0xAB85, 0xAB85,
0x8EA6, 0xCFAE, 0xCC8D, 0x2E96, 0x0D96, 0xCC8D, 0xAE8D, 0x8E85, 0x4D7D, 0xCF8D,
0x4D7D, 0x2E96, 0xAC85, 0x2E96, 0x0D96, 0xCC8D, 0xCD8D, 0xED8D, 0x90A6, 0xAC85,
0xCC8D, 0xCC8D, 0x0D96, 0x6F9E, 0xED8D, 0xCE8D, 0xCD8D, 0x8C85, 0xEE95, 0x0E96,
0xED8D, 0xCD8D, 0x2E96, 0xED8D, 0xEF95, 0x6D85, 0x6D85, 0x8E85, 0xCE8D, 0x4B7D,
0xAD85, 0xEE95, 0x70A6, 0x6B85, 0x2E96, 0xAC85, 0xED8D, 0x0E96, 0x8C85, 0x8C85,
0xAC85, 0x6B7D, 0xAC8D, 0x8D85, 0xCE8D, 0xEE8D, 0x6D85, 0x8D85, 0xAD85, 0x0E96,
0xED8D, 0x4F9E, 0x0E96, 0x2E96, 0x0E96, 0x8C85, 0x2D9E, 0xEC8D, 0x2D9E, 0x6E9E,
0xCFAE, 0x4E9E, 0x8B85, 0x4E9E, 0xED8D, 0xAC85, 0x6E85, 0x8D85, 0x4E9E, 0x4D9E,
0x8FA6, 0xED8D, 0x8B85, 0xEE95, 0x4C7D, 0x2E96, 0x0E96, 0xCD8D, 0x8B85, 0xED8D,
0xED8D, 0xED8D, 0xED8D, 0xED8D, 0x4B7D, 0x6F9E, 0x4F9E, 0xB0AE, 0xCD8D, 0x4E9E,
0xED8D, 0xAC85, 0xCC8D, 0x2E96, 0x8C85, 0xCD8D, 0x8C85, 0x4F9E, 0xED8D, 0x6B7D,
0x0D96, 0x0E96, 0x0E96, 0x8C85, 0x90A6, 0xCC8D, 0xCC8D, 0xCD8D, 0x0E96, 0x2F96,
0x8C85, 0xEE8D, 0x8B85, 0x2E96, 0x4E9E, 0xAC85, 0xED8D, 0xCD8D, 0x2E96, 0xED8D,
0xED8D, 0xAD85, 0xAD8D, 0xAD85, 0xAD8D, 0xAD85, 0x2E96, 0x0E96, 0x6B85, 0x6B85,
0xEE8D, 0x8C85, 0x4F9E, 0x2F96, 0x8C85, 0xCC8D, 0x4B7D, 0x6F9E, 0x2E96, 0x8B85,
0x4E9E, 0x4A7D, 0xAFA6, 0x4E9E, 0xAFA6, 0xCC8D, 0xED8D, 0x0D96, 0xEC8D, 0x8E85,
0x0C75, 0x4D7D, 0x8F85, 0xCC8D, 0x2E96, 0x8C85, 0x6F9E, 0x6A7D, 0xCD8D, 0x6B7D,
0x0E96, 0x2E96, 0xCD8D, 0xCC8D, 0xCC8D, 0xD0AE, 0x6F9E, 0xCD8D, 0xCD8D, 0x8C85,
0xCD8D, 0xCD8D, 0xED8D, 0xCC8D, 0xAB85, 0x0D96, 0x0E96, 0xCE8D, 0x6D85, 0x6C85,
0x6C85, 0x4C7D, 0x6D85, 0x6D85, 0x2F9E, 0xD1AE, 0xCD8D, 0xEE8D, 0x8C85, 0x6C7D,
0x309E, 0x4C7D, 0x8D85, 0x6D85, 0x8D85, 0xAD8D, 0x6D85, 0x8D85, 0xAE8D, 0xCE8D,
0x6D85, 0x6D85, 0x6D85, 0x8E85, 0xAE8D, 0x8E85, 0x8E85, 0x8E85, 0x8E85, 0x4D7D,
0x4D7D, 0x6E85, 0xAE8D, 0x8E85, 0x4D7D, 0x4D7D, 0x6D85, 0xAE8D, 0x8D85, 0xCD8D,
0x8D85, 0xAE8D, 0x8D85, 0x2C7D, 0xCE8D, 0x4C7D, 0x8D85, 0x6C85, 0xEE8D, 0x6C85,
0x2B7D, 0x8D85, 0x4C7D, 0x6D85, 0x6D85, 0x4C7D, 0xEE8D, 0xCD8D, 0xCF8D, 0x8D85,
0x4C7D, 0x8D85, 0x6D85, 0x8F85, 0x6E85, 0x4E7D, 0x4D7D, 0x8F85, 0x2D7D, 0x4E7D,
0x4E7D, 0x2D7D, 0xCE8D, 0x6C85, 0xCE8D, 0x4B7D, 0xAD85, 0x8D85, 0x2B7D, 0xEE95,
0xEE95, 0x2F96, 0x6D7D, 0x2D7D, 0x4E7D, 0x6D7D, 0x4C7D, 0x0F96, 0x0F96, 0xAD8D,
0x2B7D, 0xEE95, 0x2F96, 0x6C85, 0x8D85, 0xAE85, 0xAE85, 0x4C7D, 0x8E85, 0x1096,
0x2D7D, 0xF095, 0x4D7D, 0x6E85, 0xAF8D, 0x8E85, 0x6D85, 0x6D85, 0xAF8D, 0x4E85,
0x2D7D, 0x4E85, 0x4E85, 0x8D85, 0xAE8D, 0xAE8D, 0x6D7D, 0x6D85, 0x4C7D, 0x4C7D,
0x8D85, 0x4C7D, 0x4C7D, 0xCE8D, 0xCE8D, 0xAD85, 0x8D85, 0xCD8D, 0x4B7D, 0x4B7D,
0xED8D, 0x6F9E, 0x8D85, 0xCE8D, 0xAD85, 0x8D85, 0xD08D, 0xAF8D, 0x4E7D, 0x8E85,
0x6E7D, 0xCE8D, 0x2B7D, 0x2F9E, 0xCE8D, 0x2B75, 0x6E85, 0x6D85, 0x6E85, 0xEF95,
0xAD8D, 0xAD8D, 0xCE8D, 0xCE8D, 0x4C7D, 0x6E85, 0x6E85, 0x2D7D, 0x8E85, 0x6D85,
0x6D85, 0x8D85, 0x8E85, 0x4D7D, 0x6E85, 0x4D7D, 0x4D7D, 0x6E85, 0x4D7D, 0x6D85,
0x6D85, 0xAE85, 0xCE8D, 0x2C7D, 0x8D85, 0x4C7D, 0xAE8D, 0x8D85, 0x4D7D, 0x4C7D,
0x6D85, 0x2C7D, 0x8D85, 0x6E85, 0xAF8D, 0x6E85, 0x4D7D, 0x6E85, 0x4D7D, 0xAE8D,
0x6D85, 0xAE85, 0xAE8D, 0xAD8D, 0x8D8D, 0x4C7D, 0xED95, 0x6B85, 0xAC8D, 0x8C85,
0x2F9E, 0x6C7D, 0x0B75, 0x8D85, 0x4C7D, 0x2C7D, 0x2E7D, 0x6D85, 0xCE8D, 0xAD8D,
0x709E, 0x8D85, 0x8D85, 0x6D85, 0x6D85, 0x8D85, 0x8D85, 0x6D85, 0x4C7D, 0x6E85,
0x4D7D, 0x6E85, 0x6E85, 0x4D7D, 0x0B75, 0xEF8D, 0x6D85, 0x0F96, 0x4C7D, 0x8D85,
0x8D85, 0x8D85, 0xCE8D, 0x1096, 0x4D7D, 0x6D85, 0x2C7D, 0xAF8D, 0x6C7D, 0x4C7D,
0x2F96, 0x8D85, 0xAD85, 0x2C7D, 0x309E, 0x4C7D, 0x6D85, 0x4D7D, 0xAE8D, 0x8D85,
0x6D85, 0xCE8D, 0x4C7D, 0xCE8D, 0xEE8D, 0x4C7D, 0xAE8D, 0x6D85, 0x6D85, 0x6D7D,
0xAE8D, 0x4E7D, 0x4E85, 0x4E7D, 0x4E85, 0x4E7D, 0x8D85, 0xAE85, 0x4C7D, 0x6D7D,
0xEC74, 0x2D7D, 0xAF8D, 0x8E85, 0x6E85, 0xEE8D, 0x4C7D, 0x0F96, 0x6C85, 0x8D85,
0xAD85, 0x6C85, 0xEE8D, 0xEE95, 0xEE95, 0xAD8D, 0x8D85, 0x8D85, 0xAD85, 0xCF8D,
0x4D7D, 0x4E7D, 0x8F85, 0x4B7D, 0xAD85, 0x4C7D, 0xB1AE, 0x8C85, 0x8E85, 0x2D7D,
0x8E85, 0xCF8D, 0x6D85, 0x6D85, 0xEE8D, 0xEE8D, 0x6D85, 0x4D7D, 0x6D85, 0x4D7D,
0x6D85, 0x6D7D, 0x4C7D, 0x4C7D, 0x2B75, 0x4C7D, 0x8E85, 0x6E85, 0x4D7D, 0x6E85,
0x6D85, 0x6D85, 0x4D7D, 0x4D7D, 0xCE8D, 0x2F96, 0x6D85, 0x8E85, 0x4D7D, 0x8D85,
0x8F85, 0x4E7D, 0x6F85, 0x4E7D, 0x6E85, 0xAE85, 0x8E85, 0xAE8D, 0x4D7D, 0x4D7D,
0x4D7D, 0x8E85, 0x4D7D, 0x8E85, 0x6E85, 0x8E85, 0x0C75, 0x4D7D, 0x6E85, 0x2D7D,
0x8E85, 0x4D7D, 0x4D7D, 0x4D7D, 0x8E85, 0x6F85, 0x6E85, 0xAF8D, 0x4D7D, 0x8E85,
0x4D7D, 0x6D85, 0x6D7D, 0x2C7D, 0xAE8D, 0x4C7D, 0x6D85, 0x2B75, 0x4C7D, 0xCF8D,
0x8E85, 0x8E85, 0x8E85, 0x6F85, 0x6F85, 0x4D7D, 0x6D85, 0x8D85, 0xAF8D, 0x6D85,
0x6D85, 0x4D7D, 0x4D7D, 0x4E7D, 0x6E85, 0x6E85, 0x4E7D, 0x6E85, 0x4D7D, 0x6E85,
0x2D7D, 0x2D7D, 0x519E, 0xAE8D, 0xCF8D, 0x4D7D, 0x8E85, 0x4D7D, 0x8E85, 0xCF8D,
0x4D7D, 0xCE8D, 0x4D7D, 0x2F7D, 0x6F85, 0x4E7D, 0x6D85, 0xF095, 0xEF95, 0x6D85,
0x6D85, 0x0F96, 0x309E, 0x4D7D, 0xEF8D, 0x6E85, 0x8E85, 0x2D7D, 0x4E7D, 0xAF8D,
0x4E7D, 0xD08D, 0x2D7D, 0x4E85, 0x6F85, 0x6E85, 0x4D7D, 0x6E85, 0x8F85, 0x6E85,
0x2E7D, 0x4E7D, 0x4E7D, 0x4D7D, 0x4D7D, 0x6E85, 0x6E85, 0x6E85, 0x6E85, 0x2D7D,
0xAF8D, 0x6E85, 0x2D7D, 0x8E85, 0x6E85, 0x4D7D, 0xAE8D, 0xEF95, 0x6D85, 0x6D85,
0xAE8D, 0xAE8D, 0x6D85, 0xAE8D, 0x8E85, 0x6D85, 0xAF8D, 0x6E85, 0x4D7D, 0x2D75,
0x0D75, 0x8E85, 0x2C7D, 0x309E, 0xAE8D, 0x2C75, 0x6E85, 0x0C75, 0x0C75, 0x319E,
0xAE8D, 0x4D7D, 0x2C7D, 0xAE8D, 0x8E85, 0x6E85, 0x6E85, 0x4E7D, 0x8F85, 0x4D7D,
0x6E85, 0x8E85, 0x6E85, 0x4D7D, 0x4D7D, 0x4D7D, 0x6D85, 0x6D85, 0x4D7D, 0x6E85,
0x4E7D, 0x2E7D, 0x4E7D, 0x6E85, 0x4D7D, 0x2D7D, 0x8F85, 0x4D7D, 0x6E85, 0x4E7D,
0x6E85, 0x2D7D, 0x8E85, 0x8E85, 0x4D7D, 0x4D7D, 0x4E7D, 0x6E85, 0x2D7D, 0xAF8D,
0x4D7D, 0x2C7D, 0x8E85, 0x4D7D, 0x6D85, 0x4D85, 0xEE95, 0x4C7D, 0xAE8D, 0x6C85,
0xCE8D, 0x6D85, 0x6E85, 0x8E85, 0x6E85, 0x6E85, 0x4D7D, 0x6D85, 0x6D85, 0x2C7D,
0xEF95, 0x8E85, 0x8E85, 0x6E85, 0x8F85, 0x4E7D, 0x4E7D, 0x4E7D, 0x2D7D, 0x6E85,
0x4D7D, 0x6E85, 0x6E85, 0x4D7D, 0x6D7D, 0x3096, 0x6D7D, 0x1096, 0x8E85, 0x4D7D,
0xAE8D, 0xAE8D, 0x8E85, 0xAF8D, 0x6E85, 0x4E7D, 0x2D7D, 0x6E85, 0x2D7D, 0x4D7D,
0x309E, 0x6D85, 0x4D7D, 0x4C7D, 0x1096, 0x2C7D, 0x8D85, 0x4D7D, 0x4D7D, 0x8E85,
0x8E85, 0x6D85, 0x4D7D, 0xCF8D, 0xAE8D, 0x6D85, 0xAF8D, 0x6E85, 0x6E85, 0x4D7D,
0xAF8D, 0x4E7D, 0x4E85, 0x4E7D, 0x4E85, 0x4E7D, 0x2D7D, 0x6E85, 0x4E7D, 0x6E85,
0x4E7D, 0x6E85, 0x6E85, 0xAF8D, 0xF095, 0x3096, 0x6D85, 0xAF8D, 0x4D7D, 0x8D85,
0xCE8D, 0x8D85, 0x8D85, 0xCF8D, 0x8E85, 0xCE8D, 0x6D85, 0x2C7D, 0x8E85, 0xAE85,
0x4D7D, 0x4D7D, 0x4D7D, 0x6D85, 0x6D85, 0x2C7D, 0x519E, 0xAE8D, 0x8E85, 0x4D7D,
0x8E85, 0xCF8D, 0xAE8D, 0x6E85, 0x4D7D, 0x4D7D, 0x8E85, 0x6E85, 0x6E85, 0x4E7D,
0x6E85, 0x6E85, 0x6D85, 0xAE8D, 0x6D85, 0x6D85, 0x8E85, 0x6E85, 0x2E7D, 0x4E7D,
0x6D85, 0x8E85, 0x6E85, 0x4D7D, 0x6D85, 0x4D7D, 0x4D7D, 0x6E85, 0x4D7D, 0x8E85,
0x4E7D, 0x4E7D, 0x6E85, 0x4E7D, 0x6E7D, 0xCE8D, 0x4E7D, 0x6E85, 0x4E7D, 0x6F85,
0x4E7D, 0x6E85, 0x8F85, 0x4E7D, 0x4E85, 0x6E85, 0x2D7D, 0x8E85, 0xAE8D, 0x4D7D,
0x6E85, 0x4D7D, 0x4D7D, 0x4D7D, 0x6E85, 0x7085, 0x6F85, 0xB08D, 0x4E7D, 0x8E85,
0x2C7D, 0x4D7D, 0x6D85, 0x4D7D, 0xCD8D, 0x8D85, 0xCE8D, 0x6C7D, 0x6C7D, 0xAF8D,
0x4D7D, 0x4D7D, 0x6E85, 0x2E7D, 0x4F85, 0x4E7D, 0x6E85, 0xAE8D, 0x0C75, 0xAF8D,
0x6E85, 0x4D7D, 0x8E85, 0x4D7D, 0x8E85, 0x8E85, 0x4E7D, 0x4D7D, 0x8E85, 0xAE8D,
0x4D7D, 0x4D7D, 0x71A6, 0x8E85, 0x8E85, 0x2C7D, 0x6E85, 0x0C75, 0x8E85, 0x8E85,
0x8E85, 0x6E7D, 0x4E7D, 0x6E85, 0x8F85, 0x6E85, 0xAF8D, 0xCF8D, 0xF095, 0x6E85,
0x8E85, 0xEF95, 0x309E, 0x2C7D, 0xEF95, 0x8E85, 0xAF8D, 0x8E85, 0x6E85, 0x6E85,
0x8E85, 0xCF8D, 0x4D7D, 0x6E85, 0x4E7D, 0x8E85, 0x6D85, 0x6D85, 0x0D7D, 0x8F85,
0x4E7D, 0x6E85, 0x6E85, 0x6F85, 0x6F85, 0x2E7D, 0x2E7D, 0x6F85, 0x4E85, 0x2E7D,
0xB08D, 0x6E85, 0xAF8D, 0xD095, 0x6F85, 0x2E7D, 0x6E85, 0xEF95, 0x8E85, 0xAE8D,
0xEF95, 0x4D7D, 0x4D7D, 0x8E85, 0x6E85, 0x4D7D, 0x8E85, 0x6D7D, 0x8E85, 0x6E85,
0x8E85, 0x8E85, 0x4D7D, 0x1096, 0xCF8D, 0x4D7D, 0x8D85, 0x8E85, 0x6D85, 0xAE8D,
0x8E85, 0x4D7D, 0x0C75, 0xF095, 0x6E85, 0x6E85, 0x6E85, 0x4E7D, 0x8E85, 0x6D85,
0x6D85, 0x4D7D, 0x6D85, 0x4D7D, 0x6E85, 0x4D7D, 0x6D85, 0x6E85, 0x4D7D, 0x4E7D,
0x6F85, 0x0E7D, 0x6F85, 0x8F85, 0x6F85, 0x2D7D, 0x8F85, 0x4E7D, 0x6E85, 0x4E85,
0x8F85, 0x2E7D, 0x8F85, 0x6E85, 0x4E7D, 0xAF8D, 0x4D7D, 0x6E85, 0x4D7D, 0xCF8D,
0x6D85, 0x0C75, 0x4D85, 0x0C7D, 0x8E85, 0x6D85, 0x109E, 0x8E85, 0x309E, 0x8E85,
0xAE8D, 0x2E7D, 0x4E7D, 0x6F85, 0x6E85, 0x4E7D, 0x4C7D, 0x4D7D, 0x4D7D, 0x2D7D,
0x4D7D, 0xCF8D, 0x6D85, 0x8F85, 0x6F85, 0x6F85, 0x6F85, 0x6E85, 0x4E7D, 0x8E85,
0x6D85, 0x8E85, 0x8E85, 0x4D7D, 0x6D85, 0x509E, 0x2C7D, 0xCE8D, 0x4C7D, 0x4D7D,
0x6E85, 0x4D7D, 0x6E85, 0x4E7D, 0x6E85, 0x6E85, 0x6E85, 0x6E85, 0x4D7D, 0x2D7D,
0x1096, 0x8E85, 0x4D7D, 0x6D85, 0x2F96, 0x4C7D, 0xAE8D, 0x2D7D, 0x8E85, 0xCF8D,
0x4D7D, 0x6E85, 0x6E85, 0xCF8D, 0x8F85, 0x8E85, 0x6D85, 0x4D7D, 0xAE8D, 0x6D85,
0x6D85, 0x6E85, 0x6E85, 0x6E85, 0x6E85, 0x6E85, 0x4E7D, 0x8F85, 0x2E7D, 0x4E85,
0x6E85, 0x6E85, 0x6E85, 0x8E85, 0x4D7D, 0x519E, 0x6E85, 0xB08D, 0xAF8D, 0x8E85,
0x71A6, 0xEB74, 0xF095, 0x8E85, 0x6E85, 0xCF8D, 0x8E85, 0x0C75, 0x8E85, 0x4D7D,
0x6E85, 0x6E85, 0x6E85, 0x6D85, 0x8E85, 0x6E85, 0xD08D, 0x6D7D, 0x8D85, 0x2C7D,
0x8D85, 0xCE8D, 0x6E85, 0x6E85, 0x2D7D, 0xF195, 0xB08D, 0x8F85, 0x4E85, 0x2D7D,
0x6E85, 0x8F85, 0x2D7D, 0x6E85, 0x4E7D, 0x2D7D, 0x2C7D, 0x6E85, 0x6E85, 0x6E85,
0x2C7D, 0x6E85, 0x4E7D, 0x6E85, 0x8E85, 0x4C7D, 0x2D7D, 0x6E85, 0x4E7D, 0x4E7D,
0x4D7D, 0x4D7D, 0x6D7D, 0x4D7D, 0x6D7D, 0x8F85, 0x6E7D, 0x6E7D, 0x6E7D, 0x6E7D,
0x6E7D, 0x6E7D, 0x6E7D, 0x6E7D, 0x6E7D, 0x6E7D, 0x6E7D, 0x6E7D, 0x6E7D, 0x6E7D,
0x6E7D, 0x6E7D, 0x6E7D, 0x6E7D, 0x6E7D, 0x6E7D, 0x6E7D, 0x6E7D, 0x6E7D, 0x6E7D,
0x4D7D, 0x8E85, 0x4D7D, 0x6E7D, 0x6E85, 0x6E85, 0xCF8D, 0x6E85, 0x6E85, 0x6E7D,
0x6E7D, 0x6E7D, 0x6E7D, 0x6E7D, 0x6E7D, 0x6E7D, 0x6E7D, 0x6E7D, 0x6E7D, 0x6E7D,
0x6E7D, 0x6E7D, 0x6E7D, 0x6E7D, 0x6E7D, 0x6E7D, 0x6E7D, 0x6E85, 0x8E85, 0x2D7D,
0xF095, 0x6E85, 0x1096, 0xF095, 0x4D7D, 0x2D7D, 0x6E7D, 0x6E7D, 0x6E7D, 0x6E7D,
0x6E7D, 0x6E7D, 0x6E7D, 0x6E7D, 0x6E7D, 0x6E7D, 0x8E85, 0xAF8D, 0xAF8D, 0x8E85,
0xAF85, 0x8F85, 0xD08D, 0x8E85, 0xCF8D, 0x6E7D, 0x6E7D, 0x6E7D, 0x6E7D, 0x6E7D,
0x6E7D, 0x6E7D, 0x6E7D, 0x6E7D, 0x6E7D, 0x6E7D, 0x6E7D, 0x6E7D, 0x6E7D, 0x6E85,
0x6E85, 0x6E85, 0x6E85, 0x6E7D, 0x6E7D, 0x6E7D, 0x6E7D, 0x6E7D, 0x6E7D, 0x6E7D,
0x6E7D, 0x6E7D, 0x6E7D, 0x6E85, 0x6E85, 0x6E85, 0x6E85, 0xD08D, 0x8E85, 0xAF85,
0xCF8D, 0x8E85, 0x6E7D, 0x6E7D, 0x6E7D, 0x6E7D, 0x6E7D, 0x6E7D, 0x6E7D, 0x6E7D,
0x6E7D, 0x4D7D, 0x4D7D, 0x6E85, 0xCF8D, 0x6E85, 0x6E85, 0x4D7D, 0x6E85, 0xAF8D,
0x6E7D, 0x6E7D, 0x6E7D, 0x6E7D, 0x6E7D, 0x6E7D, 0x6E7D, 0x6E7D, 0x6E7D, 0x6E85,
0x6E85, 0x6E85, 0x6E85, 0x6E85, 0x8F95, 0x4F8D, 0x6F95, 0xED84, 0xED7C, 0xF19D,
0x2E8D, 0xCC7C, 0x2E85, 0x0D7D, 0x8B6C, 0x0E7D, 0x8F8D, 0xED7C, 0x2E7D, 0x0D7D,
0x2E7D, 0x8F8D, 0x2E7D, 0x4E8D, 0x8F95, 0x8F95, 0xED84, 0xAC7C, 0x6F95, 0xED84,
0x0E85, 0x9095, 0x5085, 0xEE7C, 0x8F8D, 0x2D7D, 0xAF8D, 0x8E85, 0x8E85, 0x8E85,
0x8E85, 0x6E7D, 0x6E7D, 0x6E7D, 0x6E7D, 0x6E7D, 0x6E7D, 0x6E7D, 0x6E7D, 0x6E7D,
0x6E7D, 0x6E7D, 0x6E7D, 0x6E7D, 0x6E7D, 0x6E7D, 0x6E7D, 0x6E7D, 0x6E7D, 0x4D7D,
0x6E85, 0x4D7D, 0xCE8D, 0x6D85, 0x6D85, 0xCF8D, 0x4D7D, 0x4D7D, 0x4D7D, 0x6E7D,
0x6E7D, 0x6E7D, 0x6E7D, 0x6E7D, 0x6E7D, 0x6E7D, 0x6E7D, 0x6E7D, 0x8E85, 0x8E85,
0xEF95, 0x2C7D, 0x8E85, 0x8E85, 0xCF8D, 0xAF85, 0xAF85, 0x6E7D, 0x6E7D, 0x6E7D,
0x6E7D, 0x6E7D, 0x6E7D, 0x6E7D, 0x6E7D, 0x6E7D, 0x6E7D, 0x6E7D, 0x6E7D, 0x6E7D,
0x6E7D, 0x6E7D, 0x6E7D, 0x6E7D, 0x6E7D, 0x6E7D, 0x6E7D, 0x6E7D, 0x6E7D, 0x6E7D,
0x6E7D, 0x6E7D, 0x6E7D, 0x6E7D, 0x6E7D, 0x6E85, 0x6E85, 0x6E85, 0x6E85, 0x8E85,
0xCF8D, 0x8E85, 0xAE8D, 0x8E85, 0x6E7D, 0x6E7D, 0x6E7D, 0x6E7D, 0x6E7D, 0x6E7D,
0x6E7D, 0x6E7D, 0x6E7D, 0x2C7D, 0x8E85, 0x6D7D, 0xAE8D, 0x6D85, 0x6D7D, 0x8E85,
0x2C75, 0xEF8D, 0x6E7D, 0x6E7D, 0x6E7D, 0x6E7D, 0x6E7D, 0x6E7D, 0x6E7D, 0x6E7D,
0x6E7D, 0x6E7D, 0x6E85, 0x6E85, 0x6E85, 0x6E85, 0x6E7D, 0x6E7D, 0x6E7D, 0x6E7D,
0x6E7D, 0x6E7D, 0x6E7D, 0x6E7D, 0x6E7D, 0x6E7D, 0x6E7D, 0x6E7D, 0x6E7D, 0x6E7D,
0x6E7D, 0x6E7D, 0x6E7D, 0x6E7D, 0x6E7D, 0x6E7D, 0x6E7D, 0x6E7D, 0x6E7D, 0x6E7D,
0x6E7D, 0x6E7D, 0x6E7D, 0x6E7D, 0x6E7D, 0x6E7D, 0x6E7D, 0x6E7D, 0x6E7D, 0x6E7D,
0x6E7D, 0x6E7D, 0x6E7D, 0x6E7D, 0x6E7D, 0x6E7D, 0x6E7D, 0x6E7D, 0x6E7D, 0x6E7D,
0x4D7D, 0x8E85, 0x4D7D, 0x6E7D, 0x6E85, 0x6E85, 0xAF8D, 0x6E85, 0x6E85, 0x6E7D,
0x6E7D, 0x6E7D, 0x6E7D, 0x6E7D, 0x6E7D, 0x6E7D, 0x6E7D, 0x6E7D, 0x6E7D, 0x6E7D,
0x6E7D, 0x6E7D, 0x6E7D, 0x6E7D, 0x6E7D, 0x6E7D, 0x6E7D, 0x6E85, 0x8E85, 0x2D7D,
0xD08D, 0x6E85, 0xCF8D, 0xAF8D, 0x4E7D, 0x4D7D, 0x6E7D, 0x6E7D, 0x6E7D, 0x6E7D,
0x6E7D, 0x6E7D, 0x6E7D, 0x6E7D, 0x6E7D, 0x6E7D, 0x8F85, 0x8E85, 0x8E85, 0x8F85,
0x6E85, 0x6E85, 0xAF85, 0x4E7D, 0x8E85, 0x6E7D, 0x6E7D, 0x6E7D, 0x6E7D, 0x6E7D,
0x6E7D, 0x6E7D, 0x6E7D, 0x6E7D, 0x6E7D, 0x6E7D, 0x6E7D, 0x6E7D, 0x6E7D, 0x6E85,
0x6E85, 0x6E85, 0x6E85, 0x6E7D, 0x6E7D, 0x6E7D, 0x6E7D, 0x6E7D, 0x6E7D, 0x6E7D,
0x6E7D, 0x6E7D, 0x6E7D, 0x6E85, 0x6E85, 0x6E85, 0x6E85, 0xAF8D, 0x6E7D, 0x6E85,
0x8F85, 0x4D7D, 0x6E7D, 0x6E7D, 0x6E7D, 0x6E7D, 0x6E7D, 0x6E7D, 0x6E7D, 0x6E7D,
0x6E7D, 0x6E7D, 0x6E85, 0x6E85, 0x8F85, 0x4D7D, 0x6E85, 0x4D7D, 0x6E85, 0xAF85,
0x6E7D, 0x6E7D, 0x6E7D, 0x6E7D, 0x6E7D, 0x6E7D, 0x6E7D, 0x6E7D, 0x6E7D, 0x6E85,
0x6E85, 0x6E85, 0x6E85, 0x6E85, 0x6F95, 0xB09D, 0x4F8D, 0x0E85, 0x6F8D, 0x0E85,
0x6F95, 0x9095, 0x2E8D, 0xD195, 0xA432, 0x4B64, 0x2E85, 0x6F8D, 0xD195, 0x8F8D,
0x0E7D, 0x6F85, 0xD195, 0x0E85, 0xED84, 0xD19D, 0xB095, 0x9095, 0x2F8D, 0xD19D,
0xB19D, 0xCD7C, 0x2F7D, 0x708D, 0x2E7D, 0x8E8D, 0x8F85, 0x6E85, 0x6E85, 0x6E85,
0x6E85, 0x6E7D, 0x6E7D, 0x6E7D, 0x6E7D, 0x6E7D, 0x6E7D, 0x6E7D, 0x6E7D, 0x6E7D,
0x6E7D, 0x6E7D, 0x6E7D, 0x6E7D, 0x6E7D, 0x6E7D, 0x6E7D, 0x6E7D, 0x6E7D, 0x4D7D,
0x6E85, 0x4D7D, 0xAE8D, 0x6D7D, 0x6D7D, 0xAE8D, 0x4D7D, 0x6D7D, 0x4E7D, 0x6E7D,
0x6E7D, 0x6E7D, 0x6E7D, 0x6E7D, 0x6E7D, 0x6E7D, 0x6E7D, 0x6E7D, 0x8E85, 0x6D85,
0xCF8D, 0x2C7D, 0x6D85, 0x6E7D, 0x8E85, 0x6E85, 0x6E85, 0x6E7D, 0x6E7D, 0x6E7D,
0x6E7D, 0x6E7D, 0x6E7D, 0x6E7D, 0x6E7D, 0x6E7D, 0x6E7D, 0x6E7D, 0x6E7D, 0x6E7D,
0x6E7D, 0x6E7D, 0x6E7D, 0x6E7D, 0x6E7D, 0x6E7D, 0x6E7D, 0x6E7D, 0x6E7D, 0x6E7D,
0x6E7D, 0x6E7D, 0x6E7D, 0x6E7D, 0x6E7D, 0x6E85, 0x6E85, 0x6E85, 0x6E85, 0x6E85,
0xAF8D, 0x6D7D, 0x8E85, 0x6E85, 0x6E7D, 0x6E7D, 0x6E7D, 0x6E7D, 0x6E7D, 0x6E7D,
0x6E7D, 0x6E7D, 0x6E7D, 0x6D7D, 0x8E85, 0x6D85, 0x8E85, 0x4D7D, 0x6D7D, 0x8E85,
0x2C7D, 0xCF8D, 0x6E7D, 0x6E7D, 0x6E7D, 0x6E7D, 0x6E7D, 0x6E7D, 0x6E7D, 0x6E7D,
0x6E7D, 0x6E7D, 0x6E85, 0x6E85, 0x6E85, 0x6E85, 0x6E7D, 0x6E7D, 0x6E7D, 0x6E7D,
0x6E7D, 0x6E7D, 0x6E7D, 0x6E7D, 0x6E7D, 0x6E7D, 0x6E7D, 0x6E7D, 0x6E7D, 0x6E7D,
0x6E7D, 0x6E7D, 0x6E7D, 0x6E7D, 0x6E7D, 0x6E7D, 0x6E7D, 0x6E7D, 0x6E7D, 0x6E7D,
0x6E7D, 0x6E7D, 0x6E7D, 0x6E7D, 0x6E7D, 0x6E7D, 0x6E7D, 0x6E7D, 0x6E7D, 0x6E7D,
0x6E7D, 0x6E7D, 0x6E7D, 0x6E7D, 0x6E7D, 0x6E7D, 0x6E7D, 0x6E7D, 0x6E7D, 0x6E7D,
0x4D7D, 0x8E85, 0x4D7D, 0x6E7D, 0x6E85, 0x4E7D, 0x8E85, 0x4E7D, 0x6E85, 0x6E7D,
0x6E7D, 0x6E7D, 0x6E7D, 0x6E7D, 0x6E7D, 0x6E7D, 0x6E7D, 0x6E7D, 0x6E7D, 0x6E7D,
0x6E7D, 0x6E7D, 0x6E7D, 0x6E7D, 0x6E7D, 0x6E7D, 0x6E7D, 0x6E7D, 0x8E85, 0x4D7D,
0xAF8D, 0x8E85, 0x8E85, 0x6E85, 0x6E85, 0x6E7D, 0x6E7D, 0x6E7D, 0x6E7D, 0x6E7D,
0x6E7D, 0x6E7D, 0x6E7D, 0x6E7D, 0x6E7D, 0x6E7D, 0xAF8D, 0x6E85, 0x6E85, 0xAF8D,
0x4D7D, 0x4D7D, 0x8E85, 0x2D7D, 0x6E85, 0x6E7D, 0x6E7D, 0x6E7D, 0x6E7D, 0x6E7D,
0x6E7D, 0x6E7D, 0x6E7D, 0x6E7D, 0x6E7D, 0x6E7D, 0x6E7D, 0x6E7D, 0x6E7D, 0x6E85,
0x6E85, 0x6E85, 0x6E85, 0x6E7D, 0x6E7D, 0x6E7D, 0x6E7D, 0x6E7D, 0x6E7D, 0x6E7D,
0x6E7D, 0x6E7D, 0x6E7D, 0x6E85, 0x6E85, 0x6E85, 0x6E85, 0x8E85, 0x4D7D, 0x4D7D,
0x6E85, 0x2D7D, 0x6E7D, 0x6E7D, 0x6E7D, 0x6E7D, 0x6E7D, 0x6E7D, 0x6E7D, 0x6E7D,
0x6E7D, 0x6E85, 0x8E85, 0x4E7D, 0x6E85, 0x4D7D, 0x6E85, 0x4D7D, 0x6E7D, 0x8E85,
0x6E7D, 0x6E7D, 0x6E7D, 0x6E7D, 0x6E7D, 0x6E7D, 0x6E7D, 0x6E7D, 0x6E7D, 0x6E85,
0x6E85, 0x6E85, 0x6E85, 0x6E85, 0xEE84, 0xEE84, 0x6853, 0xAD7C, 0x0A64, 0x0643,
0x2E85, 0x9095, 0x8853, 0xCD7C, 0x4009, 0xE63A, 0xC95B, 0x0E85, 0x2743, 0x8C6C,
0xD195, 0x0743, 0x2743, 0x6B74, 0xB19D, 0x6432, 0xA43A, 0xCE7C, 0xE642, 0x4F8D,
0xCA5B, 0x8953, 0x4843, 0xA94B, 0x8F8D, 0x109E, 0x8E85, 0x4E7D, 0x6E7D, 0x4E7D,
0x4D7D, 0x6E7D, 0x6E7D, 0x6E7D, 0x6E7D, 0x6E7D, 0x6E7D, 0x6E7D, 0x6E7D, 0x6E7D,
0x6E7D, 0x6E7D, 0x6E7D, 0x6E7D, 0x6E7D, 0x6E7D, 0x6E7D, 0x6E7D, 0x6E7D, 0x6E7D,
0x6E85, 0x4D7D, 0x8E85, 0x4D7D, 0x6D7D, 0x8E85, 0x6D7D, 0x6E85, 0x4E7D, 0x6E7D,
0x6E7D, 0x6E7D, 0x6E7D, 0x6E7D, 0x6E7D, 0x6E7D, 0x6E7D, 0x6E7D, 0x8E85, 0x6D7D,
0xAE85, 0x4D7D, 0x6E85, 0x4D7D, 0x6E7D, 0x6E7D, 0x6E7D, 0x6E7D, 0x6E7D, 0x6E7D,
0x6E7D, 0x6E7D, 0x6E7D, 0x6E7D, 0x6E7D, 0x6E7D, 0x6E7D, 0x6E7D, 0x6E7D, 0x6E7D,
0x6E7D, 0x6E7D, 0x6E7D, 0x6E7D, 0x6E7D, 0x6E7D, 0x6E7D, 0x6E7D, 0x6E7D, 0x6E7D,
0x6E7D, 0x6E7D, 0x6E7D, 0x6E7D, 0x6E7D, 0x6E85, 0x6E85, 0x6E85, 0x6E85, 0x6E7D,
0x8E85, 0x4D7D, 0x6E7D, 0x4E7D, 0x6E7D, 0x6E7D, 0x6E7D, 0x6E7D, 0x6E7D, 0x6E7D,
0x6E7D, 0x6E7D, 0x6E7D, 0x8E85, 0x8E85, 0x8E85, 0x6E85, 0x4D7D, 0x6D7D, 0x8E85,
0x4D7D, 0xAE85, 0x6E7D, 0x6E7D, 0x6E7D, 0x6E7D, 0x6E7D, 0x6E7D, 0x6E7D, 0x6E7D,
0x6E7D, 0x6E7D, 0x6E85, 0x6E85, 0x6E85, 0x6E85, 0x6E7D, 0x6E7D, 0x6E7D, 0x6E7D,
0x6E7D, 0x6E7D, 0x6E7D, 0x6E7D, 0x6E7D, 0x6E7D, 0x6E7D, 0x6E7D, 0x6E7D, 0x6E7D,
0x6E7D, 0x6E7D, 0x6E7D, 0x6E7D, 0x6E7D, 0x6E7D, 0x6E7D, 0x6E7D, 0x6E7D, 0x6E7D,
0x6E7D, 0x6E7D, 0x6E7D, 0x6E7D, 0x6E7D, 0x6E7D, 0x6E7D, 0x6E7D, 0x6E7D, 0x6E7D,
0x6E7D, 0x6E7D, 0x6E7D, 0x6E7D, 0x6E7D, 0x6E7D, 0x6E7D, 0x6E7D, 0x6E7D, 0x6E7D,
0x4D7D, 0x8E85, 0x4D7D, 0x6E7D, 0x6E85, 0x4D7D, 0x4E7D, 0x4D7D, 0x6E85, 0x6E7D,
0x6E7D, 0x6E7D, 0x6E7D, 0x6E7D, 0x6E7D, 0x6E7D, 0x6E7D, 0x6E7D, 0x6E7D, 0x6E7D,
0x6E7D, 0x6E7D, 0x6E7D, 0x6E7D, 0x6E7D, 0x6E7D, 0x6E7D, 0x4E7D, 0x8E85, 0x6E7D,
0x8E85, 0x8F85, 0x6E85, 0x4D7D, 0x8E85, 0x6E85, 0x6E7D, 0x6E7D, 0x6E7D, 0x6E7D,
0x6E7D, 0x6E7D, 0x6E7D, 0x6E7D, 0x6E7D, 0x6E7D, 0x8E85, 0x6E85, 0x6E85, 0x8E85,
0x6E7D, 0x6E85, 0x8E85, 0x4D7D, 0x8E85, 0x6E7D, 0x6E7D, 0x6E7D, 0x6E7D, 0x6E7D,
0x6E7D, 0x6E7D, 0x6E7D, 0x6E7D, 0x6E7D, 0x6E7D, 0x6E7D, 0x6E7D, 0x6E7D, 0x6E85,
0x6E85, 0x6E85, 0x6E85, 0x6E7D, 0x6E7D, 0x6E7D, 0x6E7D, 0x6E7D, 0x6E7D, 0x6E7D,
0x6E7D, 0x6E7D, 0x6E7D, 0x6E85, 0x6E85, 0x6E85, 0x6E85, 0x8E85, 0x4E7D, 0x6E7D,
0x6E85, 0x4D7D, 0x6E7D, 0x6E7D, 0x6E7D, 0x6E7D, 0x6E7D, 0x6E7D, 0x6E7D, 0x6E7D,
0x6E7D, 0x6E7D, 0x8E85, 0x4D7D, 0x6E7D, 0x4E7D, 0x6E85, 0x4E7D, 0x4E7D, 0x6E85,
0x6E7D, 0x6E7D, 0x6E7D, 0x6E7D, 0x6E7D, 0x6E7D, 0x6E7D, 0x6E7D, 0x6E7D, 0x6E85,
0x6E85, 0x6E85, 0x6E85, 0x6E85, 0x2F8D, 0xA000, 0xE000, 0x0001, 0x0322, 0xE000,
0x6853, 0x8853, 0x4009, 0xA000, 0x6000, 0x8000, 0xC000, 0xA219, 0x0001, 0x2009,
0x6953, 0x4009, 0x0001, 0xCD7C, 0x8953, 0xE221, 0xC219, 0x6111, 0xE000, 0xC219,
0x6000, 0x6011, 0x2322, 0x2001, 0x4E85, 0x2D7D, 0x6E85, 0x4D7D, 0x4E7D, 0x4D7D,
0x4D7D, 0x6E7D, 0x6E7D, 0x6E7D, 0x6E7D, 0x6E7D, 0x6E7D, 0x6E7D, 0x6E7D, 0x6E7D,
0x6E7D, 0x6E7D, 0x6E7D, 0x6E7D, 0x6E7D, 0x6E7D, 0x6E7D, 0x6E7D, 0x6E7D, 0x6E85,
0x6E85, 0x6D7D, 0x8E85, 0x4D7D, 0x6D85, 0x6D85, 0x6D7D, 0x8E85, 0x4E7D, 0x6E7D,
0x6E7D, 0x6E7D, 0x6E7D, 0x6E7D, 0x6E7D, 0x6E7D, 0x6E7D, 0x6E7D, 0x6E85, 0x6D7D,
0x6E85, 0x4D7D, 0x6D7D, 0x6E7D, 0x6E7D, 0x6E85, 0x6E85, 0x6E7D, 0x6E7D, 0x6E7D,
0x6E7D, 0x6E7D, 0x6E7D, 0x6E7D, 0x6E7D, 0x6E7D, 0x6E7D, 0x6E7D, 0x6E7D, 0x6E7D,
0x6E7D, 0x6E7D, 0x6E7D, 0x6E7D, 0x6E7D, 0x6E7D, 0x6E7D, 0x6E7D, 0x6E7D, 0x6E7D,
0x6E7D, 0x6E7D, 0x6E7D, 0x6E7D, 0x6E7D, 0x6E85, 0x6E85, 0x6E85, 0x6E85, 0x4E7D,
0x6E85, 0x4E7D, 0x4E7D, 0x4E7D, 0x6E7D, 0x6E7D, 0x6E7D, 0x6E7D, 0x6E7D, 0x6E7D,
0x6E7D, 0x6E7D, 0x6E7D, 0x8E85, 0x8E85, 0x8E85, 0x6D7D, 0x4D7D, 0x6D7D, 0x6E85,
0x4D7D, 0x8E85, 0x6E7D, 0x6E7D, 0x6E7D, 0x6E7D, 0x6E7D, 0x6E7D, 0x6E7D, 0x6E7D,
0x6E7D, 0x6E7D, 0x6E85, 0x6E85, 0x6E85, 0x6E85, 0x6E7D, 0x6E7D, 0x6E7D, 0x6E7D,
0x6E7D, 0x6E7D, 0x6E7D, 0x6E7D, 0x6E7D, 0x6E7D, 0x6E7D, 0x6E7D, 0x6E7D, 0x6E7D,
0x6E7D, 0x6E7D, 0x6E7D, 0x6E7D, 0x6E7D, 0x6E7D, 0x6E7D, 0x6E7D, 0x6E7D, 0x6E7D,
0x6E7D, 0x6E7D, 0x6E7D, 0x6E7D, 0x6E7D, 0x6E7D, 0x6E7D, 0x6E7D, 0x6E7D, 0x6E7D,
0x6E7D, 0x6E7D, 0x6E7D, 0x6E7D, 0x6E7D, 0x6E7D, 0x6E7D, 0x6E7D, 0x6E7D, 0x6E7D,
0x4D7D, 0x6E85, 0x4D7D, 0x6E7D, 0x6E85, 0x4D7D, 0x4D7D, 0x4D7D, 0x6E85, 0x6E7D,
0x6E7D, 0x6E7D, 0x6E7D, 0x6E7D, 0x6E7D, 0x6E7D, 0x6E7D, 0x6E7D, 0x6E7D, 0x6E7D,
0x6E7D, 0x6E7D, 0x6E7D, 0x6E7D, 0x6E7D, 0x6E7D, 0x6E7D, 0x4E7D, 0x8E85, 0x6E85,
0x6E85, 0x8E85, 0x6E7D, 0x4D7D, 0x8E85, 0x4E7D, 0x6E7D, 0x6E7D, 0x6E7D, 0x6E7D,
0x6E7D, 0x6E7D, 0x6E7D, 0x6E7D, 0x6E7D, 0x6E7D, 0x6E7D, 0x8E85, 0x8E85, 0x6E7D,
0x6E85, 0x6E85, 0x8E85, 0x6E7D, 0x8E85, 0x6E7D, 0x6E7D, 0x6E7D, 0x6E7D, 0x6E7D,
0x6E7D, 0x6E7D, 0x6E7D, 0x6E7D, 0x6E7D, 0x6E7D, 0x6E7D, 0x6E7D, 0x6E7D, 0x6E85,
0x6E85, 0x6E85, 0x6E85, 0x6E7D, 0x6E7D, 0x6E7D, 0x6E7D, 0x6E7D, 0x6E7D, 0x6E7D,
0x6E7D, 0x6E7D, 0x6E7D, 0x6E85, 0x6E85, 0x6E85, 0x6E85, 0x8E85, 0x6E85, 0x6E85,
0x6E85, 0x4E7D, 0x6E7D, 0x6E7D, 0x6E7D, 0x6E7D, 0x6E7D, 0x6E7D, 0x6E7D, 0x6E7D,
0x6E7D, 0x4D7D, 0x8E85, 0x4D7D, 0x6E85, 0x6E85, 0x6E85, 0x6E7D, 0x4E7D, 0x6E85,
0x6E7D, 0x6E7D, 0x6E7D, 0x6E7D, 0x6E7D, 0x6E7D, 0x6E7D, 0x6E7D, 0x6E7D, 0x6E85,
0x6E85, 0x6E85, 0x6E85, 0x6E85, 0x7195, 0xC319, 0xEF84, 0xE321, 0xA000, 0xEF84,
0xC321, 0x8111, 0x9195, 0xC000, 0xC321, 0x663A, 0xE429, 0x2111, 0xCB63, 0x8219,
0x8219, 0xAB63, 0xCB63, 0xAA5B, 0xC000, 0xCE7C, 0x6D74, 0x6211, 0x108D, 0x0001,
0x6111, 0x8632, 0xEE7C, 0x642A, 0xAF8D, 0x4D85, 0x8E85, 0x4E7D, 0x6E7D, 0x4E7D,
0x4D7D, 0x6E7D, 0x6E7D, 0x6E7D, 0x6E7D, 0x6E7D, 0x6E7D, 0x6E7D, 0x6E7D, 0x6E7D,
0x6E7D, 0x6E7D, 0x6E7D, 0x6E7D, 0x6E7D, 0x6E7D, 0x6E7D, 0x6E7D, 0x6E7D, 0x6E7D,
0x6E85, 0x6E7D, 0x6D7D, 0x6D7D, 0x8E85, 0x6D7D, 0x6E85, 0x6E85, 0x2D7D, 0x6E7D,
0x6E7D, 0x6E7D, 0x6E7D, 0x6E7D, 0x6E7D, 0x6E7D, 0x6E7D, 0x6E7D, 0x6E85, 0x4D7D,
0x4D7D, 0x4D7D, 0x6E7D, 0x6E85, 0x6E85, 0x6E85, 0x8E85, 0x6E7D, 0x6E7D, 0x6E7D,
0x6E7D, 0x6E7D, 0x6E7D, 0x6E7D, 0x6E7D, 0x6E7D, 0x6E7D, 0x6E7D, 0x6E7D, 0x6E7D,
0x6E7D, 0x6E7D, 0x6E7D, 0x6E7D, 0x6E7D, 0x6E7D, 0x6E7D, 0x6E7D, 0x6E7D, 0x6E7D,
0x6E7D, 0x6E7D, 0x6E7D, 0x6E7D, 0x6E7D, 0x6E85, 0x6E85, 0x6E85, 0x6E85, 0x6E7D,
0x6E85, 0x4E7D, 0x4E7D, 0x4E7D, 0x6E7D, 0x6E7D, 0x6E7D, 0x6E7D, 0x6E7D, 0x6E7D,
0x6E7D, 0x6E7D, 0x6E7D, 0x6E85, 0x6E7D, 0x6E85, 0x6E7D, 0x6E85, 0x4E7D, 0x6E85,
0x6E7D, 0x6E7D, 0x6E7D, 0x6E7D, 0x6E7D, 0x6E7D, 0x6E7D, 0x6E7D, 0x6E7D, 0x6E7D,
0x6E7D, 0x6E7D, 0x6E7D, 0x6E7D, 0x6E7D, 0x6E7D, 0x6E7D, 0x6E7D, 0x6E7D, 0x6E7D,
0x6E7D, 0x6E7D, 0x6E7D, 0x6E7D, 0x6E7D, 0x6E7D, 0x6E7D, 0x6E7D, 0x6E7D, 0x6E7D,
0x6E7D, 0x6E7D, 0x6E7D, 0x6E7D, 0x6E7D, 0x6E7D, 0x6E7D, 0x6E7D, 0x6E7D, 0x6E7D,
0x6E7D, 0x6E7D, 0x6E7D, 0x6E7D, 0x6E7D, 0x6E7D, 0x6E7D, 0x6E7D, 0x6E7D, 0x6E7D,
0x6E7D, 0x6E7D, 0x6E7D, 0x6E7D, 0x6E7D, 0x6E7D, 0x6E7D, 0x6E7D, 0x6E7D, 0x6E7D,
0x4E7D, 0x6E85, 0x4E7D, 0x6E85, 0x6E85, 0x4D7D, 0x4D7D, 0x4D7D, 0x6E85, 0x6E7D,
0x6E7D, 0x6E7D, 0x6E7D, 0x6E7D, 0x6E7D, 0x6E7D, 0x6E7D, 0x6E7D, 0x6E7D, 0x6E7D,
0x6E7D, 0x6E7D, 0x6E7D, 0x6E7D, 0x6E7D, 0x6E7D, 0x6E7D, 0x4D7D, 0x8E85, 0x6E7D,
0x6E7D, 0x6E85, 0x6E85, 0x4D7D, 0x6E85, 0x4D7D, 0x6E7D, 0x6E7D, 0x6E7D, 0x6E7D,
0x6E7D, 0x6E7D, 0x6E7D, 0x6E7D, 0x6E7D, 0x6E7D, 0x4D7D, 0x8E85, 0x8E85, 0x4D7D,
0x6E7D, 0x6E85, 0x6E85, 0x4E7D, 0x8E85, 0x6E7D, 0x6E7D, 0x6E7D, 0x6E7D, 0x6E7D,
0x6E7D, 0x6E7D, 0x6E7D, 0x6E7D, 0x6E7D, 0x6E7D, 0x6E7D, 0x6E7D, 0x6E7D, 0x6E85,
0x6E85, 0x6E85, 0x6E85, 0x6E7D, 0x6E7D, 0x6E7D, 0x6E7D, 0x6E7D, 0x6E7D, 0x6E7D,
0x6E7D, 0x6E7D, 0x6E7D, 0x6E85, 0x6E85, 0x6E85, 0x6E85, 0x6E85, 0x6E7D, 0x6E7D,
0x4E7D, 0x4D7D, 0x6E7D, 0x6E7D, 0x6E7D, 0x6E7D, 0x6E7D, 0x6E7D, 0x6E7D, 0x6E7D,
0x6E7D, 0x2D7D, 0x6E85, 0x4E7D, 0x6E85, 0x8E85, 0x6E7D, 0x6E7D, 0x4E7D, 0x6E7D,
0x6E7D, 0x6E7D, 0x6E7D, 0x6E7D, 0x6E7D, 0x6E7D, 0x6E7D, 0x6E7D, 0x6E7D, 0x6E85,
0x6E85, 0x6E85, 0x6E85, 0x6E85, 0x518D, 0xE742, 0x9295, 0x252A, 0x6000, 0xF3A5,
0x8000, 0x6000, 0x75B6, 0x0111, 0x6321, 0xA84A, 0x463A, 0x2000, 0x6000, 0x2111,
0x6000, 0xA321, 0x6000, 0x0843, 0xE000, 0xD3A5, 0xF4A5, 0xE000, 0x35AE, 0x4000,
0x6211, 0x252A, 0x33A6, 0xC532, 0xB08D, 0x4D85, 0x8E85, 0x6E85, 0x6E85, 0x6E85,
0x4E7D, 0x6E7D, 0x6E7D, 0x6E7D, 0x6E7D, 0x6E7D, 0x6E7D, 0x6E7D, 0x6E7D, 0x6E7D,
0x6E7D, 0x6E7D, 0x6E7D, 0x6E7D, 0x6E7D, 0x6E7D, 0x6E7D, 0x6E7D, 0x6E7D, 0x4E7D,
0x6E7D, 0x6E7D, 0x6D7D, 0x6E85, 0x8E85, 0x6D7D, 0x6E7D, 0x6E85, 0x2E7D, 0x6E7D,
0x6E7D, 0x6E7D, 0x6E7D, 0x6E7D, 0x6E7D, 0x6E7D, 0x6E7D, 0x6E7D, 0x4E7D, 0x4D7D,
0x6E7D, 0x4D7D, 0x6E85, 0x4D7D, 0x6E7D, 0x6E7D, 0x6E85, 0x6E7D, 0x6E7D, 0x6E7D,
0x6E7D, 0x6E7D, 0x6E7D, 0x6E7D, 0x6E7D, 0x6E7D, 0x6E7D, 0x6E7D, 0x6E7D, 0x6E7D,
0x6E7D, 0x6E7D, 0x6E7D, 0x6E7D, 0x6E7D, 0x6E7D, 0x6E7D, 0x6E7D, 0x6E7D, 0x6E7D,
0x6E7D, 0x6E7D, 0x6E7D, 0x6E7D, 0x6E7D, 0x6E85, 0x6E85, 0x6E85, 0x6E85, 0x6E7D,
0x8E85, 0x4D7D, 0x6E7D, 0x4E7D, 0x6E7D, 0x6E7D, 0x6E7D, 0x6E7D, 0x6E7D, 0x6E7D,
0x6E7D, 0x6E7D, 0x6E7D, 0x4D7D, 0x4D7D, 0x6E7D, 0x6E85, 0x6E85, 0x4D7D, 0x6E7D,
0x6E85, 0x6E7D, 0x6E7D, 0x6E7D, 0x6E7D, 0x6E7D, 0x6E7D, 0x6E7D, 0x6E7D, 0x6E7D,
0x6E7D, 0x6E7D, 0x6E7D, 0x6E7D, 0x6E7D, 0x6E7D, 0x6E7D, 0x6E7D, 0x6E7D, 0x6E7D,
0x6E7D, 0x6E7D, 0x6E7D, 0x6E7D, 0x6E7D, 0x6E7D, 0x6E7D, 0x6E7D, 0x6E7D, 0x6E7D,
0x6E7D, 0x6E7D, 0x6E7D, 0x6E7D, 0x6E7D, 0x6E7D, 0x6E7D, 0x6E7D, 0x6E7D, 0x6E7D,
0x6E7D, 0x6E7D, 0x6E7D, 0x6E7D, 0x6E7D, 0x6E7D, 0x6E7D, 0x6E7D, 0x6E7D, 0x6E7D,
0x6E7D, 0x6E7D, 0x6E7D, 0x6E7D, 0x6E7D, 0x6E7D, 0x6E7D, 0x6E7D, 0x6E7D, 0x6E7D,
0x4E7D, 0x4E7D, 0x4E7D, 0x6E85, 0x6E85, 0x6E85, 0x6E7D, 0x6E85, 0x6E85, 0x6E7D,
0x6E7D, 0x6E7D, 0x6E7D, 0x6E7D, 0x6E7D, 0x6E7D, 0x6E7D, 0x6E7D, 0x6E7D, 0x6E7D,
0x6E7D, 0x6E7D, 0x6E7D, 0x6E7D, 0x6E7D, 0x6E7D, 0x6E7D, 0x4D7D, 0x8E85, 0x4D7D,
0x6E85, 0x4D7D, 0x4E7D, 0x6E7D, 0x4D7D, 0x6E85, 0x6E7D, 0x6E7D, 0x6E7D, 0x6E7D,
0x6E7D, 0x6E7D, 0x6E7D, 0x6E7D, 0x6E7D, 0x6E7D, 0x6E85, 0x4D7D, 0x4D7D, 0x6E85,
0x6E85, 0x6E85, 0x6E85, 0x6E7D, 0x8E85, 0x6E7D, 0x6E7D, 0x6E7D, 0x6E7D, 0x6E7D,
0x6E7D, 0x6E7D, 0x6E7D, 0x6E7D, 0x6E7D, 0x6E7D, 0x6E7D, 0x6E7D, 0x6E7D, 0x6E85,
0x6E85, 0x6E85, 0x6E85, 0x6E7D, 0x6E7D, 0x6E7D, 0x6E7D, 0x6E7D, 0x6E7D, 0x6E7D,
0x6E7D, 0x6E7D, 0x6E7D, 0x6E85, 0x6E85, 0x6E85, 0x6E85, 0x6E85, 0x6E85, 0x6E85,
0x4E7D, 0x4E7D, 0x6E7D, 0x6E7D, 0x6E7D, 0x6E7D, 0x6E7D, 0x6E7D, 0x6E7D, 0x6E7D,
0x6E7D, 0x4D7D, 0x4D7D, 0x6E7D, 0x6E7D, 0x6E85, 0x4D7D, 0x6E7D, 0x4E7D, 0x6E85,
0x6E7D, 0x6E7D, 0x6E7D, 0x6E7D, 0x6E7D, 0x6E7D, 0x6E7D, 0x6E7D, 0x6E7D, 0x6E85,
0x6E85, 0x6E85, 0x6E85, 0x6E85, 0x118D, 0xE000, 0xA000, 0xA319, 0xC000, 0x7295,
0x6632, 0x4A53, 0x8311, 0x0000, 0x894A, 0x6421, 0xA94A, 0x8529, 0x6000, 0x8000,
0xAC6B, 0x2219, 0x6000, 0x6A53, 0x2D6C, 0xA319, 0x4000, 0x0109, 0xE000, 0x262A,
0x0109, 0x462A, 0x53A6, 0x842A, 0xF195, 0x4D85, 0x8E85, 0x4E7D, 0x6E7D, 0x4E7D,
0x4D7D, 0x6E7D, 0x6E7D, 0x6E7D, 0x6E7D, 0x6E7D, 0x6E7D, 0x6E7D, 0x6E7D, 0x6E7D,
0x6E7D, 0x6E7D, 0x6E7D, 0x6E7D, 0x6E7D, 0x6E7D, 0x6E7D, 0x6E7D, 0x6E7D, 0x2D7D,
0x4E7D, 0x6E7D, 0x4D7D, 0x8E85, 0x4D7D, 0x4D7D, 0x6E7D, 0x6E85, 0x6F85, 0x6E7D,
0x6E7D, 0x6E7D, 0x6E7D, 0x6E7D, 0x6E7D, 0x6E7D, 0x6E7D, 0x6E7D, 0x4D7D, 0x4E7D,
0x8F85, 0x4E7D, 0x6E85, 0x4D7D, 0x6E85, 0x4D7D, 0x4D7D, 0x6E7D, 0x6E7D, 0x6E7D,
0x6E7D, 0x6E7D, 0x6E7D, 0x6E7D, 0x6E7D, 0x6E7D, 0x6E7D, 0x6E7D, 0x6E7D, 0x6E7D,
0x6E7D, 0x6E7D, 0x6E7D, 0x6E7D, 0x6E7D, 0x6E7D, 0x6E7D, 0x6E7D, 0x6E7D, 0x6E7D,
0x6E7D, 0x6E7D, 0x6E7D, 0x6E7D, 0x6E7D, 0x6E85, 0x6E85, 0x6E85, 0x6E85, 0x4D7D,
0x8E85, 0x2C7D, 0x6D7D, 0x2C7D, 0x6E7D, 0x6E7D, 0x6E7D, 0x6E7D, 0x6E7D, 0x6E7D,
0x6E7D, 0x6E7D, 0x6E7D, 0x4D7D, 0x4E7D, 0x4E7D, 0x6E85, 0x6E7D, 0x4E7D, 0x4E7D,
0x6E85, 0x6E85, 0x6E7D, 0x6E7D, 0x6E7D, 0x6E7D, 0x6E7D, 0x6E7D, 0x6E7D, 0x6E7D,
0x6E7D, 0x6E7D, 0x4E7D, 0x4E7D, 0x4E7D, 0x4E7D, 0x6E7D, 0x6E7D, 0x6E7D, 0x6E7D,
0x6E7D, 0x6E7D, 0x6E7D, 0x6E7D, 0x6E7D, 0x6E7D, 0x6E7D, 0x6E7D, 0x6E7D, 0x6E7D,
0x6E7D, 0x6E7D, 0x6E7D, 0x6E7D, 0x6E7D, 0x6E7D, 0x6E7D, 0x6E7D, 0x6E7D, 0x6E7D,
0x6E7D, 0x6E7D, 0x6E7D, 0x6E7D, 0x6E7D, 0x6E7D, 0x6E7D, 0x6E7D, 0x6E7D, 0x6E7D,
0x6E7D, 0x6E7D, 0x6E7D, 0x6E7D, 0x6E7D, 0x6E7D, 0x6E7D, 0x6E7D, 0x6E7D, 0x6E7D,
0x6E7D, 0x6E7D, 0x6E7D, 0x6E7D, 0x6E7D, 0x6E7D, 0x6E7D, 0x6E7D, 0x6E7D, 0x6E7D,
0x6E7D, 0x6E7D, 0x6E7D, 0x6E7D, 0x6E7D, 0x6E7D, 0x6E7D, 0x6E7D, 0x6E7D, 0x6E7D,
0x6E7D, 0x6E7D, 0x6E7D, 0x6E7D, 0x6E7D, 0x6E7D, 0x6E7D, 0x6E7D, 0x6E7D, 0x6E7D,
0x6E7D, 0x6E7D, 0x6E7D, 0x6E7D, 0x6E7D, 0x6E7D, 0x6E7D, 0x6E7D, 0x6E7D, 0x6E7D,
0x6E7D, 0x6E7D, 0x6E7D, 0x6E7D, 0x6E7D, 0x6E7D, 0x6E7D, 0x6E7D, 0x6E7D, 0x6E7D,
0x6E7D, 0x6E7D, 0x6E7D, 0x6E7D, 0x6E7D, 0x6E7D, 0x6E7D, 0x6E7D, 0x6E7D, 0x6E7D,
0x6E7D, 0x6E7D, 0x6E7D, 0x6E7D, 0x6E7D, 0x6E7D, 0x6E7D, 0x6E7D, 0x6E7D, 0x6E7D,
0x6E7D, 0x6E7D, 0x6E7D, 0x6E7D, 0x6E7D, 0x6E7D, 0x6E7D, 0x6E7D, 0x6E7D, 0x6E7D,
0x6E7D, 0x6E7D, 0x6E7D, 0x6E7D, 0x6E7D, 0x6E7D, 0x6E7D, 0x6E7D, 0x6E7D, 0x6E7D,
0x6E7D, 0x6E7D, 0x6E7D, 0x6E7D, 0x6E7D, 0x6E7D, 0x6E7D, 0x6E7D, 0x6E7D, 0x6E7D,
0x6E7D, 0x6E7D, 0x6E7D, 0x6E7D, 0x6E7D, 0x6E7D, 0x6E7D, 0x6E7D, 0x6E7D, 0x6E7D,
0x6E7D, 0x6E7D, 0x6E7D, 0x6E7D, 0x6E7D, 0x6E7D, 0x6E7D, 0x6E7D, 0x6E7D, 0x6E7D,
0x6E7D, 0x6E7D, 0x6E7D, 0x6E7D, 0x508D, 0x2743, 0x684B, 0xEE7C, 0x8C6C, 0x0E75,
0x4B5C, 0x842A, 0xA42A, 0xA009, 0x8E85, 0xCB6C, 0xEC74, 0x4E7D, 0xC84B, 0xEC74,
0x2D7D, 0x0954, 0xC84B, 0x0854, 0x6E85, 0xC74B, 0xC74B, 0x2D7D, 0x8A64, 0xAB6C,
0x4A5C, 0xAB6C, 0x0D75, 0x2D75, 0x2D7D, 0x2D7D, 0x6E7D, 0x6E7D, 0x6E7D, 0x6E7D,
0x6E7D, 0x6E7D, 0x6E7D, 0x6E7D, 0x6E7D, 0x6E7D, 0x6E7D, 0x6E7D, 0x6E7D, 0x6E7D,
0x6E7D, 0x6E7D, 0x6E7D, 0x6E7D, 0x6E7D, 0x6E7D, 0x6E7D, 0x6E7D, 0x6E7D, 0x6E7D,
0x6E7D, 0x6E7D, 0x6E7D, 0x6E7D, 0x6E7D, 0x6E7D, 0x6E7D, 0x6E7D, 0x6E7D, 0x6E7D,
0x6E7D, 0x6E7D, 0x6E7D, 0x6E7D, 0x6E7D, 0x6E7D, 0x6E7D, 0x6E7D, 0x6E7D, 0x6E7D,
0x6E7D, 0x6E7D, 0x6E7D, 0x6E7D, 0x6E7D, 0x6E7D, 0x6E7D, 0x6E7D, 0x6E7D, 0x6E7D,
0x6E7D, 0x6E7D, 0x6E7D, 0x6E7D, 0x6E7D, 0x6E7D, 0x6E7D, 0x6E7D, 0x6E7D, 0x6E7D,
0x6E7D, 0x6E7D, 0x6E7D, 0x6E7D, 0x6E7D, 0x6E7D, 0x6E7D, 0x6E7D, 0x6E7D, 0x6E7D,
0x6E7D, 0x6E7D, 0x6E7D, 0x6E7D, 0x6E7D, 0x6E7D, 0x6E7D, 0x6E7D, 0x6E7D, 0x6E7D,
0x6E7D, 0x6E7D, 0x6E7D, 0x6E7D, 0x6E7D, 0x6E7D, 0x6E7D, 0x6E7D, 0x6E7D, 0x6E7D,
0x6E7D, 0x6E7D, 0x6E7D, 0x6E7D, 0x6E7D, 0x6E7D, 0x6E7D, 0x6E7D, 0x6E7D, 0x6E7D,
0x6E7D, 0x6E7D, 0x6E7D, 0x6E7D, 0x6E7D, 0x6E7D, 0x6E7D, 0x6E7D, 0x6E7D, 0x6E7D,
0x6E7D, 0x6E7D, 0x6E7D, 0x6E7D, 0x6E7D, 0x6E7D, 0x6E7D, 0x6E7D, 0x6E7D, 0x6E7D,
0x6E7D, 0x6E7D, 0x6E7D, 0x6E7D, 0x6E7D, 0x6E7D, 0x6E7D, 0x6E7D, 0x6E7D, 0x6E7D,
0x6E7D, 0x6E7D, 0x6E7D, 0x6E7D, 0x6E7D, 0x6E7D, 0x6E7D, 0x6E7D, 0x6E7D, 0x6E7D,
0x6E7D, 0x6E7D, 0x6E7D, 0x6E7D, 0x6E7D, 0x6E7D, 0x6E7D, 0x6E7D, 0x6E7D, 0x6E7D,
0x6E7D, 0x6E7D, 0x6E7D, 0x6E7D, 0x6E7D, 0x6E7D, 0x6E7D, 0x6E7D, 0x6E7D, 0x6E7D,
0x6E7D, 0x6E7D, 0x6E7D, 0x6E7D, 0x6E7D, 0x6E7D, 0x6E7D, 0x6E7D, 0x6E7D, 0x6E7D,
0x6E7D, 0x6E7D, 0x6E7D, 0x6E7D, 0x6E7D, 0x6E7D, 0x6E7D, 0x6E7D, 0x6E7D, 0x6E7D,
0x6E7D, 0x6E7D, 0x6E7D, 0x6E7D, 0x6E7D, 0x6E7D, 0x6E7D, 0x6E7D, 0x6E7D, 0x6E7D,
0x6E7D, 0x6E7D, 0x6E7D, 0x6E7D, 0x6E7D, 0x6E7D, 0x6E7D, 0x6E7D, 0x6E7D, 0x6E7D,
0x6E7D, 0x6E7D, 0x6E7D, 0x6E7D, 0x6E7D, 0x6E7D, 0x6E7D, 0x6E7D, 0x6E7D, 0x6E7D,
0x6E7D, 0x6E7D, 0x6E7D, 0x6E7D, 0x6E7D, 0x6E7D, 0x6E7D, 0x6E7D, 0x6E7D, 0x6E7D,
0x6E7D, 0x6E7D, 0x6E7D, 0x6E7D, 0x6E7D, 0x6E7D, 0x6E7D, 0x6E7D, 0x6E7D, 0x6E7D,
0x6E7D, 0x6E7D, 0x6E7D, 0x6E7D, 0x6E7D, 0x6E7D, 0x6E7D, 0x6E7D, 0x6E7D, 0x6E7D,
0x6E7D, 0x6E7D, 0x6E7D, 0x6E7D, 0x6E7D, 0x6E7D, 0x6E7D, 0x6E7D, 0x6E7D, 0x6E7D,
0x6E7D, 0x6E7D, 0x6E7D, 0x6E7D, 0x6E7D, 0x6E7D, 0x6E7D, 0x6E7D, 0x6E7D, 0x6E7D,
0x6E7D, 0x6E7D, 0x6E7D, 0x6E7D, 0x6E7D, 0x6E7D, 0x6E7D, 0x6E7D, 0x6E7D, 0x6E7D,
0x6E7D, 0x6E7D, 0x6E7D, 0x6E7D, 0x6E7D, 0x6E7D, 0x6E7D, 0x6E7D, 0x6E7D, 0x6E7D,
0x6E7D, 0x6E7D, 0x6E7D, 0x6E7D, 0xAC74, 0x4A64, 0x6F85, 0xD08D, 0x6E85, 0x6F85,
0x8F85, 0x0A5C, 0x4001, 0x6643, 0xCF8D, 0x6E7D, 0x4E7D, 0x6E85, 0x4E7D, 0xAF8D,
0xAF8D, 0x4E7D, 0x4E7D, 0x8E85, 0x4E7D, 0x8F85, 0x6E85, 0x0C75, 0x8E85, 0x4E7D,
0x8E85, 0x4D7D, 0x6E7D, 0x6E7D, 0x6E85, 0x6E85, 0x6E7D, 0x6E7D, 0x6E7D, 0x6E7D,
0x6E7D, 0x6E7D, 0x6E7D, 0x6E7D, 0x6E7D, 0x6E7D, 0x6E7D, 0x6E7D, 0x6E7D, 0x6E7D,
0x6E7D, 0x6E7D, 0x6E7D, 0x6E7D, 0x6E7D, 0x6E7D, 0x6E7D, 0x6E7D, 0x6E7D, 0x6E7D,
0x6E7D, 0x6E7D, 0x6E7D, 0x6E7D, 0x6E7D, 0x6E7D, 0x6E7D, 0x6E7D, 0x6E7D, 0x6E7D,
0x6E7D, 0x6E7D, 0x6E7D, 0x6E7D, 0x6E7D, 0x6E7D, 0x6E7D, 0x6E7D, 0x6E7D, 0x6E7D,
0x6E7D, 0x6E7D, 0x6E7D, 0x6E7D, 0x6E7D, 0x6E7D, 0x6E7D, 0x6E7D, 0x6E7D, 0x6E7D,
0x6E7D, 0x6E7D, 0x6E7D, 0x6E7D, 0x6E7D, 0x6E7D, 0x6E7D, 0x6E7D, 0x6E7D, 0x6E7D,
0x6E7D, 0x6E7D, 0x6E7D, 0x6E7D, 0x6E7D, 0x6E7D, 0x6E7D, 0x6E7D, 0x6E7D, 0x6E7D,
0x6E7D, 0x6E7D, 0x6E7D, 0x6E7D, 0x6E7D, 0x6E7D, 0x6E7D, 0x6E7D, 0x6E7D, 0x6E7D,
0x6E7D, 0x6E7D, 0x6E7D, 0x6E7D, 0x6E7D, 0x6E7D, 0x6E7D, 0x6E7D, 0x6E7D, 0x6E7D,
0x6E7D, 0x6E7D, 0x6E7D, 0x6E7D, 0x6E7D, 0x6E7D, 0x6E7D, 0x6E7D, 0x6E7D, 0x6E7D,
0x6E7D, 0x6E7D, 0x6E7D, 0x6E7D, 0x6E7D, 0x6E7D, 0x6E7D, 0x6E7D, 0x6E7D, 0x6E7D,
0x6E7D, 0x6E7D, 0x6E7D, 0x6E7D, 0x6E7D, 0x6E7D, 0x6E7D, 0x6E7D, 0x6E7D, 0x6E7D,
0x6E7D, 0x6E7D, 0x6E7D, 0x6E7D, 0x6E7D, 0x6E7D, 0x6E7D, 0x6E7D, 0x6E7D, 0x6E7D,
0x6E7D, 0x6E7D, 0x6E7D, 0x6E7D, 0x6E7D, 0x6E7D, 0x6E7D, 0x6E7D, 0x6E7D, 0x6E7D,
0x6E7D, 0x6E7D, 0x6E7D, 0x6E7D, 0x6E7D, 0x6E7D, 0x6E7D, 0x6E7D, 0x6E7D, 0x6E7D,
0x6E7D, 0x6E7D, 0x6E7D, 0x6E7D, 0x6E7D, 0x6E7D, 0x6E7D, 0x6E7D, 0x6E7D, 0x6E7D,
0x6E7D, 0x6E7D, 0x6E7D, 0x6E7D, 0x6E7D, 0x6E7D, 0x6E7D, 0x6E7D, 0x6E7D, 0x6E7D,
0x6E7D, 0x6E7D, 0x6E7D, 0x6E7D, 0x6E7D, 0x6E7D, 0x6E7D, 0x6E7D, 0x6E7D, 0x6E7D,
0x6E7D, 0x6E7D, 0x6E7D, 0x6E7D, 0x6E7D, 0x6E7D, 0x6E7D, 0x6E7D, 0x6E7D, 0x6E7D,
0x6E7D, 0x6E7D, 0x6E7D, 0x6E7D, 0x6E7D, 0x6E7D, 0x6E7D, 0x6E7D, 0x6E7D, 0x6E7D,
0x6E7D, 0x6E7D, 0x6E7D, 0x6E7D, 0x6E7D, 0x6E7D, 0x6E7D, 0x6E7D, 0x6E7D, 0x6E7D,
0x6E7D, 0x6E7D, 0x6E7D, 0x6E7D, 0x6E7D, 0x6E7D, 0x6E7D, 0x6E7D, 0x6E7D, 0x6E7D,
0x6E7D, 0x6E7D, 0x6E7D, 0x6E7D, 0x6E7D, 0x6E7D, 0x6E7D, 0x6E7D, 0x6E7D, 0x6E7D,
0x6E7D, 0x6E7D, 0x6E7D, 0x6E7D, 0x6E7D, 0x6E7D, 0x6E7D, 0x6E7D, 0x6E7D, 0x6E7D,
0x6E7D, 0x6E7D, 0x6E7D, 0x6E7D, 0x6E7D, 0x6E7D, 0x6E7D, 0x6E7D, 0x6E7D, 0x6E7D,
0x6E7D, 0x6E7D, 0x6E7D, 0x6E7D, 0x6E7D, 0x6E7D, 0x6E7D, 0x6E7D, 0x6E7D, 0x6E7D,
0x6E7D, 0x6E7D, 0x6E7D, 0x6E7D, 0x6E7D, 0x6E7D, 0x6E7D, 0x6E7D, 0x6E7D, 0x6E7D,
0x6E7D, 0x6E7D, 0x6E7D, 0x6E7D, 0x6E7D, 0x6E7D, 0x6E7D, 0x6E7D, 0x6E7D, 0x6E7D,
0x6E7D, 0x6E7D, 0x6E7D, 0x6E7D, 0xAF8D, 0x4D7D, 0x8E85, 0x6E7D, 0xAF85, 0x6F85,
0xB08D, 0xB08D, 0x6B64, 0x0D75, 0xAF8D, 0x8F85, 0x8E85, 0x4D7D, 0xAF85, 0x6E85,
0x2D7D, 0x6E7D, 0xAF85, 0x8E85, 0x4E7D, 0x6E85, 0x6E85, 0xEC74, 0x0D75, 0xAF8D,
0x4D7D, 0x6E85, 0x6E7D, 0x6E7D, 0x6E85, 0x6E85, 0x6E7D, 0x6E7D, 0x6E7D, 0x6E7D,
0x6E7D, 0x6E7D, 0x6E7D, 0x6E7D, 0x6E7D, 0x6E7D, 0x6E7D, 0x6E7D, 0x6E7D, 0x6E7D,
0x6E7D, 0x6E7D, 0x6E7D, 0x6E7D, 0x6E7D, 0x6E7D, 0x6E7D, 0x6E7D, 0x6E7D, 0x6E7D,
0x6E7D, 0x6E7D, 0x6E7D, 0x6E7D, 0x6E7D, 0x6E7D, 0x6E7D, 0x6E7D, 0x6E7D, 0x6E7D,
0x6E7D, 0x6E7D, 0x6E7D, 0x6E7D, 0x6E7D, 0x6E7D, 0x6E7D, 0x6E7D, 0x6E7D, 0x6E7D,
0x6E7D, 0x6E7D, 0x6E7D, 0x6E7D, 0x6E7D, 0x6E7D, 0x6E7D, 0x6E7D, 0x6E7D, 0x6E7D,
0x6E7D, 0x6E7D, 0x6E7D, 0x6E7D, 0x6E7D, 0x6E7D, 0x6E7D, 0x6E7D, 0x6E7D, 0x6E7D,
0x6E7D, 0x6E7D, 0x6E7D, 0x6E7D, 0x6E7D, 0x6E7D, 0x6E7D, 0x6E7D, 0x6E7D, 0x6E7D,
0x6E7D, 0x6E7D, 0x6E7D, 0x6E7D, 0x6E7D, 0x6E7D, 0x6E7D, 0x6E7D, 0x6E7D, 0x6E7D,
0x6E7D, 0x6E7D, 0x6E7D, 0x6E7D, 0x6E7D, 0x6E7D, 0x6E7D, 0x6E7D, 0x6E7D, 0x6E7D,
0x6E7D, 0x6E7D, 0x6E7D, 0x6E7D, 0x6E7D, 0x6E7D, 0x6E7D, 0x6E7D, 0x6E7D, 0x6E7D,
0x6E7D, 0x6E7D, 0x6E7D, 0x6E7D, 0x6E7D, 0x6E7D, 0x6E7D, 0x6E7D, 0x6E7D, 0x6E7D,
0x6E7D, 0x6E7D, 0x6E7D, 0x6E7D, 0x6E7D, 0x6E7D, 0x6E7D, 0x6E7D, 0x6E7D, 0x6E7D,
0x6E7D, 0x6E7D, 0x6E7D, 0x6E7D, 0x6E7D, 0x6E7D, 0x6E7D, 0x6E7D, 0x6E7D, 0x6E7D,
0x6E7D, 0x6E7D, 0x6E7D, 0x6E7D, 0x6E7D, 0x6E7D, 0x6E7D, 0x6E7D, 0x6E7D, 0x6E7D,
0x6E7D, 0x6E7D, 0x6E7D, 0x6E7D, 0x6E7D, 0x6E7D, 0x6E7D, 0x6E7D, 0x6E7D, 0x6E7D,
0x6E7D, 0x6E7D, 0x6E7D, 0x6E7D, 0x6E7D, 0x6E7D, 0x6E7D, 0x6E7D, 0x6E7D, 0x6E7D,
0x6E7D, 0x6E7D, 0x6E7D, 0x6E7D, 0x6E7D, 0x6E7D, 0x6E7D, 0x6E7D, 0x6E7D, 0x6E7D,
0x6E7D, 0x6E7D, 0x6E7D, 0x6E7D, 0x6E7D, 0x6E7D, 0x6E7D, 0x6E7D, 0x6E7D, 0x6E7D,
0x6E7D, 0x6E7D, 0x6E7D, 0x6E7D, 0x6E7D, 0x6E7D, 0x6E7D, 0x6E7D, 0x6E7D, 0x6E7D,
0x6E7D, 0x6E7D, 0x6E7D, 0x6E7D, 0x6E7D, 0x6E7D, 0x6E7D, 0x6E7D, 0x6E7D, 0x6E7D,
0x6E7D, 0x6E7D, 0x6E7D, 0x6E7D, 0x6E7D, 0x6E7D, 0x6E7D, 0x6E7D, 0x6E7D, 0x6E7D,
0x6E7D, 0x6E7D, 0x6E7D, 0x6E7D, 0x6E7D, 0x6E7D, 0x6E7D, 0x6E7D, 0x6E7D, 0x6E7D,
0x6E7D, 0x6E7D, 0x6E7D, 0x6E7D, 0x6E7D, 0x6E7D, 0x6E7D, 0x6E7D, 0x6E7D, 0x6E7D,
0x6E7D, 0x6E7D, 0x6E7D, 0x6E7D, 0x6E7D, 0x6E7D, 0x6E7D, 0x6E7D, 0x6E7D, 0x6E7D,
0x6E7D, 0x6E7D, 0x6E7D, 0x6E7D, 0x6E7D, 0x6E7D, 0x6E7D, 0x6E7D, 0x6E7D, 0x6E7D,
0x6E7D, 0x6E7D, 0x6E7D, 0x6E7D, 0x6E7D, 0x6E7D, 0x6E7D, 0x6E7D, 0x6E7D, 0x6E7D,
0x6E7D, 0x6E7D, 0x6E7D, 0x6E7D, 0x6E7D, 0x6E7D, 0x6E7D, 0x6E7D, 0x6E7D, 0x6E7D,
0x6E7D, 0x6E7D, 0x6E7D, 0x6E7D, 0x6E7D, 0x6E7D, 0x6E7D, 0x6E7D, 0x6E7D, 0x6E7D,
0x6E7D, 0x6E7D, 0x6E7D, 0x6E7D, 0x6D7D, 0x6D7D, 0x4C75, 0x8E85, 0x8D7D, 0xF095,
0x2E7D, 0xAF8D, 0x8F85, 0x8F85, 0x6E85, 0x4E7D, 0x6E85, 0x0C75, 0x6E85, 0x6E7D,
0x2D7D, 0x2D7D, 0x6E85, 0x4D7D, 0xAF8D, 0x2D7D, 0x4D7D, 0x8E85, 0xEC74, 0xAF8D,
0xEC74, 0xAF8D, 0x6E7D, 0x6E85, 0x6E85, 0x6E85, 0x6E7D, 0x6E7D, 0x6E7D, 0x6E7D,
0x6E7D, 0x6E7D, 0x6E7D, 0x6E7D, 0x6E7D, 0x6E7D, 0x6E7D, 0x6E7D, 0x6E7D, 0x6E7D,
0x6E7D, 0x6E7D, 0x6E7D, 0x6E7D, 0x6E7D, 0x6E7D, 0x6E7D, 0x6E7D, 0x6E7D, 0x6E7D,
0x6E7D, 0x6E7D, 0x6E7D, 0x6E7D, 0x6E7D, 0x6E7D, 0x6E7D, 0x6E7D, 0x6E7D, 0x6E7D,
0x6E7D, 0x6E7D, 0x6E7D, 0x6E7D, 0x6E7D, 0x6E7D, 0x6E7D, 0x6E7D, 0x6E7D, 0x6E7D,
0x6E7D, 0x6E7D, 0x6E7D, 0x6E7D, 0x6E7D, 0x6E7D, 0x6E7D, 0x6E7D, 0x6E7D, 0x6E7D,
0x6E7D, 0x6E7D, 0x6E7D, 0x6E7D, 0x6E7D, 0x6E7D, 0x6E7D, 0x6E7D, 0x6E7D, 0x6E7D,
0x6E7D, 0x6E7D, 0x6E7D, 0x6E7D, 0x6E7D, 0x6E7D, 0x6E7D, 0x6E7D, 0x6E7D, 0x6E7D,
0x6E7D, 0x6E7D, 0x6E7D, 0x6E7D, 0x6E7D, 0x6E7D, 0x6E7D, 0x6E7D, 0x6E7D, 0x6E7D,
0x6E7D, 0x6E7D, 0x6E7D, 0x6E7D, 0x6E7D, 0x6E7D, 0x6E7D, 0x6E7D, 0x6E7D, 0x6E7D,
0x6E7D, 0x6E7D, 0x6E7D, 0x6E7D, 0x6E7D, 0x6E7D, 0x6E7D, 0x6E7D, 0x6E7D, 0x6E7D,
0x6E7D, 0x6E7D, 0x6E7D, 0x6E7D, 0x6E7D, 0x6E7D, 0x6E7D, 0x6E7D, 0x6E7D, 0x6E7D,
0x6E7D, 0x6E7D, 0x6E7D, 0x6E7D, 0x6E7D, 0x6E7D, 0x6E7D, 0x6E7D, 0x6E7D, 0x6E7D,
0x6E7D, 0x6E7D, 0x6E7D, 0x6E7D, 0x6E7D, 0x6E7D, 0x6E7D, 0x6E7D, 0x6E7D, 0x6E7D,
0x6E7D, 0x6E7D, 0x6E7D, 0x6E7D, 0x6E7D, 0x6E7D, 0x6E7D, 0x6E7D, 0x6E7D, 0x6E7D,
0x6E7D, 0x6E7D, 0x6E7D, 0x6E7D, 0x6E7D, 0x6E7D, 0x6E7D, 0x6E7D, 0x6E7D, 0x6E7D,
0x6E7D, 0x6E7D, 0x6E7D, 0x6E7D, 0x6E7D, 0x6E7D, 0x6E7D, 0x6E7D, 0x6E7D, 0x6E7D,
0x6E7D, 0x6E7D, 0x6E7D, 0x6E7D, 0x6E7D, 0x6E7D, 0x6E7D, 0x6E7D, 0x6E7D, 0x6E7D,
0x6E7D, 0x6E7D, 0x6E7D, 0x6E7D, 0x6E7D, 0x6E7D, 0x6E7D, 0x6E7D, 0x6E7D, 0x6E7D,
0x6E7D, 0x6E7D, 0x6E7D, 0x6E7D, 0x6E7D, 0x6E7D, 0x6E7D, 0x6E7D, 0x6E7D, 0x6E7D,
0x6E7D, 0x6E7D, 0x6E7D, 0x6E7D, 0x6E7D, 0x6E7D, 0x6E7D, 0x6E7D, 0x6E7D, 0x6E7D,
0x6E7D, 0x6E7D, 0x6E7D, 0x6E7D, 0x6E7D, 0x6E7D, 0x6E7D, 0x6E7D, 0x6E7D, 0x6E7D,
0x6E7D, 0x6E7D, 0x6E7D, 0x6E7D, 0x6E7D, 0x6E7D, 0x6E7D, 0x6E7D, 0x6E7D, 0x6E7D,
0x6E7D, 0x6E7D, 0x6E7D, 0x6E7D, 0x6E7D, 0x6E7D, 0x6E7D, 0x6E7D, 0x6E7D, 0x6E7D,
0x6E7D, 0x6E7D, 0x6E7D, 0x6E7D, 0x6E7D, 0x6E7D, 0x6E7D, 0x6E7D, 0x6E7D, 0x6E7D,
0x6E7D, 0x6E7D, 0x6E7D, 0x6E7D, 0x6E7D, 0x6E7D, 0x6E7D, 0x6E7D, 0x6E7D, 0x6E7D,
0x6E7D, 0x6E7D, 0x6E7D, 0x6E7D, 0x6E7D, 0x6E7D, 0x6E7D, 0x6E7D, 0x6E7D, 0x6E7D,
0x6E7D, 0x6E7D, 0x6E7D, 0x6E7D, 0x6E7D, 0x6E7D, 0x6E7D, 0x6E7D, 0x6E7D, 0x6E7D,
0x6E7D, 0x6E7D, 0x6E7D, 0x6E7D, 0x6E7D, 0x6E7D, 0x6E7D, 0x6E7D, 0x6E7D, 0x6E7D,
0x6E7D, 0x6E7D, 0x6E7D, 0x6E7D, 0x6E7D, 0x8E85, 0x6D7D, 0x6D7D, 0x0C6D, 0x6E85,
0x2D7D, 0x4E85, 0x6E85, 0x4E7D, 0x8E85, 0x0D75, 0x8E85, 0x2D7D, 0x8F85, 0x8F85,
0x6E85, 0x6E7D, 0x8F85, 0x6E85, 0x4E7D, 0xAF8D, 0x8E85, 0x6E85, 0x6E85, 0x4E7D,
0x6E85, 0x4E7D, 0x4E7D, 0x4E7D, 0x6E7D, 0x6E85, 0x6E7D, 0x6E7D, 0x6E7D, 0x6E7D,
0x6E7D, 0x6E7D, 0x6E7D, 0x6E7D, 0x6E7D, 0x6E7D, 0x6E7D, 0x6E7D, 0x6E7D, 0x6E7D,
0x6E7D, 0x6E7D, 0x6E7D, 0x6E7D, 0x6E7D, 0x6E7D, 0x6E7D, 0x6E7D, 0x6E7D, 0x6E7D,
0x6E7D, 0x6E7D, 0x6E7D, 0x6E7D, 0x6E7D, 0x6E7D, 0x6E7D, 0x6E7D, 0x6E7D, 0x6E7D,
0x6E7D, 0x6E7D, 0x6E7D, 0x6E7D, 0x6E7D, 0x6E7D, 0x6E7D, 0x6E7D, 0x6E7D, 0x6E7D,
0x6E7D, 0x6E7D, 0x6E7D, 0x6E7D, 0x6E7D, 0x6E7D, 0x6E7D, 0x6E7D, 0x6E7D, 0x6E7D,
0x6E7D, 0x6E7D, 0x6E7D, 0x6E7D, 0x6E7D, 0x6E7D, 0x6E7D, 0x6E7D, 0x6E7D, 0x6E7D,
0x6E7D, 0x6E7D, 0x6E7D, 0x6E7D, 0x6E7D, 0x6E7D, 0x6E7D, 0x6E7D, 0x6E7D, 0x6E7D,
0x6E7D, 0x6E7D, 0x6E7D, 0x6E7D, 0x6E7D, 0x6E7D, 0x6E7D, 0x6E7D, 0x6E7D, 0x6E7D,
0x6E7D, 0x6E7D, 0x6E7D, 0x6E7D, 0x6E7D, 0x6E7D, 0x6E7D, 0x6E7D, 0x6E7D, 0x6E7D,
0x6E7D, 0x6E7D, 0x6E7D, 0x6E7D, 0x6E7D, 0x6E7D, 0x6E7D, 0x6E7D, 0x6E7D, 0x6E7D,
0x6E7D, 0x6E7D, 0x6E7D, 0x6E7D, 0x6E7D, 0x6E7D, 0x6E7D, 0x6E7D, 0x6E7D, 0x6E7D,
0x6E7D, 0x6E7D, 0x6E7D, 0x6E7D, 0x6E7D, 0x6E7D, 0x6E7D, 0x6E7D, 0x6E7D, 0x6E7D,
0x6E7D, 0x6E7D, 0x6E7D, 0x6E7D, 0x6E7D, 0x6E7D, 0x6E7D, 0x6E7D, 0x6E7D, 0x6E7D,
0x6E7D, 0x6E7D, 0x6E7D, 0x6E7D, 0x6E7D, 0x6E7D, 0x6E7D, 0x6E7D, 0x6E7D, 0x6E7D,
0x6E7D, 0x6E7D, 0x6E7D, 0x6E7D, 0x6E7D, 0x6E7D, 0x6E7D, 0x6E7D, 0x6E7D, 0x6E7D,
0x6E7D, 0x6E7D, 0x6E7D, 0x6E7D, 0x6E7D, 0x6E7D, 0x6E7D, 0x6E7D, 0x6E7D, 0x6E7D,
0x6E7D, 0x6E7D, 0x6E7D, 0x6E7D, 0x6E7D, 0x6E7D, 0x6E7D, 0x6E7D, 0x6E7D, 0x6E7D,
0x6E7D, 0x6E7D, 0x6E7D, 0x6E7D, 0x6E7D, 0x6E7D, 0x6E7D, 0x6E7D, 0x6E7D, 0x6E7D,
0x6E7D, 0x6E7D, 0x6E7D, 0x6E7D, 0x6E7D, 0x6E7D, 0x6E7D, 0x6E7D, 0x6E7D, 0x6E7D,
0x6E7D, 0x6E7D, 0x6E7D, 0x6E7D, 0x6E7D, 0x6E7D, 0x6E7D, 0x6E7D, 0x6E7D, 0x6E7D,
0x6E7D, 0x6E7D, 0x6E7D, 0x6E7D, 0x6E7D, 0x6E7D, 0x6E7D, 0x6E7D, 0x6E7D, 0x6E7D,
0x6E7D, 0x6E7D, 0x6E7D, 0x6E7D, 0x6E7D, 0x6E7D, 0x6E7D, 0x6E7D, 0x6E7D, 0x6E7D,
0x6E7D, 0x6E7D, 0x6E7D, 0x6E7D, 0x6E7D, 0x6E7D, 0x6E7D, 0x6E7D, 0x6E7D, 0x6E7D,
0x6E7D, 0x6E7D, 0x6E7D, 0x6E7D, 0x6E7D, 0x6E7D, 0x6E7D, 0x6E7D, 0x6E7D, 0x6E7D,
0x6E7D, 0x6E7D, 0x6E7D, 0x6E7D, 0x6E7D, 0x6E7D, 0x6E7D, 0x6E7D, 0x6E7D, 0x6E7D,
0x6E7D, 0x6E7D, 0x6E7D, 0x6E7D, 0x6E7D, 0x6E7D, 0x6E7D, 0x6E7D, 0x6E7D, 0x6E7D,
0x6E7D, 0x6E7D, 0x6E7D, 0x6E7D, 0x6E7D, 0x6E7D, 0x6E7D, 0x6E7D, 0x6E7D, 0x6E7D,
0x6E7D, 0x6E7D, 0x6E7D, 0x6E7D, 0x6E7D, 0x6E7D, 0x6E7D, 0x6E7D, 0x6E7D, 0x6E7D,
0x6E7D, 0x6E7D, 0x6E7D, 0x6E7D, 0x6E85, 0x2D75, 0x8F85, 0x2D75, 0xF08D, 0x6E85,
0x8E85, 0x6E85, 0xAF8D, 0x0D75, 0x8E85, 0x2D75, 0x8F85, 0x6E85, 0x8F85, 0x6E85,
0x2D7D, 0x4E7D, 0x8F85, 0x4D7D, 0x4D7D, 0x4D7D, 0x4D7D, 0x0C75, 0x2D7D, 0x4D7D,
0x4D7D, 0x2D7D, 0x4D7D, 0x4D7D, 0x4E7D, 0x6E7D, 0x6E7D, 0x6E7D, 0x6E7D, 0x6E7D,
0x6E7D, 0x6E7D, 0x6E7D, 0x6E7D, 0x6E7D, 0x6E7D, 0x6E7D, 0x6E7D, 0x6E7D, 0x6E7D,
0x6E7D, 0x6E7D, 0x6E7D, 0x6E7D, 0x6E7D, 0x6E7D, 0x6E7D, 0x6E7D, 0x6E7D, 0x6E7D,
0x6E7D, 0x6E7D, 0x6E7D, 0x6E7D, 0x6E7D, 0x6E7D, 0x6E7D, 0x6E7D, 0x6E7D, 0x6E7D,
0x6E7D, 0x6E7D, 0x6E7D, 0x6E7D, 0x6E7D, 0x6E7D, 0x6E7D, 0x6E7D, 0x6E7D, 0x6E7D,
0x6E7D, 0x6E7D, 0x6E7D, 0x6E7D, 0x6E7D, 0x6E7D, 0x6E7D, 0x6E7D, 0x6E7D, 0x6E7D,
0x6E7D, 0x6E7D, 0x6E7D, 0x6E7D, 0x6E7D, 0x6E7D, 0x6E7D, 0x6E7D, 0x6E7D, 0x6E7D,
0x6E7D, 0x6E7D, 0x6E7D, 0x6E7D, 0x6E7D, 0x6E7D, 0x6E7D, 0x6E7D, 0x6E7D, 0x6E7D,
0x6E7D, 0x6E7D, 0x6E7D, 0x6E7D, 0x6E7D, 0x6E7D, 0x6E7D, 0x6E7D, 0x6E7D, 0x6E7D,
0x6E7D, 0x6E7D, 0x6E7D, 0x6E7D, 0x6E7D, 0x6E7D, 0x6E7D, 0x6E7D, 0x6E7D, 0x6E7D,
0x6E7D, 0x6E7D, 0x6E7D, 0x6E7D, 0x6E7D, 0x6E7D, 0x6E7D, 0x6E7D, 0x6E7D, 0x6E7D,
0x6E7D, 0x6E7D, 0x6E7D, 0x6E7D, 0x6E7D, 0x6E7D, 0x6E7D, 0x6E7D, 0x6E7D, 0x6E7D,
0x6E7D, 0x6E7D, 0x6E7D, 0x6E7D, 0x6E7D, 0x6E7D, 0x6E7D, 0x6E7D, 0x6E7D, 0x6E7D,
0x6E7D, 0x6E7D, 0x6E7D, 0x6E7D, 0x6E7D, 0x6E7D, 0x6E7D, 0x6E7D, 0x6E7D, 0x6E7D,
0x6E7D, 0x6E7D, 0x6E7D, 0x6E7D, 0x6E7D, 0x6E7D, 0x6E7D, 0x6E7D, 0x6E7D, 0x6E7D,
0x6E7D, 0x6E7D, 0x6E7D, 0x6E7D, 0x6E7D, 0x6E7D, 0x6E7D, 0x6E7D, 0x6E7D, 0x6E7D,
0x6E7D, 0x6E7D, 0x6E7D, 0x6E7D, 0x6E7D, 0x6E7D, 0x6E7D, 0x6E7D, 0x6E7D, 0x6E7D,
0x6E7D, 0x6E7D, 0x6E7D, 0x6E7D, 0x6E7D, 0x6E7D, 0x6E7D, 0x6E7D, 0x6E7D, 0x6E7D,
0x6E7D, 0x6E7D, 0x6E7D, 0x6E7D, 0x6E7D, 0x6E7D, 0x6E7D, 0x6E7D, 0x6E7D, 0x6E7D,
0x6E7D, 0x6E7D, 0x6E7D, 0x6E7D, 0x6E7D, 0x6E7D, 0x6E7D, 0x6E7D, 0x6E7D, 0x6E7D,
0x6E7D, 0x6E7D, 0x6E7D, 0x6E7D, 0x6E7D, 0x6E7D, 0x6E7D, 0x6E7D, 0x6E7D, 0x6E7D,
0x6E7D, 0x6E7D, 0x6E7D, 0x6E7D, 0x6E7D, 0x6E7D, 0x6E7D, 0x6E7D, 0x6E7D, 0x6E7D,
0x6E7D, 0x6E7D, 0x6E7D, 0x6E7D, 0x6E7D, 0x6E7D, 0x6E7D, 0x6E7D, 0x6E7D, 0x6E7D,
0x6E7D, 0x6E7D, 0x6E7D, 0x6E7D, 0x6E7D, 0x6E7D, 0x6E7D, 0x6E7D, 0x6E7D, 0x6E7D,
0x6E7D, 0x6E7D, 0x6E7D, 0x6E7D, 0x6E7D, 0x6E7D, 0x6E7D, 0x6E7D, 0x6E7D, 0x6E7D,
0x6E7D, 0x6E7D, 0x6E7D, 0x6E7D, 0x6E7D, 0x6E7D, 0x6E7D, 0x6E7D, 0x6E7D, 0x6E7D,
0x6E7D, 0x6E7D, 0x6E7D, 0x6E7D, 0x6E7D, 0x6E7D, 0x6E7D, 0x6E7D, 0x6E7D, 0x6E7D,
0x6E7D, 0x6E7D, 0x6E7D, 0x6E7D, 0x6E7D, 0x6E7D, 0x6E7D, 0x6E7D, 0x6E7D, 0x6E7D,
0x6E7D, 0x6E7D, 0x6E7D, 0x6E7D, 0x6E7D, 0x6E7D, 0x6E7D, 0x6E7D, 0x6E7D, 0x6E7D,
0x6E7D, 0x6E7D, 0x6E7D, 0x6E7D, 0x6E85, 0x4E7D, 0xCF8D, 0x2D75, 0x8E85, 0x4D7D,
0xAE8D, 0x6E85, 0x4D7D, 0x4E7D, 0x4D7D, 0x4E7D, 0x4E7D, 0x8E85, 0x8F85, 0x6E85,
0x4D7D, 0x4E7D, 0x8F85, 0x6E85, 0xAF8D, 0x0C75, 0x2D7D, 0x6E85, 0x0D75, 0x8F85,
0x2D7D, 0x8E85, 0x6E85, 0x6E85, 0x6E85, 0x8E85, 0x6E7D, 0x6E7D, 0x6E7D, 0x6E7D,
0x6E7D, 0x6E7D, 0x6E7D, 0x6E7D, 0x6E7D, 0x6E7D, 0x6E7D, 0x6E7D, 0x6E7D, 0x6E7D,
0x6E7D, 0x6E7D, 0x6E7D, 0x6E7D, 0x6E7D, 0x6E7D, 0x6E7D, 0x6E7D, 0x6E7D, 0x6E7D,
0x6E7D, 0x6E7D, 0x6E7D, 0x6E7D, 0x6E7D, 0x6E7D, 0x6E7D, 0x6E7D, 0x6E7D, 0x6E7D,
0x6E7D, 0x6E7D, 0x6E7D, 0x6E7D, 0x6E7D, 0x6E7D, 0x6E7D, 0x6E7D, 0x6E7D, 0x6E7D,
0x6E7D, 0x6E7D, 0x6E7D, 0x6E7D, 0x6E7D, 0x6E7D, 0x6E7D, 0x6E7D, 0x6E7D, 0x6E7D,
0x6E7D, 0x6E7D, 0x6E7D, 0x6E7D, 0x6E7D, 0x6E7D, 0x6E7D, 0x6E7D, 0x6E7D, 0x6E7D,
0x6E7D, 0x6E7D, 0x6E7D, 0x6E7D, 0x6E7D, 0x6E7D, 0x6E7D, 0x6E7D, 0x6E7D, 0x6E7D,
0x6E7D, 0x6E7D, 0x6E7D, 0x6E7D, 0x6E7D, 0x6E7D, 0x6E7D, 0x6E7D, 0x6E7D, 0x6E7D,
0x6E7D, 0x6E7D, 0x6E7D, 0x6E7D, 0x6E7D, 0x6E7D, 0x6E7D, 0x6E7D, 0x6E7D, 0x6E7D,
0x6E7D, 0x6E7D, 0x6E7D, 0x6E7D, 0x6E7D, 0x6E7D, 0x6E7D, 0x6E7D, 0x6E7D, 0x6E7D,
0x6E7D, 0x6E7D, 0x6E7D, 0x6E7D, 0x6E7D, 0x6E7D, 0x6E7D, 0x6E7D, 0x6E7D, 0x6E7D,
0x6E7D, 0x6E7D, 0x6E7D, 0x6E7D, 0x6E7D, 0x6E7D, 0x6E7D, 0x6E7D, 0x6E7D, 0x6E7D,
0x6E7D, 0x6E7D, 0x6E7D, 0x6E7D, 0x6E7D, 0x6E7D, 0x6E7D, 0x6E7D, 0x6E7D, 0x6E7D,
0x6E7D, 0x6E7D, 0x6E7D, 0x6E7D, 0x6E7D, 0x6E7D, 0x6E7D, 0x6E7D, 0x6E7D, 0x6E7D,
0x6E7D, 0x6E7D, 0x6E7D, 0x6E7D, 0x6E7D, 0x6E7D, 0x6E7D, 0x6E7D, 0x6E7D, 0x6E7D,
0x6E7D, 0x6E7D, 0x6E7D, 0x6E7D, 0x6E7D, 0x6E7D, 0x6E7D, 0x6E7D, 0x6E7D, 0x6E7D,
0x6E7D, 0x6E7D, 0x6E7D, 0x6E7D, 0x6E7D, 0x6E7D, 0x6E7D, 0x6E7D, 0x6E7D, 0x6E7D,
0x6E7D, 0x6E7D, 0x6E7D, 0x6E7D, 0x6E7D, 0x6E7D, 0x6E7D, 0x6E7D, 0x6E7D, 0x6E7D,
0x6E7D, 0x6E7D, 0x6E7D, 0x6E7D, 0x6E7D, 0x6E7D, 0x6E7D, 0x6E7D, 0x6E7D, 0x6E7D,
0x6E7D, 0x6E7D, 0x6E7D, 0x6E7D, 0x6E7D, 0x6E7D, 0x6E7D, 0x6E7D, 0x6E7D, 0x6E7D,
0x6E7D, 0x6E7D, 0x6E7D, 0x6E7D, 0x6E7D, 0x6E7D, 0x6E7D, 0x6E7D, 0x6E7D, 0x6E7D,
0x6E7D, 0x6E7D, 0x6E7D, 0x6E7D, 0x6E7D, 0x6E7D, 0x6E7D, 0x6E7D, 0x6E7D, 0x6E7D,
0x6E7D, 0x6E7D, 0x6E7D, 0x6E7D, 0x6E7D, 0x6E7D, 0x6E7D, 0x6E7D, 0x6E7D, 0x6E7D,
0x6E7D, 0x6E7D, 0x6E7D, 0x6E7D, 0x6E7D, 0x6E7D, 0x6E7D, 0x6E7D, 0x6E7D, 0x6E7D,
0x6E7D, 0x6E7D, 0x6E7D, 0x6E7D, 0x6E7D, 0x6E7D, 0x6E7D, 0x6E7D, 0x6E7D, 0x6E7D,
0x6E7D, 0x6E7D, 0x6E7D, 0x6E7D, 0x6E7D, 0x6E7D, 0x6E7D, 0x6E7D, 0x6E7D, 0x6E7D,
0x6E7D, 0x6E7D, 0x6E7D, 0x6E7D, 0x6E7D, 0x6E7D, 0x6E7D, 0x6E7D, 0x6E7D, 0x6E7D,
0x6E7D, 0x6E7D, 0x6E7D, 0x6E7D, 0x6E7D, 0x6E7D, 0x6E7D, 0x6E7D, 0x6E7D, 0x6E7D,
0x6E7D, 0x6E7D, 0x6E7D, 0x6E7D, 0x4D85, 0x8E85, 0x6E85, 0xAE85, 0x6D7D, 0x4D7D,
0x6E85, 0x6E85, 0x6E85, 0xAF8D, 0x0D75, 0x8F85, 0x2D75, 0x8E85, 0x6E85, 0x8F85,
0x6E7D, 0x4E7D, 0x6E85, 0x8F85, 0x2D7D, 0x8E85, 0x6E85, 0x6E85, 0x4D7D, 0x4D7D,
0x4D7D, 0x4D7D, 0x4D7D, 0x4D7D, 0x4E7D, 0x6E7D, 0x6E7D, 0x6E7D, 0x6E7D, 0x6E7D,
0x6E7D, 0x6E7D, 0x6E7D, 0x6E7D, 0x6E7D, 0x6E7D, 0x6E7D, 0x6E7D, 0x6E7D, 0x6E7D,
0x6E7D, 0x6E7D, 0x6E7D, 0x6E7D, 0x6E7D, 0x6E7D, 0x6E7D, 0x6E7D, 0x6E7D, 0x6E7D,
0x6E7D, 0x6E7D, 0x6E7D, 0x6E7D, 0x6E7D, 0x6E7D, 0x6E7D, 0x6E7D, 0x6E7D, 0x6E7D,
0x6E7D, 0x6E7D, 0x6E7D, 0x6E7D, 0x6E7D, 0x6E7D, 0x6E7D, 0x6E7D, 0x6E7D, 0x6E7D,
0x6E7D, 0x6E7D, 0x6E7D, 0x6E7D, 0x6E7D, 0x6E7D, 0x6E7D, 0x6E7D, 0x6E7D, 0x6E7D,
0x6E7D, 0x6E7D, 0x6E7D, 0x6E7D, 0x6E7D, 0x6E7D, 0x6E7D, 0x6E7D, 0x6E7D, 0x6E7D,
0x6E7D, 0x6E7D, 0x6E7D, 0x6E7D, 0x6E7D, 0x6E7D, 0x6E7D, 0x6E7D, 0x6E7D, 0x6E7D,
0x6E7D, 0x6E7D, 0x6E7D, 0x6E7D, 0x6E7D, 0x6E7D, 0x6E7D, 0x6E7D, 0x6E7D, 0x6E7D,
0x6E7D, 0x6E7D, 0x6E7D, 0x6E7D, 0x6E7D, 0x6E7D, 0x6E7D, 0x6E7D, 0x6E7D, 0x6E7D,
0x6E7D, 0x6E7D, 0x6E7D, 0x6E7D, 0x6E7D, 0x6E7D, 0x6E7D, 0x6E7D, 0x6E7D, 0x6E7D,
0x6E7D, 0x6E7D, 0x6E7D, 0x6E7D, 0x6E7D, 0x6E7D, 0x6E7D, 0x6E7D, 0x6E7D, 0x6E7D,
0x6E7D, 0x6E7D, 0x6E7D, 0x6E7D, 0x6E7D, 0x6E7D, 0x6E7D, 0x6E7D, 0x6E7D, 0x6E7D,
0x6E7D, 0x6E7D, 0x6E7D, 0x6E7D, 0x6E7D, 0x6E7D, 0x6E7D, 0x6E7D, 0x6E7D, 0x6E7D,
0x6E7D, 0x6E7D, 0x6E7D, 0x6E7D, 0x6E7D, 0x6E7D, 0x6E7D, 0x6E7D, 0x6E7D, 0x6E7D,
0x6E7D, 0x6E7D, 0x6E7D, 0x6E7D, 0x6E7D, 0x6E7D, 0x6E7D, 0x6E7D, 0x6E7D, 0x6E7D,
0x6E7D, 0x6E7D, 0x6E7D, 0x6E7D, 0x6E7D, 0x6E7D, 0x6E7D, 0x6E7D, 0x6E7D, 0x6E7D,
0x6E7D, 0x6E7D, 0x6E7D, 0x6E7D, 0x6E7D, 0x6E7D, 0x6E7D, 0x6E7D, 0x6E7D, 0x6E7D,
0x6E7D, 0x6E7D, 0x6E7D, 0x6E7D, 0x6E7D, 0x6E7D, 0x6E7D, 0x6E7D, 0x6E7D, 0x6E7D,
0x6E7D, 0x6E7D, 0x6E7D, 0x6E7D, 0x6E7D, 0x6E7D, 0x6E7D, 0x6E7D, 0x6E7D, 0x6E7D,
0x6E7D, 0x6E7D, 0x6E7D, 0x6E7D, 0x6E7D, 0x6E7D, 0x6E7D, 0x6E7D, 0x6E7D, 0x6E7D,
0x6E7D, 0x6E7D, 0x6E7D, 0x6E7D, 0x6E7D, 0x6E7D, 0x6E7D, 0x6E7D, 0x6E7D, 0x6E7D,
0x6E7D, 0x6E7D, 0x6E7D, 0x6E7D, 0x6E7D, 0x6E7D, 0x6E7D, 0x6E7D, 0x6E7D, 0x6E7D,
0x6E7D, 0x6E7D, 0x6E7D, 0x6E7D, 0x6E7D, 0x6E7D, 0x6E7D, 0x6E7D, 0x6E7D, 0x6E7D,
0x6E7D, 0x6E7D, 0x6E7D, 0x6E7D, 0x6E7D, 0x6E7D, 0x6E7D, 0x6E7D, 0x6E7D, 0x6E7D,
0x6E7D, 0x6E7D, 0x6E7D, 0x6E7D, 0x6E7D, 0x6E7D, 0x6E7D, 0x6E7D, 0x6E7D, 0x6E7D,
0x6E7D, 0x6E7D, 0x6E7D, 0x6E7D, 0x6E7D, 0x6E7D, 0x6E7D, 0x6E7D, 0x6E7D, 0x6E7D,
0x6E7D, 0x6E7D, 0x6E7D, 0x6E7D, 0x6E7D, 0x6E7D, 0x6E7D, 0x6E7D, 0x6E7D, 0x6E7D,
0x6E7D, 0x6E7D, 0x6E7D, 0x6E7D, 0x6E7D, 0x6E7D, 0x6E7D, 0x6E7D, 0x6E7D, 0x6E7D,
0x6E7D, 0x6E7D, 0x6E7D, 0x6E7D, 0x6E7D, 0x6E7D, 0x6E7D, 0x6E7D, 0x6E7D, 0x6E7D,
0x6E7D, 0x6E7D, 0x6E7D, 0x6E7D, 0x6E7D, 0x6E7D, 0x6E7D, 0x6E7D, 0x6E7D, 0x6E7D,
0x6E7D, 0x6E7D, 0x6E7D, 0x6E7D, 0x6E7D, 0x6E7D, 0x6E7D, 0x6E7D, 0x6E7D, 0x6E7D,
0x6E7D, 0x6E7D, 0x6E7D, 0x6E7D, 0x6E7D, 0x6E7D, 0x6E7D, 0x6E7D, 0x6E7D, 0x6E7D,
0x6E7D, 0x6E7D, 0x6E7D, 0x6E7D, 0x6E7D, 0x6E7D, 0x6E7D, 0x6E7D, 0x6E7D, 0x6E7D,
0x6E7D, 0x6E7D, 0x6E7D, 0x6E7D, 0x6E7D, 0x6E7D, 0x6E7D, 0x6E7D, 0x6E7D, 0x6E7D,
0x6E7D, 0x6E7D, 0x6E7D, 0x6E7D, 0x6E7D, 0x6E7D, 0x6E7D, 0x6E7D, 0x6E7D, 0x6E7D,
0x6E7D, 0x6E7D, 0x6E7D, 0x6E7D, 0x6E7D, 0x6E7D, 0x6E7D, 0x6E7D, 0x6E7D, 0x6E7D,
0x6E7D, 0x6E7D, 0x6E7D, 0x6E7D, 0x6E7D, 0x6E7D, 0x6E7D, 0x6E7D, 0x6E7D, 0x6E7D,
0x6E7D, 0x6E7D, 0x6E7D, 0x6E7D, 0x6E7D, 0x6E7D, 0x6E7D, 0x6E7D, 0x6E7D, 0x6E7D,
0x6E7D, 0x6E7D, 0x6E7D, 0x6E7D, 0x6E7D, 0x6E7D, 0x6E7D, 0x6E7D, 0x6E7D, 0x6E7D,
0x6E7D, 0x6E7D, 0x6E7D, 0x6E7D, 0x6E7D, 0x6E7D, 0x6E7D, 0x6E7D, 0x6E7D, 0x6E7D,
0x6E7D, 0x6E7D, 0x6E7D, 0x6E7D, 0x6E7D, 0x6E7D, 0x6E7D, 0x6E7D, 0x6E7D, 0x6E7D,
0x6E7D, 0x6E7D, 0x6E7D, 0x6E7D, 0x6E7D, 0x6E7D, 0x6E7D, 0x6E7D, 0x6E7D, 0x6E7D,
0x6E7D, 0x6E7D, 0x6E7D, 0x6E7D, 0x6E7D, 0x6E7D, 0x6E7D, 0x6E7D, 0x6E7D, 0x6E7D,
0x6E7D, 0x6E7D, 0x6E7D, 0x6E7D, 0x6E7D, 0x6E7D, 0x6E7D, 0x6E7D, 0x6E7D, 0x6E7D,
0x6E7D, 0x6E7D, 0x6E7D, 0x6E7D, 0x6E7D, 0x6E7D, 0x6E7D, 0x6E7D, 0x6E7D, 0x6E7D,
0x6E7D, 0x6E7D, 0x6E7D, 0x6E7D, 0x6E7D, 0x6E7D, 0x6E7D, 0x6E7D, 0x6E7D, 0x6E7D,
0x6E7D, 0x6E7D, 0x6E7D, 0x6E7D, 0x6E7D, 0x6E7D, 0x6E7D, 0x6E7D, 0x6E7D, 0x6E7D,
0x6E7D, 0x6E7D, 0x6E7D, 0x6E7D, 0x6E7D, 0x6E7D, 0x6E7D, 0x6E7D, 0x6E7D, 0x6E7D,
0x6E7D, 0x6E7D, 0x6E7D, 0x6E7D, 0x6E7D, 0x6E7D, 0x6E7D, 0x6E7D, 0x6E7D, 0x6E7D,
0x6E7D, 0x6E7D, 0x6E7D, 0x6E7D, 0x6E7D, 0x6E7D, 0x6E7D, 0x6E7D, 0x6E7D, 0x6E7D,
0x6E7D, 0x6E7D, 0x6E7D, 0x6E7D, 0x6E7D, 0x6E7D, 0x6E7D, 0x6E7D, 0x6E7D, 0x6E7D,
0x6E7D, 0x6E7D, 0x6E7D, 0x6E7D, 0x6E7D, 0x6E7D, 0x6E7D, 0x6E7D, 0x6E7D, 0x6E7D,
0x6E7D, 0x6E7D, 0x6E7D, 0x6E7D, 0x6E7D, 0x6E7D, 0x6E7D, 0x6E7D, 0x6E7D, 0x6E7D,
0x6E7D, 0x6E7D, 0x6E7D, 0x6E7D, 0x6E7D, 0x6E7D, 0x6E7D, 0x6E7D, 0x6E7D, 0x6E7D,
0x6E7D, 0x6E7D, 0x6E7D, 0x6E7D, 0x6E7D, 0x6E7D, 0x6E7D, 0x6E7D, 0x6E7D, 0x6E7D,
0x6E7D, 0x6E7D, 0x6E7D, 0x6E7D, 0x6E7D, 0x6E7D, 0x6E7D, 0x6E7D, 0x6E7D, 0x6E7D,
0x6E7D, 0x6E7D, 0x6E7D, 0x6E7D, 0x6E7D, 0x6E7D, 0x6E7D, 0x6E7D, 0x6E7D, 0x6E7D,
0x6E7D, 0x6E7D, 0x6E7D, 0x6E7D, 0x6E7D, 0x6E7D, 0x6E7D, 0x6E7D, 0x6E7D, 0x6E7D,
0x6E7D, 0x6E7D, 0x6E7D, 0x6E7D, 0x6E7D, 0x6E7D, 0x6E7D, 0x6E7D, 0x6E7D, 0x6E7D,
0x6E7D, 0x6E7D, 0x6E7D, 0x6E7D, 0x6E7D, 0x6E7D, 0x6E7D, 0x6E7D, 0x6E7D, 0x6E7D,
0x6E7D, 0x6E7D, 0x6E7D, 0x6E7D, 0x6E7D, 0x6E7D, 0x6E7D, 0x6E7D, 0x6E7D, 0x6E7D,
0x6E7D, 0x6E7D, 0x6E7D, 0x6E7D, 0x6E7D, 0x6E7D, 0x6E7D, 0x6E7D, 0x6E7D, 0x6E7D,
0x6E7D, 0x6E7D, 0x6E7D, 0x6E7D, 0x6E7D, 0x6E7D, 0x6E7D, 0x6E7D, 0x6E7D, 0x6E7D,
0x6E7D, 0x6E7D, 0x6E7D, 0x6E7D, 0x6E7D, 0x6E7D, 0x6E7D, 0x6E7D, 0x6E7D, 0x6E7D,
0x6E7D, 0x6E7D, 0x6E7D, 0x6E7D, 0x6E7D, 0x6E7D, 0x6E7D, 0x6E7D, 0x6E7D, 0x6E7D,
0x6E7D, 0x6E7D, 0x6E7D, 0x6E7D, 0x6E7D, 0x6E7D, 0x6E7D, 0x6E7D, 0x6E7D, 0x6E7D,
0x6E7D, 0x6E7D, 0x6E7D, 0x6E7D, 0x6E7D, 0x6E7D, 0x6E7D, 0x6E7D, 0x6E7D, 0x6E7D,
0x6E7D, 0x6E7D, 0x6E7D, 0x6E7D, 0x6E7D, 0x6E7D, 0x6E7D, 0x6E7D, 0x6E7D, 0x6E7D,
0x6E7D, 0x6E7D, 0x6E7D, 0x6E7D, 0x6E7D, 0x6E7D, 0x6E7D, 0x6E7D, 0x6E7D, 0x6E7D,
0x6E7D, 0x6E7D, 0x6E7D, 0x6E7D, 0x6E7D, 0x6E7D, 0x6E7D, 0x6E7D, 0x6E7D, 0x6E7D,
0x6E7D, 0x6E7D, 0x6E7D, 0x6E7D, 0x6E7D, 0x6E7D, 0x6E7D, 0x6E7D, 0x6E7D, 0x6E7D,
0x6E7D, 0x6E7D, 0x6E7D, 0x6E7D, 0x6E7D, 0x6E7D, 0x6E7D, 0x6E7D, 0x6E7D, 0x6E7D,
0x6E7D, 0x6E7D, 0x6E7D, 0x6E7D, 0x6E7D, 0x6E7D, 0x6E7D, 0x6E7D, 0x6E7D, 0x6E7D,
0x6E7D, 0x6E7D, 0x6E7D, 0x6E7D, 0x6E7D, 0x6E7D, 0x6E7D, 0x6E7D, 0x6E7D, 0x6E7D,
0x6E7D, 0x6E7D, 0x6E7D, 0x6E7D, 0x6E7D, 0x6E7D, 0x6E7D, 0x6E7D, 0x6E7D, 0x6E7D,
0x6E7D, 0x6E7D, 0x6E7D, 0x6E7D, 0x6E7D, 0x6E7D, 0x6E7D, 0x6E7D, 0x6E7D, 0x6E7D,
0x6E7D, 0x6E7D, 0x6E7D, 0x6E7D, 0x6E7D, 0x6E7D, 0x6E7D, 0x6E7D, 0x6E7D, 0x6E7D,
0x6E7D, 0x6E7D, 0x6E7D, 0x6E7D, 0x6E7D, 0x6E7D, 0x6E7D, 0x6E7D, 0x6E7D, 0x6E7D,
0x6E7D, 0x6E7D, 0x6E7D, 0x6E7D, 0x6E7D, 0x6E7D, 0x6E7D, 0x6E7D, 0x6E7D, 0x6E7D,
0x6E7D, 0x6E7D, 0x6E7D, 0x6E7D, 0x6E7D, 0x6E7D, 0x6E7D, 0x6E7D, 0x6E7D, 0x6E7D,
0x6E7D, 0x6E7D, 0x6E7D, 0x6E7D, 0x6E7D, 0x6E7D, 0x6E7D, 0x6E7D, 0x6E7D, 0x6E7D,
0x6E7D, 0x6E7D, 0x6E7D, 0x6E7D, 0x6E7D, 0x6E7D, 0x6E7D, 0x6E7D, 0x6E7D, 0x6E7D,
0x6E7D, 0x6E7D, 0x6E7D, 0x6E7D, 0x6E7D, 0x6E7D, 0x6E7D, 0x6E7D, 0x6E7D, 0x6E7D,
0x6E7D, 0x6E7D, 0x6E7D, 0x6E7D, 0x6E7D, 0x6E7D, 0x6E7D, 0x6E7D, 0x6E7D, 0x6E7D,
0x6E7D, 0x6E7D, 0x6E7D, 0x6E7D, 0x6E7D, 0x6E7D, 0x6E7D, 0x6E7D, 0x6E7D, 0x6E7D,
0x6E7D, 0x6E7D, 0x6E7D, 0x6E7D, 0x6E7D, 0x6E7D, 0x6E7D, 0x6E7D, 0x6E7D, 0x6E7D,
0x6E7D, 0x6E7D, 0x6E7D, 0x6E7D, 0x6E7D, 0x6E7D, 0x6E7D, 0x6E7D, 0x6E7D, 0x6E7D,
0x6E7D, 0x6E7D, 0x6E7D, 0x6E7D, 0x6E7D, 0x6E7D, 0x6E7D, 0x6E7D, 0x6E7D, 0x6E7D,
0x6E7D, 0x6E7D, 0x6E7D, 0x6E7D, 0x6E7D, 0x6E7D, 0x6E7D, 0x6E7D, 0x6E7D, 0x6E7D,
0x6E7D, 0x6E7D, 0x6E7D, 0x6E7D, 0x6E7D, 0x6E7D, 0x6E7D, 0x6E7D, 0x6E7D, 0x6E7D,
0x6E7D, 0x6E7D, 0x6E7D, 0x6E7D, 0x6E7D, 0x6E7D, 0x6E7D, 0x6E7D, 0x6E7D, 0x6E7D,
0x6E7D, 0x6E7D, 0x6E7D, 0x6E7D, 0x6E7D, 0x6E7D, 0x6E7D, 0x6E7D, 0x6E7D, 0x6E7D,
0x6E7D, 0x6E7D, 0x6E7D, 0x6E7D, 0x6E7D, 0x6E7D, 0x6E7D, 0x6E7D, 0x6E7D, 0x6E7D,
0x6E7D, 0x6E7D, 0x6E7D, 0x6E7D, 0x6E7D, 0x6E7D, 0x6E7D, 0x6E7D, 0x6E7D, 0x6E7D,
0x6E7D, 0x6E7D, 0x6E7D, 0x6E7D, 0x6E7D, 0x6E7D, 0x6E7D, 0x6E7D, 0x6E7D, 0x6E7D,
0x6E7D, 0x6E7D, 0x6E7D, 0x6E7D, 0x6E7D, 0x6E7D, 0x6E7D, 0x6E7D, 0x6E7D, 0x6E7D,
0x6E7D, 0x6E7D, 0x6E7D, 0x6E7D, 0x6E7D, 0x6E7D, 0x6E7D, 0x6E7D, 0x6E7D, 0x6E7D,
0x6E7D, 0x6E7D, 0x6E7D, 0x6E7D, 0x6E7D, 0x6E7D, 0x6E7D, 0x6E7D, 0x6E7D, 0x6E7D,
0x6E7D, 0x6E7D, 0x6E7D, 0x6E7D, 0x6E7D, 0x6E7D, 0x6E7D, 0x6E7D, 0x6E7D, 0x6E7D,
0x6E7D, 0x6E7D, 0x6E7D, 0x6E7D, 0x6E7D, 0x6E7D, 0x6E7D, 0x6E7D, 0x6E7D, 0x6E7D,
0x6E7D, 0x6E7D, 0x6E7D, 0x6E7D, 0x6E7D, 0x6E7D, 0x6E7D, 0x6E7D, 0x6E7D, 0x6E7D,
0x6E7D, 0x6E7D, 0x6E7D, 0x6E7D, 0x6E7D, 0x6E7D, 0x6E7D, 0x6E7D, 0x6E7D, 0x6E7D,
0x6E7D, 0x6E7D, 0x6E7D, 0x6E7D, 0x6E7D, 0x6E7D, 0x6E7D, 0x6E7D, 0x6E7D, 0x6E7D,
0x6E7D, 0x6E7D, 0x6E7D, 0x6E7D, 0x6E7D, 0x6E7D, 0x6E7D, 0x6E7D, 0x6E7D, 0x6E7D,
0x6E7D, 0x6E7D, 0x6E7D, 0x6E7D, 0x6E7D, 0x6E7D, 0x6E7D, 0x6E7D, 0x6E7D, 0x6E7D,
0x6E7D, 0x6E7D, 0x6E7D, 0x6E7D, 0x6E7D, 0x6E7D, 0x6E7D, 0x6E7D, 0x6E7D, 0x6E7D,
0x6E7D, 0x6E7D, 0x6E7D, 0x6E7D, 0x6E7D, 0x6E7D, 0x6E7D, 0x6E7D, 0x6E7D, 0x6E7D,
0x6E7D, 0x6E7D, 0x6E7D, 0x6E7D, 0x6E7D, 0x6E7D, 0x6E7D, 0x6E7D, 0x6E7D, 0x6E7D,
0x6E7D, 0x6E7D, 0x6E7D, 0x6E7D, 0x6E7D, 0x6E7D, 0x6E7D, 0x6E7D, 0x6E7D, 0x6E7D

};
Image image_background2 = {
    .x = 0,
    .y = 0,
    .width = 320,
    .height = 240,
    .size_image = 76800,
    .pixels = image_background2_pixels
};

